problem_id,attempt_num,turn_num,has_reasoning,reasoning_chars,has_code,code_chars,code_lines,has_output,output_chars,is_error,error_type
92ba6a,1,1,1,2581,1,258,11,1,56,0,
92ba6a,1,2,1,1585,1,388,8,1,95,0,
92ba6a,2,1,1,2656,1,367,12,1,28,0,
92ba6a,2,2,1,1230,1,388,8,1,18,0,
92ba6a,2,3,1,993,1,854,24,1,78,0,
92ba6a,3,1,1,4511,1,340,13,1,16,0,
92ba6a,3,2,1,1394,1,295,8,1,18,0,
92ba6a,3,3,1,516,0,0,0,0,0,0,
92ba6a,4,1,1,3267,1,217,10,1,9,0,
92ba6a,4,2,1,1214,1,268,5,1,45,0,
92ba6a,4,3,1,727,1,578,17,1,18,0,
92ba6a,4,4,1,599,0,0,0,0,0,0,
92ba6a,5,1,1,3058,1,446,13,1,18,0,
92ba6a,5,2,1,1358,1,768,23,1,78,0,
92ba6a,6,1,1,2552,1,262,11,1,56,0,
92ba6a,6,2,1,601,1,124,3,1,90,0,
92ba6a,6,3,1,207,1,88,2,1,90,0,
92ba6a,6,4,1,235,1,20,1,1,20,0,
92ba6a,6,5,1,384,1,193,5,1,25,0,
92ba6a,6,6,1,1015,1,481,9,1,95,0,
92ba6a,7,1,1,2550,1,293,11,1,56,0,
92ba6a,7,2,1,2390,1,344,11,1,16,0,
92ba6a,7,3,1,502,0,0,0,0,0,0,
92ba6a,8,1,1,4660,1,685,29,1,16,0,
92ba6a,8,2,1,1108,0,0,0,0,0,0,
9c1c5f,1,1,1,12152,1,147,1,1,45,0,
9c1c5f,1,2,1,635,1,577,25,1,4,0,
9c1c5f,1,3,1,383,1,313,13,1,5,0,
9c1c5f,1,4,1,920,1,164,7,1,4,0,
9c1c5f,1,5,1,5029,1,89,4,1,10,0,
9c1c5f,1,6,1,996,0,0,0,0,0,0,
9c1c5f,2,1,1,12067,1,872,29,1,5,0,
9c1c5f,2,2,1,300,1,150,5,1,11,0,
9c1c5f,2,3,1,920,1,61,4,1,3,0,
9c1c5f,2,4,1,3544,1,77,2,1,10,0,
9c1c5f,2,5,1,3323,0,0,0,0,0,0,
9c1c5f,3,1,1,8394,1,186,1,1,45,0,
9c1c5f,3,2,1,240,1,186,10,1,5,0,
9c1c5f,3,3,1,4155,1,698,23,1,82,0,
9c1c5f,4,1,1,7639,1,170,1,1,45,0,
9c1c5f,4,2,1,1130,1,1061,34,1,44,1,
9c1c5f,4,3,1,1695,1,557,17,1,80,0,
9c1c5f,5,1,1,21349,0,0,0,0,0,0,
9c1c5f,6,1,1,10754,1,655,23,1,120,1,
9c1c5f,7,1,1,12436,1,181,10,1,155,0,
9c1c5f,7,2,1,176,1,5,1,1,152,0,
9c1c5f,7,3,1,4337,1,463,16,1,103,0,
9c1c5f,7,4,1,2649,1,118,5,1,10,0,
9c1c5f,7,5,1,389,1,173,4,1,13,0,
9c1c5f,7,6,1,1816,0,0,0,0,0,0,
9c1c5f,8,1,1,14552,1,194,12,1,155,0,
9c1c5f,8,2,1,394,1,188,6,1,209,0,
9c1c5f,8,3,1,1083,1,277,11,1,5,0,
9c1c5f,8,4,1,234,1,51,2,1,3,0,
9c1c5f,8,5,1,4828,1,640,26,1,14,0,
9c1c5f,8,6,1,851,0,0,0,0,0,0,
a295e9,1,1,1,5143,1,50,2,1,8,0,
a295e9,1,2,1,17886,1,100,6,1,3,0,
a295e9,1,3,1,110,1,10,1,1,6,0,
a295e9,1,4,1,13188,1,170,8,1,2,0,
a295e9,1,5,1,177,1,34,2,1,6,0,
a295e9,1,6,1,13136,1,392,14,1,439,0,
a295e9,1,7,1,5957,0,0,0,0,0,0,
a295e9,2,1,1,16640,1,182,9,1,8,0,
a295e9,2,2,1,11136,1,372,19,1,10,0,
a295e9,2,3,1,295,1,41,2,1,12,0,
a295e9,2,4,1,1933,1,90,2,1,177,0,
a295e9,2,5,1,484,1,66,2,1,6,0,
a295e9,2,6,1,29477,0,0,0,0,0,0,
a295e9,3,1,1,14460,1,71,3,1,6,0,
a295e9,3,2,1,1206,1,287,16,1,13,0,
a295e9,3,3,1,339,1,54,2,1,6,0,
a295e9,3,4,1,10353,1,54,3,1,13,0,
a295e9,3,5,1,2639,1,174,8,1,7,0,
a295e9,3,6,1,22406,0,0,0,0,0,0,
a295e9,4,1,1,10574,1,26,3,1,6,0,
a295e9,4,2,1,302,1,64,3,1,3,0,
a295e9,4,3,1,88,1,26,3,1,6,0,
a295e9,4,4,1,1016,1,10,1,1,6,0,
a295e9,4,5,1,12236,1,233,11,1,3,0,
a295e9,4,6,1,191,1,46,3,1,6,0,
a295e9,4,7,1,2793,1,238,13,1,8,0,
a295e9,4,8,1,402,1,46,3,1,6,0,
a295e9,4,9,1,7017,1,113,3,1,20,0,
a295e9,4,10,1,393,1,46,3,1,6,0,
a295e9,4,11,1,4784,1,36,3,1,8,0,
a295e9,4,12,1,15335,1,1619,47,1,45,0,
a295e9,4,13,1,679,1,80,5,1,7,0,
a295e9,4,14,1,411,1,170,5,1,90,0,
a295e9,5,1,1,8371,1,121,5,1,3,0,
a295e9,5,2,1,96,1,10,1,1,6,0,
a295e9,5,3,1,112,1,10,1,1,6,0,
a295e9,5,4,1,2609,1,201,10,1,8,0,
a295e9,5,5,1,3275,1,107,6,1,2,0,
a295e9,5,6,1,43166,0,0,0,0,0,0,
a295e9,6,1,1,9184,1,170,8,1,8,0,
a295e9,6,2,1,21954,1,256,11,1,12,0,
a295e9,6,3,1,14508,1,811,27,1,29,0,
a295e9,6,4,1,10739,1,249,10,1,2,0,
a295e9,6,5,1,711,0,0,0,0,0,0,
a295e9,7,1,1,30503,1,103,6,1,2,0,
a295e9,7,2,1,14301,1,987,36,1,46,0,
a295e9,7,3,1,2422,1,113,1,1,45,0,
a295e9,7,4,1,2383,1,2319,64,1,120,1,
a295e9,8,1,1,11286,1,215,12,1,8,0,
a295e9,8,2,1,3977,1,179,8,1,13,0,
a295e9,8,3,1,377,1,133,9,1,10,0,
a295e9,8,4,1,280,1,55,4,1,6,0,
a295e9,8,5,1,526,1,128,8,1,73,0,
a295e9,8,6,1,1606,1,65,3,1,13,0,
a295e9,8,7,1,1725,1,75,5,1,2,0,
a295e9,8,8,1,1184,1,225,9,1,256,0,
a295e9,8,9,1,3087,1,241,13,1,7,0,
a295e9,8,10,1,7468,1,236,15,1,10,0,
a295e9,8,11,1,3741,1,473,21,1,9,0,
a295e9,8,12,1,5792,1,48,3,1,2,0,
a295e9,8,13,1,14666,0,0,0,0,0,0,
86e8e5,1,1,1,28726,1,2380,79,1,134,0,
86e8e5,1,2,1,10970,1,796,34,1,138,0,
86e8e5,1,3,1,993,1,845,30,1,206,0,
86e8e5,1,4,1,10359,1,771,28,1,245,0,
86e8e5,1,5,1,753,1,269,11,1,10,0,
86e8e5,1,6,1,5194,1,195,4,1,18,0,
86e8e5,1,7,1,26901,1,176,8,1,294,0,
86e8e5,1,8,1,2257,1,1243,45,1,295,0,
86e8e5,1,9,1,4574,1,4494,97,1,106,0,
86e8e5,1,10,1,3307,1,1398,48,1,25,0,
86e8e5,1,11,1,1651,1,26,1,1,25,0,
86e8e5,1,12,1,489,1,240,10,1,29,0,
86e8e5,1,13,1,235,1,12,1,1,1,0,
86e8e5,1,14,1,241,1,26,1,1,29,0,
86e8e5,1,15,1,137,1,13,1,1,1,0,
86e8e5,1,16,1,121,1,27,1,1,31,0,
86e8e5,1,17,1,142,1,15,1,1,1,0,
86e8e5,1,18,1,128,1,26,1,1,31,0,
86e8e5,1,19,1,103,1,14,1,1,1,0,
86e8e5,1,20,1,655,1,217,4,1,29,0,
86e8e5,1,21,1,142,1,37,2,1,1,0,
86e8e5,1,22,1,120,1,39,2,1,4,0,
86e8e5,1,23,1,17,0,0,0,0,0,0,
86e8e5,2,1,1,61289,1,276,10,1,70,0,
86e8e5,2,2,1,210,1,21,1,1,23,0,
86e8e5,2,3,1,158,1,22,1,1,18,0,
86e8e5,2,4,1,15809,1,186,3,1,550,1,ValueError
86e8e5,2,5,1,202,1,81,4,1,4,0,
86e8e5,2,6,1,173,1,61,4,1,5818,0,
86e8e5,2,7,1,2101,1,1549,37,1,23289,0,
86e8e5,2,8,1,407,1,33,1,1,5,0,
86e8e5,2,9,1,140,1,34,1,1,310,1,TypeError
86e8e5,2,10,1,142,1,53,2,1,11625,0,
86e8e5,2,11,1,115,1,21,1,1,5,0,
86e8e5,2,12,1,230,1,59,2,1,9,0,
86e8e5,2,13,1,238,1,62,3,1,4,0,
86e8e5,2,14,1,1554,1,610,21,1,23289,0,
86e8e5,2,15,1,261,1,41,2,1,7,0,
86e8e5,2,16,1,339,1,13,1,1,7,0,
86e8e5,2,17,1,1823,1,377,13,1,11624,0,
86e8e5,2,18,1,220,1,84,3,1,11634,0,
86e8e5,2,19,1,268,1,6,1,1,8,0,
86e8e5,2,20,1,269,1,41,3,1,5,0,
86e8e5,2,21,1,1142,1,35,2,1,4,0,
86e8e5,2,22,1,3786,1,731,20,1,699,1,TypeError
86e8e5,2,23,1,643,1,480,14,1,5,0,
86e8e5,2,24,1,619,1,54,1,1,5,0,
86e8e5,2,25,1,974,1,96,3,1,11715,0,
86e8e5,3,1,1,15193,1,254,3,1,618,1,ValueError
86e8e5,3,2,1,456,1,334,4,1,4,0,
86e8e5,3,3,1,4509,1,195,2,1,4,0,
86e8e5,3,4,1,507,1,81,5,1,5,0,
86e8e5,3,5,1,165,1,37,2,1,5,0,
86e8e5,3,6,1,2962,1,556,10,1,11644,0,
86e8e5,3,7,1,889,1,118,6,1,11,0,
86e8e5,3,8,1,11802,1,726,25,1,302,1,KeyError
86e8e5,3,9,1,130,1,43,2,1,138,0,
86e8e5,3,10,1,720,1,645,23,1,299,1,KeyError
86e8e5,3,11,1,114,1,43,2,1,138,0,
86e8e5,3,12,1,160,1,69,3,1,318,0,
86e8e5,3,13,1,556,1,352,21,1,153,0,
86e8e5,3,14,1,1158,1,78,4,1,370,0,
86e8e5,3,15,1,396,1,252,10,1,645,0,
86e8e5,3,16,1,2091,1,606,21,1,370,0,
86e8e5,3,17,1,605,1,117,5,1,97,0,
86e8e5,3,18,1,823,1,56,2,1,263,0,
86e8e5,3,19,1,5822,1,537,19,1,1063,0,
86e8e5,3,20,1,23031,1,80,2,1,68,0,
86e8e5,3,21,1,851,1,79,2,1,68,0,
86e8e5,3,22,1,3491,1,856,18,1,45,0,
86e8e5,3,23,1,396,1,148,4,1,456,1,NameError
86e8e5,3,24,1,459,1,329,11,1,705,1,NameError
86e8e5,3,25,1,628,1,497,19,1,53,0,
86e8e5,3,26,1,1853,1,492,17,1,53,0,
86e8e5,3,27,1,658,1,298,10,1,53,0,
86e8e5,3,28,1,168,1,69,2,1,4,0,
86e8e5,3,29,1,7048,1,357,11,1,49,0,
86e8e5,3,30,1,186,1,71,2,1,7,0,
86e8e5,3,31,1,1483,1,1094,30,1,44,1,
86e8e5,3,32,1,1312,1,201,9,1,7,0,
86e8e5,3,33,1,364,1,282,13,1,52,0,
86e8e5,3,34,1,667,1,317,12,1,11679,0,
86e8e5,3,35,1,304,1,133,6,1,11625,0,
86e8e5,3,36,1,805,1,586,18,1,44,1,
86e8e5,3,37,1,688,1,331,11,1,11732,0,
86e8e5,3,38,1,1504,1,447,14,1,35000,0,
86e8e5,4,1,1,11707,1,601,22,1,302,1,KeyError
86e8e5,4,2,1,97,1,22,1,1,189,0,
86e8e5,4,3,1,153,1,70,3,1,258,0,
86e8e5,4,4,1,392,1,280,10,1,384,0,
86e8e5,4,5,1,1692,1,1098,34,1,273,0,
86e8e5,4,6,1,4677,1,731,27,1,4,0,
86e8e5,4,7,1,13592,1,1042,35,1,14,0,
86e8e5,4,8,1,765,1,549,18,1,14,0,
86e8e5,4,9,1,188,1,66,2,1,44,1,
86e8e5,4,10,1,2283,1,556,19,1,14,0,
86e8e5,4,11,1,117,1,55,2,1,44,1,
86e8e5,4,12,1,1071,1,724,21,1,33,0,
86e8e5,4,13,1,237,1,114,2,1,44,1,
86e8e5,4,14,1,176,1,114,2,1,44,1,
86e8e5,4,15,1,2796,1,807,23,1,44,1,
86e8e5,4,16,1,179,1,112,2,1,33,0,
86e8e5,4,17,1,5061,1,468,15,1,8,0,
86e8e5,4,18,1,2131,1,676,25,1,46,0,
86e8e5,4,19,1,364,1,63,2,1,62,0,
86e8e5,4,20,1,4413,1,132,3,1,19,0,
86e8e5,4,21,1,573,1,219,6,1,42,0,
86e8e5,4,22,1,1391,1,389,16,1,246,0,
86e8e5,4,23,1,2471,1,490,20,1,4,0,
86e8e5,4,24,1,2446,1,220,7,1,325,0,
86e8e5,4,25,1,90,1,25,1,1,309,0,
86e8e5,4,26,1,108,1,25,1,1,662,0,
86e8e5,4,27,1,454,1,64,4,1,3,0,
86e8e5,4,28,1,1015,1,697,22,1,325,0,
86e8e5,4,29,1,2192,1,103,5,1,1,0,
86e8e5,4,30,1,1901,1,1040,31,1,91,0,
86e8e5,4,31,1,3566,1,217,4,1,37,0,
86e8e5,4,32,1,181,1,41,2,1,1,0,
86e8e5,4,33,1,175,1,50,4,1,5,0,
86e8e5,4,34,1,2434,1,22,1,1,18,0,
86e8e5,4,35,1,1020,1,510,15,1,48,0,
86e8e5,4,36,1,860,1,526,17,1,831,1,KeyError
86e8e5,4,37,1,741,1,635,25,1,91,0,
86e8e5,4,38,1,239,1,129,3,1,855,1,KeyError
86e8e5,4,39,1,277,1,194,7,1,44,1,
86e8e5,4,40,1,1014,1,163,3,1,97,0,
86e8e5,4,41,1,1401,1,202,9,1,57,0,
86e8e5,4,42,1,204,1,51,2,1,8,0,
86e8e5,4,43,1,312,1,46,2,1,5,0,
86e8e5,4,44,1,3300,1,663,20,1,4,0,
86e8e5,4,45,1,252,1,170,4,1,471,0,
86e8e5,4,46,1,661,1,500,16,1,91,0,
86e8e5,4,47,1,2833,1,135,5,1,39,0,
86e8e5,4,48,1,919,1,237,4,1,27,0,
86e8e5,4,49,1,444,1,164,4,1,45,0,
86e8e5,4,50,1,288,1,175,6,1,97,0,
86e8e5,4,51,1,431,1,176,6,1,77,0,
86e8e5,4,52,1,324,1,175,6,1,80,0,
86e8e5,4,53,1,541,1,300,8,1,129,0,
86e8e5,4,54,1,106,1,13,1,1,5,0,
86e8e5,4,55,1,485,0,0,0,0,0,0,
86e8e5,5,1,1,36893,1,539,18,1,316,0,
86e8e5,5,2,1,989,1,207,10,1,118,0,
86e8e5,5,3,1,2339,1,97,5,1,2,0,
86e8e5,5,4,1,142,1,59,1,1,71,0,
86e8e5,5,5,1,5287,1,100,5,1,118,0,
86e8e5,5,6,1,4314,1,1150,42,1,55,0,
86e8e5,5,7,1,13296,1,1840,61,1,743,0,
86e8e5,5,8,1,16471,1,794,26,1,5,0,
86e8e5,5,9,1,1981,1,1134,39,1,265,0,
86e8e5,5,10,1,977,1,12,1,1,2,0,
86e8e5,5,11,1,294,1,13,1,1,2,0,
86e8e5,5,12,1,300,1,14,1,1,2,0,
86e8e5,5,13,1,170,1,14,1,1,3,0,
86e8e5,5,14,1,5914,1,1188,42,1,442,1,ValueError
86e8e5,5,15,1,226,1,69,3,1,469,1,KeyError
86e8e5,5,16,1,349,1,24,1,1,70,0,
86e8e5,5,17,1,152,1,46,2,1,40,0,
86e8e5,5,18,1,501,1,329,12,1,8,0,
86e8e5,5,19,1,111,1,52,2,1,407,1,ValueError
86e8e5,5,20,1,866,1,207,7,1,4,0,
86e8e5,5,21,1,878,0,0,0,0,0,0,
86e8e5,6,1,1,15694,1,606,20,1,189,0,
86e8e5,6,2,1,106,1,43,2,1,138,0,
86e8e5,6,3,1,474,1,261,10,1,45,0,
86e8e5,6,4,1,103,1,45,2,1,559,0,
86e8e5,6,5,1,212,1,114,3,1,384,0,
86e8e5,6,6,1,912,1,349,16,1,520,0,
86e8e5,6,7,1,886,1,198,9,1,120,0,
86e8e5,6,8,1,6280,1,246,11,1,534,0,
86e8e5,6,9,1,6158,1,110,4,1,139,0,
86e8e5,6,10,1,21604,1,279,12,1,100,0,
86e8e5,6,11,1,1334,1,289,10,1,261,0,
86e8e5,6,12,1,1833,1,257,13,1,640,0,
86e8e5,6,13,1,1138,1,289,13,1,631,0,
86e8e5,6,14,1,553,1,81,3,1,51,0,
86e8e5,6,15,1,2383,1,30,2,1,43,0,
86e8e5,6,16,1,700,1,30,2,1,43,0,
86e8e5,6,17,1,522,1,31,2,1,44,0,
86e8e5,6,18,1,233,1,31,2,1,47,0,
86e8e5,6,19,1,2700,1,17,1,1,8,0,
86e8e5,6,20,1,2542,1,300,15,1,170,0,
86e8e5,6,21,1,603,1,187,8,1,587,1,TypeError
86e8e5,6,22,1,8604,1,179,10,1,268,0,
86e8e5,6,23,1,2403,1,316,13,1,151,0,
86e8e5,6,24,1,192,1,83,2,1,321,0,
86e8e5,6,25,1,1072,1,266,12,1,208,0,
86e8e5,6,26,1,184,1,39,2,1,18,0,
86e8e5,6,27,1,1107,1,160,8,1,594,1,TypeError
86e8e5,6,28,1,5927,0,0,0,0,0,0,
86e8e5,7,1,1,8723,1,536,25,1,189,0,
86e8e5,7,2,1,497,1,408,16,1,479,0,
86e8e5,7,3,1,12227,1,474,19,1,92,0,
86e8e5,7,4,1,21456,1,230,4,1,45,0,
86e8e5,7,5,1,940,1,727,28,1,115,0,
86e8e5,7,6,1,4801,1,862,29,1,216,0,
86e8e5,7,7,1,2113,1,735,29,1,79,0,
86e8e5,7,8,1,4071,1,18,1,1,20,0,
86e8e5,7,9,1,741,1,487,20,1,25,0,
86e8e5,7,10,1,3536,1,618,22,1,85,0,
86e8e5,7,11,1,506,1,51,5,1,19,0,
86e8e5,7,12,1,1107,1,536,22,1,85,0,
86e8e5,7,13,1,1767,1,510,23,1,45,0,
86e8e5,7,14,1,900,1,603,20,1,103,0,
86e8e5,7,15,1,17792,1,111,4,1,449,1,ValueError
86e8e5,7,16,1,299,1,127,4,1,4,0,
86e8e5,7,17,1,1397,1,1265,41,1,771,1,TypeError
86e8e5,7,18,1,973,1,586,21,1,427,1,TypeError
86e8e5,7,19,1,921,1,307,13,1,27,0,
86e8e5,7,20,1,1296,1,564,16,1,45,0,
86e8e5,7,21,1,701,1,163,5,1,361,1,NameError
86e8e5,7,22,1,1055,1,982,20,1,4,0,
86e8e5,7,23,1,1802,1,683,22,1,87,0,
86e8e5,7,24,1,525,1,180,6,1,91,0,
86e8e5,7,25,1,1184,1,140,5,1,43,0,
86e8e5,7,26,1,869,1,240,9,1,162,0,
86e8e5,7,27,1,2398,1,483,19,1,46567,0,
86e8e5,7,28,1,666,1,517,16,1,73,0,
86e8e5,7,29,1,1054,1,219,13,1,18,0,
86e8e5,7,30,1,185,1,68,4,1,1,0,
86e8e5,7,31,1,126,1,45,3,1,4,0,
86e8e5,7,32,1,4216,1,1124,36,1,250,0,
86e8e5,7,33,1,792,1,52,2,1,23,0,
86e8e5,7,34,1,3189,1,379,9,1,45,0,
86e8e5,7,35,1,2943,1,158,3,1,18,0,
86e8e5,7,36,1,90,1,13,1,1,266,1,NameError
86e8e5,7,37,1,112,1,55,3,1,4,0,
86e8e5,7,38,1,151,0,0,0,0,0,0,
86e8e5,8,1,1,14748,1,971,37,1,189,0,
86e8e5,8,2,1,2491,1,981,34,1,61,0,
86e8e5,8,3,1,13528,1,989,39,1,278,0,
86e8e5,8,4,1,753,1,181,9,1,289,0,
86e8e5,8,5,1,107,1,43,2,1,179,0,
86e8e5,8,6,1,11771,1,675,22,1,62,0,
86e8e5,8,7,1,17271,1,346,14,1,210,0,
86e8e5,8,8,1,333,1,52,2,1,238,0,
86e8e5,8,9,1,8162,1,396,16,1,133,0,
86e8e5,8,10,1,844,1,244,12,1,80,0,
86e8e5,8,11,1,10023,1,378,15,1,407,0,
86e8e5,8,12,1,5738,1,571,25,1,67,0,
86e8e5,8,13,1,8151,1,121,7,1,34,0,
86e8e5,8,14,1,472,1,80,4,1,41,0,
86e8e5,8,15,1,321,1,80,4,1,42,0,
86e8e5,8,16,1,1338,1,121,5,1,409,0,
86e8e5,8,17,1,6054,1,370,17,1,44,1,
86e8e5,8,18,1,456,1,283,15,1,495,0,
86e8e5,8,19,1,978,1,149,8,1,142,0,
86e8e5,8,20,1,1481,1,56,5,1,11,0,
86e8e5,8,21,1,123,1,49,4,1,11,0,
86e8e5,8,22,1,118,0,0,0,0,0,0,
0e644e,1,1,1,12189,1,495,22,1,30,0,
0e644e,1,2,1,429,1,145,4,1,115,0,
0e644e,1,3,1,715,1,175,8,1,57,0,
0e644e,1,4,1,144,1,76,2,1,33,0,
0e644e,1,5,1,2042,1,118,3,1,26,0,
0e644e,1,6,1,1659,1,881,28,1,2,0,
0e644e,1,7,1,83,1,9,1,1,181,0,
0e644e,1,8,1,806,1,29,1,1,15,0,
0e644e,1,9,1,1618,1,1252,42,1,422,0,
0e644e,1,10,1,1485,0,0,0,0,0,0,
0e644e,2,1,1,19788,1,240,10,1,27,0,
0e644e,2,2,1,140,1,42,2,1,40,0,
0e644e,2,3,1,105,1,46,2,1,57,0,
0e644e,2,4,1,2417,1,289,15,1,132,0,
0e644e,2,5,1,1211,1,86,2,1,49,0,
0e644e,2,6,1,5574,0,0,0,0,0,0,
0e644e,3,1,1,11861,1,457,25,1,33,0,
0e644e,3,2,1,7387,1,1164,33,1,5,0,
0e644e,3,3,1,118,1,9,1,1,270,0,
0e644e,3,4,1,1800,1,32,2,1,2,0,
0e644e,3,5,1,99,1,29,1,1,24,0,
0e644e,3,6,1,1065,1,185,9,1,5,0,
0e644e,3,7,1,222,1,159,7,1,17,0,
0e644e,3,8,1,326,1,126,7,1,17,0,
0e644e,3,9,1,203,1,62,3,1,20,0,
0e644e,3,10,1,246,1,109,4,1,1,0,
0e644e,3,11,1,1122,1,835,26,1,147,0,
0e644e,3,12,1,271,1,104,2,1,121,0,
0e644e,3,13,1,726,1,220,8,1,88,0,
0e644e,3,14,1,243,1,84,3,1,19,0,
0e644e,3,15,1,427,1,140,6,1,1,0,
0e644e,3,16,1,2413,0,0,0,0,0,0,
0e644e,4,1,1,8452,1,450,14,1,25,0,
0e644e,4,2,1,1011,1,209,9,1,57,0,
0e644e,4,3,1,168,1,109,4,1,33,0,
0e644e,4,4,1,2178,1,155,4,1,40,0,
0e644e,4,5,1,9522,1,101,4,1,8,0,
0e644e,4,6,1,3274,1,884,29,1,284,0,
0e644e,4,7,1,1532,1,88,6,1,2,0,
0e644e,4,8,1,1738,0,0,0,0,0,0,
0e644e,5,1,1,13842,1,434,22,1,115,0,
0e644e,5,2,1,2619,1,426,16,1,131,0,
0e644e,5,3,1,546,1,59,1,1,48,0,
0e644e,5,4,1,5375,1,1312,39,1,1,0,
0e644e,5,5,1,2612,1,921,30,1,120,1,
0e644e,6,1,1,8810,1,521,21,1,30,0,
0e644e,6,2,1,1616,1,87,6,1,22,0,
0e644e,6,3,1,399,1,121,3,1,61,0,
0e644e,6,4,1,315,1,60,2,1,39,0,
0e644e,6,5,1,5308,1,233,9,1,29,0,
0e644e,6,6,1,1542,1,645,24,1,3,0,
0e644e,6,7,1,126,1,31,2,1,254,0,
0e644e,6,8,1,1087,1,254,12,1,19,0,
0e644e,6,9,1,204,1,82,5,1,3,0,
0e644e,6,10,1,175,1,60,4,1,17,0,
0e644e,6,11,1,319,1,152,6,1,3,0,
0e644e,6,12,1,417,1,178,5,1,5,0,
0e644e,6,13,1,740,1,493,18,1,51,0,
0e644e,6,14,1,143,1,1,1,1,27,0,
0e644e,6,15,1,396,1,143,4,1,1,0,
0e644e,6,16,1,5719,0,0,0,0,0,0,
0e644e,7,1,1,23127,1,126,1,1,45,0,
0e644e,7,2,1,3680,1,3613,109,1,10,0,
0e644e,7,3,1,336,1,41,2,1,81,0,
0e644e,8,1,1,13046,1,127,1,1,45,0,
0e644e,8,2,1,4452,1,4383,88,1,2,0,
0e644e,8,3,1,205,1,60,2,1,1531,0,
0e644e,8,4,1,3796,1,2241,53,1,2,0,
0e644e,8,5,1,116,1,60,2,1,2132,0,
0e644e,8,6,1,2591,1,1872,45,1,13,0,
0e644e,8,7,1,2665,1,1756,48,1,519,1,TypeError
26de63,1,1,1,5349,1,19,2,1,5,0,
26de63,1,2,1,3919,1,12,1,1,5,0,
26de63,1,3,1,2736,1,446,15,1,2,0,
26de63,1,4,1,167,1,12,1,1,82,0,
26de63,2,1,1,10424,1,14,1,1,5,0,
26de63,2,2,1,1692,0,0,0,0,0,0,
26de63,3,1,1,4898,1,143,3,1,5,0,
26de63,3,2,1,4498,1,24,2,1,5,0,
26de63,3,3,1,1566,0,0,0,0,0,0,
26de63,4,1,1,5312,1,120,3,1,5,0,
26de63,4,2,1,5686,0,0,0,0,0,0,
26de63,5,1,1,11005,1,213,9,1,768,1,AttributeError
26de63,5,2,1,325,1,220,9,1,186,0,
26de63,5,3,1,522,1,199,7,1,404,0,
26de63,6,1,1,11829,0,0,0,0,0,0,
26de63,7,1,1,9837,1,14,1,1,5,0,
26de63,7,2,1,1901,1,12,1,1,82,0,
26de63,8,1,1,8023,1,24,2,1,5,0,
26de63,8,2,1,1606,0,0,0,0,0,0,
424e18,1,1,1,20788,1,179,1,1,45,0,
424e18,1,2,1,634,1,568,28,1,45,0,
424e18,1,3,1,133,1,80,2,1,344,1,NameError
424e18,1,4,1,497,1,230,12,1,532,1,NameError
424e18,1,5,1,585,1,427,23,1,45,0,
424e18,1,6,1,163,1,13,1,1,4,0,
424e18,1,7,1,199,1,70,2,1,523,1,NameError
424e18,1,8,1,450,1,278,9,1,788,1,NameError
424e18,1,9,1,538,1,448,23,1,53,0,
424e18,1,10,1,222,1,127,7,1,149,0,
424e18,1,11,1,72,1,4,1,1,338,0,
424e18,1,12,1,546,1,62,2,1,6,0,
424e18,1,13,1,725,0,0,0,0,0,0,
424e18,2,1,1,10298,1,100,1,1,45,0,
424e18,2,2,1,3798,1,2363,63,1,44,1,
424e18,2,3,1,1626,1,1433,37,1,48,0,
424e18,2,4,1,16605,1,339,12,1,45,0,
424e18,2,5,1,733,1,523,20,1,593,1,NameError
424e18,2,6,1,652,1,537,25,1,119,0,
424e18,2,7,1,441,1,274,12,1,13,0,
424e18,2,8,1,2142,1,269,13,1,6,0,
424e18,2,9,1,86,1,28,2,1,454,0,
424e18,2,10,1,286,1,170,9,1,6,0,
424e18,2,11,1,82,1,29,2,1,468,0,
424e18,2,12,1,1384,0,0,0,0,0,0,
424e18,3,1,1,12258,1,125,1,1,45,0,
424e18,3,2,1,3800,1,2803,68,1,133,0,
424e18,3,3,1,7438,1,519,14,1,4,0,
424e18,3,4,1,204,1,67,4,1,45,0,
424e18,3,5,1,119,1,67,4,1,45,0,
424e18,3,6,1,680,1,56,2,1,4,0,
424e18,3,7,1,211,1,42,1,1,2,0,
424e18,3,8,1,837,1,680,14,1,45,0,
424e18,3,9,1,580,1,17,1,1,260,0,
424e18,3,10,1,21942,1,1497,39,1,12,0,
424e18,3,11,1,1331,1,1236,34,1,28,0,
424e18,3,12,1,6636,0,0,0,0,0,0,
424e18,4,1,1,16166,1,236,8,1,45,0,
424e18,4,2,1,6409,1,915,26,1,24,0,
424e18,4,3,1,4797,1,180,11,1,14,0,
424e18,4,4,1,213,1,15,1,1,5,0,
424e18,4,5,1,3449,1,2093,54,1,2,0,
424e18,4,6,1,283,1,28,1,1,70,0,
424e18,4,7,1,2757,1,782,15,1,45,0,
424e18,4,8,1,2230,1,164,10,1,9,0,
424e18,4,9,1,817,0,0,0,0,0,0,
424e18,5,1,1,32981,1,1215,38,1,12,0,
424e18,5,2,1,214,1,111,4,1,16,0,
424e18,5,3,1,615,1,128,6,1,44,1,
424e18,5,4,1,190,1,68,3,1,28,0,
424e18,5,5,1,3323,0,0,0,0,0,0,
424e18,6,1,1,19441,1,927,31,1,12,0,
424e18,6,2,1,990,1,129,1,1,45,0,
424e18,6,3,1,1278,1,505,18,1,28,0,
424e18,6,4,1,12528,1,442,25,1,24,0,
424e18,6,5,1,483,1,105,4,1,68,0,
424e18,6,6,1,1218,1,353,16,1,10,0,
424e18,6,7,1,738,1,414,19,1,44,0,
424e18,6,8,1,529,1,182,8,1,91,0,
424e18,6,9,1,1382,1,135,8,1,6,0,
424e18,6,10,1,795,0,0,0,0,0,0,
424e18,7,1,1,11915,1,1110,37,1,12,0,
424e18,7,2,1,234,1,104,5,1,38,0,
424e18,7,3,1,448,1,118,6,1,315,1,TypeError
424e18,7,4,1,73,1,13,1,1,250,0,
424e18,7,5,1,114,1,23,1,1,4,0,
424e18,7,6,1,8990,1,542,29,1,37,0,
424e18,7,7,1,389,1,300,13,1,67,0,
424e18,7,8,1,2573,1,1358,28,1,45,0,
424e18,7,9,1,4269,1,2897,79,1,12,0,
424e18,7,10,1,1466,1,445,20,1,67,0,
424e18,7,11,1,498,1,153,8,1,13,0,
424e18,7,12,1,900,0,0,0,0,0,0,
424e18,8,1,1,27050,1,254,1,1,45,0,
424e18,8,2,1,546,1,478,16,1,45,0,
424e18,8,3,1,1043,1,560,22,1,872,1,NameError
424e18,8,4,1,879,1,722,30,1,325,1,NameError
424e18,8,5,1,129,1,25,1,1,283,1,NameError
424e18,8,6,1,125,1,9,1,1,739,0,
424e18,8,7,1,220,1,15,1,1,5,0,
424e18,8,8,1,2946,1,1819,42,1,45,0,
424e18,8,9,1,3490,1,2715,69,1,12,0,
424e18,8,10,1,1390,1,345,18,1,139,0,
424e18,8,11,1,1336,1,119,6,1,45,0,
424e18,8,12,1,1346,1,267,11,1,7,0,
424e18,8,13,1,527,1,215,11,1,6,0,
424e18,8,14,1,965,0,0,0,0,0,0,
42d360,1,1,1,3714,1,274,17,1,175,0,
42d360,1,2,1,403,1,94,3,1,4,0,
42d360,1,3,1,266,1,178,7,1,4,0,
42d360,1,4,1,4048,1,145,8,1,171,0,
42d360,1,5,1,2779,1,132,1,1,45,0,
42d360,1,6,1,362,1,287,8,1,51,0,
42d360,1,7,1,118,1,21,2,1,5,0,
42d360,1,8,1,2622,0,0,0,0,0,0,
42d360,2,1,1,11836,1,1741,58,1,86,0,
42d360,2,2,1,1263,1,586,27,1,69,0,
42d360,2,3,1,1147,1,258,13,1,7,0,
42d360,2,4,1,3319,1,297,14,1,71,0,
42d360,2,5,1,531,1,197,9,1,19,0,
42d360,2,6,1,305,1,147,6,1,16,0,
42d360,2,7,1,5652,1,43,3,1,6,0,
42d360,2,8,1,144,1,15,1,1,5,0,
42d360,2,9,1,1251,0,0,0,0,0,0,
42d360,3,1,1,8247,1,741,44,1,62,0,
42d360,3,2,1,192,1,88,3,1,52,0,
42d360,3,3,1,124,1,9,1,1,1,0,
42d360,3,4,1,271,1,122,8,1,32,0,
42d360,3,5,1,1056,1,192,11,1,8,0,
42d360,3,6,1,2107,1,192,11,1,112,0,
42d360,3,7,1,262,1,156,7,1,4,0,
42d360,3,8,1,119,1,16,1,1,4,0,
42d360,3,9,1,5133,1,172,7,1,81,0,
42d360,4,1,1,5023,1,69,4,1,1005,1,ValueError
42d360,4,2,1,221,1,52,2,1,65,0,
42d360,4,3,1,153,1,31,1,1,65,0,
42d360,4,4,1,438,1,95,5,1,127,0,
42d360,4,5,1,154,1,42,2,1,82,0,
42d360,4,6,1,3601,1,458,24,1,239,0,
42d360,4,7,1,588,1,195,7,1,25,0,
42d360,4,8,1,243,1,126,6,1,11,0,
42d360,4,9,1,372,1,213,11,1,23,0,
42d360,4,10,1,396,1,280,12,1,8,0,
42d360,4,11,1,229,1,138,9,1,5,0,
42d360,4,12,1,317,1,220,11,1,23,0,
42d360,4,13,1,436,1,126,5,1,241,0,
42d360,4,14,1,1461,1,300,10,1,4,0,
42d360,4,15,1,2631,1,292,18,1,7,0,
42d360,4,16,1,222,1,78,2,1,77,0,
42d360,4,17,1,4601,1,140,4,1,51,0,
42d360,4,18,1,104,1,33,2,1,51,0,
42d360,4,19,1,3732,1,249,9,1,97,0,
42d360,5,1,1,16085,0,0,0,0,0,0,
42d360,5,2,1,11054,0,0,0,0,0,0,
42d360,6,1,1,6374,1,511,27,1,4,0,
42d360,6,2,1,151,1,25,2,1,1,0,
42d360,6,3,1,2131,1,305,16,1,1,0,
42d360,6,4,1,2081,1,283,5,1,51,0,
42d360,6,5,1,251,1,41,3,1,6,0,
42d360,6,6,1,2221,1,331,18,1,4,0,
42d360,6,7,1,5479,1,548,23,1,98,0,
42d360,6,8,1,3603,1,471,21,1,4,0,
42d360,6,9,1,697,0,0,0,0,0,0,
42d360,7,1,1,4988,1,556,36,1,5,0,
42d360,7,2,1,161,1,37,2,1,7,0,
42d360,7,3,1,168,1,38,2,1,8,0,
42d360,7,4,1,503,1,217,13,1,44,1,
42d360,7,5,1,500,1,166,10,1,131,0,
42d360,7,6,1,895,1,434,24,1,145,0,
42d360,7,7,1,1720,0,0,0,0,0,0,
42d360,8,1,1,4044,1,134,1,1,45,0,
42d360,8,2,1,149,1,75,3,1,397,0,
42d360,8,3,1,2401,1,450,23,1,8,0,
42d360,8,4,1,758,1,318,12,1,246,0,
42d360,8,5,1,7918,1,143,5,1,31,0,
42d360,8,6,1,1321,1,562,25,1,7,0,
42d360,8,7,1,215,1,32,1,1,8,0,
42d360,8,8,1,2547,0,0,0,0,0,0,
641659,1,1,1,9639,1,85,1,1,45,0,
641659,1,2,1,780,1,711,25,1,45,0,
641659,1,3,1,622,1,489,21,1,45,0,
641659,1,4,1,317,1,206,7,1,45,0,
641659,1,5,1,613,1,503,13,1,45,0,
641659,1,6,1,408,1,319,9,1,45,0,
641659,1,7,1,164,1,83,3,1,45,0,
641659,1,8,1,790,1,387,11,1,45,0,
641659,1,9,1,3154,1,1944,55,1,45,0,
641659,1,10,1,2554,1,1576,55,1,789,1,NameError
641659,1,11,1,3700,1,3549,120,1,45,0,
641659,1,12,1,1286,1,1195,46,1,754,1,NameError
641659,1,13,1,4589,1,4353,165,1,44,1,
641659,1,14,1,836,1,513,21,1,18,0,
641659,1,15,1,142,1,65,2,1,133,0,
641659,1,16,1,840,1,663,25,1,1170,1,AttributeError
641659,1,17,1,929,1,795,29,1,1188,1,TypeError
641659,1,18,1,1326,1,673,25,1,1209,1,ValueError
641659,1,19,1,895,1,711,25,1,17,0,
641659,1,20,1,780,1,547,20,1,671,1,UnboundLocalError
641659,1,21,1,546,1,485,20,1,47,0,
641659,1,22,1,837,1,479,15,1,180,0,
641659,1,23,1,1423,1,677,22,1,46,0,
641659,1,24,1,1263,1,925,36,1,120,1,
641659,2,1,1,20177,1,3281,88,1,649,1,AttributeError
641659,2,2,1,3201,1,2737,93,1,131,0,
641659,2,3,1,2324,1,627,24,1,45,0,
641659,2,4,1,1340,1,754,27,1,4,0,
641659,2,5,1,248,1,108,3,1,133,0,
641659,2,6,1,641,1,240,12,1,9,0,
641659,2,7,1,633,1,328,15,1,20,0,
641659,2,8,1,152,1,35,1,1,4,0,
641659,2,9,1,136,1,23,1,1,1,0,
641659,2,10,1,290,1,43,2,1,17,0,
641659,2,11,1,125,1,54,2,1,16,0,
641659,2,12,1,173,1,19,1,1,18,0,
641659,2,13,1,4075,1,2228,64,1,44,1,
641659,2,14,1,12283,1,6760,206,1,890,1,TypeError
641659,2,15,1,1672,1,1370,44,1,35,0,
641659,2,16,1,342,1,187,8,1,122,0,
641659,2,17,1,213,1,81,3,1,716,1,TypeError
641659,2,18,1,275,1,83,4,1,113,0,
641659,2,19,1,895,0,0,0,0,0,0,
641659,3,1,1,10615,1,240,14,1,12,0,
641659,3,2,1,10434,1,289,14,1,32,0,
641659,3,3,1,779,1,91,4,1,18,0,
641659,3,4,1,9501,1,199,11,1,33,0,
641659,3,5,1,4697,1,4571,135,1,44,1,
641659,3,6,1,10090,1,9439,244,1,907,1,NameError
641659,3,7,1,6130,1,5956,176,1,676,1,NameError
641659,3,8,1,215,1,127,4,1,2224,1,ValueError
641659,3,9,1,2473,1,1731,65,1,69,0,
641659,3,10,1,397,1,252,13,1,842,1,NameError
641659,3,11,1,1227,1,1097,36,1,121,0,
641659,4,1,1,15178,1,410,19,1,107,0,
641659,4,2,1,370,1,99,4,1,62,0,
641659,4,3,1,585,1,432,13,1,179,0,
641659,4,4,1,253,1,102,4,1,118,0,
641659,4,5,1,588,1,214,9,1,97,0,
641659,4,6,1,348,1,69,2,1,307,0,
641659,4,7,1,202,1,84,2,1,218,0,
641659,4,8,1,208,1,58,2,1,720,0,
641659,4,9,1,377,1,188,4,1,456,0,
641659,4,10,1,232,1,57,4,1,258,0,
641659,4,11,1,270,1,126,4,1,271,0,
641659,4,12,1,268,1,97,2,1,382,1,AttributeError
641659,4,13,1,107,1,6,1,1,2969,0,
641659,4,14,1,171,1,72,2,1,948,0,
641659,4,15,1,1456,1,247,5,1,44,1,
641659,4,16,1,1028,1,78,5,1,66,0,
641659,4,17,1,751,1,98,3,1,15,0,
641659,4,18,1,2238,1,1782,49,1,19,0,
641659,4,19,1,1785,1,1520,34,1,44,1,
641659,4,20,1,3643,1,3436,95,1,676,1,AttributeError
641659,4,21,1,3110,1,2649,81,1,194,0,
641659,4,22,1,474,1,291,12,1,287,0,
641659,4,23,1,318,1,44,2,1,1005,1,ValueError
641659,4,24,1,209,1,58,2,1,66,0,
641659,4,25,1,634,1,446,20,1,18,0,
641659,4,26,1,3857,1,3094,89,1,121,0,
641659,5,1,1,16727,1,150,1,1,45,0,
641659,5,2,1,2001,1,1936,63,1,45,0,
641659,5,3,1,5805,1,5572,159,1,45,0,
641659,5,4,1,491,1,357,14,1,516,1,NameError
641659,5,5,1,421,1,242,2,1,45,0,
641659,5,6,1,4843,1,4770,164,1,45,0,
641659,5,7,1,82,1,22,2,1,292,1,NameError
641659,5,8,1,547,1,317,14,1,556,1,NameError
641659,5,9,1,1109,1,979,35,1,779,1,NameError
641659,5,10,1,242,1,128,8,1,787,1,NameError
641659,5,11,1,4705,1,4528,161,1,2068,1,TypeError
641659,5,12,1,717,1,158,7,1,62,0,
641659,5,13,1,271,1,145,5,1,1358,1,TypeError
641659,5,14,1,890,1,28,2,1,17,0,
641659,5,15,1,252,1,73,3,1,42,0,
641659,5,16,1,785,1,285,11,1,106,0,
641659,5,17,1,332,1,22,2,1,2035,1,TypeError
641659,5,18,1,597,1,215,9,1,57,1,
641659,5,19,1,336,1,170,8,1,15,0,
641659,5,20,1,304,1,98,4,1,53,0,
641659,5,21,1,1664,1,1036,36,1,2074,1,TypeError
641659,5,22,1,588,1,386,13,1,133,0,
641659,5,23,1,587,1,453,16,1,630,0,
641659,5,24,1,2908,1,2073,70,1,23,0,
641659,5,25,1,222,1,22,2,1,23,0,
641659,5,26,1,175,1,22,2,1,23,0,
641659,5,27,1,1182,1,503,19,1,776,0,
641659,5,28,1,302,1,58,4,1,4,0,
641659,5,29,1,1342,1,614,22,1,92,0,
641659,5,30,1,233,1,45,2,1,92,0,
641659,5,31,1,1180,1,639,26,1,62,1,
641659,5,32,1,349,1,138,5,1,176,0,
641659,5,33,1,535,1,187,5,1,1395,1,TypeError
641659,5,34,1,283,1,76,4,1,47,0,
641659,5,35,1,975,0,0,0,0,0,0,
641659,6,1,1,22419,1,5814,170,1,44,1,
641659,6,2,1,8684,1,6553,208,1,324,0,
641659,6,3,1,1054,1,584,26,1,45,0,
641659,6,4,1,188,1,111,4,1,392,1,NameError
641659,6,5,1,154,1,93,3,1,367,1,NameError
641659,6,6,1,3630,1,3471,134,1,398,1,TypeError
641659,6,7,1,370,1,171,9,1,87,0,
641659,6,8,1,269,1,84,3,1,72,0,
641659,6,9,1,1474,1,1272,48,1,190,0,
641659,6,10,1,444,1,170,7,1,143,0,
641659,6,11,1,884,1,41,3,1,5,0,
641659,6,12,1,526,0,0,0,0,0,0,
641659,7,1,1,75920,0,0,0,0,0,0,
641659,8,1,1,25213,1,710,28,1,545,0,
641659,8,2,1,1208,1,50,3,1,17,0,
641659,8,3,1,1230,1,1030,25,1,45,0,
641659,8,4,1,120,1,23,1,1,673,0,
641659,8,5,1,191,1,60,1,1,593,1,AttributeError
641659,8,6,1,2760,1,2264,75,1,45,0,
641659,8,7,1,137,1,62,2,1,127,0,
641659,8,8,1,661,1,449,20,1,19,0,
641659,8,9,1,3371,1,2558,69,1,17,0,
641659,8,10,1,670,1,33,3,1,5,0,
641659,8,11,1,1713,1,396,16,1,937,1,ValueError
641659,8,12,1,548,1,311,10,1,348,0,
641659,8,13,1,875,1,18,1,1,5,0,
641659,8,14,1,551,0,0,0,0,0,0,
dd7f5e,1,1,1,18849,1,260,14,1,2,0,
dd7f5e,1,2,1,5096,1,242,9,1,2,0,
dd7f5e,1,3,1,176,1,91,5,1,64,0,
dd7f5e,1,4,1,816,1,173,6,1,45,0,
dd7f5e,1,5,1,104,1,24,1,1,278,1,NameError
dd7f5e,1,6,1,189,1,60,3,1,5,0,
dd7f5e,1,7,1,254,1,162,7,1,303,0,
dd7f5e,1,8,1,1378,1,1060,38,1,483,0,
dd7f5e,1,9,1,1826,1,52,3,1,28,0,
dd7f5e,1,10,1,3874,1,205,7,1,213,0,
dd7f5e,1,11,1,5115,1,463,20,1,8,0,
dd7f5e,1,12,1,1734,1,637,28,1,2,0,
dd7f5e,1,13,1,1803,1,266,10,1,48,0,
dd7f5e,1,14,1,2196,1,364,16,1,150,0,
dd7f5e,1,15,1,64,1,9,1,1,65,0,
dd7f5e,1,16,1,1546,1,793,24,1,2,0,
dd7f5e,1,17,1,213,1,158,8,1,6,0,
dd7f5e,1,18,1,3555,1,1056,34,1,44,1,
dd7f5e,1,19,1,318,1,166,6,1,120,1,
dd7f5e,2,1,1,19130,1,181,1,1,45,0,
dd7f5e,2,2,1,197,1,142,8,1,102,0,
dd7f5e,2,3,1,204,1,90,6,1,99,0,
dd7f5e,2,4,1,1274,1,334,11,1,2,0,
dd7f5e,2,5,1,622,1,109,5,1,3,0,
dd7f5e,2,6,1,3825,1,160,5,1,45,0,
dd7f5e,2,7,1,159,1,62,3,1,471,1,NameError
dd7f5e,2,8,1,161,1,79,4,1,5,0,
dd7f5e,2,9,1,180,1,82,3,1,284,0,
dd7f5e,2,10,1,728,1,319,13,1,2,0,
dd7f5e,2,11,1,856,1,763,23,1,3,0,
dd7f5e,2,12,1,921,1,343,8,1,45,0,
dd7f5e,2,13,1,1344,1,1176,41,1,5,0,
dd7f5e,2,14,1,255,1,136,5,1,3,0,
dd7f5e,2,15,1,1677,1,1410,38,1,44,1,
dd7f5e,2,16,1,5481,1,278,9,1,13,0,
dd7f5e,2,17,1,828,1,311,16,1,2,0,
dd7f5e,2,18,1,282,1,141,5,1,2,0,
dd7f5e,2,19,1,684,1,488,16,1,3,0,
dd7f5e,2,20,1,1585,1,1098,46,1,5,0,
dd7f5e,2,21,1,1006,1,352,14,1,1,0,
dd7f5e,2,22,1,1127,1,677,24,1,135,0,
dd7f5e,2,23,1,345,1,36,2,1,50,0,
dd7f5e,2,24,1,157,1,34,1,1,1,0,
dd7f5e,2,25,1,158,1,32,2,1,115,0,
dd7f5e,2,26,1,250,1,20,1,1,74,0,
dd7f5e,2,27,1,2690,1,109,5,1,3,0,
dd7f5e,2,28,1,1873,0,0,0,0,0,0,
dd7f5e,3,1,1,19149,1,3175,78,1,13,0,
dd7f5e,3,2,1,249,1,49,2,1,896,1,AttributeError
dd7f5e,3,3,1,1804,1,1645,58,1,874,1,ValueError
dd7f5e,3,4,1,313,1,163,3,1,539,0,
dd7f5e,3,5,1,472,1,175,1,1,45,0,
dd7f5e,3,6,1,205,1,132,1,1,45,0,
dd7f5e,3,7,1,218,1,57,2,1,357,1,AttributeError
dd7f5e,3,8,1,2125,1,1420,34,1,45,0,
dd7f5e,3,9,1,398,1,62,1,1,45,0,
dd7f5e,3,10,1,241,1,79,3,1,21,0,
dd7f5e,3,11,1,1240,1,1095,37,1,44,1,
dd7f5e,3,12,1,16777,1,1304,30,1,2,0,
dd7f5e,3,13,1,366,1,69,2,1,2,0,
dd7f5e,3,14,1,227,1,95,2,1,420,0,
dd7f5e,3,15,1,104,1,46,2,1,1015,0,
dd7f5e,3,16,1,2705,1,179,7,1,3,0,
dd7f5e,3,17,1,4108,1,568,18,1,2,0,
dd7f5e,3,18,1,888,1,493,16,1,3,0,
dd7f5e,3,19,1,765,1,433,14,1,2,0,
dd7f5e,3,20,1,1013,1,301,10,1,1091,0,
dd7f5e,3,21,1,625,1,172,5,1,45,0,
dd7f5e,3,22,1,2400,1,2000,50,1,499,1,NameError
dd7f5e,3,23,1,2388,1,1211,34,1,3124,1,KeyError
dd7f5e,3,24,1,453,1,97,3,1,1,0,
dd7f5e,3,25,1,108,1,43,1,1,1,0,
dd7f5e,3,26,1,111,1,47,2,1,94,0,
dd7f5e,3,27,1,250,1,55,2,1,7,0,
dd7f5e,3,28,1,1177,1,942,32,1,3110,1,KeyError
dd7f5e,4,1,1,26769,1,474,21,1,2,0,
dd7f5e,4,2,1,119,1,24,1,1,494,0,
dd7f5e,4,3,1,670,1,77,2,1,313,0,
dd7f5e,4,4,1,260,1,193,12,1,124,0,
dd7f5e,4,5,1,1860,1,465,18,1,16,0,
dd7f5e,4,6,1,1196,1,148,5,1,2,0,
dd7f5e,4,7,1,542,1,412,15,1,2,0,
dd7f5e,4,8,1,151,1,78,2,1,646,0,
dd7f5e,4,9,1,900,1,106,5,1,3,0,
dd7f5e,4,10,1,6544,1,3515,88,1,3,0,
dd7f5e,4,11,1,116,1,61,2,1,5,0,
dd7f5e,4,12,1,1967,1,1185,41,1,5,0,
dd7f5e,4,13,1,170,1,102,5,1,3,0,
dd7f5e,4,14,1,959,1,27,2,1,4,0,
dd7f5e,4,15,1,237,1,36,2,1,4,0,
dd7f5e,4,16,1,348,1,32,2,1,4,0,
dd7f5e,4,17,1,215,1,32,2,1,4,0,
dd7f5e,4,18,1,269,1,71,2,1,8,0,
dd7f5e,4,19,1,587,1,32,2,1,4,0,
dd7f5e,4,20,1,330,1,39,2,1,4,0,
dd7f5e,4,21,1,1417,1,217,8,1,1,0,
dd7f5e,4,22,1,175,1,57,2,1,6,0,
dd7f5e,4,23,1,1255,1,32,2,1,5,0,
dd7f5e,4,24,1,2571,1,1334,43,1,57,0,
dd7f5e,4,25,1,2740,1,1330,41,1,75,0,
dd7f5e,4,26,1,4371,1,1313,41,1,73,0,
dd7f5e,4,27,1,139,1,61,2,1,4,0,
dd7f5e,4,28,1,1255,1,30,2,1,4,0,
dd7f5e,4,29,1,1262,1,73,4,1,3,0,
dd7f5e,4,30,1,5401,0,0,0,0,0,0,
dd7f5e,5,1,1,16665,1,139,1,1,45,0,
dd7f5e,5,2,1,140,1,80,2,1,21,0,
dd7f5e,5,3,1,225,1,75,2,1,21,0,
dd7f5e,5,4,1,2366,1,374,18,1,2,0,
dd7f5e,5,5,1,142,1,83,2,1,311,0,
dd7f5e,5,6,1,3034,1,278,8,1,444,1,AttributeError
dd7f5e,5,7,1,135,1,72,2,1,143,0,
dd7f5e,5,8,1,215,1,20,1,1,8,0,
dd7f5e,5,9,1,1112,1,21,1,1,8,0,
dd7f5e,5,10,1,312,1,21,1,1,33,0,
dd7f5e,5,11,1,1887,1,200,7,1,249,0,
dd7f5e,5,12,1,125,1,26,1,1,3,0,
dd7f5e,5,13,1,10634,1,1179,34,1,3,0,
dd7f5e,5,14,1,2564,1,2077,43,1,44,1,
dd7f5e,5,15,1,5187,0,0,0,0,0,0,
dd7f5e,6,1,1,51045,1,307,17,1,143,0,
dd7f5e,6,2,1,330,1,178,7,1,121,0,
dd7f5e,6,3,1,2420,1,719,31,1,46,0,
dd7f5e,6,4,1,918,1,323,12,1,2,0,
dd7f5e,6,5,1,187,1,85,5,1,7,0,
dd7f5e,6,6,1,2600,1,128,3,1,45,0,
dd7f5e,6,7,1,233,1,155,5,1,289,0,
dd7f5e,6,8,1,831,1,512,20,1,2,0,
dd7f5e,6,9,1,134,1,54,2,1,7,0,
dd7f5e,6,10,1,939,1,358,13,1,34,0,
dd7f5e,6,11,1,1894,1,541,15,1,3,0,
dd7f5e,6,12,1,1596,1,477,13,1,2,0,
dd7f5e,6,13,1,4129,1,48,2,1,3,0,
dd7f5e,6,14,1,1755,1,1193,18,1,45,0,
dd7f5e,6,15,1,2340,1,65,2,1,1,0,
dd7f5e,6,16,1,1694,0,0,0,0,0,0,
dd7f5e,7,1,1,11547,1,173,11,1,135,0,
dd7f5e,7,2,1,6234,1,212,14,1,135,0,
dd7f5e,7,3,1,983,1,121,6,1,119,0,
dd7f5e,7,4,1,544,1,454,19,1,25,0,
dd7f5e,7,5,1,3763,1,314,15,1,608,0,
dd7f5e,7,6,1,978,1,863,28,1,2,0,
dd7f5e,7,7,1,4712,1,200,8,1,2,0,
dd7f5e,7,8,1,5608,1,209,7,1,1,0,
dd7f5e,7,9,1,1541,1,145,6,1,42,0,
dd7f5e,7,10,1,556,1,237,7,1,31,0,
dd7f5e,7,11,1,413,1,96,5,1,2,0,
dd7f5e,7,12,1,4983,0,0,0,0,0,0,
dd7f5e,8,1,1,23417,1,435,14,1,47,0,
dd7f5e,8,2,1,339,1,40,1,1,140,0,
dd7f5e,8,3,1,1267,1,204,6,1,495,1,AttributeError
dd7f5e,8,4,1,313,1,149,3,1,80,0,
dd7f5e,8,5,1,1206,1,1135,36,1,2,0,
dd7f5e,8,6,1,213,1,73,2,1,658,0,
dd7f5e,8,7,1,2835,1,166,8,1,2,0,
dd7f5e,8,8,1,712,1,520,17,1,2,0,
dd7f5e,8,9,1,8916,1,1433,37,1,4,0,
dd7f5e,8,10,1,885,1,622,19,1,24,0,
dd7f5e,8,11,1,2239,1,120,4,1,63,0,
dd7f5e,8,12,1,216,1,70,2,1,2,0,
dd7f5e,8,13,1,652,0,0,0,0,0,0,
f28c01,1,1,1,5503,1,918,34,1,235,0,
f28c01,1,2,1,608,1,304,11,1,396,0,
f28c01,1,3,1,196,1,77,2,1,309,0,
f28c01,1,4,1,2203,1,1818,57,1,652,1,ZeroDivisionError
f28c01,1,5,1,1351,1,204,4,1,185,0,
f28c01,1,6,1,253,1,62,3,1,71,0,
f28c01,1,7,1,4423,1,739,23,1,194,0,
f28c01,1,8,1,4200,0,0,0,0,0,0,
f28c01,2,1,1,9462,1,104,1,1,45,0,
f28c01,2,2,1,2058,1,1430,45,1,16,0,
f28c01,2,3,1,339,1,230,6,1,142,0,
f28c01,2,4,1,1059,1,34,1,1,17,0,
f28c01,2,5,1,2240,1,726,26,1,160,0,
f28c01,2,6,1,471,1,275,10,1,16,0,
f28c01,2,7,1,359,1,81,4,1,37,0,
f28c01,2,8,1,2336,1,864,31,1,1,0,
f28c01,2,9,1,651,1,149,5,1,82,0,
f28c01,3,1,1,8798,1,251,9,1,102,0,
f28c01,3,2,1,693,1,407,14,1,554,0,
f28c01,3,3,1,167,1,78,3,1,279,0,
f28c01,3,4,1,265,1,138,3,1,279,0,
f28c01,3,5,1,416,1,102,3,1,279,0,
f28c01,3,6,1,624,1,308,11,1,113,0,
f28c01,3,7,1,4792,1,397,17,1,100,0,
f28c01,3,8,1,557,1,450,17,1,446,0,
f28c01,3,9,1,1068,1,316,12,1,120,1,
f28c01,4,1,1,7908,1,527,26,1,932,0,
f28c01,4,2,1,548,1,276,10,1,933,0,
f28c01,4,3,1,1099,1,400,18,1,775,0,
f28c01,4,4,1,465,1,181,5,1,1,0,
f28c01,4,5,1,1843,1,1422,40,1,89,0,
f28c01,4,6,1,917,0,0,0,0,0,0,
f28c01,5,1,1,7093,1,657,23,1,1271,0,
f28c01,5,2,1,638,1,75,4,1,68,0,
f28c01,5,3,1,382,1,2,1,1,49,0,
f28c01,5,4,1,1085,1,304,11,1,2046,0,
f28c01,5,5,1,141,1,75,4,1,75,0,
f28c01,5,6,1,1481,1,494,18,1,233,0,
f28c01,5,7,1,494,1,99,3,1,214,0,
f28c01,5,8,1,2141,1,285,7,1,105,0,
f28c01,5,9,1,489,1,193,4,1,105,0,
f28c01,5,10,1,114,1,50,2,1,87,0,
f28c01,5,11,1,393,1,211,5,1,91,0,
f28c01,5,12,1,526,1,177,7,1,66,0,
f28c01,5,13,1,668,1,318,11,1,286,0,
f28c01,5,14,1,4164,1,1338,34,1,104,0,
f28c01,5,15,1,353,1,217,5,1,121,0,
f28c01,6,1,1,4505,1,117,1,1,45,0,
f28c01,6,2,1,3125,1,3073,98,1,39,0,
f28c01,6,3,1,7490,1,554,14,1,262,0,
f28c01,6,4,1,313,1,251,5,1,264,0,
f28c01,6,5,1,425,1,233,7,1,723,0,
f28c01,6,6,1,249,1,69,3,1,1,0,
f28c01,6,7,1,1369,0,0,0,0,0,0,
f28c01,7,1,1,18021,1,259,12,1,58,0,
f28c01,7,2,1,332,1,136,5,1,47,0,
f28c01,7,3,1,294,1,161,5,1,138,0,
f28c01,7,4,1,313,1,191,10,1,120,1,
f28c01,8,1,1,7688,1,538,28,1,206,0,
f28c01,8,2,1,599,1,331,15,1,208,0,
f28c01,8,3,1,4060,1,526,20,1,45,0,
f28c01,8,4,1,4101,1,1787,58,1,163,0,
f28c01,8,5,1,4962,0,0,0,0,0,0,
d48826,1,1,1,5658,1,93,4,1,9,0,
d48826,1,2,1,356,1,65,3,1,7,0,
d48826,1,3,1,4231,1,271,11,1,25,0,
d48826,1,4,1,155,1,42,1,1,25,0,
d48826,1,5,1,1446,1,192,9,1,153,0,
d48826,1,6,1,181,1,56,1,1,92,0,
d48826,1,7,1,681,1,364,12,1,126,0,
d48826,1,8,1,594,1,253,12,1,6,0,
d48826,1,9,1,211,1,52,2,1,1,0,
d48826,1,10,1,658,1,70,1,1,23,0,
d48826,1,11,1,6530,0,0,0,0,0,0,
d48826,2,1,1,3830,1,462,14,1,354,0,
d48826,2,2,1,1037,1,572,27,1,2390,0,
d48826,2,3,1,518,1,179,6,1,31,0,
d48826,2,4,1,256,1,45,1,1,6,0,
d48826,2,5,1,654,1,92,2,1,357,0,
d48826,2,6,1,359,1,288,12,1,31,0,
d48826,2,7,1,713,1,125,6,1,1335,0,
d48826,2,8,1,1450,1,144,3,1,36,0,
d48826,2,9,1,2111,1,91,3,1,102,0,
d48826,2,10,1,1251,1,130,5,1,69,0,
d48826,2,11,1,194,1,71,1,1,28,0,
d48826,2,12,1,9251,1,44,3,1,18,0,
d48826,2,13,1,178,1,100,3,1,405,0,
d48826,2,14,1,137,1,66,3,1,18,0,
d48826,2,15,1,1470,0,0,0,0,0,0,
d48826,3,1,1,7380,1,98,4,1,3,0,
d48826,3,2,1,1805,1,81,3,1,9,0,
d48826,3,3,1,278,1,81,3,1,9,0,
d48826,3,4,1,365,1,117,5,1,2,0,
d48826,3,5,1,6803,1,301,15,1,26,0,
d48826,3,6,1,1103,1,828,30,1,126,0,
d48826,3,7,1,267,1,47,2,1,45,0,
d48826,3,8,1,82,1,19,1,1,21,0,
d48826,3,9,1,615,1,227,5,1,52,0,
d48826,3,10,1,254,1,158,3,1,26,0,
d48826,3,11,1,605,1,263,10,1,23,0,
d48826,3,12,1,589,1,32,1,1,17,0,
d48826,3,13,1,67,1,6,1,1,17,0,
d48826,3,14,1,2109,0,0,0,0,0,0,
d48826,4,1,1,5538,1,104,4,1,16,0,
d48826,4,2,1,107,1,24,1,1,18,0,
d48826,4,3,1,107,1,43,2,1,14,0,
d48826,4,4,1,100,1,24,1,1,17,0,
d48826,4,5,1,187,1,9,1,1,4,0,
d48826,4,6,1,4293,1,689,32,1,1632,1,ValueError
d48826,4,7,1,373,1,271,7,1,340,0,
d48826,4,8,1,424,1,289,10,1,92,0,
d48826,4,9,1,610,1,445,17,1,643,0,
d48826,4,10,1,366,1,172,7,1,159,0,
d48826,4,11,1,801,1,170,5,1,17,0,
d48826,4,12,1,263,1,66,2,1,6,0,
d48826,4,13,1,9638,0,0,0,0,0,0,
d48826,5,1,1,4067,1,135,6,1,16,0,
d48826,5,2,1,1975,1,193,8,1,36,0,
d48826,5,3,1,106,1,33,1,1,285,1,NameError
d48826,5,4,1,121,1,47,1,1,18,0,
d48826,5,5,1,1172,1,73,2,1,45,0,
d48826,5,6,1,114,1,50,1,1,304,1,NameError
d48826,5,7,1,132,1,75,2,1,21,0,
d48826,5,8,1,1711,1,778,33,1,6,0,
d48826,5,9,1,207,1,52,2,1,1,0,
d48826,5,10,1,4309,0,0,0,0,0,0,
d48826,6,1,1,2996,1,369,19,1,1637,1,ValueError
d48826,6,2,1,274,1,98,2,1,243,0,
d48826,6,3,1,167,1,64,1,1,36,0,
d48826,6,4,1,141,1,56,1,1,18,0,
d48826,6,5,1,2030,1,353,13,1,72,0,
d48826,6,6,1,1473,1,300,19,1,1198,0,
d48826,6,7,1,157,1,50,1,1,75,0,
d48826,6,8,1,683,1,282,11,1,17,0,
d48826,6,9,1,3423,1,334,14,1,81,0,
d48826,6,10,1,650,1,36,1,1,17,0,
d48826,6,11,1,1498,1,765,37,1,24,0,
d48826,6,12,1,193,1,40,2,1,12,0,
d48826,6,13,1,79,1,22,1,1,18,0,
d48826,6,14,1,150,1,46,1,1,10,0,
d48826,6,15,1,278,1,64,3,1,1,0,
d48826,6,16,1,640,1,20,1,1,16,0,
d48826,6,17,1,87,1,18,1,1,9,0,
d48826,6,18,1,3149,1,20,1,1,24,0,
d48826,6,19,1,170,1,64,1,1,74,0,
d48826,6,20,1,1192,1,10,1,1,18,0,
d48826,6,21,1,1278,1,27,1,1,18,0,
d48826,6,22,1,1330,1,427,15,1,6,0,
d48826,6,23,1,1355,1,6,1,1,94,0,
d48826,7,1,1,8424,1,268,8,1,45,0,
d48826,7,2,1,469,1,117,5,1,5,0,
d48826,7,3,1,635,1,305,10,1,407,1,NameError
d48826,7,4,1,530,1,379,12,1,1675,1,ValueError
d48826,7,5,1,688,1,58,2,1,1603,1,ValueError
d48826,7,6,1,265,1,82,1,1,230,0,
d48826,7,7,1,1283,1,279,7,1,54,0,
d48826,7,8,1,2375,1,195,7,1,30,0,
d48826,7,9,1,3137,1,495,15,1,1650,1,ValueError
d48826,7,10,1,592,1,478,9,1,72,0,
d48826,7,11,1,1001,1,545,13,1,207,0,
d48826,7,12,1,1553,1,352,7,1,58,0,
d48826,7,13,1,1755,0,0,0,0,0,0,
d48826,8,1,1,3135,1,306,15,1,353,0,
d48826,8,2,1,413,1,121,3,1,91,0,
d48826,8,3,1,259,1,198,11,1,99,0,
d48826,8,4,1,342,1,236,13,1,97,0,
d48826,8,5,1,397,1,108,5,1,17,0,
d48826,8,6,1,281,1,80,3,1,6,0,
d48826,8,7,1,757,1,224,1,1,31,0,
d48826,8,8,1,1053,1,799,27,1,51,0,
d48826,8,9,1,111,1,33,1,1,55,0,
d48826,8,10,1,1514,1,89,6,1,103,0,
d48826,8,11,1,412,1,114,5,1,209,0,
d48826,8,12,1,147,1,56,1,1,28,0,
d48826,8,13,1,3634,1,355,14,1,973,1,UFuncTypeError
d48826,8,14,1,274,1,99,2,1,23,0,
d48826,8,15,1,263,1,46,1,1,209,0,
d48826,8,16,1,654,1,5,1,1,4,0,
d48826,8,17,1,158,1,21,1,1,4,0,
d48826,8,18,1,1470,0,0,0,0,0,0,
76aef9,1,1,1,13652,1,125,1,1,45,0,
76aef9,1,2,1,1457,1,1376,27,1,45,0,
76aef9,1,3,1,3533,1,1825,56,1,27,0,
76aef9,1,4,1,306,1,62,2,1,46,0,
76aef9,1,5,1,151,1,62,2,1,61,0,
76aef9,1,6,1,132,1,62,2,1,86,0,
76aef9,1,7,1,1578,1,196,6,1,45,0,
76aef9,1,8,1,311,1,95,3,1,159,0,
76aef9,1,9,1,282,1,31,1,1,15,0,
76aef9,1,10,1,7505,1,901,28,1,30,0,
76aef9,1,11,1,282,1,74,3,1,8,0,
76aef9,1,12,1,1802,1,1522,35,1,13,0,
76aef9,1,13,1,7401,1,1102,32,1,31,0,
76aef9,1,14,1,5286,1,831,25,1,22,0,
76aef9,1,15,1,1440,1,895,26,1,26,0,
76aef9,1,16,1,2363,1,784,24,1,6,0,
76aef9,1,17,1,6387,0,0,0,0,0,0,
76aef9,2,1,1,17504,1,1607,59,1,40,0,
76aef9,2,2,1,157,1,54,2,1,50,0,
76aef9,2,3,1,267,1,55,2,1,20,0,
76aef9,2,4,1,680,1,86,4,1,90,0,
76aef9,2,5,1,373,1,55,2,1,79,0,
76aef9,2,6,1,441,1,151,4,1,284,0,
76aef9,2,7,1,4837,1,568,22,1,98,0,
76aef9,2,8,1,1032,1,197,9,1,44,1,
76aef9,2,9,1,447,1,43,2,1,140,0,
76aef9,2,10,1,636,1,228,10,1,49,0,
76aef9,2,11,1,1311,1,114,4,1,381,0,
76aef9,2,12,1,980,0,0,0,0,0,0,
76aef9,3,1,1,12763,1,1529,56,1,40,0,
76aef9,3,2,1,600,1,49,2,1,9,0,
76aef9,3,3,1,113,1,49,2,1,14,0,
76aef9,3,4,1,547,1,49,2,1,24,0,
76aef9,3,5,1,1443,1,133,5,1,290,0,
76aef9,3,6,1,173,1,88,3,1,59,0,
76aef9,3,7,1,608,1,14,1,1,1,0,
76aef9,3,8,1,80,1,9,1,1,13,0,
76aef9,3,9,1,14220,1,910,26,1,27,0,
76aef9,3,10,1,25523,1,862,30,1,207,0,
76aef9,4,1,1,27003,1,113,1,1,45,0,
76aef9,4,2,1,15730,0,0,0,0,0,0,
76aef9,5,1,1,55340,0,0,0,0,0,0,
76aef9,6,1,1,16463,1,2408,71,1,31,0,
76aef9,6,2,1,430,1,64,2,1,74,0,
76aef9,6,3,1,172,1,65,2,1,27,0,
76aef9,6,4,1,6384,1,1408,38,1,61,0,
76aef9,6,5,1,997,1,49,2,1,95,0,
76aef9,6,6,1,12884,0,0,0,0,0,0,
76aef9,7,1,1,32120,1,690,25,1,12,0,
76aef9,7,2,1,328,1,118,8,1,11,0,
76aef9,7,3,1,4682,1,334,16,1,13,0,
76aef9,7,4,1,17613,0,0,0,0,0,0,
76aef9,8,1,1,29887,1,1595,54,1,80,0,
76aef9,8,2,1,2130,1,537,17,1,535,1,AttributeError
76aef9,8,3,1,613,1,451,15,1,74,0,
76aef9,8,4,1,748,1,501,15,1,76,0,
76aef9,8,5,1,1157,1,47,2,1,27,0,
76aef9,8,6,1,6719,1,47,2,1,30,0,
76aef9,8,7,1,203,1,47,2,1,118,0,
76aef9,8,8,1,3090,1,213,6,1,133,0,
76aef9,8,9,1,277,1,48,2,1,119,0,
76aef9,8,10,1,1553,1,189,12,1,186,0,
76aef9,8,11,1,352,1,112,6,1,137,0,
76aef9,8,12,1,1721,1,527,16,1,98,0,
76aef9,8,13,1,3871,1,1313,39,1,226,0,
9a1984,1,1,1,4056,1,484,21,1,74,0,
9a1984,1,2,1,1422,1,29,2,1,109,0,
9a1984,1,3,1,915,1,55,2,1,87,0,
9a1984,1,4,1,1400,1,29,2,1,170,0,
9a1984,1,5,1,8878,1,278,14,1,27,0,
9a1984,1,6,1,2628,1,471,20,1,31,0,
9a1984,1,7,1,375,1,212,11,1,15,0,
9a1984,1,8,1,2971,1,104,6,1,45,0,
9a1984,1,9,1,1090,1,15,1,1,1,0,
9a1984,1,10,1,761,1,322,19,1,29,0,
9a1984,1,11,1,5543,1,455,16,1,4,0,
9a1984,1,12,1,3258,1,120,8,1,10,0,
9a1984,1,13,1,1760,1,776,24,1,149,0,
9a1984,1,14,1,920,1,367,13,1,116,0,
9a1984,1,15,1,1018,1,455,21,1,34,0,
9a1984,1,16,1,119,1,25,2,1,113,0,
9a1984,1,17,1,2745,1,17,2,1,18,0,
9a1984,1,18,1,1642,1,344,14,1,4,0,
9a1984,1,19,1,130,1,16,1,1,5,0,
9a1984,1,20,1,1414,1,266,13,1,34,0,
9a1984,1,21,1,3310,1,480,19,1,1,0,
9a1984,1,22,1,113,1,12,1,1,76,0,
9a1984,1,23,1,2956,1,636,23,1,5,0,
9a1984,1,24,1,415,1,149,6,1,5,0,
9a1984,1,25,1,1425,1,230,10,1,2,0,
9a1984,1,26,1,2393,1,727,21,1,418,1,ValueError
9a1984,1,27,1,673,1,577,18,1,684,1,ValueError
9a1984,1,28,1,893,1,762,23,1,44,1,
9a1984,1,29,1,1138,1,442,15,1,4,0,
9a1984,1,30,1,2479,1,128,5,1,6,0,
9a1984,1,31,1,243,1,62,2,1,5,0,
9a1984,1,32,1,782,1,145,8,1,3,0,
9a1984,1,33,1,264,1,37,2,1,20,0,
9a1984,1,34,1,1532,1,367,14,1,4,0,
9a1984,1,35,1,831,0,0,0,0,0,0,
9a1984,2,1,1,3418,1,429,25,1,181,0,
9a1984,2,2,1,677,1,406,20,1,144,0,
9a1984,2,3,1,920,1,27,2,1,253,0,
9a1984,2,4,1,2648,1,32,2,1,344,0,
9a1984,2,5,1,5127,1,562,19,1,404,1,NameError
9a1984,2,6,1,440,1,347,14,1,313,0,
9a1984,2,7,1,3532,1,395,19,1,283,0,
9a1984,2,8,1,1021,1,33,2,1,3,0,
9a1984,2,9,1,466,1,176,8,1,136,0,
9a1984,2,10,1,5331,1,180,9,1,144,0,
9a1984,2,11,1,7127,1,490,21,1,4,0,
9a1984,2,12,1,3505,1,846,33,1,3,0,
9a1984,2,13,1,956,1,533,22,1,42,0,
9a1984,2,14,1,458,1,137,4,1,12,0,
9a1984,2,15,1,1713,1,1059,36,1,30,0,
9a1984,2,16,1,6133,1,562,24,1,4,0,
9a1984,2,17,1,1762,1,189,8,1,3,0,
9a1984,2,18,1,1613,1,666,26,1,3,0,
9a1984,2,19,1,774,1,656,25,1,45,0,
9a1984,2,20,1,2131,1,432,19,1,5,0,
9a1984,2,21,1,763,1,244,11,1,2,0,
9a1984,2,22,1,2244,1,36,1,1,1,0,
9a1984,2,23,1,474,1,9,1,1,42,0,
9a1984,2,24,1,689,1,420,16,1,4,0,
9a1984,2,25,1,78,1,13,1,1,401,0,
9a1984,2,26,1,1858,1,584,18,1,6,0,
9a1984,2,27,1,168,1,68,2,1,1,0,
9a1984,2,28,1,154,1,59,2,1,136,0,
9a1984,2,29,1,1675,1,424,18,1,2,0,
9a1984,2,30,1,2186,1,1009,28,1,5,0,
9a1984,2,31,1,478,1,370,15,1,3,0,
9a1984,2,32,1,1119,1,107,2,1,4,0,
9a1984,2,33,1,632,1,391,15,1,4,0,
9a1984,2,34,1,910,1,226,9,1,1,0,
9a1984,2,35,1,3420,1,37,2,1,20,0,
9a1984,2,36,1,650,1,284,11,1,4,0,
9a1984,2,37,1,308,0,0,0,0,0,0,
9a1984,3,1,1,3956,1,326,16,1,59,0,
9a1984,3,2,1,701,1,314,14,1,118,0,
9a1984,3,3,1,3392,1,250,13,1,88,0,
9a1984,3,4,1,72,1,3,1,1,144,0,
9a1984,3,5,1,1429,1,25,2,1,2,0,
9a1984,3,6,1,61,1,8,1,1,310,0,
9a1984,3,7,1,58,1,8,1,1,26,0,
9a1984,3,8,1,18251,1,244,12,1,33,0,
9a1984,3,9,1,312,1,80,4,1,40,0,
9a1984,3,10,1,5078,1,575,18,1,32,0,
9a1984,3,11,1,405,1,34,2,1,89,0,
9a1984,3,12,1,4426,1,406,20,1,120,0,
9a1984,3,13,1,211,1,45,2,1,251,0,
9a1984,3,14,1,305,1,22,2,1,48,0,
9a1984,3,15,1,1785,1,126,6,1,251,0,
9a1984,3,16,1,411,1,276,13,1,19,0,
9a1984,3,17,1,3317,1,291,12,1,59,0,
9a1984,3,18,1,682,1,170,6,1,19,0,
9a1984,3,19,1,568,1,258,10,1,71,0,
9a1984,3,20,1,239,1,57,2,1,87,0,
9a1984,3,21,1,214,1,119,7,1,178,0,
9a1984,3,22,1,1890,1,319,13,1,131,0,
9a1984,3,23,1,591,1,157,8,1,32,0,
9a1984,3,24,1,1270,1,317,13,1,175,0,
9a1984,3,25,1,4613,1,602,22,1,143,0,
9a1984,3,26,1,9147,1,379,16,1,4,0,
9a1984,3,27,1,1013,1,366,12,1,48,0,
9a1984,3,28,1,674,1,233,8,1,165,0,
9a1984,3,29,1,1139,1,205,8,1,2,0,
9a1984,3,30,1,399,1,41,2,1,4,0,
9a1984,3,31,1,630,1,40,1,1,4,0,
9a1984,3,32,1,279,1,68,2,1,65,0,
9a1984,3,33,1,2164,0,0,0,0,0,0,
9a1984,4,1,1,5442,1,420,21,1,116,0,
9a1984,4,2,1,922,1,638,20,1,107,0,
9a1984,4,3,1,1842,1,141,7,1,155,0,
9a1984,4,4,1,1412,1,15,1,1,27,0,
9a1984,4,5,1,510,1,17,1,1,24,0,
9a1984,4,6,1,11304,1,495,16,1,113,0,
9a1984,4,7,1,221,1,32,1,1,187,0,
9a1984,4,8,1,10764,1,400,13,1,64,0,
9a1984,4,9,1,17622,1,3306,55,1,262,0,
9a1984,4,10,1,1113,1,122,5,1,40,0,
9a1984,4,11,1,1302,1,31,2,1,160,0,
9a1984,4,12,1,61,1,11,1,1,96,0,
9a1984,4,13,1,4996,1,250,12,1,48,0,
9a1984,4,14,1,323,1,20,2,1,51,0,
9a1984,4,15,1,588,1,57,3,1,64,0,
9a1984,4,16,1,322,1,54,2,1,64,0,
9a1984,4,17,1,981,1,236,12,1,48,0,
9a1984,4,18,1,1559,1,242,12,1,64,0,
9a1984,4,19,1,1453,1,217,11,1,48,0,
9a1984,4,20,1,3261,1,75,3,1,64,0,
9a1984,4,21,1,1823,1,736,25,1,52,0,
9a1984,4,22,1,417,1,126,5,1,75,0,
9a1984,4,23,1,175,1,20,1,1,4,0,
9a1984,4,24,1,129,1,20,1,1,4,0,
9a1984,4,25,1,1356,1,49,2,1,5,0,
9a1984,4,26,1,142,1,49,2,1,5,0,
9a1984,4,27,1,3246,1,137,5,1,71,0,
9a1984,4,28,1,284,1,33,1,1,4,0,
9a1984,4,29,1,104,1,36,1,1,8,0,
9a1984,4,30,1,667,0,0,0,0,0,0,
9a1984,5,1,1,2062,1,401,20,1,222,0,
9a1984,5,2,1,8178,1,716,30,1,271,0,
9a1984,5,3,1,2193,1,550,26,1,16,0,
9a1984,5,4,1,483,1,156,8,1,105,0,
9a1984,5,5,1,271,1,197,11,1,30,0,
9a1984,5,6,1,140,1,60,3,1,35,0,
9a1984,5,7,1,320,1,27,1,1,35,0,
9a1984,5,8,1,360,1,194,9,1,35,0,
9a1984,5,9,1,307,1,54,2,1,35,0,
9a1984,5,10,1,481,1,292,11,1,163,0,
9a1984,5,11,1,3022,1,269,13,1,286,0,
9a1984,5,12,1,879,1,193,12,1,94,0,
9a1984,5,13,1,3683,1,305,13,1,485,0,
9a1984,5,14,1,1991,1,201,10,1,10,0,
9a1984,5,15,1,777,1,211,7,1,124,0,
9a1984,5,16,1,3706,1,1074,28,1,308,0,
9a1984,5,17,1,4504,1,218,8,1,27,0,
9a1984,5,18,1,9565,1,583,19,1,17,0,
9a1984,5,19,1,503,1,231,10,1,27,0,
9a1984,5,20,1,4739,1,622,24,1,627,1,TypeError
9a1984,5,21,1,754,1,627,26,1,21,0,
9a1984,5,22,1,7744,1,1605,56,1,27,0,
9a1984,5,23,1,617,1,123,5,1,90,0,
9a1984,5,24,1,322,1,81,3,1,11,0,
9a1984,5,25,1,216,1,81,3,1,12,0,
9a1984,5,26,1,268,1,82,3,1,44,1,
9a1984,5,27,1,1030,1,648,14,1,45,0,
9a1984,5,28,1,1769,1,1651,54,1,120,1,
9a1984,6,1,1,3462,1,127,1,1,45,0,
9a1984,6,2,1,334,1,270,11,1,74,0,
9a1984,6,3,1,1386,1,413,15,1,51,0,
9a1984,6,4,1,242,1,27,1,1,51,0,
9a1984,6,5,1,655,1,27,1,1,51,0,
9a1984,6,6,1,2243,1,153,8,1,144,0,
9a1984,6,7,1,566,1,212,7,1,51,0,
9a1984,6,8,1,3111,1,32,2,1,175,0,
9a1984,6,9,1,866,1,31,2,1,310,0,
9a1984,6,10,1,10490,1,432,17,1,163,0,
9a1984,6,11,1,3352,1,101,5,1,569,0,
9a1984,6,12,1,503,1,183,8,1,55,0,
9a1984,6,13,1,3316,1,125,5,1,25,0,
9a1984,6,14,1,481,1,117,4,1,182,0,
9a1984,6,15,1,1109,1,220,8,1,78,0,
9a1984,6,16,1,4654,1,236,13,1,27,0,
9a1984,6,17,1,7880,1,613,21,1,4,0,
9a1984,6,18,1,3891,1,478,18,1,89,0,
9a1984,6,19,1,3405,1,433,15,1,4,0,
9a1984,6,20,1,3708,1,985,35,1,3,0,
9a1984,6,21,1,1212,1,317,12,1,97,0,
9a1984,6,22,1,141,1,25,1,1,4,0,
9a1984,6,23,1,277,0,0,0,0,0,0,
9a1984,7,1,1,2741,1,368,16,1,45,0,
9a1984,7,2,1,178,1,83,4,1,379,1,NameError
9a1984,7,3,1,457,1,339,17,1,99,0,
9a1984,7,4,1,3211,1,552,22,1,16,0,
9a1984,7,5,1,2860,1,1448,44,1,122,0,
9a1984,7,6,1,6371,1,503,16,1,4,0,
9a1984,7,7,1,6989,1,1159,38,1,64,0,
9a1984,7,8,1,879,1,123,5,1,64,0,
9a1984,7,9,1,1169,1,315,13,1,211,0,
9a1984,7,10,1,1359,1,256,11,1,29,0,
9a1984,7,11,1,15383,1,1207,40,1,44,1,
9a1984,7,12,1,1545,1,1237,44,1,41,0,
9a1984,7,13,1,1460,1,907,35,1,105,0,
9a1984,7,14,1,210,1,99,2,1,34,0,
9a1984,7,15,1,1603,1,1295,39,1,44,1,
9a1984,7,16,1,1769,1,271,12,1,269,0,
9a1984,7,17,1,7598,1,801,25,1,18,0,
9a1984,7,18,1,336,1,39,1,1,15,0,
9a1984,7,19,1,240,1,76,2,1,2,0,
9a1984,7,20,1,620,1,71,3,1,103,0,
9a1984,7,21,1,1005,1,79,3,1,83,0,
9a1984,8,1,1,9685,1,421,22,1,127,0,
9a1984,8,2,1,500,1,366,18,1,290,0,
9a1984,8,3,1,1540,1,107,6,1,122,0,
9a1984,8,4,1,387,1,93,5,1,122,0,
9a1984,8,5,1,11975,1,319,15,1,122,0,
9a1984,8,6,1,5015,1,264,12,1,312,0,
9a1984,8,7,1,945,1,167,8,1,358,0,
9a1984,8,8,1,2240,1,190,10,1,21,0,
9a1984,8,9,1,2258,1,237,11,1,288,0,
9a1984,8,10,1,405,1,84,5,1,35,0,
9a1984,8,11,1,3159,1,262,15,1,138,0,
9a1984,8,12,1,1189,1,125,6,1,129,0,
9a1984,8,13,1,440,1,188,12,1,18,0,
9a1984,8,14,1,11904,1,236,10,1,89,0,
9a1984,8,15,1,1068,1,263,14,1,39,0,
9a1984,8,16,1,538,1,268,14,1,39,0,
9a1984,8,17,1,1086,1,162,3,1,45,0,
9a1984,8,18,1,2076,1,348,16,1,42,0,
9a1984,8,19,1,216,1,76,4,1,25,0,
9a1984,8,20,1,255,1,72,2,1,8,0,
9a1984,8,21,1,762,1,87,2,1,10,0,
9a1984,8,22,1,227,1,72,2,1,8,0,
9a1984,8,23,1,370,1,71,2,1,10,0,
9a1984,8,24,1,461,1,61,3,1,45,0,
9a1984,8,25,1,463,1,293,8,1,76,0,
9a1984,8,26,1,1920,1,332,18,1,77,0,
9a1984,8,27,1,182,1,51,2,1,59,0,
9a1984,8,28,1,827,1,99,4,1,193,0,
9a1984,8,29,1,1114,1,340,13,1,16,0,
9a1984,8,30,1,695,1,161,8,1,34,0,
9a1984,8,31,1,3072,1,433,22,1,10,0,
9a1984,8,32,1,223,1,118,5,1,30,0,
9a1984,8,33,1,3909,1,443,16,1,45,0,
9a1984,8,34,1,502,1,412,17,1,73,0,
9a1984,8,35,1,849,1,213,8,1,72,0,
9a1984,8,36,1,425,0,0,0,0,0,0,
9be9d3,1,1,1,19728,1,2930,75,1,133,0,
9be9d3,1,2,1,1808,1,44,2,1,42,0,
9be9d3,1,3,1,184,1,44,2,1,44,1,
9be9d3,1,4,1,833,0,0,0,0,0,0,
9be9d3,2,1,1,30938,1,840,31,1,127,0,
9be9d3,2,2,1,3315,0,0,0,0,0,0,
9be9d3,3,1,1,27431,1,78,1,1,45,0,
9be9d3,3,2,1,814,1,498,18,1,45,0,
9be9d3,3,3,1,1903,1,1704,51,1,24,0,
9be9d3,3,4,1,246,1,42,2,1,28,0,
9be9d3,3,5,1,112,1,42,2,1,34,0,
9be9d3,3,6,1,144,1,42,2,1,38,0,
9be9d3,3,7,1,107,1,42,2,1,44,0,
9be9d3,3,8,1,243,1,48,2,1,1724,1,OverflowError
9be9d3,4,1,1,4050,1,321,10,1,2,0,
9be9d3,4,2,1,368,1,273,7,1,2,0,
9be9d3,4,3,1,420,1,214,5,1,2,0,
9be9d3,4,4,1,5965,1,1055,29,1,42,0,
9be9d3,4,5,1,261,1,62,2,1,15,0,
9be9d3,4,6,1,1871,1,728,25,1,108,0,
9be9d3,4,7,1,1052,1,756,25,1,80,0,
9be9d3,4,8,1,9709,1,537,18,1,47,0,
9be9d3,4,9,1,1267,1,739,25,1,91,0,
9be9d3,4,10,1,1405,1,935,33,1,335,0,
9be9d3,4,11,1,7872,1,122,4,1,39,0,
9be9d3,4,12,1,279,1,79,2,1,29,0,
9be9d3,4,13,1,1174,1,371,6,1,121,0,
9be9d3,5,1,1,33779,1,418,19,1,96,0,
9be9d3,6,1,1,21839,1,133,5,1,17,0,
9be9d3,6,2,1,369,1,72,3,1,39,0,
9be9d3,6,3,1,5876,0,0,0,0,0,0,
9be9d3,7,1,1,14026,1,287,12,1,36,0,
9be9d3,7,2,1,1990,1,199,8,1,13,0,
9be9d3,7,3,1,370,1,79,3,1,18,0,
9be9d3,7,4,1,589,1,71,2,1,4,0,
9be9d3,7,5,1,4890,0,0,0,0,0,0,
9be9d3,8,1,1,11323,1,2816,71,1,22,0,
9be9d3,8,2,1,691,1,19,1,1,24,0,
9be9d3,8,3,1,746,1,19,1,1,31,0,
9be9d3,8,4,1,752,1,23,1,1,4,0,
9be9d3,8,5,1,503,1,19,1,1,34,0,
9be9d3,8,6,1,925,1,19,1,1,181,1,
29719a,1,1,1,6561,0,0,0,0,0,0,
29719a,2,1,1,6563,0,0,0,0,0,0,
29719a,3,1,1,6689,0,0,0,0,0,0,
29719a,4,1,1,6334,0,0,0,0,0,0,
29719a,5,1,1,6556,0,0,0,0,0,0,
29719a,6,1,1,6657,0,0,0,0,0,0,
29719a,7,1,1,6467,0,0,0,0,0,0,
29719a,8,1,1,6565,0,0,0,0,0,0,
8fea51,1,1,1,4322,1,1107,39,1,108,0,
8fea51,1,2,1,451,1,178,9,1,44,1,
8fea51,1,3,1,7326,1,88,4,1,137,0,
8fea51,1,4,1,191,1,35,1,1,4,0,
8fea51,1,5,1,1932,1,309,15,1,307,0,
8fea51,1,6,1,2352,1,1028,33,1,2,0,
8fea51,1,7,1,378,1,115,5,1,180,0,
8fea51,1,8,1,439,1,10,1,1,375,0,
8fea51,1,9,1,5291,1,705,26,1,120,1,
8fea51,2,1,1,11926,1,117,1,1,45,0,
8fea51,2,2,1,3595,1,3150,69,1,40,0,
8fea51,2,3,1,1585,1,893,41,1,27,0,
8fea51,2,4,1,215,1,63,3,1,7,0,
8fea51,2,5,1,3766,1,595,29,1,108,0,
8fea51,2,6,1,361,1,65,3,1,44,1,
8fea51,2,7,1,2859,1,247,10,1,137,0,
8fea51,2,8,1,556,1,418,16,1,119,0,
8fea51,2,9,1,245,1,128,4,1,161,0,
8fea51,2,10,1,1898,1,1560,44,1,40,0,
8fea51,2,11,1,1602,1,1265,42,1,50,0,
8fea51,2,12,1,178,1,57,2,1,55,0,
8fea51,2,13,1,388,1,117,5,1,76,0,
8fea51,2,14,1,1698,1,1302,41,1,61,0,
8fea51,2,15,1,699,1,81,3,1,50,0,
8fea51,2,16,1,1486,1,1190,39,1,159,0,
8fea51,2,17,1,399,1,281,11,1,5,0,
8fea51,2,18,1,404,1,73,4,1,53,0,
8fea51,2,19,1,404,1,269,11,1,21,0,
8fea51,2,20,1,4463,1,1212,42,1,60,0,
8fea51,2,21,1,823,0,0,0,0,0,0,
8fea51,3,1,1,8616,1,1315,47,1,4,0,
8fea51,3,2,1,2293,1,479,20,1,45,0,
8fea51,3,3,1,195,1,101,5,1,1,0,
8fea51,3,4,1,675,1,450,22,1,2,0,
8fea51,3,5,1,112,1,18,1,1,78,0,
8fea51,3,6,1,419,1,260,14,1,365,0,
8fea51,3,7,1,265,1,117,5,1,2,0,
8fea51,3,8,1,72,1,19,1,1,126,0,
8fea51,3,9,1,271,1,129,6,1,44,1,
8fea51,3,10,1,7695,1,1252,38,1,23,0,
8fea51,3,11,1,4642,1,401,15,1,310,0,
8fea51,3,12,1,666,1,99,4,1,6,0,
8fea51,3,13,1,783,1,10,1,1,30,0,
8fea51,3,14,1,835,1,654,23,1,2,0,
8fea51,3,15,1,489,1,42,2,1,78,0,
8fea51,4,1,1,6158,1,1310,56,1,38,0,
8fea51,4,2,1,255,1,53,2,1,2,0,
8fea51,4,3,1,70,1,11,1,1,94,0,
8fea51,4,4,1,125,1,53,2,1,2,0,
8fea51,4,5,1,59,1,6,1,1,134,0,
8fea51,4,6,1,727,1,66,2,1,68,0,
8fea51,4,7,1,127,1,61,2,1,93,0,
8fea51,4,8,1,159,1,66,2,1,4,0,
8fea51,4,9,1,4501,1,176,6,1,45,0,
8fea51,4,10,1,5188,1,220,5,1,506,1,NameError
8fea51,4,11,1,207,1,145,3,1,45,0,
8fea51,4,12,1,11317,1,2862,68,1,25,0,
8fea51,4,13,1,421,1,235,9,1,77,0,
8fea51,4,14,1,694,1,277,11,1,70,0,
8fea51,4,15,1,910,1,164,6,1,45,0,
8fea51,4,16,1,4378,0,0,0,0,0,0,
8fea51,5,1,1,12056,1,111,4,1,6,0,
8fea51,5,2,1,1101,1,660,16,1,1,0,
8fea51,5,3,1,93,1,14,1,1,161,0,
8fea51,5,4,1,3254,1,1053,32,1,115,0,
8fea51,5,5,1,1159,1,1087,29,1,4,0,
8fea51,5,6,1,1947,1,984,36,1,2,0,
8fea51,5,7,1,236,1,97,5,1,3,0,
8fea51,5,8,1,1646,1,128,6,1,161,0,
8fea51,5,9,1,3317,0,0,0,0,0,0,
8fea51,6,1,1,11717,1,111,1,1,45,0,
8fea51,6,2,1,1532,1,1440,31,1,45,0,
8fea51,6,3,1,3082,1,2684,57,1,45,0,
8fea51,6,4,1,1665,1,1594,51,1,32,0,
8fea51,6,5,1,223,1,74,3,1,28,0,
8fea51,6,6,1,667,1,250,12,1,41,0,
8fea51,6,7,1,1928,1,1278,35,1,45,0,
8fea51,6,8,1,102,1,41,1,1,4,0,
8fea51,6,9,1,1262,1,19,1,1,50,0,
8fea51,6,10,1,501,1,19,1,1,38,0,
8fea51,6,11,1,510,1,19,1,1,12,0,
8fea51,6,12,1,2601,1,1964,58,1,35,0,
8fea51,6,13,1,236,1,100,5,1,2,0,
8fea51,6,14,1,1413,1,78,3,1,90,0,
8fea51,6,15,1,238,1,101,4,1,161,0,
8fea51,6,16,1,563,1,242,11,1,2,0,
8fea51,6,17,1,3306,0,0,0,0,0,0,
8fea51,7,1,1,8500,1,1447,44,1,4,0,
8fea51,7,2,1,216,1,37,2,1,1,0,
8fea51,7,3,1,2608,1,339,15,1,2,0,
8fea51,7,4,1,105,1,9,1,1,105,0,
8fea51,7,5,1,1185,1,128,5,1,273,0,
8fea51,7,6,1,599,1,322,14,1,44,1,
8fea51,7,7,1,962,1,133,9,1,35,0,
8fea51,7,8,1,6981,1,3643,85,1,7,0,
8fea51,7,9,1,289,1,58,2,1,180,0,
8fea51,7,10,1,69,1,12,1,1,198,0,
8fea51,7,11,1,345,1,173,7,1,15,0,
8fea51,7,12,1,325,1,173,7,1,15,0,
8fea51,7,13,1,2128,1,117,5,1,23,0,
8fea51,7,14,1,154,1,24,1,1,1,0,
8fea51,7,15,1,1666,1,255,13,1,2,0,
8fea51,7,16,1,1298,0,0,0,0,0,0,
8fea51,8,1,1,10791,1,926,41,1,4,0,
8fea51,8,2,1,1265,1,306,17,1,81,0,
8fea51,8,3,1,994,1,400,18,1,1,0,
8fea51,8,4,1,11594,1,739,33,1,318,1,TypeError
8fea51,8,5,1,89,1,18,2,1,7,0,
8fea51,8,6,1,1960,1,746,27,1,4,0,
8fea51,8,7,1,206,1,136,7,1,2,0,
8fea51,8,8,1,167,1,14,1,1,375,0,
8fea51,8,9,1,1507,1,200,9,1,457,0,
8fea51,8,10,1,276,1,42,2,1,377,0,
8fea51,8,11,1,231,1,14,1,1,2,0,
8fea51,8,12,1,863,1,167,8,1,65,0,
8fea51,8,13,1,155,1,29,1,1,7,0,
8fea51,8,14,1,8334,1,4352,76,1,7,0,
8fea51,8,15,1,2199,1,1815,44,1,2,0,
8fea51,8,16,1,333,1,223,10,1,16,0,
8fea51,8,17,1,5239,0,0,0,0,0,0,
7f5538,1,1,1,12937,1,77,4,1,57,0,
7f5538,1,2,1,346,1,11,1,1,5,0,
7f5538,1,3,1,2142,0,0,0,0,0,0,
7f5538,2,1,1,16310,0,0,0,0,0,0,
7f5538,3,1,1,11672,1,41,2,1,1,0,
7f5538,3,2,1,404,1,36,2,1,12,0,
7f5538,3,3,1,4990,0,0,0,0,0,0,
7f5538,4,1,1,19070,0,0,0,0,0,0,
7f5538,5,1,1,15273,1,64,4,1,57,0,
7f5538,5,2,1,355,1,157,7,1,53,0,
7f5538,5,3,1,1505,0,0,0,0,0,0,
7f5538,6,1,1,10632,1,858,25,1,31,0,
7f5538,6,2,1,4673,1,610,20,1,33,0,
7f5538,6,3,1,1642,1,31,2,1,5,0,
7f5538,6,4,1,474,0,0,0,0,0,0,
7f5538,7,1,1,18359,0,0,0,0,0,0,
7f5538,8,1,1,13589,1,120,1,1,45,0,
7f5538,8,2,1,2362,1,1199,35,1,1,0,
7f5538,8,3,1,3147,0,0,0,0,0,0,
c3f0bd,1,1,1,4304,1,52,4,1,18,0,
c3f0bd,1,2,1,3325,1,144,5,1,230,0,
c3f0bd,1,3,1,1243,1,793,30,1,80,0,
c3f0bd,1,4,1,691,1,49,3,1,36,0,
c3f0bd,1,5,1,1521,1,207,6,1,148,0,
c3f0bd,1,6,1,376,1,270,7,1,45,0,
c3f0bd,1,7,1,445,1,383,10,1,34,0,
c3f0bd,1,8,1,1607,1,671,25,1,83,0,
c3f0bd,1,9,1,1186,0,0,0,0,0,0,
c3f0bd,2,1,1,2339,1,72,4,1,36,0,
c3f0bd,2,2,1,721,1,35,3,1,18,0,
c3f0bd,2,3,1,3435,1,1144,35,1,80,0,
c3f0bd,2,4,1,1069,1,53,3,1,18,0,
c3f0bd,2,5,1,113,1,19,1,1,18,0,
c3f0bd,2,6,1,1305,1,564,19,1,79,0,
c3f0bd,2,7,1,1992,1,66,3,1,27,0,
c3f0bd,2,8,1,92,1,34,1,1,23,0,
c3f0bd,2,9,1,318,1,167,7,1,38,0,
c3f0bd,2,10,1,2467,0,0,0,0,0,0,
c3f0bd,3,1,1,6375,1,88,3,1,18,0,
c3f0bd,3,2,1,83,1,32,2,1,19,0,
c3f0bd,3,3,1,105,1,8,1,1,18,0,
c3f0bd,3,4,1,3624,1,242,9,1,82,0,
c3f0bd,3,5,1,218,1,114,2,1,120,1,
c3f0bd,4,1,1,2488,1,75,4,1,36,0,
c3f0bd,4,2,1,2343,1,86,4,1,15,0,
c3f0bd,4,3,1,2282,1,42,3,1,37,0,
c3f0bd,4,4,1,1562,1,38,3,1,37,0,
c3f0bd,4,5,1,1629,1,928,26,1,79,0,
c3f0bd,4,6,1,1303,1,605,21,1,79,0,
c3f0bd,4,7,1,2729,0,0,0,0,0,0,
c3f0bd,5,1,1,1565,1,63,4,1,36,0,
c3f0bd,5,2,1,1086,1,79,6,1,1,0,
c3f0bd,5,3,1,423,1,32,3,1,37,0,
c3f0bd,5,4,1,3035,1,952,28,1,80,0,
c3f0bd,5,5,1,2910,1,645,22,1,69,0,
c3f0bd,5,6,1,1187,1,575,21,1,58,0,
c3f0bd,5,7,1,1430,1,707,25,1,81,0,
c3f0bd,5,8,1,1183,1,175,7,1,26,0,
c3f0bd,5,9,1,2637,0,0,0,0,0,0,
c3f0bd,6,1,1,1949,1,76,4,1,16,0,
c3f0bd,6,2,1,798,1,34,3,1,18,0,
c3f0bd,6,3,1,1449,1,705,26,1,5,0,
c3f0bd,6,4,1,101,1,26,1,1,35,0,
c3f0bd,6,5,1,1881,1,408,15,1,17,0,
c3f0bd,6,6,1,980,1,824,29,1,79,0,
c3f0bd,6,7,1,2384,0,0,0,0,0,0,
c3f0bd,7,1,1,9696,1,168,6,1,16,0,
c3f0bd,7,2,1,172,1,80,4,1,16,0,
c3f0bd,7,3,1,255,1,22,1,1,16,0,
c3f0bd,7,4,1,3221,1,747,27,1,53,0,
c3f0bd,7,5,1,3392,0,0,0,0,0,0,
c3f0bd,8,1,1,1914,1,63,4,1,36,0,
c3f0bd,8,2,1,1098,1,30,3,1,37,0,
c3f0bd,8,3,1,3496,1,212,10,1,64,0,
c3f0bd,8,4,1,2811,1,558,22,1,41,0,
c3f0bd,8,5,1,1987,1,741,22,1,45,0,
c3f0bd,8,6,1,1454,1,855,35,1,55,0,
c3f0bd,8,7,1,639,1,470,20,1,568,1,NameError
c3f0bd,8,8,1,223,1,112,5,1,81,0,
c3f0bd,8,9,1,2401,1,156,5,1,152,0,
2d282e,1,1,1,11622,1,403,15,1,10,0,
2d282e,1,2,1,2062,0,0,0,0,0,0,
2d282e,2,1,1,26404,0,0,0,0,0,0,
2d282e,3,1,1,11986,1,251,10,1,10,0,
2d282e,3,2,1,12179,0,0,0,0,0,0,
2d282e,4,1,1,22759,0,0,0,0,0,0,
2d282e,5,1,1,23564,0,0,0,0,0,0,
2d282e,6,1,1,25308,0,0,0,0,0,0,
2d282e,7,1,1,13842,1,351,11,1,10,0,
2d282e,7,2,1,1124,1,275,10,1,10,0,
2d282e,7,3,1,7964,0,0,0,0,0,0,
2d282e,8,1,1,18765,1,287,11,1,10,0,
2d282e,8,2,1,8975,0,0,0,0,0,0,
45ee22,1,1,1,2252,0,0,0,0,0,0,
45ee22,2,1,1,3832,1,134,6,1,174,0,
45ee22,3,1,1,2884,0,0,0,0,0,0,
45ee22,4,1,1,3741,0,0,0,0,0,0,
45ee22,5,1,1,3710,0,0,0,0,0,0,
45ee22,6,1,1,3242,1,244,12,1,94,0,
45ee22,6,2,1,631,0,0,0,0,0,0,
45ee22,7,1,1,3103,1,182,9,1,97,0,
45ee22,7,2,1,601,0,0,0,0,0,0,
45ee22,8,1,1,1821,1,129,1,1,45,0,
45ee22,8,2,1,1248,0,0,0,0,0,0,
0a27ca,1,1,1,1161,1,182,2,1,3,0,
0a27ca,1,2,1,1098,1,18,1,1,121,0,
0a27ca,2,1,1,1241,1,181,2,1,18,0,
0a27ca,2,2,1,522,0,0,0,0,0,0,
0a27ca,3,1,1,2145,0,0,0,0,0,0,
0a27ca,4,1,1,2311,0,0,0,0,0,0,
0a27ca,5,1,1,1359,1,42,2,1,3,0,
0a27ca,5,2,1,523,0,0,0,0,0,0,
0a27ca,6,1,1,1180,1,147,2,1,3,0,
0a27ca,6,2,1,151,1,16,1,1,18,0,
0a27ca,6,3,1,864,1,124,3,1,137,0,
0a27ca,7,1,1,2247,0,0,0,0,0,0,
0a27ca,8,1,1,1467,1,90,2,1,3,0,
0a27ca,8,2,1,503,0,0,0,0,0,0,
37f837,1,1,1,1398,0,0,0,0,0,0,
37f837,2,1,1,1309,0,0,0,0,0,0,
37f837,3,1,1,1594,0,0,0,0,0,0,
37f837,4,1,1,1481,0,0,0,0,0,0,
37f837,5,1,1,1557,0,0,0,0,0,0,
37f837,6,1,1,1419,0,0,0,0,0,0,
37f837,7,1,1,1808,0,0,0,0,0,0,
37f837,8,1,1,1611,0,0,0,0,0,0,
83ce64,1,1,1,3200,1,285,15,1,62,0,
83ce64,1,2,1,905,0,0,0,0,0,0,
83ce64,2,1,1,568,1,287,19,1,163,0,
83ce64,2,2,1,955,1,97,6,1,63,0,
83ce64,2,3,1,2352,0,0,0,0,0,0,
83ce64,3,1,1,3517,1,391,17,1,118,0,
83ce64,3,2,1,476,0,0,0,0,0,0,
83ce64,4,1,1,2969,0,0,0,0,0,0,
83ce64,5,1,1,3351,1,396,16,1,267,0,
83ce64,5,2,1,575,0,0,0,0,0,0,
83ce64,6,1,1,1140,1,353,18,1,80,0,
83ce64,6,2,1,278,1,92,5,1,344,0,
83ce64,6,3,1,2772,1,6,1,1,374,0,
83ce64,7,1,1,2926,1,414,17,1,276,0,
83ce64,7,2,1,1158,0,0,0,0,0,0,
83ce64,8,1,1,4658,0,0,0,0,0,0,
f50235,1,1,1,464,0,0,0,0,0,0,
f50235,2,1,1,772,1,99,4,1,94,0,
f50235,3,1,1,366,0,0,0,0,0,0,
f50235,4,1,1,390,0,0,0,0,0,0,
f50235,5,1,1,787,0,0,0,0,0,0,
f50235,6,1,1,328,1,32,3,1,4,0,
f50235,6,2,1,391,0,0,0,0,0,0,
f50235,7,1,1,650,1,102,4,1,17,0,
f50235,7,2,1,108,1,48,2,1,79,0,
f50235,8,1,1,436,1,39,3,1,141,0,
34fe9c,1,1,1,1198,0,0,0,0,0,0,
34fe9c,2,1,1,1151,0,0,0,0,0,0,
34fe9c,3,1,1,1154,0,0,0,0,0,0,
34fe9c,4,1,1,1106,0,0,0,0,0,0,
34fe9c,5,1,1,1162,0,0,0,0,0,0,
34fe9c,6,1,1,1116,0,0,0,0,0,0,
34fe9c,7,1,1,1056,0,0,0,0,0,0,
34fe9c,8,1,1,1114,0,0,0,0,0,0,
af5cc9,1,1,1,3224,1,254,10,1,304,0,
af5cc9,1,2,1,447,1,113,3,1,921,0,
af5cc9,1,3,1,767,1,24,1,1,4,0,
af5cc9,1,4,1,872,1,91,3,1,7,0,
af5cc9,1,5,1,1610,1,250,12,1,4,0,
af5cc9,1,6,1,650,1,256,8,1,11,0,
af5cc9,1,7,1,4133,0,0,0,0,0,0,
af5cc9,2,1,1,1092,1,250,11,1,154,0,
af5cc9,2,2,1,4695,1,312,11,1,4,0,
af5cc9,2,3,1,452,1,46,3,1,5,0,
af5cc9,2,4,1,3529,0,0,0,0,0,0,
af5cc9,3,1,1,1561,1,152,6,1,72,0,
af5cc9,3,2,1,3659,1,193,8,1,79,0,
af5cc9,3,3,1,841,1,91,3,1,13,0,
af5cc9,3,4,1,424,1,213,7,1,97,0,
af5cc9,3,5,1,3937,1,324,12,1,80,0,
af5cc9,4,1,1,1996,1,126,3,1,5,0,
af5cc9,4,2,1,352,1,241,12,1,3,0,
af5cc9,4,3,1,586,1,168,8,1,4,0,
af5cc9,4,4,1,6162,1,14,1,1,300,0,
af5cc9,4,5,1,271,1,50,1,1,4,0,
af5cc9,4,6,1,237,1,17,1,1,7,0,
af5cc9,4,7,1,1329,1,107,3,1,82,0,
af5cc9,5,1,1,3258,1,266,10,1,154,0,
af5cc9,5,2,1,273,1,112,2,1,154,0,
af5cc9,5,3,1,187,1,78,2,1,90,0,
af5cc9,5,4,1,643,1,256,5,1,114,0,
af5cc9,5,5,1,7087,0,0,0,0,0,0,
af5cc9,6,1,1,899,1,89,4,1,61,0,
af5cc9,6,2,1,1832,1,145,2,1,5,0,
af5cc9,6,3,1,454,1,214,9,1,3,0,
af5cc9,6,4,1,739,1,191,11,1,11,0,
af5cc9,6,5,1,148,1,14,1,1,150,0,
af5cc9,6,6,1,854,1,185,10,1,5,0,
af5cc9,6,7,1,101,1,14,1,1,90,0,
af5cc9,6,8,1,2711,1,150,5,1,15,0,
af5cc9,6,9,1,216,1,30,1,1,120,0,
af5cc9,6,10,1,270,1,118,3,1,100,0,
af5cc9,6,11,1,1050,1,85,4,1,39,0,
af5cc9,6,12,1,588,1,41,1,1,5,0,
af5cc9,6,13,1,205,1,131,5,1,42,0,
af5cc9,6,14,1,207,1,16,1,1,1,0,
af5cc9,6,15,1,1247,0,0,0,0,0,0,
af5cc9,7,1,1,3231,1,299,14,1,154,0,
af5cc9,7,2,1,933,1,162,5,1,204,0,
af5cc9,7,3,1,740,1,123,5,1,1,0,
af5cc9,7,4,1,120,1,17,1,1,17,0,
af5cc9,7,5,1,622,1,180,8,1,1,0,
af5cc9,7,6,1,5340,0,0,0,0,0,0,
af5cc9,8,1,1,2903,1,264,10,1,154,0,
af5cc9,8,2,1,1100,1,224,8,1,3,0,
af5cc9,8,3,1,565,1,228,5,1,150,0,
af5cc9,8,4,1,198,1,14,1,1,300,0,
af5cc9,8,5,1,1031,1,59,2,1,1,0,
af5cc9,8,6,1,521,1,224,4,1,7,0,
af5cc9,8,7,1,4252,0,0,0,0,0,0,
159758,1,1,1,988,0,0,0,0,0,0,
159758,2,1,1,1040,0,0,0,1,121,0,
159758,3,1,1,1011,1,23,3,1,80,0,
159758,4,1,1,888,1,23,3,1,80,0,
159758,5,1,1,1064,0,0,0,0,0,0,
159758,6,1,1,997,0,0,0,0,0,0,
159758,7,1,1,1042,0,0,0,0,0,0,
159758,8,1,1,957,1,23,2,1,444,1,TypeError
6837b1,1,1,1,4701,1,542,19,1,1,0,
6837b1,1,2,1,124,1,14,1,1,142,0,
6837b1,1,3,1,4322,1,573,22,1,2,0,
6837b1,1,4,1,635,1,460,20,1,2,0,
6837b1,1,5,1,20472,1,456,17,1,2,0,
6837b1,1,6,1,27877,0,0,0,0,0,0,
6837b1,2,1,1,8763,1,1810,47,1,2,0,
6837b1,2,2,1,335,1,14,1,1,624,0,
6837b1,2,3,1,1486,1,123,4,1,63,0,
6837b1,2,4,1,111,1,25,1,1,4,0,
6837b1,2,5,1,4850,1,304,10,1,2,0,
6837b1,2,6,1,627,1,552,23,1,2,0,
6837b1,2,7,1,2248,1,501,16,1,3,0,
6837b1,2,8,1,793,1,270,12,1,38,0,
6837b1,2,9,1,4488,1,288,11,1,2,0,
6837b1,2,10,1,3888,1,432,16,1,4,0,
6837b1,2,11,1,603,1,325,11,1,3,0,
6837b1,2,12,1,2247,1,1143,41,1,3,0,
6837b1,2,13,1,298,1,199,6,1,2,0,
6837b1,2,14,1,1403,1,388,12,1,2,0,
6837b1,2,15,1,1289,1,237,7,1,2,0,
6837b1,2,16,1,81,1,22,1,1,63,0,
6837b1,2,17,1,161,1,22,1,1,66,0,
6837b1,2,18,1,474,1,243,9,1,25,0,
6837b1,2,19,1,1304,1,178,6,1,4,0,
6837b1,2,20,1,337,1,263,10,1,3,0,
6837b1,2,21,1,271,1,199,6,1,2,0,
6837b1,2,22,1,2295,1,755,27,1,21,0,
6837b1,2,23,1,6818,1,359,14,1,2,0,
6837b1,2,24,1,354,1,101,3,1,50,0,
6837b1,2,25,1,805,0,0,0,0,0,0,
6837b1,3,1,1,11511,1,206,7,1,2,0,
6837b1,3,2,1,553,1,225,10,1,2,0,
6837b1,3,3,1,740,1,558,22,1,2,0,
6837b1,3,4,1,1243,1,308,10,1,2,0,
6837b1,3,5,1,119,1,24,1,1,125,0,
6837b1,3,6,1,88,1,20,1,1,361,0,
6837b1,3,7,1,300,1,41,1,1,5,0,
6837b1,3,8,1,119,1,47,1,1,25,0,
6837b1,3,9,1,10559,1,242,9,1,121,0,
6837b1,3,10,1,914,0,0,0,0,0,0,
6837b1,4,1,1,12684,1,1941,46,1,45,0,
6837b1,4,2,1,472,1,396,12,1,45,0,
6837b1,4,3,1,87,1,32,1,1,294,1,NameError
6837b1,4,4,1,444,1,292,12,1,35,0,
6837b1,4,5,1,1330,1,1012,30,1,2,0,
6837b1,4,6,1,4168,1,958,32,1,1,0,
6837b1,4,7,1,4685,1,2128,51,1,2,0,
6837b1,4,8,1,2947,1,1027,31,1,2,0,
6837b1,4,9,1,750,1,674,21,1,1885,0,
6837b1,4,10,1,6521,1,351,10,1,4,0,
6837b1,4,11,1,14128,1,629,17,1,78,0,
6837b1,4,12,1,6015,0,0,0,0,0,0,
6837b1,5,1,1,11327,1,551,26,1,2,0,
6837b1,5,2,1,1330,1,1011,38,1,789,1,TypeError
6837b1,5,3,1,795,1,641,26,1,4,0,
6837b1,5,4,1,1506,1,303,5,1,5,0,
6837b1,5,5,1,5213,1,1007,31,1,44,1,
6837b1,5,6,1,1174,1,829,26,1,2,0,
6837b1,5,7,1,1130,1,881,27,1,16,0,
6837b1,5,8,1,1209,1,829,26,1,2,0,
6837b1,5,9,1,2488,1,648,20,1,128,0,
6837b1,5,10,1,70,1,6,1,1,361,0,
6837b1,5,11,1,13985,1,983,35,1,11,0,
6837b1,5,12,1,1765,0,0,0,0,0,0,
6837b1,6,1,1,13617,1,134,1,1,45,0,
6837b1,6,2,1,2126,1,1989,56,1,975,1,RecursionError
6837b1,6,3,1,1267,1,926,30,1,1005,1,RecursionError
6837b1,6,4,1,4134,1,870,28,1,1,0,
6837b1,6,5,1,1139,1,25,1,1,5,0,
6837b1,6,6,1,1900,1,216,7,1,2,0,
6837b1,6,7,1,157,1,58,1,1,4,0,
6837b1,6,8,1,3325,1,1762,32,1,2,0,
6837b1,6,9,1,6546,1,998,29,1,2,0,
6837b1,6,10,1,210,1,84,3,1,23,0,
6837b1,6,11,1,1900,1,260,8,1,1736,0,
6837b1,6,12,1,6022,1,289,9,1,4,0,
6837b1,6,13,1,3344,1,1646,41,1,2,0,
6837b1,6,14,1,11103,0,0,0,0,0,0,
6837b1,7,1,1,10742,1,261,13,1,2,0,
6837b1,7,2,1,1416,1,619,23,1,2,0,
6837b1,7,3,1,722,1,266,9,1,1880,0,
6837b1,7,4,1,1124,1,173,7,1,5,0,
6837b1,7,5,1,3485,1,155,6,1,5,0,
6837b1,7,6,1,191,1,45,1,1,4,0,
6837b1,7,7,1,611,1,246,8,1,1,0,
6837b1,7,8,1,5363,1,151,6,1,22,0,
6837b1,7,9,1,25453,1,870,27,1,2,0,
6837b1,7,10,1,3819,0,0,0,0,0,0,
6837b1,8,1,1,4057,1,147,6,1,2,0,
6837b1,8,2,1,5728,1,326,12,1,2,0,
6837b1,8,3,1,2732,1,2033,42,1,2,0,
6837b1,8,4,1,4405,1,1137,29,1,24,0,
6837b1,8,5,1,1250,1,440,15,1,713,1,TypeError
6837b1,8,6,1,465,1,359,12,1,29,0,
6837b1,8,7,1,1873,1,1189,32,1,2,0,
6837b1,8,8,1,2282,1,290,13,1,13,0,
6837b1,8,9,1,864,1,255,3,1,62,0,
6837b1,8,10,1,181,1,108,3,1,191,0,
6837b1,8,11,1,13752,1,1033,28,1,2,0,
6837b1,8,12,1,401,1,297,12,1,12,0,
6837b1,8,13,1,271,1,95,2,1,40,0,
6837b1,8,14,1,177,1,117,3,1,82,0,
6837b1,8,15,1,3550,1,385,11,1,1,0,
6837b1,8,16,1,762,1,537,18,1,38,0,
6837b1,8,17,1,8456,1,316,14,1,320,0,
6837b1,8,18,1,171,1,101,5,1,188,0,
6837b1,8,19,1,6807,0,0,0,0,0,0,
f84c73,1,1,1,14039,1,756,32,1,121,0,
f84c73,2,1,1,2519,1,896,35,1,9,0,
f84c73,2,2,1,253,1,99,2,1,11,0,
f84c73,2,3,1,334,1,37,1,1,8,0,
f84c73,2,4,1,3397,1,801,27,1,131,0,
f84c73,2,5,1,325,1,186,7,1,45,0,
f84c73,2,6,1,190,1,125,5,1,2,0,
f84c73,2,7,1,588,1,246,10,1,187,0,
f84c73,2,8,1,573,1,227,9,1,4,0,
f84c73,2,9,1,2840,1,46,2,1,98,0,
f84c73,2,10,1,64,1,4,1,1,316,0,
f84c73,2,11,1,3175,0,0,0,0,0,0,
f84c73,3,1,1,6749,1,474,20,1,9,0,
f84c73,3,2,1,474,1,274,11,1,44,0,
f84c73,3,3,1,262,1,47,2,1,72,0,
f84c73,3,4,1,711,1,172,10,1,307,0,
f84c73,3,5,1,526,1,211,11,1,9,0,
f84c73,3,6,1,2521,1,182,6,1,73,0,
f84c73,3,7,1,4289,0,0,0,0,0,0,
f84c73,4,1,1,12601,1,469,18,1,336,0,
f84c73,4,2,1,588,1,173,8,1,9,0,
f84c73,4,3,1,480,1,156,8,1,4,0,
f84c73,4,4,1,1344,1,47,2,1,72,0,
f84c73,4,5,1,154,1,34,1,1,221,0,
f84c73,5,1,1,5067,1,811,28,1,4,0,
f84c73,5,2,1,333,1,204,9,1,7,0,
f84c73,5,3,1,145,1,16,1,1,9,0,
f84c73,5,4,1,387,1,216,10,1,3,0,
f84c73,5,5,1,229,1,90,4,1,6,0,
f84c73,5,6,1,137,1,37,1,1,2,0,
f84c73,5,7,1,185,1,66,2,1,11,0,
f84c73,5,8,1,198,1,44,2,1,319,0,
f84c73,5,9,1,260,1,36,2,1,1,0,
f84c73,5,10,1,347,1,147,8,1,4,0,
f84c73,5,11,1,380,1,54,2,1,50,0,
f84c73,5,12,1,4144,1,440,20,1,2,0,
f84c73,5,13,1,3239,0,0,0,0,0,0,
f84c73,6,1,1,3265,1,483,19,1,45,0,
f84c73,6,2,1,580,1,461,20,1,9,0,
f84c73,6,3,1,524,1,309,12,1,94,0,
f84c73,6,4,1,1028,1,543,20,1,2,0,
f84c73,6,5,1,154,1,56,2,1,144,0,
f84c73,6,6,1,78,1,4,1,1,219,0,
f84c73,6,7,1,140,1,50,1,1,303,1,NameError
f84c73,6,8,1,82,1,25,1,1,97,0,
f84c73,6,9,1,646,1,217,8,1,9,0,
f84c73,6,10,1,9217,0,0,0,0,0,0,
f84c73,7,1,1,6707,1,209,6,1,45,0,
f84c73,7,2,1,737,1,627,22,1,131,0,
f84c73,7,3,1,419,1,270,11,1,9,0,
f84c73,7,4,1,455,1,215,10,1,34,0,
f84c73,7,5,1,340,1,46,2,1,37,0,
f84c73,7,6,1,2377,1,47,2,1,222,0,
f84c73,7,7,1,3599,0,0,0,0,0,0,
f84c73,8,1,1,3235,1,1070,34,1,9,0,
f84c73,8,2,1,217,1,79,4,1,6,0,
f84c73,8,3,1,252,1,101,3,1,2,0,
f84c73,8,4,1,571,1,39,2,1,319,0,
f84c73,8,5,1,608,1,141,8,1,4,0,
f84c73,8,6,1,9189,0,0,0,0,0,0,
b4ec47,1,1,1,14290,1,448,19,1,133,0,
b4ec47,1,2,1,697,1,12,1,1,171,0,
b4ec47,1,3,1,12185,1,48,2,1,9,0,
b4ec47,1,4,1,176,1,93,3,1,65,0,
b4ec47,1,5,1,394,1,239,9,1,2,0,
b4ec47,1,6,1,131,1,51,1,1,98,0,
b4ec47,1,7,1,907,1,280,12,1,29,0,
b4ec47,1,8,1,1055,1,544,13,1,45,0,
b4ec47,1,9,1,618,1,296,6,1,3,0,
b4ec47,1,10,1,545,1,348,13,1,15,0,
b4ec47,1,11,1,3455,1,1211,30,1,44,1,
b4ec47,1,12,1,3495,1,2583,76,1,3,0,
b4ec47,1,13,1,3475,1,2099,54,1,3,0,
b4ec47,1,14,1,429,1,356,12,1,867,1,TypeError
b4ec47,1,15,1,1013,1,425,14,1,679,1,ValueError
b4ec47,1,16,1,550,1,441,14,1,44,0,
b4ec47,1,17,1,6058,1,1630,42,1,937,1,ValueError
b4ec47,1,18,1,1340,1,1241,33,1,12,0,
b4ec47,1,19,1,4602,1,1288,37,1,3,0,
b4ec47,1,20,1,277,1,163,5,1,2,0,
b4ec47,1,21,1,3000,1,219,9,1,3,0,
b4ec47,1,22,1,4330,1,18,1,1,42,0,
b4ec47,1,23,1,6070,1,300,9,1,218,0,
b4ec47,1,24,1,196,1,105,3,1,218,0,
b4ec47,1,25,1,1442,1,1071,27,1,50,0,
b4ec47,1,26,1,695,1,91,3,1,101,0,
b4ec47,1,27,1,1599,1,459,14,1,184,0,
b4ec47,1,28,1,634,0,0,0,0,0,0,
b4ec47,2,1,1,21944,1,134,1,1,45,0,
b4ec47,2,2,1,162,1,105,1,1,45,0,
b4ec47,2,3,1,210,1,85,1,1,45,0,
b4ec47,2,4,1,215,1,153,7,1,2,0,
b4ec47,2,5,1,581,1,395,14,1,98,0,
b4ec47,2,6,1,714,1,34,1,1,36,0,
b4ec47,2,7,1,605,1,202,6,1,151,0,
b4ec47,2,8,1,324,1,16,1,1,3,0,
b4ec47,2,9,1,401,1,10,1,1,42,0,
b4ec47,2,10,1,99,1,16,1,1,18,0,
b4ec47,2,11,1,877,1,16,1,1,18,0,
b4ec47,2,12,1,3956,1,1398,53,1,2,0,
b4ec47,2,13,1,486,1,263,9,1,159,0,
b4ec47,2,14,1,2284,1,1876,37,1,3,0,
b4ec47,2,15,1,5503,1,1175,27,1,2,0,
b4ec47,2,16,1,1352,1,420,14,1,6,0,
b4ec47,2,17,1,6517,1,3860,94,1,529,1,NameError
b4ec47,2,18,1,2948,1,2820,71,1,3,0,
b4ec47,2,19,1,2299,1,1016,25,1,187,0,
b4ec47,2,20,1,423,1,89,2,1,183,0,
b4ec47,2,21,1,1620,0,0,0,0,0,0,
b4ec47,3,1,1,16949,1,123,1,1,45,0,
b4ec47,3,2,1,793,1,724,29,1,64,0,
b4ec47,3,3,1,5961,1,2927,98,1,43,0,
b4ec47,3,4,1,2963,1,407,14,1,264,0,
b4ec47,3,5,1,409,1,52,3,1,229,0,
b4ec47,3,6,1,5178,1,261,11,1,223,0,
b4ec47,3,7,1,8850,1,1485,42,1,53,0,
b4ec47,3,8,1,800,1,243,9,1,41,0,
b4ec47,3,9,1,649,1,157,6,1,3,0,
b4ec47,3,10,1,1383,1,828,28,1,3,0,
b4ec47,3,11,1,2930,1,1061,26,1,3,0,
b4ec47,3,12,1,2574,1,1289,28,1,2,0,
b4ec47,3,13,1,2731,1,899,22,1,1,0,
b4ec47,3,14,1,2423,1,1297,34,1,38,0,
b4ec47,3,15,1,1400,1,212,8,1,2,0,
b4ec47,3,16,1,443,1,109,5,1,1,0,
b4ec47,3,17,1,825,1,242,8,1,43,0,
b4ec47,3,18,1,494,1,383,9,1,62,0,
b4ec47,3,19,1,1645,1,174,6,1,35,0,
b4ec47,3,20,1,318,1,36,2,1,2,0,
b4ec47,3,21,1,2787,1,256,9,1,1820,0,
b4ec47,3,22,1,885,1,204,8,1,398,0,
b4ec47,3,23,1,4468,1,952,23,1,41,0,
b4ec47,3,24,1,3397,1,101,5,1,392,0,
b4ec47,3,25,1,3034,1,1051,27,1,61,0,
b4ec47,3,26,1,2731,0,0,0,0,0,0,
b4ec47,4,1,1,16691,1,115,1,1,45,0,
b4ec47,4,2,1,644,1,582,25,1,52,0,
b4ec47,4,3,1,4862,1,491,17,1,45,0,
b4ec47,4,4,1,493,1,418,14,1,24,0,
b4ec47,4,5,1,5655,1,271,12,1,107,0,
b4ec47,4,6,1,1037,1,264,9,1,2,0,
b4ec47,4,7,1,1191,1,25,1,1,17,0,
b4ec47,4,8,1,273,1,25,1,1,18,0,
b4ec47,4,9,1,204,1,24,1,1,18,0,
b4ec47,4,10,1,436,1,24,1,1,19,0,
b4ec47,4,11,1,1397,1,24,1,1,18,0,
b4ec47,4,12,1,379,1,72,2,1,105,0,
b4ec47,4,13,1,976,1,479,18,1,2,0,
b4ec47,4,14,1,222,1,136,5,1,2,0,
b4ec47,4,15,1,578,1,44,1,1,25,0,
b4ec47,4,16,1,2998,1,904,25,1,2,0,
b4ec47,4,17,1,187,1,84,2,1,330,0,
b4ec47,4,18,1,716,1,306,10,1,1,0,
b4ec47,4,19,1,685,1,232,9,1,3,0,
b4ec47,4,20,1,3167,1,178,6,1,48,0,
b4ec47,4,21,1,2602,1,1194,36,1,2,0,
b4ec47,4,22,1,469,1,285,10,1,1,0,
b4ec47,4,23,1,2643,1,2544,58,1,3,0,
b4ec47,4,24,1,7529,1,2350,68,1,2,0,
b4ec47,4,25,1,1916,1,1819,35,1,2,0,
b4ec47,4,26,1,2383,1,1263,33,1,3,0,
b4ec47,4,27,1,9839,1,1172,28,1,3,0,
b4ec47,4,28,1,4443,1,3018,66,1,457,1,KeyError
b4ec47,4,29,1,172,1,59,2,1,2,0,
b4ec47,4,30,1,1188,1,1112,23,1,3,0,
b4ec47,4,31,1,5849,1,1587,37,1,3,0,
b4ec47,4,32,1,946,1,66,1,1,354,0,
b4ec47,4,33,1,584,1,353,9,1,48,0,
b4ec47,4,34,1,1564,1,984,26,1,45,0,
b4ec47,4,35,1,69,1,14,1,1,266,1,NameError
b4ec47,4,36,1,103,1,44,2,1,327,1,NameError
b4ec47,4,37,1,1055,1,979,26,1,84,0,
b4ec47,4,38,1,1281,1,471,11,1,61,0,
b4ec47,4,39,1,302,1,227,7,1,260,0,
b4ec47,4,40,1,990,0,0,0,0,0,0,
b4ec47,5,1,1,19918,1,126,1,1,45,0,
b4ec47,5,2,1,676,1,616,28,1,2,0,
b4ec47,5,3,1,467,1,383,17,1,2,0,
b4ec47,5,4,1,214,1,57,2,1,242,0,
b4ec47,5,5,1,502,1,195,5,1,2,0,
b4ec47,5,6,1,864,1,417,14,1,235,0,
b4ec47,5,7,1,1514,1,889,26,1,4,0,
b4ec47,5,8,1,207,1,40,1,1,28,0,
b4ec47,5,9,1,1629,1,1562,37,1,3,0,
b4ec47,5,10,1,2166,1,532,18,1,3,0,
b4ec47,5,11,1,3638,1,625,16,1,36,0,
b4ec47,5,12,1,1649,1,1087,38,1,4,0,
b4ec47,5,13,1,3017,1,1537,43,1,3,0,
b4ec47,5,14,1,1971,1,122,3,1,259,0,
b4ec47,5,15,1,357,1,120,4,1,48,0,
b4ec47,5,16,1,1248,1,657,22,1,259,0,
b4ec47,5,17,1,2468,1,304,9,1,41,0,
b4ec47,5,18,1,467,1,332,11,1,313,0,
b4ec47,5,19,1,350,1,117,3,1,354,0,
b4ec47,5,20,1,10619,1,165,6,1,3,0,
b4ec47,5,21,1,215,1,128,4,1,89,0,
b4ec47,5,22,1,1129,1,202,7,1,516,0,
b4ec47,5,23,1,686,1,257,9,1,175,0,
b4ec47,5,24,1,301,1,51,1,1,176,0,
b4ec47,5,25,1,8223,1,649,21,1,2,0,
b4ec47,5,26,1,181,1,93,2,1,75,0,
b4ec47,5,27,1,9963,1,182,10,1,18,0,
b4ec47,5,28,1,343,1,27,1,1,18,0,
b4ec47,5,29,1,507,1,27,1,1,3,0,
b4ec47,5,30,1,3772,1,547,14,1,2,0,
b4ec47,5,31,1,1770,1,636,15,1,2,0,
b4ec47,5,32,1,1883,1,242,8,1,153,0,
b4ec47,5,33,1,2628,1,594,20,1,2,0,
b4ec47,5,34,1,437,1,314,11,1,2,0,
b4ec47,5,35,1,671,1,85,2,1,129,0,
b4ec47,5,36,1,1750,0,0,0,0,0,0,
b4ec47,6,1,1,21400,1,149,1,1,45,0,
b4ec47,6,2,1,1648,1,1579,40,1,2,0,
b4ec47,6,3,1,5640,1,585,16,1,149,0,
b4ec47,6,4,1,707,1,369,12,1,2,0,
b4ec47,6,5,1,2881,1,2029,61,1,1,0,
b4ec47,6,6,1,873,1,284,11,1,23,0,
b4ec47,6,7,1,193,1,36,2,1,4,0,
b4ec47,6,8,1,4864,1,2279,69,1,4,0,
b4ec47,6,9,1,1960,1,1174,34,1,1,0,
b4ec47,6,10,1,689,1,300,15,1,123,0,
b4ec47,6,11,1,2566,1,300,12,1,23,0,
b4ec47,6,12,1,361,1,42,1,1,36,0,
b4ec47,6,13,1,1670,1,802,24,1,1,0,
b4ec47,6,14,1,546,1,217,7,1,1,0,
b4ec47,6,15,1,241,1,15,1,1,108,0,
b4ec47,6,16,1,589,1,131,6,1,129,0,
b4ec47,6,17,1,257,1,177,6,1,169,0,
b4ec47,6,18,1,973,1,315,6,1,19,0,
b4ec47,6,19,1,241,1,47,3,1,22,0,
b4ec47,6,20,1,1101,1,161,5,1,359,1,NameError
b4ec47,6,21,1,1393,1,1328,38,1,4,0,
b4ec47,6,22,1,1454,1,1159,29,1,1,0,
b4ec47,6,23,1,2247,1,296,9,1,1,0,
b4ec47,6,24,1,355,1,95,1,1,55,0,
b4ec47,6,25,1,372,1,237,8,1,28,0,
b4ec47,6,26,1,241,1,28,1,1,1,0,
b4ec47,6,27,1,1287,1,501,17,1,41,0,
b4ec47,6,28,1,1088,1,869,21,1,1,0,
b4ec47,6,29,1,114,1,52,2,1,45,0,
b4ec47,6,30,1,112,1,52,2,1,1070,0,
b4ec47,6,31,1,791,1,459,12,1,273,0,
b4ec47,6,32,1,2009,0,0,0,0,0,0,
b4ec47,7,1,1,45917,1,489,26,1,2,0,
b4ec47,7,2,1,2015,1,1601,51,1,9,0,
b4ec47,7,3,1,3659,1,2483,45,1,3,0,
b4ec47,7,4,1,2783,1,1245,34,1,45,0,
b4ec47,7,5,1,859,1,787,27,1,414,1,NameError
b4ec47,7,6,1,328,1,210,6,1,45,0,
b4ec47,7,7,1,765,1,600,24,1,645,1,ValueError
b4ec47,7,8,1,1570,1,219,2,1,27,0,
b4ec47,7,9,1,284,1,219,2,1,378,0,
b4ec47,7,10,1,1150,1,193,8,1,3,0,
b4ec47,7,11,1,409,1,48,2,1,35,0,
b4ec47,7,12,1,190,1,124,4,1,81,0,
b4ec47,7,13,1,477,1,332,12,1,444,0,
b4ec47,7,14,1,1239,1,248,12,1,844,1,ValueError
b4ec47,7,15,1,607,1,312,13,1,3,0,
b4ec47,7,16,1,877,1,8,1,1,35,0,
b4ec47,7,17,1,186,1,120,4,1,83,0,
b4ec47,7,18,1,1395,1,29,1,1,5,0,
b4ec47,7,19,1,4452,1,1265,30,1,3,0,
b4ec47,7,20,1,2111,1,452,14,1,987,1,ValueError
b4ec47,7,21,1,1865,1,1088,33,1,4,0,
b4ec47,7,22,1,1376,1,390,11,1,27,0,
b4ec47,7,23,1,3111,1,443,17,1,53,0,
b4ec47,7,24,1,4802,1,2601,63,1,26,0,
b4ec47,7,25,1,689,1,141,6,1,47,0,
b4ec47,7,26,1,222,1,93,2,1,20,0,
b4ec47,7,27,1,192,1,15,1,1,47,0,
b4ec47,7,28,1,1144,0,0,0,0,0,0,
b4ec47,8,1,1,21805,1,589,23,1,2,0,
b4ec47,8,2,1,324,1,14,1,1,171,0,
b4ec47,8,3,1,885,1,517,18,1,184,0,
b4ec47,8,4,1,2861,1,808,29,1,74,0,
b4ec47,8,5,1,8060,1,104,3,1,6,0,
b4ec47,8,6,1,11551,1,1230,30,1,4,0,
b4ec47,8,7,1,614,1,530,17,1,2,0,
b4ec47,8,8,1,311,1,238,8,1,98,0,
b4ec47,8,9,1,886,1,692,19,1,3,0,
b4ec47,8,10,1,740,1,493,15,1,3,0,
b4ec47,8,11,1,6383,1,1809,56,1,3,0,
b4ec47,8,12,1,6842,1,3591,96,1,3,0,
b4ec47,8,13,1,2311,1,1420,34,1,3,0,
b4ec47,8,14,1,255,0,0,0,0,0,0,
42ee2a,1,1,1,2812,0,0,0,0,0,0,
42ee2a,2,1,1,1553,1,99,6,1,4,0,
42ee2a,2,2,1,880,1,146,6,1,42,0,
42ee2a,2,3,1,1176,0,0,0,0,0,0,
42ee2a,3,1,1,2687,1,100,6,1,4,0,
42ee2a,3,2,1,277,1,120,6,1,42,0,
42ee2a,3,3,1,769,0,0,0,0,0,0,
42ee2a,4,1,1,1744,1,101,6,1,4,0,
42ee2a,4,2,1,322,1,144,8,1,42,0,
42ee2a,4,3,1,1117,0,0,0,0,0,0,
42ee2a,5,1,1,1996,1,91,7,1,4,0,
42ee2a,5,2,1,263,1,137,7,1,42,0,
42ee2a,5,3,1,1635,0,0,0,0,0,0,
42ee2a,6,1,1,2460,1,99,6,1,4,0,
42ee2a,6,2,1,330,1,149,7,1,43,0,
42ee2a,6,3,1,698,0,0,0,0,0,0,
42ee2a,7,1,1,2849,0,0,0,0,0,0,
42ee2a,8,1,1,1496,1,97,6,1,4,0,
42ee2a,8,2,1,725,1,129,6,1,42,0,
42ee2a,8,3,1,1773,0,0,0,0,0,0,
737d44,1,1,1,10497,1,297,15,1,1109,1,NotImplementedError
737d44,1,2,1,830,1,170,4,1,1684,1,ValueError
737d44,1,3,1,382,1,221,6,1,559,0,
737d44,1,4,1,5037,0,0,0,0,0,0,
737d44,2,1,1,15265,1,206,7,1,141,0,
737d44,2,2,1,175,1,51,2,1,90,0,
737d44,2,3,1,210,1,63,2,1,121,0,
737d44,2,4,1,152,1,57,2,1,115,0,
737d44,2,5,1,949,1,258,10,1,38,0,
737d44,2,6,1,164,1,35,1,1,5,0,
737d44,2,7,1,1134,0,0,0,0,0,0,
737d44,3,1,1,14717,1,221,7,1,76,0,
737d44,3,2,1,3060,0,0,0,0,0,0,
737d44,4,1,1,11553,1,168,7,1,33,0,
737d44,4,2,1,474,1,130,2,1,1812,1,ValueError
737d44,4,3,1,390,1,222,5,1,23,0,
737d44,4,4,1,1079,1,105,2,1,63,0,
737d44,4,5,1,204,1,87,2,1,26,0,
737d44,4,6,1,365,1,90,4,1,4,0,
737d44,4,7,1,1974,1,1545,44,1,341,0,
737d44,4,8,1,187,1,60,3,1,5,0,
737d44,4,9,1,3180,0,0,0,0,0,0,
737d44,5,1,1,6949,1,265,12,1,87,0,
737d44,5,2,1,5398,1,254,10,1,186,0,
737d44,5,3,1,1346,1,108,4,1,4,0,
737d44,5,4,1,870,1,169,5,1,3354,0,
737d44,5,5,1,701,1,439,13,1,394,0,
737d44,6,1,1,9887,1,250,8,1,2,0,
737d44,6,2,1,836,1,573,21,1,40,0,
737d44,6,3,1,324,1,71,4,1,2,0,
737d44,6,4,1,712,1,231,12,1,7,0,
737d44,6,5,1,2798,0,0,0,0,0,0,
737d44,7,1,1,5944,1,191,11,1,144,0,
737d44,7,2,1,661,1,81,3,1,1,0,
737d44,7,3,1,7931,1,811,24,1,49,0,
737d44,7,4,1,919,1,209,8,1,68,0,
737d44,7,5,1,114,1,56,3,1,124,0,
737d44,7,6,1,1053,1,134,6,1,38,0,
737d44,7,7,1,1280,1,879,25,1,424,0,
737d44,7,8,1,300,1,52,2,1,56,0,
737d44,7,9,1,1733,0,0,0,0,0,0,
737d44,8,1,1,8119,1,169,8,1,9,0,
737d44,8,2,1,517,1,93,3,1,13,0,
737d44,8,3,1,212,1,72,3,1,3,0,
737d44,8,4,1,400,1,42,2,1,4,0,
737d44,8,5,1,1596,1,872,26,1,26,0,
737d44,8,6,1,1063,1,90,5,1,19,0,
737d44,8,7,1,1378,1,844,21,1,95,0,
737d44,8,8,1,2506,1,186,5,1,80,0,
737d44,8,9,1,2008,1,99,3,1,14,0,
737d44,8,10,1,1596,1,139,3,1,18,0,
737d44,8,11,1,192,1,44,1,1,150,0,
c854cd,1,1,1,8473,1,514,21,1,133,0,
c854cd,1,2,1,2393,1,217,10,1,76,0,
c854cd,1,3,1,448,1,10,1,1,114,0,
c854cd,1,4,1,121,1,24,1,1,153,0,
c854cd,1,5,1,706,1,151,4,1,34,0,
c854cd,1,6,1,336,1,183,5,1,28,0,
c854cd,1,7,1,574,1,211,8,1,2,0,
c854cd,1,8,1,163,1,65,2,1,128,0,
c854cd,1,9,1,336,1,205,6,1,19,0,
c854cd,1,10,1,435,1,182,7,1,66,0,
c854cd,1,11,1,442,1,109,5,1,3,0,
c854cd,1,12,1,359,1,212,11,1,3,0,
c854cd,1,13,1,2732,1,191,12,1,76,0,
c854cd,1,14,1,617,1,97,5,1,164,0,
c854cd,1,15,1,1015,0,0,0,0,0,0,
c854cd,2,1,1,10971,1,253,12,1,67,0,
c854cd,2,2,1,653,1,333,15,1,41,0,
c854cd,2,3,1,347,1,161,6,1,41,0,
c854cd,2,4,1,487,1,165,8,1,2,0,
c854cd,2,5,1,219,1,138,5,1,2,0,
c854cd,2,6,1,256,1,22,1,1,3,0,
c854cd,2,7,1,3591,1,62,3,1,1,0,
c854cd,2,8,1,992,1,132,5,1,63,0,
c854cd,2,9,1,3212,0,0,0,0,0,0,
c854cd,3,1,1,5993,1,471,20,1,81,0,
c854cd,3,2,1,262,1,113,6,1,246,0,
c854cd,3,3,1,1334,1,243,12,1,81,0,
c854cd,3,4,1,5058,1,285,15,1,87,0,
c854cd,3,5,1,732,1,392,18,1,79,0,
c854cd,3,6,1,512,1,192,9,1,67,0,
c854cd,3,7,1,1746,1,134,6,1,60,0,
c854cd,3,8,1,743,1,20,2,1,1,0,
c854cd,3,9,1,477,1,224,11,1,80,0,
c854cd,3,10,1,136,1,57,2,1,177,0,
c854cd,3,11,1,970,1,265,12,1,81,0,
c854cd,3,12,1,472,1,75,2,1,150,0,
c854cd,3,13,1,1512,0,0,0,0,0,0,
c854cd,4,1,1,7645,1,722,23,1,3,0,
c854cd,4,2,1,691,1,508,23,1,3,0,
c854cd,4,3,1,1536,1,9,1,1,117,0,
c854cd,4,4,1,219,1,66,2,1,90,0,
c854cd,4,5,1,514,1,326,11,1,18,0,
c854cd,4,6,1,662,1,9,1,1,211,0,
c854cd,4,7,1,4654,1,207,11,1,60,0,
c854cd,4,8,1,1961,1,194,10,1,9,0,
c854cd,4,9,1,132,1,26,1,1,30,0,
c854cd,4,10,1,448,1,304,13,1,90,0,
c854cd,4,11,1,891,1,55,2,1,12,0,
c854cd,4,12,1,813,1,232,11,1,3,0,
c854cd,4,13,1,491,0,0,0,0,0,0,
c854cd,5,1,1,4934,1,497,20,1,44,0,
c854cd,5,2,1,206,1,45,2,1,144,0,
c854cd,5,3,1,188,1,74,2,1,232,0,
c854cd,5,4,1,375,1,188,7,1,208,0,
c854cd,5,5,1,1011,1,27,1,1,132,0,
c854cd,5,6,1,835,1,340,14,1,2,0,
c854cd,5,7,1,1804,1,268,11,1,132,0,
c854cd,5,8,1,5684,1,237,13,1,61,0,
c854cd,5,9,1,132,1,29,2,1,91,0,
c854cd,5,10,1,1450,1,235,13,1,75,0,
c854cd,5,11,1,3743,0,0,0,0,0,0,
c854cd,6,1,1,9770,1,430,15,1,30,0,
c854cd,6,2,1,617,1,401,18,1,30,0,
c854cd,6,3,1,237,1,36,2,1,3,0,
c854cd,6,4,1,914,1,204,11,1,3,0,
c854cd,6,5,1,398,1,226,12,1,84,0,
c854cd,6,6,1,2123,1,183,8,1,60,0,
c854cd,6,7,1,1463,1,137,9,1,5,0,
c854cd,6,8,1,2336,0,0,0,0,0,0,
c854cd,7,1,1,8522,1,360,17,1,81,0,
c854cd,7,2,1,832,1,446,23,1,44,0,
c854cd,7,3,1,371,1,59,2,1,120,0,
c854cd,7,4,1,1325,1,371,15,1,120,0,
c854cd,7,5,1,144,1,48,2,1,3,0,
c854cd,7,6,1,987,1,231,14,1,120,0,
c854cd,7,7,1,419,1,246,8,1,2,0,
c854cd,7,8,1,126,1,50,3,1,2,0,
c854cd,7,9,1,290,1,12,1,1,66,0,
c854cd,7,10,1,142,1,13,1,1,33,0,
c854cd,7,11,1,2199,1,16,1,1,2,0,
c854cd,7,12,1,4923,0,0,0,0,0,0,
c854cd,8,1,1,6361,1,547,22,1,81,0,
c854cd,8,2,1,2436,1,712,21,1,81,0,
c854cd,8,3,1,1500,0,0,0,0,0,0,
35ecd8,1,1,1,26436,1,1052,38,1,25,0,
35ecd8,1,2,1,263,1,131,4,1,57,0,
35ecd8,1,3,1,4289,1,816,27,1,209,0,
35ecd8,1,4,1,8240,1,195,5,1,45,0,
35ecd8,1,5,1,931,1,844,34,1,4,0,
35ecd8,1,6,1,8703,0,0,0,0,0,0,
35ecd8,2,1,1,43658,1,2107,54,1,11,0,
35ecd8,2,2,1,2479,1,1159,39,1,58,0,
35ecd8,2,3,1,1159,1,610,25,1,15,0,
35ecd8,2,4,1,2457,1,455,18,1,1,0,
35ecd8,2,5,1,822,1,697,26,1,1,0,
35ecd8,2,6,1,273,1,34,2,1,2,0,
35ecd8,2,7,1,161,1,72,5,1,2,0,
35ecd8,2,8,1,2277,1,622,24,1,120,1,
35ecd8,3,1,1,5404,1,122,1,1,45,0,
35ecd8,3,2,1,992,1,925,32,1,11,0,
35ecd8,3,3,1,1938,1,772,28,1,45,0,
35ecd8,3,4,1,14787,1,704,27,1,1,0,
35ecd8,3,5,1,455,1,325,7,1,45,0,
35ecd8,3,6,1,333,1,237,7,1,45,0,
35ecd8,3,7,1,723,1,615,23,1,11,0,
35ecd8,3,8,1,321,1,41,2,1,1,0,
35ecd8,3,9,1,424,1,366,14,1,28,0,
35ecd8,3,10,1,1795,1,41,2,1,1,0,
35ecd8,3,11,1,116,1,58,2,1,6,0,
35ecd8,3,12,1,2011,1,1157,39,1,1,0,
35ecd8,3,13,1,3275,1,560,23,1,1,0,
35ecd8,3,14,1,784,1,7,1,1,68,0,
35ecd8,3,15,1,558,1,50,2,1,5,0,
35ecd8,3,16,1,4809,1,605,24,1,1,0,
35ecd8,3,17,1,1635,1,852,31,1,16,0,
35ecd8,3,18,1,587,1,76,1,1,45,0,
35ecd8,3,19,1,1248,1,1009,34,1,32,0,
35ecd8,3,20,1,2133,1,1263,44,1,43,0,
35ecd8,3,21,1,122,1,48,2,1,38,0,
35ecd8,3,22,1,586,1,74,2,1,25,0,
35ecd8,3,23,1,8863,1,875,31,1,156,0,
35ecd8,4,1,1,25987,1,666,25,1,1,0,
35ecd8,4,2,1,4284,1,1281,46,1,163,0,
35ecd8,4,3,1,12680,1,2933,62,1,120,1,
35ecd8,5,1,1,11313,1,1429,39,1,11,0,
35ecd8,5,2,1,1155,1,36,1,1,1,0,
35ecd8,5,3,1,8903,1,684,26,1,44,1,
35ecd8,5,4,1,753,1,585,22,1,12,0,
35ecd8,5,5,1,1718,1,548,22,1,1,0,
35ecd8,5,6,1,121,1,64,4,1,246,0,
35ecd8,5,7,1,12211,1,1550,45,1,4,0,
35ecd8,5,8,1,2499,1,902,30,1,16,0,
35ecd8,5,9,1,3771,0,0,0,0,0,0,
35ecd8,6,1,1,11444,1,122,1,1,45,0,
35ecd8,6,2,1,2080,1,1712,32,1,15,0,
35ecd8,6,3,1,2853,1,990,26,1,16,0,
35ecd8,6,4,1,3202,1,714,24,1,284,0,
35ecd8,6,5,1,5650,1,36,2,1,1,0,
35ecd8,6,6,1,67,1,10,1,1,656,0,
35ecd8,6,7,1,13387,1,541,21,1,85,0,
35ecd8,6,8,1,3079,1,892,29,1,1,0,
35ecd8,6,9,1,115,1,24,1,1,2,0,
35ecd8,6,10,1,116,1,24,1,1,1,0,
35ecd8,6,11,1,98,1,25,1,1,4,0,
35ecd8,6,12,1,3443,1,9,1,1,3,0,
35ecd8,6,13,1,1309,0,0,0,0,0,0,
35ecd8,7,1,1,22575,1,1110,34,1,45,0,
35ecd8,7,2,1,9071,1,925,31,1,1,0,
35ecd8,7,3,1,11288,1,1014,43,1,29,0,
35ecd8,7,4,1,6734,1,372,17,1,1,0,
35ecd8,7,5,1,106,1,11,1,1,23,0,
35ecd8,7,6,1,198,1,129,4,1,70,0,
35ecd8,7,7,1,1567,1,582,24,1,226,0,
35ecd8,7,8,1,5555,1,68,2,1,121,0,
35ecd8,8,1,1,14643,1,128,1,1,45,0,
35ecd8,8,2,1,1757,1,1412,36,1,11,0,
35ecd8,8,3,1,1748,1,1072,27,1,45,0,
35ecd8,8,4,1,302,1,92,1,1,45,0,
35ecd8,8,5,1,1009,1,862,29,1,11,0,
35ecd8,8,6,1,180,1,85,3,1,31,0,
35ecd8,8,7,1,255,1,70,3,1,16,0,
35ecd8,8,8,1,579,1,86,3,1,17,0,
35ecd8,8,9,1,1602,1,200,5,1,11,0,
35ecd8,8,10,1,14047,1,4591,92,1,16,0,
35ecd8,8,11,1,254,1,57,3,1,12,0,
35ecd8,8,12,1,138,1,57,3,1,183,1,
269012,1,1,1,25063,1,187,8,1,20,0,
269012,1,2,1,21645,1,1107,30,1,181,0,
269012,1,3,1,1781,1,1635,51,1,2,0,
269012,1,4,1,426,1,199,6,1,5,0,
269012,1,5,1,1576,1,678,22,1,44,1,
269012,1,6,1,689,1,560,15,1,9,0,
269012,1,7,1,182,1,23,1,1,10,0,
269012,1,8,1,925,1,275,10,1,18,0,
269012,1,9,1,9210,0,0,0,0,0,0,
269012,2,1,1,26510,1,273,12,1,7,0,
269012,2,2,1,3172,1,152,9,1,1,0,
269012,2,3,1,49181,0,0,0,0,0,0,
269012,3,1,1,54585,1,174,5,1,4,0,
269012,3,2,1,1189,1,318,11,1,8,0,
269012,3,3,1,4151,0,0,0,0,0,0,
269012,4,1,1,36169,1,1567,49,1,2,0,
269012,4,2,1,185,1,13,1,1,230,0,
269012,4,3,1,11985,1,318,13,1,1,0,
269012,4,4,1,143,1,52,1,1,4,0,
269012,4,5,1,3734,1,401,13,1,2,0,
269012,4,6,1,212,1,119,5,1,23,0,
269012,4,7,1,530,1,119,7,1,44,0,
269012,4,8,1,28939,0,0,0,0,0,0,
269012,5,1,1,40822,1,108,4,1,31,0,
269012,5,2,1,630,1,137,5,1,678,1,ZeroDivisionError
269012,5,3,1,12704,1,882,25,1,76,0,
269012,5,4,1,265,1,105,7,1,11,0,
269012,5,5,1,453,1,218,13,1,319,0,
269012,5,6,1,2467,0,0,0,0,0,0,
269012,6,1,1,32632,1,214,8,1,30,0,
269012,6,2,1,2416,1,125,6,1,28,0,
269012,6,3,1,482,1,252,9,1,157,0,
269012,6,4,1,5357,1,416,14,1,45,0,
269012,6,5,1,6675,1,130,4,1,44,0,
269012,6,6,1,3626,1,1611,39,1,149,0,
269012,6,7,1,934,1,557,18,1,904,0,
269012,6,8,1,1036,1,697,20,1,2066,1,ValueError
269012,6,9,1,2431,1,1267,34,1,180,0,
269012,6,10,1,2255,1,1190,37,1,330,0,
269012,6,11,1,327,1,248,6,1,133,0,
269012,6,12,1,1048,1,649,21,1,345,0,
269012,6,13,1,1055,1,365,15,1,181,0,
269012,6,14,1,4550,1,104,3,1,3,0,
269012,6,15,1,2094,1,88,3,1,82,0,
269012,7,1,1,18308,1,107,4,1,16,0,
269012,7,2,1,24754,1,194,7,1,20,0,
269012,7,3,1,8709,1,761,17,1,15,0,
269012,7,4,1,710,1,150,4,1,18,0,
269012,7,5,1,1118,1,582,24,1,9,0,
269012,7,6,1,5275,0,0,0,0,0,0,
269012,8,1,1,46565,0,0,0,0,0,0,
504b93,1,1,1,10149,1,188,8,1,11,0,
504b93,1,2,1,2440,1,745,26,1,35,0,
504b93,1,3,1,306,1,224,13,1,36,0,
504b93,1,4,1,2394,0,0,0,0,0,0,
504b93,2,1,1,15087,1,159,7,1,19,0,
504b93,2,2,1,448,1,237,7,1,39,0,
504b93,2,3,1,190,1,55,2,1,1,0,
504b93,2,4,1,85,1,19,1,1,1,0,
504b93,2,5,1,115,1,29,1,1,37,0,
504b93,2,6,1,439,1,92,3,1,9,0,
504b93,2,7,1,1434,0,0,0,0,0,0,
504b93,3,1,1,17830,1,116,6,1,80,0,
504b93,4,1,1,6535,1,110,5,1,37,0,
504b93,4,2,1,211,1,65,3,1,37,0,
504b93,4,3,1,363,1,68,3,1,18,0,
504b93,4,4,1,142,1,15,1,1,18,0,
504b93,4,5,1,6971,1,168,6,1,19,0,
504b93,4,6,1,150,1,35,1,1,37,0,
504b93,4,7,1,413,1,102,3,1,9,0,
504b93,4,8,1,1409,1,277,10,1,5,0,
504b93,4,9,1,604,1,110,4,1,121,0,
504b93,5,1,1,13740,1,329,12,1,139,0,
504b93,5,2,1,4495,0,0,0,0,0,0,
504b93,6,1,1,18637,0,0,0,0,0,0,
504b93,7,1,1,13024,1,479,19,1,156,0,
504b93,7,2,1,488,1,82,5,1,1,0,
504b93,7,3,1,4563,0,0,0,0,0,0,
504b93,8,1,1,8117,1,375,17,1,156,0,
504b93,8,2,1,4545,1,125,4,1,5,0,
504b93,8,3,1,2228,0,0,0,0,0,0,
471086,1,1,1,1774,1,295,7,1,46,0,
471086,1,2,1,1261,1,79,3,1,18,0,
471086,1,3,1,576,1,34,1,1,36,0,
471086,1,4,1,1812,1,187,7,1,298,0,
471086,1,5,1,362,1,77,3,1,169,0,
471086,1,6,1,303,1,177,7,1,111,0,
471086,1,7,1,499,1,77,3,1,248,0,
471086,1,8,1,3332,1,288,12,1,3,0,
471086,1,9,1,486,1,311,18,1,3,0,
471086,1,10,1,1161,1,10,1,1,1,0,
471086,1,11,1,567,0,0,0,0,0,0,
471086,2,1,1,3481,1,208,7,1,77,0,
471086,2,2,1,1604,1,178,10,1,190,0,
471086,2,3,1,258,1,52,2,1,155,0,
471086,2,4,1,320,1,151,7,1,1,0,
471086,2,5,1,121,1,24,1,1,2,0,
471086,2,6,1,2237,1,24,1,1,35,0,
471086,2,7,1,1683,1,410,15,1,3,0,
471086,2,8,1,426,1,262,13,1,3,0,
471086,2,9,1,683,1,194,8,1,518,0,
471086,2,10,1,2376,1,445,18,1,9,0,
471086,2,11,1,341,1,61,3,1,1090,0,
471086,2,12,1,976,1,397,16,1,3,0,
471086,2,13,1,584,0,0,0,0,0,0,
471086,3,1,1,3945,1,99,5,1,18,0,
471086,3,2,1,156,1,19,1,1,19,0,
471086,3,3,1,1477,1,182,7,1,190,0,
471086,3,4,1,308,1,126,6,1,80,0,
471086,3,5,1,1098,1,165,8,1,399,0,
471086,3,6,1,3348,1,341,15,1,130,0,
471086,3,7,1,329,1,190,7,1,3,0,
471086,3,8,1,1668,1,385,13,1,10,0,
471086,3,9,1,993,1,249,10,1,271,0,
471086,3,10,1,1084,1,136,6,1,63,0,
471086,3,11,1,638,1,316,13,1,53,0,
471086,3,12,1,1732,0,0,0,0,0,0,
471086,4,1,1,1281,1,120,7,1,40,0,
471086,4,2,1,1725,1,64,3,1,18,0,
471086,4,3,1,119,1,38,2,1,18,0,
471086,4,4,1,220,1,49,3,1,18,0,
471086,4,5,1,299,1,48,2,1,17,0,
471086,4,6,1,169,1,23,1,1,17,0,
471086,4,7,1,410,1,97,4,1,19,0,
471086,4,8,1,1143,1,127,6,1,59,0,
471086,4,9,1,200,1,25,1,1,18,0,
471086,4,10,1,229,1,42,1,1,23,0,
471086,4,11,1,96,1,36,1,1,18,0,
471086,4,12,1,246,1,63,1,1,43,0,
471086,4,13,1,133,1,57,1,1,19,0,
471086,4,14,1,948,1,34,1,1,18,0,
471086,4,15,1,822,1,31,1,1,16,0,
471086,4,16,1,6390,1,245,9,1,163,0,
471086,4,17,1,491,1,148,6,1,271,0,
471086,4,18,1,969,1,405,12,1,203,0,
471086,5,1,1,4338,1,200,5,1,18,0,
471086,5,2,1,2525,1,158,7,1,33,0,
471086,5,3,1,359,1,264,8,1,433,0,
471086,5,4,1,746,1,164,5,1,83,0,
471086,5,5,1,4224,1,359,17,1,3,0,
471086,5,6,1,2038,1,396,17,1,3,0,
471086,5,7,1,2431,0,0,0,0,0,0,
471086,6,1,1,6383,1,85,5,1,12,0,
471086,6,2,1,1482,1,118,4,1,1,0,
471086,6,3,1,788,1,146,5,1,90,0,
471086,6,4,1,731,1,165,6,1,363,0,
471086,6,5,1,832,1,473,18,1,80,0,
471086,7,1,1,9911,1,324,11,1,286,0,
471086,7,2,1,189,1,60,3,1,390,0,
471086,7,3,1,502,1,18,1,1,12,0,
471086,7,4,1,256,1,18,1,1,5,0,
471086,7,5,1,441,1,19,1,1,3,0,
471086,7,6,1,474,1,221,9,1,1389,0,
471086,7,7,1,2095,0,0,0,0,0,0,
471086,8,1,1,4658,1,142,2,1,45,0,
471086,8,2,1,104,1,37,2,1,299,1,NameError
471086,8,3,1,218,1,152,3,1,17,0,
471086,8,4,1,246,1,170,6,1,346,0,
471086,8,5,1,546,1,72,3,1,56,0,
471086,8,6,1,1295,1,99,5,1,70,0,
471086,8,7,1,658,1,590,16,1,126,0,
471086,8,8,1,1148,1,216,7,1,63,0,
471086,8,9,1,2620,1,707,14,1,45,0,
471086,8,10,1,1408,1,1231,40,1,183,1,
c8adf3,1,1,1,9912,1,416,22,1,184,0,
c8adf3,1,2,1,1790,1,227,9,1,46,0,
c8adf3,1,3,1,204,1,61,2,1,54,0,
c8adf3,1,4,1,1237,1,662,22,1,55,0,
c8adf3,1,5,1,151,1,65,3,1,17,0,
c8adf3,1,6,1,836,0,0,0,0,0,0,
c8adf3,2,1,1,6815,1,486,21,1,127,0,
c8adf3,2,2,1,1376,1,806,36,1,465,0,
c8adf3,2,3,1,588,1,199,5,1,29,0,
c8adf3,2,4,1,90,1,25,1,1,18,0,
c8adf3,2,5,1,256,1,198,4,1,293,0,
c8adf3,2,6,1,4430,1,211,6,1,146,0,
c8adf3,2,7,1,655,1,301,11,1,19,0,
c8adf3,2,8,1,356,1,168,4,1,18,0,
c8adf3,2,9,1,147,1,70,2,1,3,0,
c8adf3,2,10,1,142,1,40,2,1,17,0,
c8adf3,2,11,1,587,1,34,1,1,126,0,
c8adf3,2,12,1,257,1,20,1,1,126,0,
c8adf3,2,13,1,206,1,34,1,1,126,0,
c8adf3,2,14,1,689,0,0,0,0,0,0,
c8adf3,3,1,1,13646,1,409,21,1,122,0,
c8adf3,3,2,1,1091,1,740,36,1,248,0,
c8adf3,3,3,1,887,1,114,2,1,64,0,
c8adf3,3,4,1,605,1,173,5,1,56,0,
c8adf3,3,5,1,859,1,67,4,1,98,0,
c8adf3,4,1,1,4842,1,434,24,1,127,0,
c8adf3,4,2,1,1768,1,661,25,1,221,0,
c8adf3,4,3,1,114,1,14,1,1,169,0,
c8adf3,4,4,1,68,1,14,1,1,194,0,
c8adf3,4,5,1,712,1,125,6,1,1633,1,ValueError
c8adf3,4,6,1,619,1,347,12,1,1405,0,
c8adf3,4,7,1,2980,1,203,3,1,74,0,
c8adf3,4,8,1,172,1,28,1,1,33,0,
c8adf3,4,9,1,273,1,212,9,1,248,0,
c8adf3,4,10,1,108,1,13,1,1,17,0,
c8adf3,4,11,1,1592,1,154,4,1,17,0,
c8adf3,4,12,1,242,1,154,4,1,17,0,
c8adf3,4,13,1,1592,1,720,21,1,4,0,
c8adf3,4,14,1,1126,1,261,7,1,78,0,
c8adf3,5,1,1,5354,1,802,43,1,37,0,
c8adf3,5,2,1,188,1,17,1,1,10,0,
c8adf3,5,3,1,81,1,17,1,1,49,0,
c8adf3,5,4,1,325,1,109,4,1,32,0,
c8adf3,5,5,1,161,1,39,1,1,36,0,
c8adf3,5,6,1,396,1,109,4,1,9,0,
c8adf3,5,7,1,375,1,126,3,1,19,0,
c8adf3,5,8,1,169,1,71,2,1,17,0,
c8adf3,5,9,1,1523,1,435,14,1,46,0,
c8adf3,5,10,1,1204,1,341,12,1,3,0,
c8adf3,5,11,1,319,1,211,7,1,3,0,
c8adf3,5,12,1,611,0,0,0,0,0,0,
c8adf3,6,1,1,4607,1,707,32,1,127,0,
c8adf3,6,2,1,2170,1,827,37,1,465,0,
c8adf3,6,3,1,4608,1,639,20,1,148,0,
c8adf3,6,4,1,366,1,236,4,1,111,0,
c8adf3,6,5,1,1389,1,347,13,1,294,0,
c8adf3,6,6,1,242,1,83,2,1,1,0,
c8adf3,6,7,1,111,1,9,1,1,183,0,
c8adf3,6,8,1,697,1,205,8,1,66,0,
c8adf3,6,9,1,145,1,76,2,1,100,0,
c8adf3,6,10,1,226,1,112,2,1,39,0,
c8adf3,6,11,1,1428,0,0,0,0,0,0,
c8adf3,7,1,1,4612,1,575,32,1,127,0,
c8adf3,7,2,1,1349,1,544,27,1,465,0,
c8adf3,7,3,1,803,1,118,3,1,1668,1,ValueError
c8adf3,7,4,1,523,1,251,6,1,1080,0,
c8adf3,7,5,1,329,1,134,3,1,255,0,
c8adf3,7,6,1,288,1,92,3,1,17,0,
c8adf3,7,7,1,139,1,43,2,1,16,0,
c8adf3,7,8,1,470,1,32,1,1,2,0,
c8adf3,7,9,1,5928,1,662,23,1,2091,0,
c8adf3,7,10,1,254,1,60,2,1,230,0,
c8adf3,8,1,1,6587,1,459,21,1,127,0,
c8adf3,8,2,1,1160,1,881,33,1,465,0,
c8adf3,8,3,1,503,1,128,7,1,146,0,
c8adf3,8,4,1,1693,1,274,10,1,17,0,
c8adf3,8,5,1,559,1,34,1,1,2,0,
c8adf3,8,6,1,1128,1,155,4,1,16,0,
c8adf3,8,7,1,544,1,190,6,1,16,0,
c8adf3,8,8,1,1624,1,34,1,1,128,0,
c8adf3,8,9,1,3891,0,0,0,0,0,0,
354f86,1,1,1,3884,1,199,11,1,24,0,
354f86,1,2,1,451,1,202,6,1,16,0,
354f86,1,3,1,441,1,78,3,1,24,0,
354f86,1,4,1,121,1,22,1,1,36,0,
354f86,1,5,1,1085,1,597,22,1,44,0,
354f86,1,6,1,616,1,56,2,1,10,0,
354f86,1,7,1,2816,1,107,3,1,45,0,
354f86,1,8,1,171,1,103,3,1,1,0,
354f86,1,9,1,1138,1,37,1,1,17,0,
354f86,1,10,1,249,1,120,4,1,14,0,
354f86,1,11,1,88,1,9,1,1,17,0,
354f86,1,12,1,2931,0,0,0,0,0,0,
354f86,2,1,1,1702,1,202,11,1,21,0,
354f86,2,2,1,590,1,108,5,1,15,0,
354f86,2,3,1,272,1,58,3,1,24,0,
354f86,2,4,1,2378,1,357,21,1,199,0,
354f86,2,5,1,324,1,51,2,1,66,0,
354f86,2,6,1,152,1,37,1,1,6,0,
354f86,2,7,1,253,1,21,2,1,282,1,NameError
354f86,2,8,1,117,1,39,3,1,10,0,
354f86,2,9,1,967,1,51,2,1,2,0,
354f86,2,10,1,411,1,41,2,1,1,0,
354f86,2,11,1,871,1,448,12,1,35,0,
354f86,2,12,1,3593,0,0,0,0,0,0,
354f86,3,1,1,1756,1,173,10,1,24,0,
354f86,3,2,1,407,1,132,5,1,42,0,
354f86,3,3,1,137,1,36,2,1,655,1,AttributeError
354f86,3,4,1,2523,1,792,37,1,20,0,
354f86,3,5,1,2402,1,70,4,1,17,0,
354f86,3,6,1,171,1,73,3,1,14,0,
354f86,3,7,1,718,1,451,14,1,37,0,
354f86,3,8,1,2883,0,0,0,0,0,0,
354f86,4,1,1,2486,1,216,11,1,21,0,
354f86,4,2,1,643,1,161,7,1,15,0,
354f86,4,3,1,300,1,58,3,1,24,0,
354f86,4,4,1,1473,1,446,21,1,123,0,
354f86,4,5,1,862,1,291,12,1,45,0,
354f86,4,6,1,661,1,184,6,1,35,0,
354f86,4,7,1,793,1,66,4,1,10,0,
354f86,4,8,1,2416,1,16,2,1,6,0,
354f86,4,9,1,134,1,57,2,1,2,0,
354f86,4,10,1,253,1,10,1,1,4,0,
354f86,4,11,1,383,1,23,1,1,17,0,
354f86,4,12,1,582,1,7,1,1,6,0,
354f86,4,13,1,452,1,12,1,1,3,0,
354f86,4,14,1,703,1,16,1,1,1,0,
354f86,4,15,1,301,1,20,1,1,17,0,
354f86,4,16,1,2736,0,0,0,0,0,0,
354f86,5,1,1,1333,1,216,11,1,21,0,
354f86,5,2,1,703,1,170,7,1,42,0,
354f86,5,3,1,2386,1,613,24,1,171,0,
354f86,5,4,1,567,1,264,5,1,17,0,
354f86,5,5,1,810,1,117,3,1,14,0,
354f86,5,6,1,1615,1,53,2,1,2,0,
354f86,5,7,1,583,1,28,2,1,1,0,
354f86,5,8,1,730,1,409,13,1,41,0,
354f86,5,9,1,2461,0,0,0,0,0,0,
354f86,6,1,1,2718,1,65,4,1,7,0,
354f86,6,2,1,718,1,135,5,1,16,0,
354f86,6,3,1,301,1,65,3,1,24,0,
354f86,6,4,1,2655,1,251,12,1,24,0,
354f86,6,5,1,500,1,443,17,1,44,0,
354f86,6,6,1,1658,1,21,2,1,10,0,
354f86,6,7,1,2138,1,118,4,1,1,0,
354f86,6,8,1,821,1,419,14,1,35,0,
354f86,6,9,1,197,1,72,3,1,37,0,
354f86,6,10,1,3323,0,0,0,0,0,0,
354f86,7,1,1,5516,1,222,12,1,15,0,
354f86,7,2,1,382,1,118,5,1,21,0,
354f86,7,3,1,342,1,118,3,1,42,0,
354f86,7,4,1,350,1,102,3,1,21,0,
354f86,7,5,1,3924,1,521,15,1,33,0,
354f86,7,6,1,1487,1,452,12,1,57,0,
354f86,7,7,1,5412,1,430,17,1,199,0,
354f86,7,8,1,246,1,25,2,1,17,0,
354f86,7,9,1,801,1,59,3,1,78,0,
354f86,8,1,1,2016,1,216,11,1,21,0,
354f86,8,2,1,827,1,198,8,1,42,0,
354f86,8,3,1,188,1,55,1,1,36,0,
354f86,8,4,1,2422,1,914,34,1,68,0,
354f86,8,5,1,110,1,25,1,1,44,0,
354f86,8,6,1,1927,1,53,2,1,2,0,
354f86,8,7,1,464,1,28,2,1,1,0,
354f86,8,8,1,771,1,462,17,1,33,0,
354f86,8,9,1,135,1,47,2,1,14,0,
354f86,8,10,1,96,1,36,1,1,14,0,
354f86,8,11,1,153,1,39,1,1,17,0,
354f86,8,12,1,79,1,13,1,1,17,0,
354f86,8,13,1,439,1,88,3,1,37,0,
354f86,8,14,1,2800,0,0,0,0,0,0,
69dcfd,1,1,1,3559,1,375,20,1,3,0,
69dcfd,1,2,1,1003,1,512,22,1,3,0,
69dcfd,1,3,1,2013,1,33,1,1,3,0,
69dcfd,1,4,1,2111,0,0,0,0,0,0,
69dcfd,2,1,1,8477,1,76,2,1,3,0,
69dcfd,2,2,1,927,1,484,20,1,3,0,
69dcfd,2,3,1,831,0,0,0,0,0,0,
69dcfd,3,1,1,9241,1,427,18,1,3,0,
69dcfd,3,2,1,805,0,0,0,0,0,0,
69dcfd,4,1,1,5570,1,325,14,1,132,0,
69dcfd,4,2,1,1752,1,444,19,1,3,0,
69dcfd,4,3,1,1390,0,0,0,0,0,0,
69dcfd,5,1,1,6140,1,66,2,1,3,0,
69dcfd,5,2,1,471,1,348,14,1,3,0,
69dcfd,5,3,1,1923,0,0,0,0,0,0,
69dcfd,6,1,1,6443,1,45,2,1,3,0,
69dcfd,6,2,1,589,1,479,19,1,3,0,
69dcfd,6,3,1,1996,0,0,0,0,0,0,
69dcfd,7,1,1,6099,1,57,2,1,3,0,
69dcfd,7,2,1,709,1,425,17,1,3,0,
69dcfd,7,3,1,922,0,0,0,0,0,0,
69dcfd,8,1,1,3249,1,516,20,1,88,0,
69dcfd,8,2,1,4157,1,27,1,1,3,0,
69dcfd,8,3,1,822,0,0,0,0,0,0,
6618d2,1,1,1,4313,1,91,5,1,27,0,
6618d2,1,2,1,2735,1,259,7,1,218,0,
6618d2,1,3,1,281,1,58,2,1,18,0,
6618d2,1,4,1,1391,1,280,11,1,56,0,
6618d2,1,5,1,954,1,38,2,1,18,0,
6618d2,1,6,1,2847,0,0,0,0,0,0,
6618d2,2,1,1,1441,1,290,8,1,219,0,
6618d2,2,2,1,281,1,95,5,1,4,0,
6618d2,2,3,1,232,1,12,1,1,53,0,
6618d2,2,4,1,586,1,365,9,1,209,0,
6618d2,2,5,1,3105,1,503,16,1,95,0,
6618d2,2,6,1,5384,0,0,0,0,0,0,
6618d2,3,1,1,1654,1,290,8,1,219,0,
6618d2,3,2,1,249,1,92,4,1,20,0,
6618d2,3,3,1,8214,1,123,6,1,9,0,
6618d2,3,4,1,1300,1,845,18,1,117,0,
6618d2,3,5,1,1820,0,0,0,0,0,0,
6618d2,4,1,1,4814,1,687,22,1,95,0,
6618d2,4,2,1,1569,1,344,13,1,9,0,
6618d2,4,3,1,1274,1,335,8,1,440,0,
6618d2,4,4,1,287,1,123,5,1,143,0,
6618d2,4,5,1,92,1,23,1,1,618,1,TypeError
6618d2,4,6,1,127,1,60,2,1,19,0,
6618d2,4,7,1,456,1,34,1,1,13,0,
6618d2,4,8,1,144,1,35,1,1,65,0,
6618d2,4,9,1,93,1,28,1,1,20,0,
6618d2,4,10,1,103,1,30,1,1,18,0,
6618d2,4,11,1,3784,0,0,0,0,0,0,
6618d2,5,1,1,6917,1,707,23,1,95,0,
6618d2,5,2,1,1403,1,343,13,1,12,0,
6618d2,5,3,1,1009,1,645,19,1,246,0,
6618d2,5,4,1,4039,0,0,0,0,0,0,
6618d2,6,1,1,5512,1,82,1,1,45,0,
6618d2,6,2,1,666,1,526,16,1,247,0,
6618d2,6,3,1,4376,1,383,15,1,114,0,
6618d2,6,4,1,1631,0,0,0,0,0,0,
6618d2,7,1,1,6592,1,556,19,1,95,0,
6618d2,7,2,1,4969,1,300,12,1,533,0,
6618d2,7,3,1,163,1,64,1,1,41,0,
6618d2,7,4,1,171,1,45,2,1,4,0,
6618d2,7,5,1,971,0,0,0,0,0,0,
6618d2,8,1,1,4585,1,436,15,1,1,0,
6618d2,8,2,1,140,1,9,1,1,472,0,
6618d2,8,3,1,353,1,144,3,1,113,0,
6618d2,8,4,1,647,1,341,10,1,109,0,
6618d2,8,5,1,954,1,225,6,1,19,0,
6618d2,8,6,1,6539,0,0,0,0,0,0,
bae374,1,1,1,722,0,0,0,0,0,0,
bae374,2,1,1,730,0,0,0,0,0,0,
bae374,3,1,1,790,1,135,7,1,80,0,
bae374,4,1,1,1127,0,0,0,0,0,0,
bae374,5,1,1,1048,0,0,0,0,0,0,
bae374,6,1,1,872,1,109,6,1,80,0,
bae374,7,1,1,1011,1,191,9,1,141,0,
bae374,8,1,1,692,0,0,0,0,0,0,
8697cd,1,1,1,7220,0,0,0,0,0,0,
8697cd,2,1,1,8256,1,385,10,1,121,0,
8697cd,3,1,1,8241,0,0,0,0,0,0,
8697cd,4,1,1,5098,1,122,5,1,184,0,
8697cd,4,2,1,2281,0,0,0,0,0,0,
8697cd,5,1,1,6599,1,758,24,1,11,0,
8697cd,5,2,1,647,1,448,15,1,83,0,
8697cd,5,3,1,609,1,291,12,1,81,0,
8697cd,5,4,1,617,0,0,0,0,0,0,
8697cd,6,1,1,7702,1,759,22,1,28,0,
8697cd,6,2,1,333,1,17,1,1,105,0,
8697cd,7,1,1,7049,1,907,29,1,11,0,
8697cd,7,2,1,932,0,0,0,0,0,0,
8697cd,8,1,1,7690,0,0,0,0,0,0,
f9333c,1,1,1,6969,1,361,12,1,17,0,
f9333c,1,2,1,3600,1,99,5,1,121,0,
f9333c,2,1,1,10642,0,0,0,0,0,0,
f9333c,3,1,1,8195,1,975,32,1,8,0,
f9333c,3,2,1,720,0,0,0,0,0,0,
f9333c,4,1,1,5688,1,482,14,1,17,0,
f9333c,4,2,1,762,1,505,16,1,3,0,
f9333c,4,3,1,3739,0,0,0,0,0,0,
f9333c,5,1,1,6852,1,613,18,1,246,0,
f9333c,5,2,1,3114,0,0,0,0,0,0,
f9333c,6,1,1,7432,1,788,25,1,3,0,
f9333c,6,2,1,3361,0,0,0,0,0,0,
f9333c,7,1,1,9437,1,281,12,1,3,0,
f9333c,7,2,1,1603,1,19,1,1,121,0,
f9333c,8,1,1,6683,1,1744,43,1,2,0,
f9333c,8,2,1,4316,0,0,0,0,0,0,
f8b3d5,1,1,1,777,1,28,1,1,1,0,
f8b3d5,1,2,1,299,1,33,1,1,1,0,
f8b3d5,1,3,1,507,0,0,0,0,0,0,
f8b3d5,2,1,1,857,1,28,1,1,1,0,
f8b3d5,2,2,1,549,0,0,0,0,0,0,
f8b3d5,3,1,1,775,1,28,1,1,1,0,
f8b3d5,3,2,1,502,0,0,0,0,0,0,
f8b3d5,4,1,1,1038,1,28,1,1,1,0,
f8b3d5,4,2,1,355,1,33,1,1,78,0,
f8b3d5,5,1,1,754,1,28,1,1,1,0,
f8b3d5,5,2,1,526,0,0,0,0,0,0,
f8b3d5,6,1,1,1058,1,28,1,1,78,0,
f8b3d5,7,1,1,457,1,26,1,1,3,0,
f8b3d5,7,2,1,205,1,33,1,1,1,0,
f8b3d5,7,3,1,913,0,0,0,0,0,0,
f8b3d5,8,1,1,971,1,11,1,1,1,0,
f8b3d5,8,2,1,88,1,11,1,1,1,0,
f8b3d5,8,3,1,411,1,37,1,1,143,0,
0fbf22,1,1,1,1100,1,19,2,1,9,0,
0fbf22,1,2,1,668,1,24,1,1,1,0,
0fbf22,1,3,1,479,1,5,1,1,86,0,
0fbf22,2,1,1,878,1,19,2,1,9,0,
0fbf22,2,2,1,1025,1,24,1,1,1,0,
0fbf22,2,3,1,699,0,0,0,0,0,0,
0fbf22,3,1,1,554,1,19,2,1,9,0,
0fbf22,3,2,1,110,1,11,1,1,1,0,
0fbf22,3,3,1,656,1,10,1,1,1,0,
0fbf22,3,4,1,981,0,0,0,0,0,0,
0fbf22,4,1,1,631,1,19,2,1,9,0,
0fbf22,4,2,1,899,1,24,1,1,1,0,
0fbf22,4,3,1,977,1,15,1,1,85,0,
0fbf22,5,1,1,693,1,19,2,1,9,0,
0fbf22,5,2,1,707,1,24,1,1,1,0,
0fbf22,5,3,1,665,0,0,0,0,0,0,
0fbf22,6,1,1,689,1,32,2,1,11,0,
0fbf22,6,2,1,940,1,24,1,1,1,0,
0fbf22,6,3,1,635,0,0,0,0,0,0,
0fbf22,7,1,1,708,1,32,2,1,11,0,
0fbf22,7,2,1,538,1,10,1,1,1,0,
0fbf22,7,3,1,560,1,10,1,1,9,0,
0fbf22,7,4,1,751,0,0,0,0,0,0,
0fbf22,8,1,1,549,1,19,2,1,9,0,
0fbf22,8,2,1,930,1,10,1,1,1,0,
0fbf22,8,3,1,900,0,0,0,0,0,0,
74252c,1,1,1,4287,1,393,17,1,113,0,
74252c,2,1,1,3972,0,0,0,0,0,0,
74252c,3,1,1,4562,0,0,0,0,0,0,
74252c,4,1,1,4853,1,328,17,1,89,0,
74252c,5,1,1,3750,1,211,10,1,2,0,
74252c,5,2,1,198,1,138,8,1,89,0,
74252c,6,1,1,4415,0,0,0,0,0,0,
74252c,7,1,1,4317,0,0,0,0,0,0,
74252c,8,1,1,3519,1,236,10,1,2,0,
74252c,8,2,1,106,1,46,2,1,3,0,
74252c,8,3,1,111,1,40,1,1,10,0,
74252c,8,4,1,97,1,40,1,1,20,0,
74252c,8,5,1,609,0,0,0,0,0,0,
e1d491,1,1,1,2449,1,531,23,1,143,0,
e1d491,1,2,1,1324,1,150,7,1,2,0,
e1d491,1,3,1,741,0,0,0,0,0,0,
e1d491,2,1,1,2869,1,272,10,1,283,0,
e1d491,2,2,1,1306,1,188,8,1,2,0,
e1d491,2,3,1,805,0,0,0,0,0,0,
e1d491,3,1,1,3915,1,246,13,1,143,0,
e1d491,3,2,1,810,0,0,0,0,0,0,
e1d491,4,1,1,1912,1,274,14,1,143,0,
e1d491,4,2,1,1317,1,195,10,1,2,0,
e1d491,4,3,1,2194,0,0,0,0,0,0,
e1d491,5,1,1,3956,0,0,0,0,0,0,
e1d491,6,1,1,2395,1,251,13,1,283,0,
e1d491,6,2,1,1105,1,19,1,1,2,0,
e1d491,6,3,1,1221,1,444,17,1,82,0,
e1d491,6,4,1,677,0,0,0,0,0,0,
e1d491,7,1,1,2380,1,272,10,1,283,0,
e1d491,7,2,1,2681,0,0,0,0,0,0,
e1d491,8,1,1,3303,1,238,11,1,283,0,
e1d491,8,2,1,1632,0,0,0,0,0,0,
02af89,1,1,1,652,1,42,3,1,81,0,
02af89,2,1,1,571,0,0,0,0,0,0,
02af89,3,1,1,660,0,0,0,0,0,0,
02af89,4,1,1,644,0,0,0,0,0,0,
02af89,5,1,1,669,0,0,0,0,0,0,
02af89,6,1,1,625,0,0,0,0,0,0,
02af89,7,1,1,636,0,0,0,0,0,0,
02af89,8,1,1,619,0,0,0,0,0,0,
932759,1,1,1,1626,0,0,0,0,0,0,
932759,2,1,1,1747,1,221,9,1,78,0,
932759,3,1,1,1886,0,0,0,0,0,0,
932759,4,1,1,1814,1,170,7,1,121,0,
932759,5,1,1,1774,0,0,0,0,0,0,
932759,6,1,1,1510,1,193,6,1,40,0,
932759,6,2,1,98,1,27,2,1,1,0,
932759,6,3,1,130,0,0,0,0,0,0,
932759,7,1,1,1757,0,0,0,0,0,0,
932759,8,1,1,1746,0,0,0,0,0,0,
f231de,1,1,1,5368,1,363,16,1,80,0,
f231de,2,1,1,4472,1,418,18,1,3,0,
f231de,2,2,1,789,0,0,0,0,0,0,
f231de,3,1,1,4503,1,404,20,1,9,0,
f231de,3,2,1,822,0,0,0,0,0,0,
f231de,4,1,1,3590,1,409,19,1,3,0,
f231de,4,2,1,1253,0,0,0,0,0,0,
f231de,5,1,1,3801,1,405,18,1,3,0,
f231de,5,2,1,1362,0,0,0,0,0,0,
f231de,6,1,1,5124,1,655,22,1,80,0,
f231de,7,1,1,4378,1,462,17,1,3,0,
f231de,7,2,1,758,0,0,0,0,0,0,
f231de,8,1,1,4170,1,353,15,1,3,0,
f231de,8,2,1,1521,0,0,0,0,0,0,
476119,1,1,1,1357,1,135,8,1,66,0,
476119,1,2,1,151,1,37,3,1,18,0,
476119,1,3,1,94,1,26,2,1,4,0,
476119,1,4,1,812,1,112,5,1,9,0,
476119,1,5,1,155,0,0,0,0,0,0,
476119,2,1,1,1687,1,225,12,1,45,0,
476119,2,2,1,475,1,361,14,1,53,0,
476119,2,3,1,164,1,53,3,1,66,0,
476119,2,4,1,187,1,59,5,1,197,0,
476119,2,5,1,1928,1,235,14,1,462,0,
476119,2,6,1,501,0,0,0,0,0,0,
476119,3,1,1,2032,1,111,7,1,66,0,
476119,3,2,1,312,1,167,6,1,850,0,
476119,3,3,1,802,1,131,4,1,132,0,
476119,3,4,1,415,1,75,3,1,45,0,
476119,3,5,1,175,1,74,3,1,343,1,NameError
476119,3,6,1,219,1,98,5,1,70,0,
476119,3,7,1,941,0,0,0,0,0,0,
476119,4,1,1,2376,1,254,12,1,45,0,
476119,4,2,1,450,1,391,16,1,65,0,
476119,4,3,1,165,1,69,3,1,1024,1,ValueError
476119,4,4,1,250,1,37,2,1,985,1,ValueError
476119,4,5,1,174,1,51,2,1,65,0,
476119,4,6,1,86,1,22,3,1,131,0,
476119,4,7,1,236,1,168,5,1,23,0,
476119,4,8,1,534,1,246,9,1,67,0,
476119,4,9,1,1519,0,0,0,0,0,0,
476119,5,1,1,1646,1,217,10,1,45,0,
476119,5,2,1,365,1,312,10,1,408,0,
476119,5,3,1,347,1,65,4,1,36,0,
476119,5,4,1,590,1,136,7,1,41,0,
476119,5,5,1,1812,0,0,0,0,0,0,
476119,6,1,1,1752,1,222,12,1,45,0,
476119,6,2,1,340,1,282,12,1,954,0,
476119,6,3,1,203,1,99,3,1,103,0,
476119,6,4,1,115,1,19,2,1,51,0,
476119,6,5,1,180,1,28,3,1,103,0,
476119,6,6,1,2548,0,0,0,0,0,0,
476119,7,1,1,1379,1,216,10,1,45,0,
476119,7,2,1,483,1,363,12,1,53,0,
476119,7,3,1,190,1,94,3,1,66,0,
476119,7,4,1,226,1,92,3,1,120,0,
476119,7,5,1,752,1,259,8,1,23,0,
476119,7,6,1,525,1,239,9,1,45,0,
476119,7,7,1,524,1,368,13,1,53,0,
476119,7,8,1,981,0,0,0,0,0,0,
476119,8,1,1,2251,1,281,13,1,45,0,
476119,8,2,1,499,1,371,15,1,66,0,
476119,8,3,1,193,1,52,3,1,1008,1,ValueError
476119,8,4,1,257,1,39,2,1,987,1,ValueError
476119,8,5,1,618,1,328,18,1,18,0,
476119,8,6,1,85,1,21,3,1,37,0,
476119,8,7,1,310,1,251,7,1,48,0,
476119,8,8,1,1188,1,337,12,1,209,0,
4fef3c,1,1,1,3973,1,145,6,1,40,0,
4fef3c,1,2,1,2608,0,0,0,0,0,0,
4fef3c,2,1,1,2098,1,108,5,1,1,0,
4fef3c,2,2,1,1612,1,195,6,1,35,0,
4fef3c,2,3,1,3150,1,176,5,1,135,0,
4fef3c,2,4,1,244,1,36,1,1,31,0,
4fef3c,2,5,1,140,1,24,1,1,78,0,
4fef3c,3,1,1,3819,1,263,9,1,34,0,
4fef3c,3,2,1,2563,1,169,7,1,1,0,
4fef3c,3,3,1,198,1,122,3,1,33,0,
4fef3c,3,4,1,449,0,0,0,0,0,0,
4fef3c,4,1,1,4161,1,341,10,1,34,0,
4fef3c,4,2,1,547,1,296,6,1,1,0,
4fef3c,4,3,1,1456,1,226,5,1,139,0,
4fef3c,4,4,1,165,1,99,3,1,47,0,
4fef3c,4,5,1,555,0,0,0,0,0,0,
4fef3c,5,1,1,4473,1,111,4,1,40,0,
4fef3c,5,2,1,183,1,57,2,1,72,0,
4fef3c,5,3,1,259,1,154,4,1,35,0,
4fef3c,5,4,1,1805,0,0,0,0,0,0,
4fef3c,6,1,1,5247,1,115,5,1,1,0,
4fef3c,6,2,1,506,1,181,6,1,8,0,
4fef3c,6,3,1,1222,0,0,0,0,0,0,
4fef3c,7,1,1,4919,1,401,11,1,32,0,
4fef3c,7,2,1,1609,1,236,6,1,47,0,
4fef3c,7,3,1,289,1,90,3,1,80,0,
4fef3c,8,1,1,3301,1,240,9,1,31,0,
4fef3c,8,2,1,1218,1,129,5,1,1,0,
4fef3c,8,3,1,2311,0,0,0,0,0,0,
e7ed61,1,1,1,1920,0,0,0,0,0,0,
e7ed61,2,1,1,2116,0,0,0,0,0,0,
e7ed61,3,1,1,2342,1,190,10,1,111,0,
e7ed61,4,1,1,2029,1,207,12,1,38,0,
e7ed61,4,2,1,577,0,0,0,0,0,0,
e7ed61,5,1,1,2172,0,0,0,0,0,0,
e7ed61,6,1,1,1134,1,231,14,1,78,0,
e7ed61,6,2,1,1088,0,0,0,0,0,0,
e7ed61,7,1,1,1868,1,178,12,1,21,0,
e7ed61,7,2,1,312,1,48,1,1,117,0,
e7ed61,8,1,1,2186,0,0,0,0,0,0,
2b836d,1,1,1,2305,1,172,8,1,44,0,
2b836d,1,2,1,7460,0,0,0,0,0,0,
2b836d,2,1,1,6748,1,743,24,1,59,0,
2b836d,2,2,1,3521,0,0,0,0,0,0,
2b836d,3,1,1,7892,1,1863,47,1,68,0,
2b836d,3,2,1,2402,0,0,0,0,0,0,
2b836d,4,1,1,6942,0,0,0,0,0,0,
2b836d,5,1,1,3627,1,260,14,1,44,0,
2b836d,5,2,1,4846,1,348,23,1,45,0,
2b836d,5,3,1,1984,0,0,0,0,0,0,
2b836d,6,1,1,11420,0,0,0,0,0,0,
2b836d,7,1,1,10040,1,199,10,1,11,0,
2b836d,7,2,1,117,1,57,2,1,54,0,
2b836d,7,3,1,930,0,0,0,0,0,0,
2b836d,8,1,1,7874,1,289,12,1,7,0,
2b836d,8,2,1,912,1,129,6,1,7,0,
2b836d,8,3,1,930,0,0,0,0,0,0,
88178a,1,1,1,3527,1,298,13,1,9,0,
88178a,1,2,1,546,0,0,0,0,0,0,
88178a,2,1,1,3319,0,0,0,0,0,0,
88178a,3,1,1,3500,0,0,0,0,0,0,
88178a,4,1,1,3433,0,0,0,0,0,0,
88178a,5,1,1,3020,1,180,8,1,86,0,
88178a,6,1,1,3718,1,302,13,1,86,0,
88178a,7,1,1,3681,1,297,13,1,86,0,
88178a,8,1,1,3274,1,309,13,1,9,0,
88178a,8,2,1,540,0,0,0,0,0,0,
2677ce,1,1,1,2309,1,178,6,1,115,0,
2677ce,2,1,1,1918,0,0,0,0,0,0,
2677ce,3,1,1,1894,0,0,0,0,0,0,
2677ce,4,1,1,2582,0,0,0,0,0,0,
2677ce,5,1,1,1013,1,156,9,1,77,0,
2677ce,5,2,1,1233,0,0,0,0,0,0,
2677ce,6,1,1,2071,0,0,0,0,0,0,
2677ce,7,1,1,1972,0,0,0,0,0,0,
2677ce,8,1,1,2077,0,0,0,0,0,0,
7b14f4,1,1,1,3504,0,0,0,0,0,0,
7b14f4,2,1,1,2929,1,84,4,1,24,0,
7b14f4,2,2,1,67,1,15,1,1,100,0,
7b14f4,2,3,1,213,1,78,6,1,83,0,
7b14f4,2,4,1,132,1,21,1,1,26,0,
7b14f4,2,5,1,220,1,131,7,1,42,0,
7b14f4,2,6,1,526,0,0,0,0,0,0,
7b14f4,3,1,1,3645,1,185,9,1,514,0,
7b14f4,3,2,1,222,1,74,3,1,2,0,
7b14f4,3,3,1,468,0,0,0,0,0,0,
7b14f4,4,1,1,4156,0,0,0,0,0,0,
7b14f4,5,1,1,2815,1,66,3,1,24,0,
7b14f4,5,2,1,261,1,29,1,1,97,0,
7b14f4,5,3,1,585,1,162,8,1,514,0,
7b14f4,5,4,1,212,1,70,3,1,79,0,
7b14f4,6,1,1,2447,1,194,8,1,1,0,
7b14f4,6,2,1,165,1,7,1,1,306,0,
7b14f4,6,3,1,169,1,78,3,1,17,0,
7b14f4,6,4,1,512,0,0,0,0,0,0,
7b14f4,7,1,1,4142,0,0,0,0,0,0,
7b14f4,8,1,1,2593,0,0,0,0,0,0,
62c41a,1,1,1,756,0,0,0,0,0,0,
62c41a,2,1,1,912,0,0,0,0,0,0,
62c41a,3,1,1,719,1,41,4,1,81,0,
62c41a,4,1,1,485,1,41,4,1,4,0,
62c41a,4,2,1,406,0,0,0,0,0,0,
62c41a,5,1,1,809,0,0,0,0,0,0,
62c41a,6,1,1,480,0,0,0,0,0,0,
62c41a,7,1,1,790,0,0,0,0,0,0,
62c41a,8,1,1,541,0,0,0,0,0,0,
