
=== PROBLEM MANIFEST ===
  Test set: set_c | Total: 4 problems
  IDs: ['403988', '3eee67', 'dccede', '2b401b']
=== END MANIFEST ===

================================================================================
  BATCH: SET_C — Wave 1 + Wave 2 (4 problems)
  GPU mem: 0.0GB alloc / 0.0GB reserved
================================================================================

──────────────────────────────────────────────────────────────────────
  [1/4] Problem 403988 | Expected: 65537
──────────────────────────────────────────────────────────────────────

Problem: Find all prime numbers $p < 260^2$ that satisfy $\{\sqrt{p}\} < \frac{1}{510}$.

Compute the numerical value of the answer.


============================================================
  WAVE 1: CLASSIFICATION
============================================================
Budget: 100s | Pool left: 6000s | Attempts: 42
Classification failed: Unexpected EOS while waiting for message header to complete

Classification results (41 attempts):
  Attempt 1: basic.basic.basic [easy] (conf=0.7, turns=6, time=78.5s)
  Attempt 2: taxonomy [easy] (conf=1.0, turns=1, time=49.5s)
  Attempt 3: basic.basic.basic [easy] (conf=1.0, turns=1, time=47.2s)
  Attempt 4: basic.basic.basic,answer?_actually_final_answer_should_be_the_numeric_value._according_to_instructions,output_final_\boxed{a.b.c,x.y.z [easy] (conf=1.0, turns=2, time=68.8s)
  Attempt 6: number_theory.floor_function.modular_floor [easy] (conf=1.0, turns=2, time=64.3s)
  Attempt 7: basic.basic.basic [easy] (conf=1.0, turns=2, time=51.6s)
  Attempt 8: a.b.c,x.y.z [easy] (conf=1.0, turns=4, time=86.8s)
  Attempt 9: basic.basic.basic [easy] (conf=1.0, turns=2, time=50.8s)
  Attempt 10: basic.basic.basic [easy] (conf=1.0, turns=2, time=58.7s)
  Attempt 11: number_theory.floor_function.modular_floor [easy] (conf=0.7, turns=6, time=75.4s)
  Attempt 12: basic.basic.basic [easy] (conf=1.0, turns=3, time=67.5s)
  Attempt 13: basic.basic.basic [easy] (conf=1.0, turns=2, time=50.3s)
  Attempt 14: basic.basic.basic [easy] (conf=1.0, turns=2, time=53.9s)
  Attempt 15: number_theory.floor_function.modular_floor [easy] (conf=1.0, turns=3, time=89.4s)
  Attempt 16: basic.basic.basic [easy] (conf=1.0, turns=2, time=78.1s)
  Attempt 17: number_theory.floor_function.divisibility [easy] (conf=0.7, turns=6, time=83.0s)
  Attempt 18: basic.basic.basic [easy] (conf=1.0, turns=4, time=68.5s)
  Attempt 19: number_theory.floor_function.modular_floor [easy] (conf=1.0, turns=3, time=91.5s)
  Attempt 20: a.b.c,... [medium] (conf=1.0, turns=3, time=74.0s)
  Attempt 21: basic.basic.basic [easy] (conf=1.0, turns=2, time=73.9s)
  Attempt 22: number_theory.floor_function.modular_floor [easy] (conf=1.0, turns=2, time=64.9s)
  Attempt 23: number_theory.floor_function.modular_floor [medium] (conf=1.0, turns=3, time=93.4s)
  Attempt 24: number_theory.modular.modular_arithmetic [medium] (conf=0.7, turns=6, time=91.2s)
  Attempt 25: number_theory.floor_function.modular_floor [easy] (conf=1.0, turns=1, time=52.8s)
  Attempt 26: number_theory.floor_function.modular_floor [easy] (conf=1.0, turns=2, time=74.1s)
  Attempt 27: basic.basic.basic [easy] (conf=1.0, turns=1, time=39.1s)
  Attempt 28: number_theory.floor_function.modular_floor [easy] (conf=0.7, turns=6, time=81.5s)
  Attempt 29: taxonomy [easy] (conf=1.0, turns=1, time=47.7s)
  Attempt 30: basic.basic.basic [easy] (conf=1.0, turns=2, time=48.7s)
  Attempt 31: number_theory.floor_function.modular_floor [medium] (conf=1.0, turns=1, time=41.6s)
  Attempt 32: basic.basic.basic [easy] (conf=1.0, turns=2, time=39.0s)
  Attempt 33: basic.basic.basic [easy] (conf=1.0, turns=2, time=59.6s)
  Attempt 34: number_theory.floor_function.modular_floor [easy] (conf=0.7, turns=6, time=81.6s)
  Attempt 35: number_theory.floor_function.modular_floor [easy] (conf=1.0, turns=2, time=33.7s)
  Attempt 36: basic.basic.basic [None] (conf=1.0, turns=3, time=85.5s)
  Attempt 37: number_theory.floor_function.modular_floor [easy] (conf=1.0, turns=2, time=52.7s)
  Attempt 38: basic.basic.basic [easy] (conf=1.0, turns=2, time=50.4s)
  Attempt 39: basic.basic.basic [easy] (conf=1.0, turns=2, time=48.3s)
  Attempt 40: basic.basic.basic [easy] (conf=1.0, turns=2, time=37.0s)
  Attempt 41: basic.basic.basic [easy] (conf=1.0, turns=2, time=64.3s)
  Attempt 42: number_theory.floor_function.divisibility [medium] (conf=1.0, turns=2, time=54.5s)

=== WAVE 1 TAXONOMY VOTES ===
  basic.basic.basic: 20.7 votes <-- SELECTED (>50%)
  number_theory.floor_function.modular_floor: 12.1 votes
  number_theory.floor_function.divisibility: 1.7 votes
  answer?_actually_final_answer_should_be_the_numeric_value._according_to_instructions: 1.0 votes
  ...: 1.0 votes
=== END VOTES ===


=== DIFFICULTY VOTES: {'easy': 35, 'medium': 5} → EASY ===
Wave 1 result: ['basic.basic.basic'] | Difficulty: easy (W1 cumulative: 97/6000s)

=== WAVE 1 → BASIC (quick solve) ===
=== END WAVE 1 ===


=== USER PROMPT (4206 chars) ===
[Our IMO expert thinks this is a quick solve — direct computation or standard application. Solve efficiently to save time for tougher questions.]


Find all prime numbers $p < 260^2$ that satisfy $\{\sqrt{p}\} < \frac{1}{510}$.

Compute the numerical value of the answer. You have access to `math`, `numpy`, and `sympy` for:

# Symbolic Computation (sympy):
- Algebraic manipulation and simplification
- Solving equations and systems of equations
- Symbolic differentiation and integration
- Number theory functions (primes, divisors, modular arithmetic)
- Polynomial operations and factorization
- Working with mathematical expressions symbolically

# Numerical Computation (numpy):
- Array operations and linear algebra
- Efficient numerical calculations for large datasets
- Matrix operations and eigenvalue problems
- Statistical computations

# Mathematical Functions (math):
- Standard mathematical functions (trig, log, exp)
- Constants like pi and e
- Basic operations for single values

Best Practices:
- Use sympy for exact symbolic answers when possible
- Use numpy for numerical verification and large-scale computation
- Combine symbolic and numerical approaches: derive symbolically, verify numerically
- Document your computational strategy clearly
- Validate computational results against known cases or theoretical bounds
- For very large exponents (e.g. a^(n!)), use pow(base, exp, mod) or analytical methods — never materialize the full number

# Code Robustness Rules:
- Each code cell must be SELF-CONTAINED: re-import and re-define everything you need. If a previous cell errored, its definitions are LOST.
- Avoid sympy expressions that grow beyond a few hundred characters. If an expression is exploding, switch to numerical methods (numpy) or modular arithmetic.
- For geometry: prefer numpy coordinate models with brute-force verification over pure symbolic or direction-counting approaches.
- For number theory / functional equations: compute small cases first (n=1..20) to find patterns before attempting a proof. Brute-force exploration often reveals the structure.
- For combinatorics counting: always verify no duplicates — check injectivity explicitly.
- If 5+ code cells without progress, STOP and restart with a different approach.
- When using Python, prefer converting sympy expressions to int() before passing to Python builtins like pow(), min(), max().
- Common import: from sympy.ntheory.modular import crt (note: sympy.crt does not exist).
- If a code cell fails, re-import necessary libraries in the next cell.
- sympy.solve() often times out on complex systems. For polynomial systems with > 3 unknowns, prefer numerical methods (scipy fsolve/minimize) or manual algebraic reduction.
- Never call sympy.simplify() or sympy.expand() on expressions involving large binomials or products of many terms. Use float() first to check the numerical value.

# Library Availability:
NOT installed (do NOT import — they WILL fail): pulp, ortools, z3-solver, mip, pyscipopt, pysat, cvxpy, constraint, matplotlib, sklearn.
Do not waste turns trying these libraries or probing with try/except.

Available and recommended:
- sympy, numpy, scipy, networkx, mpmath, math, itertools, functools, fractions, collections, decimal, heapq, random, statistics

Replacements for unavailable optimization/constraint libraries:
- Integer/Binary Linear Programming (replaces pulp, mip, ortools):
  from scipy.optimize import milp, LinearConstraint, Bounds
  import numpy as np
  res = milp(c=c_vec, constraints=LinearConstraint(A, lb, ub),
             integrality=np.ones(n), bounds=Bounds(0, 1))
  # res.success, res.x (solution vector), res.fun (objective value)
- Linear Programming: scipy.optimize.linprog(c, A_ub=A, b_ub=b, method="highs")
- Assignment problems: scipy.optimize.linear_sum_assignment(cost_matrix)
- Graph algorithms (matching, shortest path, components): import networkx as nx
- Constraint satisfaction: encode as ILP via scipy.optimize.milp, or backtracking with pruning
- Number theory: sympy.ntheory or random (Monte Carlo verification)
- Geometry: fractions (exact rational) + sympy, avoid floating point
- Game theory/DP: functools.lru_cache for memoized recursion
=== END USER PROMPT ===

Budget: 450.00 seconds | Deadline: 1772882165.69 | TimeLeft: 17303s | Effort: easy

 Attempt  Response Length  Python Calls  Python Errors  Entropy  Temperature  Answer  Confidence    Source Stop_Reason  Successful_Code  Time_Remaining  Time
       7              713             2              0    0.429          0.5   65537         1.0 streaming   max_turns                2           439.0  11.0
      21              699             3              0    0.457          0.5   65537         1.0 streaming   max_turns                3           438.9  10.8
       1              863             3              0    0.422          0.5   65537         1.0 streaming   max_turns                3           436.4  13.6
      13             1027             4              0    0.507          0.5   65537         1.0 streaming   max_turns                4           433.2  16.6
      20             1027             5              0    0.433          0.5   65537         1.0 streaming   max_turns                5           433.1  16.7
       5             1060             2              0    0.504          0.5   65537         1.0 streaming   max_turns                2           433.0  17.0
      23             1036             4              0    0.430          0.5   65537         1.0 streaming   max_turns                4           433.0  16.8
      11             1069             5              0    0.453          0.5   65537         1.0 streaming   max_turns                5           432.5  17.4
      16             1200             4              0    0.432          0.5   65537         1.0 streaming   max_turns                4           430.6  19.2
      24             1208             3              0    0.394          0.5   65537         1.0 streaming   max_turns                3           430.5  19.2
       4             1262             1              0    0.424          0.5   65537         1.0 streaming   max_turns                1           430.1  19.9
      12             1303             2              0    0.471          0.5   65537         1.0 streaming   max_turns                2           429.3  20.5
      18             1301             1              0    0.475          0.5   65537         1.0 streaming   max_turns                1           429.3  20.5
       9             1326             2              0    0.465          0.5   65537         1.0 streaming   max_turns                2           429.1  20.8
      15             1329             2              0    0.513          0.5   65537         1.0 streaming   max_turns                2           429.0  20.9
      22             1123             5              0    0.443          0.5   65537         1.0 streaming   max_turns                5           428.9  20.8
       3             1360             1              0    0.450          0.5   65537         1.0 streaming   max_turns                1           428.8  21.2
       6             1389             3              0    0.470          0.5   65537         1.0 streaming   max_turns                3           428.4  21.6
      19             1419             1              0    0.487          0.5   65537         1.0 streaming   max_turns                1           428.1  21.7
      10             1453             2              0    0.519          0.5   65537         1.0 streaming   max_turns                2           427.9  22.0
      14             1487             1              0    0.485          0.5   65537         1.0 streaming   max_turns                1           427.6  22.3
      17             2210             2              0    0.449          0.5   65537         1.0 streaming   max_turns                2           422.1  27.7
       2             2602             6              0    0.469          0.5   65537         1.0 streaming   max_turns                6           419.7  30.3
       8             2684             3              0    0.545          0.5   65537         1.0 streaming   max_turns                3           419.4  30.6
 Answer  Votes  Score
  65537   24.0 52.062

Final Answer: 65537 (votes: 24.0)


=== RERUN CHECK: top_votes=24.0, threshold=12 ===

  STATUS: CORRECT | Predicted: 65537 | Expected: 65537 | Time: 127.9s
  Votes: {65537: 24} | Answers: 24 | Nones: 0 | Errors: 0

    --- Attempt 7 [CORRECT] answer=65537 expected=65537 temp=0.5 entropy=0.429 ---
        python_calls=2 errors=0 tokens=713 time=11.0s time_left=439.0s
        source=streaming confidence=1.0 stop=max_turns
        Libraries: import sympy as sp, math, itertools, sys, numpy as np, random, collections, fractions, decimal, functools, statistics, math, itertools, sympy

        [Turn 1 CODE]
        >>> Code:
            import sympy as sp, math, itertools, sys, numpy as np, random, collections, fractions, decimal, functools, statistics, math, itertools, sympy
            limit = 260**2
            primes = list(sp.primerange(2, limit))
            def condition(p):
                f = math.sqrt(p) - math.floor(math.sqrt(p))
                return f < 1/510
            candidates = [p for p in primes if condition(p)]
            len(candidates), candidates[:20]
            
        >>> Output:
            1 [65537]
            

        [Turn 2 CODE]
        >>> Code:
            p=65537
            f=math.sqrt(p)-math.floor(math.sqrt(p))
            f, 1/510
            
        >>> Output:
            0.0019531175494762465 0.00196078431372549
            

    --- Attempt 21 [CORRECT] answer=65537 expected=65537 temp=0.5 entropy=0.457 ---
        python_calls=3 errors=0 tokens=699 time=10.8s time_left=438.9s
        source=streaming confidence=1.0 stop=max_turns
        Libraries: import math, decimal, fractions, sympy as sp, numpy as np, itertools, collections, functools, statistics, heapq, random, json, os, typing, time, sys, math, sympy, import sympy as sp, math, itertools, sys, math, random, collections, fractions, decimal, numpy as np, itertools, functools, statistics, heapq, json, os, typing, time, sys, math, sympy

        [Turn 1 CODE]
        >>> Code:
            import sympy as sp, math, itertools, sys, math, random, collections, fractions, decimal, numpy as np, itertools, functools, statistics, heapq, json, os, typing, time, sys, math, sympy
            limit = 260**2
            primes = list(sp.primerange(2, limit))
            len(primes)
            
        >>> Output:
            6735
            

        [Turn 2 CODE]
        >>> Code:
            def condition(p):
                f = math.sqrt(p) % 1
                return f < 1/510
            candidates = [p for p in primes if condition(p)]
            len(candidates), candidates[:20]
            
        >>> Output:
            1 [65537]
            

        [Turn 3 CODE]
        >>> Code:
            import math, decimal, fractions, sympy as sp, numpy as np, itertools, collections, functools, statistics, heapq, random, json, os, typing, time, sys, math, sympy
            p=65537
            f=math.sqrt(p)%1
            f, 1/510, f<1/510
            
        >>> Output:
            0.0019531175494762465 0.00196078431372549 True
            

    --- Attempt 1 [CORRECT] answer=65537 expected=65537 temp=0.5 entropy=0.422 ---
        python_calls=3 errors=0 tokens=863 time=13.6s time_left=436.4s
        source=streaming confidence=1.0 stop=max_turns
        Libraries: import sympy as sp, math, itertools, sys, numpy as np, math, random, collections, fractions, functools, decimal, heapq, statistics, itertools, math, sys, sympy as sp

        [Turn 1 CODE]
        >>> Code:
            import sympy as sp, math, itertools, sys, numpy as np, math, random, collections, fractions, functools, decimal, heapq, statistics, itertools, math, sys, sympy as sp
            primes = list(sp.primerange(2, 260**2))
            eps = 1/510
            good = []
            for p in primes:
                f = math.sqrt(p) - math.floor(math.sqrt(p))
                if f < eps:
                    good.append(p)
            good[:20], len(good)
            
        >>> Output:
            [65537] 1
            

        [Turn 2 CODE]
        >>> Code:
            p=65537
            f=math.sqrt(p)-int(math.sqrt(p))
            f, 1/510
            
        >>> Output:
            0.0019531175494762465 0.00196078431372549
            

        [Turn 3 CODE]
        >>> Code:
            def good_primes():
                eps = 1/510
                res=[]
                for n in range(1,261):
                    low = n*n+1
                    high = int(math.floor((n+eps)**2))
                    # primes in (n^2, (n+eps)^2)
                    for p in sp.primerange(low, high+1):
                        if p < 260**2:
                            res.append(p)
                return sorted(set(res))
            good_primes()
            
        >>> Output:
            [65537]
            

    --- Attempt 13 [CORRECT] answer=65537 expected=65537 temp=0.5 entropy=0.507 ---
        python_calls=4 errors=0 tokens=1027 time=16.6s time_left=433.2s
        source=streaming confidence=1.0 stop=max_turns
        Libraries: import sympy as sp, math, itertools, sys, math, random, collections, fractions, decimal, numpy as np, itertools, functools, statistics, hashlib, os, json, typing, inspect, textwrap, re, string, pprint, time, fractions, itertools, math, sys, sympy as sp

        [Turn 1 CODE]
        >>> Code:
            import sympy as sp, math, itertools, sys, math, random, collections, fractions, decimal, numpy as np, itertools, functools, statistics, hashlib, os, json, typing, inspect, textwrap, re, string, pprint, time, fractions, itertools, math, sys, sympy as sp
            limit = 260**2
            primes = list(sp.primerange(2, limit))
            len(primes)
            
        >>> Output:
            6735
            

        [Turn 2 CODE]
        >>> Code:
            def condition(p):
                f = math.sqrt(p) % 1
                return f < 1/510
            good = [p for p in primes if condition(p)]
            len(good), good[:20]
            
        >>> Output:
            1 [65537]
            

        [Turn 3 CODE]
        >>> Code:
            p=65537
            math.sqrt(p)
            
        >>> Output:
            256.0019531175495
            

        [Turn 4 CODE]
        >>> Code:
            candidates = []
            epsilon = 1/510
            for n in range(1, 261):
                low = n**2
                high = (n+epsilon)**2
                # integer primes > low and < high
                for p in sp.primerange(low+1, math.floor(high)+1):
                    if condition(p):
                        candidates.append(p)
            candidates
            
        >>> Output:
            [65537, 67601]
            

    --- Attempt 20 [CORRECT] answer=65537 expected=65537 temp=0.5 entropy=0.433 ---
        python_calls=5 errors=0 tokens=1027 time=16.7s time_left=433.1s
        source=streaming confidence=1.0 stop=max_turns
        Libraries: import sympy as sp, math, itertools, sys, numpy as np, math, random, collections, fractions, decimal, heapq, statistics, functools, itertools, os, json, typing, string, re, hashlib, time, inspect, textwrap, pprint, decimal, fractions, itertools, math, sys, sympy as sp, import sympy as sp, math, itertools, sys, numpy as np, math, time, random, collections, fractions, decimal, heapq, statistics, functools, os, json, typing, string, re, hashlib, inspect, textwrap, pprint

        [Turn 1 CODE]
        >>> Code:
            import sympy as sp, math, itertools, sys, numpy as np, math, random, collections, fractions, decimal, heapq, statistics, functools, itertools, os, json, typing, string, re, hashlib, time, inspect, textwrap, pprint, decimal, fractions, itertools, math, sys, sympy as sp
        >>> Output:
            [WARN] No output. Use print() to see results.

        [Turn 2 CODE]
        >>> Code:
            import sympy as sp, math, itertools, sys, numpy as np, math, time, random, collections, fractions, decimal, heapq, statistics, functools, os, json, typing, string, re, hashlib, inspect, textwrap, pprint
        >>> Output:
            [WARN] No output. Use print() to see results.

        [Turn 3 CODE]
        >>> Code:
            primes = list(sp.primerange(2, 260**2))
            len(primes)
        >>> Output:
            6735
            

        [Turn 4 CODE]
        >>> Code:
            def condition(p):
                f = math.modf(math.sqrt(p))[0]  # fractional part
                return f < 1/510
            good = [p for p in primes if condition(p)]
            len(good), good[:20]
        >>> Output:
            1 [65537]
            

        [Turn 5 CODE]
        >>> Code:
            sum(good)
        >>> Output:
            65537
            

    --- Attempt 5 [CORRECT] answer=65537 expected=65537 temp=0.5 entropy=0.504 ---
        python_calls=2 errors=0 tokens=1060 time=17.0s time_left=433.0s
        source=streaming confidence=1.0 stop=max_turns
        Libraries: import math, decimal, fractions, sys, sympy as sp, itertools, numpy as np, math, random, import sympy as sp, math, itertools, sys, math, numpy as np

        [Turn 1 CODE]
        >>> Code:
            import sympy as sp, math, itertools, sys, math, numpy as np
            limit = 260**2
            primes = list(sp.primerange(2, limit))
            good = []
            for p in primes:
                f = math.modf(math.sqrt(p))[0]  # fractional part
                if f < 1/510:
                    good.append(p)
            good[:20], len(good)
            
        >>> Output:
            [65537] 1
            

        [Turn 2 CODE]
        >>> Code:
            import math, decimal, fractions, sys, sympy as sp, itertools, numpy as np, math, random
            p=65537
            f=math.sqrt(p)-int(math.sqrt(p))
            f, 1/510
            
        >>> Output:
            0.0019531175494762465 0.00196078431372549
            

    --- Attempt 23 [CORRECT] answer=65537 expected=65537 temp=0.5 entropy=0.430 ---
        python_calls=4 errors=0 tokens=1036 time=16.8s time_left=433.0s
        source=streaming confidence=1.0 stop=max_turns
        Libraries: from decimal import Decimal, getcontext, import sympy as sp, math, itertools, sys, random, collections, fractions, decimal, numpy as np, math, itertools, functools, statistics, heapq, random, fractions, collections, decimal, itertools, math, sys

        [Turn 1 CODE]
        >>> Code:
            import sympy as sp, math, itertools, sys, random, collections, fractions, decimal, numpy as np, math, itertools, functools, statistics, heapq, random, fractions, collections, decimal, itertools, math, sys
        >>> Output:
            [WARN] No output. Use print() to see results.

        [Turn 2 CODE]
        >>> Code:
            primes = list(sp.primerange(2, 260**2))
            good = []
            for p in primes:
                f = math.sqrt(p) % 1
                if f < 1/510:
                    good.append(p)
            len(good), good[:20]
            
        >>> Output:
            1 [65537]
            

        [Turn 3 CODE]
        >>> Code:
            p=65537
            f = math.sqrt(p)%1
            f, 1/510
            
        >>> Output:
            0.0019531175494762465 0.00196078431372549
            

        [Turn 4 CODE]
        >>> Code:
            from decimal import Decimal, getcontext
            getcontext().prec = 30
            def frac_sqrt(p):
                s = Decimal(p).sqrt()
                n = int(s)
                return s - n
            good2=[]
            for p in primes:
                f = frac_sqrt(p)
                if f < Decimal(1)/Decimal(510):
                    good2.append(p)
            len(good2), good2[:10]
            
        >>> Output:
            1 [65537]
            

    --- Attempt 11 [CORRECT] answer=65537 expected=65537 temp=0.5 entropy=0.453 ---
        python_calls=5 errors=0 tokens=1069 time=17.4s time_left=432.5s
        source=streaming confidence=1.0 stop=max_turns
        vboxed_checkpoints: turn6=65537
        Libraries: import sympy as sp, math, itertools, sys, numpy as np, math, random, collections, fractions, decimal, itertools, functools, statistics

        [Turn 1 CODE]
        >>> Code:
            import sympy as sp, math, itertools, sys, numpy as np, math, random, collections, fractions, decimal, itertools, functools, statistics
        >>> Output:
            [WARN] No output. Use print() to see results.

        [Turn 2 CODE]
        >>> Code:
            def primes_upto(N):
                return list(sp.primerange(2, N+1))
            
            N=260**2
            primes = primes_upto(N-1)  # less than 67600
            len(primes)
            
        >>> Output:
            6735
            

        [Turn 3 CODE]
        >>> Code:
            def condition(p):
                root = math.sqrt(p)
                frac = root - math.floor(root)
                return frac < 1/510
            
            candidates = [p for p in primes if condition(p)]
            len(candidates), candidates[:20]
            
        >>> Output:
            1 [65537]
            

        [Turn 4 CODE]
        >>> Code:
            p=65537
            root=math.sqrt(p)
            root, root-math.floor(root)
            
        >>> Output:
            256.0019531175495 0.0019531175494762465
            

        [Turn 5 CODE]
        >>> Code:
            def find_candidates(N):
                res=[]
                max_n=int(math.isqrt(N-1))
                for n in range(1, max_n+1):
                    lower=n*n+1
                    upper=min(N-1, int((n+1/510)**2 - 1e-12))  # inclusive maybe
                    # iterate primes in range
                    for p in sp.primerange(lower, upper+1):
                        if condition(p):
                            res.append(p)
                return res
            
            cand=find_candidates(N)
            len(cand), cand[:10]
            
        >>> Output:
            1 [65537]
            

    --- Attempt 16 [CORRECT] answer=65537 expected=65537 temp=0.5 entropy=0.432 ---
        python_calls=4 errors=0 tokens=1200 time=19.2s time_left=430.6s
        source=streaming confidence=1.0 stop=max_turns
        Libraries: import math, sympy as sp, import sympy as sp, math, itertools, sys, numpy as np, math, random, collections, fractions, decimal, itertools, functools, statistics, sys, os, json, re, typing, hashlib

        [Turn 1 CODE]
        >>> Code:
            import sympy as sp, math, itertools, sys, numpy as np, math, random, collections, fractions, decimal, itertools, functools, statistics, sys, os, json, re, typing, hashlib
        >>> Output:
            [WARN] No output. Use print() to see results.

        [Turn 2 CODE]
        >>> Code:
            def primes_with_condition(limit=260**2):
                res=[]
                for k in range(1,260): # k is integer such that floor sqrt(p)=k-1
                    low = (k-1)**2
                    high = ((k-1)+1/510)**2
                    # integer p must satisfy low <= p < high
                    # note low may be square, sqrt low integer, fractional part 0, which is <1/510, but p must be prime; low is perfect square not prime except maybe 2? 1? not prime.
                    # So start from low+1 maybe.
                    for p in range(low, math.isqrt(int(high*1e9))+2): # not good
                        pass
        >>> Output:
            [WARN] No output. Use print() to see results.

        [Turn 3 CODE]
        >>> Code:
            def primes_with_condition(limit=260**2):
                res=[]
                for k in range(1,260):
                    low = (k-1)**2
                    high = ((k-1)+1/510)**2
                    up = math.floor(high - 1e-12)  # exclusive bound? need p < high, so max integer <= high- epsilon
                    for p in range(low, up+1):
                        if p>=2 and sp.isprime(p):
                            # ensure sqrt(p) fractional part < 1/510
                            f = math.sqrt(p) - math.floor(math.sqrt(p))
                            if f < 1/510:
                                res.append(p)
                return res
            
            lst = primes_with_condition()
            len(lst), lst[:20]
            
        >>> Output:
            1 [65537]
            

        [Turn 4 CODE]
        >>> Code:
            import math, sympy as sp
            p=65537
            f=math.sqrt(p)-math.floor(math.sqrt(p))
            f, 1/510, f<1/510
            
        >>> Output:
            0.0019531175494762465 0.00196078431372549 True
            

    --- Attempt 24 [CORRECT] answer=65537 expected=65537 temp=0.5 entropy=0.394 ---
        python_calls=3 errors=0 tokens=1208 time=19.2s time_left=430.5s
        source=streaming confidence=1.0 stop=max_turns
        Libraries: import math, fractions, decimal, sys, sympy as sp, import sympy as sp

        [Turn 1 CODE]
        >>> Code:
            import sympy as sp
            candidates = []
            for n in range(255,260):
                p = n*n + 1
                if p < 260*260 and sp.isprime(p):
                    candidates.append(p)
            candidates
            
        >>> Output:
            [65537]
            

        [Turn 2 CODE]
        >>> Code:
            for n in range(255,260):
                print(n, n*n+1, sp.isprime(n*n+1))
            
        >>> Output:
            255 65026 False
            256 65537 True
            257 66050 False
            258 66565 False
            259 67082 False
            

        [Turn 3 CODE]
        >>> Code:
            import math, fractions, decimal, sys, sympy as sp
            p=65537
            f=math.sqrt(p)-math.floor(math.sqrt(p))
            f, 1/510
            
        >>> Output:
            0.0019531175494762465 0.00196078431372549
            

    --- Attempt 4 [CORRECT] answer=65537 expected=65537 temp=0.5 entropy=0.424 ---
        python_calls=1 errors=0 tokens=1262 time=19.9s time_left=430.1s
        source=streaming confidence=1.0 stop=max_turns
        Libraries: import math

        [Turn 1 CODE]
        >>> Code:
            import math
            def condition(p):
                f = math.modf(math.sqrt(p))[0]
                return f < 1/510
            cands = []
            for p in [65026,65537,66050,66565,67082]:
                print(p, condition(p))
            
        >>> Output:
            65026 True
            65537 True
            66050 True
            66565 True
            67082 True
            

    --- Attempt 12 [CORRECT] answer=65537 expected=65537 temp=0.5 entropy=0.471 ---
        python_calls=2 errors=0 tokens=1303 time=20.5s time_left=429.3s
        source=streaming confidence=1.0 stop=max_turns
        Libraries: import math, sympy as sp

        [Turn 1 CODE]
        >>> Code:
            import math, sympy as sp
            p=65537
            f=math.sqrt(p)-256
            f
            
        >>> Output:
            0.0019531175494762465
            

        [Turn 2 CODE]
        >>> Code:
            sp.isprime(66565)
            
        >>> Output:
            False
            

    --- Attempt 18 [CORRECT] answer=65537 expected=65537 temp=0.5 entropy=0.475 ---
        python_calls=1 errors=0 tokens=1301 time=20.5s time_left=429.3s
        source=streaming confidence=1.0 stop=max_turns
        Libraries: import math, sympy as sp

        [Turn 1 CODE]
        >>> Code:
            import math, sympy as sp
            p=65537
            f=math.sqrt(p)-int(math.sqrt(p))
            f, 1/510
            
        >>> Output:
            0.0019531175494762465 0.00196078431372549
            

    --- Attempt 9 [CORRECT] answer=65537 expected=65537 temp=0.5 entropy=0.465 ---
        python_calls=2 errors=0 tokens=1326 time=20.8s time_left=429.1s
        source=streaming confidence=1.0 stop=max_turns
        Libraries: import sympy as sp

        [Turn 1 CODE]
        >>> Code:
            import sympy as sp
            candidates = [(n, n**2+1) for n in range(255,260)]
            candidates
            
        >>> Output:
            [(255, 65026), (256, 65537), (257, 66050), (258, 66565), (259, 67082)]
            

        [Turn 2 CODE]
        >>> Code:
            [(n, sp.isprime(p)) for n,p in candidates]
            
        >>> Output:
            [(255, False), (256, True), (257, False), (258, False), (259, False)]
            

    --- Attempt 15 [CORRECT] answer=65537 expected=65537 temp=0.5 entropy=0.513 ---
        python_calls=2 errors=0 tokens=1329 time=20.9s time_left=429.0s
        source=streaming confidence=1.0 stop=max_turns
        Libraries: import sympy as sp

        [Turn 1 CODE]
        >>> Code:
            vals = [(n, n**2+1) for n in range(255,260)]
            vals
            
        >>> Output:
            [(255, 65026), (256, 65537), (257, 66050), (258, 66565), (259, 67082)]
            

        [Turn 2 CODE]
        >>> Code:
            import sympy as sp
            [(n, p, sp.isprime(p)) for n,p in vals]
            
        >>> Output:
            [(255, 65026, False), (256, 65537, True), (257, 66050, False), (258, 66565, False), (259, 67082, False)]
            

    --- Attempt 22 [CORRECT] answer=65537 expected=65537 temp=0.5 entropy=0.443 ---
        python_calls=5 errors=0 tokens=1123 time=20.8s time_left=428.9s
        source=streaming confidence=1.0 stop=max_turns
        Libraries: import math, decimal, fractions, sympy as sp, mpmath as mp, import sympy as sp

        [Turn 1 CODE]
        >>> Code:
            import sympy as sp
            
            limit = 260**2
            primes = list(sp.primerange(2, limit))
            result = []
            for p in primes:
                k = int(sp.floor(sp.sqrt(p)))
                # ensure k^2 <= p < (k+1)^2
                if k*k > p or (k+1)*(k+1) <= p:
                    continue
                f = sp.sqrt(p) - k
                # compute fractional part numerically high precision
                # Use rational approximation? just float
                if float(f) < 1/510:
                    result.append(p)
            len(result)
            
        >>> Output:
            1
            

        [Turn 2 CODE]
        >>> Code:
            result[:20]
            
        >>> Output:
            [65537]
            

        [Turn 3 CODE]
        >>> Code:
            import math, decimal, fractions, sympy as sp, mpmath as mp
            p=65537
            k=int(math.isqrt(p))
            k, k*k, (k+1)*(k+1)
            
        >>> Output:
            256 65536 66049
            

        [Turn 4 CODE]
        >>> Code:
            math.sqrt(p)
            
        >>> Output:
            256.0019531175495
            

        [Turn 5 CODE]
        >>> Code:
            candidates=[]
            for k in range(255,260):
                delta = (2*k)//510
                low=k*k+1
                high=k*k+delta
                primes_in= [p for p in sp.primerange(low, high+1)]
                candidates.append((k, delta, primes_in))
            candidates
            
        >>> Output:
            [(255, 1, []), (256, 1, [65537]), (257, 1, []), (258, 1, []), (259, 1, [])]
            

    --- Attempt 3 [CORRECT] answer=65537 expected=65537 temp=0.5 entropy=0.450 ---
        python_calls=1 errors=0 tokens=1360 time=21.2s time_left=428.8s
        source=streaming confidence=1.0 stop=max_turns
        Libraries: import math, decimal, fractions, sympy as sp

        [Turn 1 CODE]
        >>> Code:
            import math, decimal, fractions, sympy as sp
            p=65537
            f=math.sqrt(p)-int(math.sqrt(p))
            f, 1/510
            
        >>> Output:
            0.0019531175494762465 0.00196078431372549
            

    --- Attempt 6 [CORRECT] answer=65537 expected=65537 temp=0.5 entropy=0.470 ---
        python_calls=3 errors=0 tokens=1389 time=21.6s time_left=428.4s
        source=streaming confidence=1.0 stop=max_turns
        Libraries: import math, fractions, decimal, sympy as sp, import sympy as sp, import sympy as sp, math

        [Turn 1 CODE]
        >>> Code:
            import sympy as sp
            primes=[]
            for n in range(255,260):
                p=n*n+1
                if sp.isprime(p):
                    primes.append(p)
            primes
            
        >>> Output:
            [65537]
            

        [Turn 2 CODE]
        >>> Code:
            import math, fractions, decimal, sympy as sp
            p=65537
            f=math.sqrt(p)-math.floor(math.sqrt(p))
            f, 1/510
            
        >>> Output:
            0.0019531175494762465 0.00196078431372549
            

        [Turn 3 CODE]
        >>> Code:
            import sympy as sp, math
            limit=260*260
            candidates=[]
            for p in sp.primerange(2, limit):
                f=math.sqrt(p)-math.floor(math.sqrt(p))
                if f < 1/510:
                    candidates.append(p)
            candidates[:20], len(candidates)
            
        >>> Output:
            [65537] 1
            

    --- Attempt 19 [CORRECT] answer=65537 expected=65537 temp=0.5 entropy=0.487 ---
        python_calls=1 errors=0 tokens=1419 time=21.7s time_left=428.1s
        source=streaming confidence=1.0 stop=max_turns
        Libraries: import math, sympy as sp

        [Turn 1 CODE]
        >>> Code:
            import math, sympy as sp
            def condition(p):
                f = math.sqrt(p) - math.floor(math.sqrt(p))
                return f < 1/510
            print(condition(65537))
            print(math.sqrt(65537)-256)
            
        >>> Output:
            True
            0.0019531175494762465
            

    --- Attempt 10 [CORRECT] answer=65537 expected=65537 temp=0.5 entropy=0.519 ---
        python_calls=2 errors=0 tokens=1453 time=22.0s time_left=427.9s
        source=streaming confidence=1.0 stop=max_turns
        Libraries: import math, fractions, decimal, sympy as sp, import sympy as sp

        [Turn 1 CODE]
        >>> Code:
            import sympy as sp
            candidates = []
            for n in range(256,260):
                p = n*n + 1
                candidates.append((n,p,sp.isprime(p)))
            candidates
            
        >>> Output:
            [(256, 65537, True), (257, 66050, False), (258, 66565, False), (259, 67082, False)]
            

        [Turn 2 CODE]
        >>> Code:
            import math, fractions, decimal, sympy as sp
            p=65537
            sqrtp=math.sqrt(p)
            frac = sqrtp - math.floor(sqrtp)
            sqrtp, frac, 1/510
            
        >>> Output:
            256.0019531175495 0.0019531175494762465 0.00196078431372549
            

    --- Attempt 14 [CORRECT] answer=65537 expected=65537 temp=0.5 entropy=0.485 ---
        python_calls=1 errors=0 tokens=1487 time=22.3s time_left=427.6s
        source=streaming confidence=1.0 stop=max_turns
        vboxed_checkpoints: turn2=65537
        Libraries: import sympy as sp

        [Turn 1 CODE]
        >>> Code:
            import sympy as sp
            candidates=[]
            for n in range(255,260):
                p=n*n+1
                if sp.isprime(p):
                    candidates.append(p)
            candidates
            
        >>> Output:
            [65537]
            

    --- Attempt 17 [CORRECT] answer=65537 expected=65537 temp=0.5 entropy=0.449 ---
        python_calls=2 errors=0 tokens=2210 time=27.7s time_left=422.1s
        source=streaming confidence=1.0 stop=max_turns
        vboxed_checkpoints: turn3=65537
        Libraries: import math, sympy as sp

        [Turn 1 CODE]
        >>> Code:
            import math, sympy as sp
            p=66563
            sqrtp=math.sqrt(p)
            frac=sqrtp-math.floor(sqrtp)
            sqrtp,frac, 1/510
            
        >>> Output:
            257.9980620082252 0.9980620082251903 0.00196078431372549
            

        [Turn 2 CODE]
        >>> Code:
            p=65537
            n=256
            epsilon=math.sqrt(p)-n
            epsilon, 1/510
            
        >>> Output:
            0.0019531175494762465 0.00196078431372549
            

    --- Attempt 2 [CORRECT] answer=65537 expected=65537 temp=0.5 entropy=0.469 ---
        python_calls=6 errors=0 tokens=2602 time=30.3s time_left=419.7s
        source=streaming confidence=1.0 stop=max_turns
        Libraries: import decimal, math, sympy as sp, fractions, sys, math, itertools, numpy as np, import sympy as sp, import sympy as sp, math, itertools, sys, numpy as np, math, random, collections, fractions, decimal, statistics, functools, heapq, itertools, sympy

        [Turn 1 CODE]
        >>> Code:
            import sympy as sp
            
            limit = 260**2
            primes = []
            for k in range(1, 261):  # k up to 260
                # compute m_max
                # exact inequality: k - sqrt(k^2 - m) < 1/510
                # solve for m integer
                # We'll just test m from 1 up to maybe floor(k/255)+1
                max_m = int(k/255)  # floor
                # adjust if k % 255 ==0
                if k % 255 == 0 and max_m>0:
                    max_m -= 1
                # ensure we include possible m up to maybe max_m+1 to be safe
                for m in range(1, max_m+2):
                    p = k*k - m
                    if p <= 1 or p >= limit:
                        continue
                    # check condition directly using fractional part
                    f = sp.sqrt(p) - sp.floor(sp.sqrt(p))
                    # compute numeric
                    if float(f) < 1/510:
                        if sp.isprime(p):
                            primes.append(p)
            primes = sorted(set(primes))
            len(primes), primes[:20]
            
        >>> Output:
            0 []
            

        [Turn 2 CODE]
        >>> Code:
            import sympy as sp, math, itertools, sys, numpy as np, math, random, collections, fractions, decimal, statistics, functools, heapq, itertools, sympy
            limit = 260**2
            primes_list = list(sp.primerange(2, limit))
            def frac_sqrt(p):
                s = math.isqrt(p)
                # if perfect square, fractional part 0
                if s*s == p:
                    return 0.0
                # compute sqrt via math.sqrt
                return math.sqrt(p) - s
            cnt=0
            good=[]
            for p in primes_list:
                f = frac_sqrt(p)
                if f < 1/510:
                    good.append(p)
            len(good), good[:20]
            
        >>> Output:
            1 [65537]
            

        [Turn 3 CODE]
        >>> Code:
            import decimal, math, sympy as sp, fractions, sys, math, itertools, numpy as np
            p=65537
            s=math.isqrt(p)
            s, s*s
            
        >>> Output:
            256 65536
            

        [Turn 4 CODE]
        >>> Code:
            candidates=[]
            for k in range(1,261):
                for m in range(1, 20):
                    p=k*k - m
                    if p>1 and p<limit and sp.isprime(p):
                        f=frac_sqrt(p)
                        if f<1/510:
                            candidates.append(p)
            candidates
            
        >>> Output:
            []
            

        [Turn 5 CODE]
        >>> Code:
            k=256
            max_m=int(k/255)
            if k%255==0 and max_m>0:
                max_m-=1
            max_m
            
        >>> Output:
            1
            

        [Turn 6 CODE]
        >>> Code:
            p=k*k-1
            p, sp.isprime(p)
            
        >>> Output:
            65535 False
            

    --- Attempt 8 [CORRECT] answer=65537 expected=65537 temp=0.5 entropy=0.545 ---
        python_calls=3 errors=0 tokens=2684 time=30.6s time_left=419.4s
        source=streaming confidence=1.0 stop=max_turns
        Libraries: import sympy as sp, math, itertools, sys, numpy as np, math, random, collections, fractions, decimal, itertools, functools, statistics, hashlib, os, json, re, typing, inspect

        [Turn 1 CODE]
        >>> Code:
            import sympy as sp, math, itertools, sys, numpy as np, math, random, collections, fractions, decimal, itertools, functools, statistics, hashlib, os, json, re, typing, inspect
        >>> Output:
            [WARN] No output. Use print() to see results.

        [Turn 2 CODE]
        >>> Code:
            limit = 260**2
            primes = list(sp.primerange(2, limit))
            def condition(p):
                f = math.modf(math.sqrt(p))[0]  # fractional part
                return f < 1/510
            candidates = [p for p in primes if condition(p)]
            len(candidates), candidates[:20]
        >>> Output:
            1 [65537]
            

        [Turn 3 CODE]
        >>> Code:
            p=65537
            s=math.sqrt(p)
            f=s-math.floor(s)
            s, f, f<1/510
        >>> Output:
            256.0019531175495 0.0019531175494762465 True
            

  Running: 1/1 (100%) | Elapsed: 128s

──────────────────────────────────────────────────────────────────────
  [2/4] Problem 3eee67 | Expected: 27290
──────────────────────────────────────────────────────────────────────

Problem: Each edge of the complete graph \(K_{9097}\) is labeled with \(1\), \(2\), or \(3\) such that the sum of the labels of any triangle (formed by three edges) is at least \(5\). Given that the minimum possible value of the average of all \(\binom{9097}{2}\) labels can be expressed as a fraction in its simplest form \(\frac{m}{n}\), find the value of \(m + n\).


============================================================
  WAVE 1: CLASSIFICATION
============================================================
Budget: 100s | Pool left: 5903s | Attempts: 42
Classification failed: Unexpected EOS while waiting for message header to complete

Classification results (41 attempts):
  Attempt 1: taxonomy [medium] (conf=1.0, turns=2, time=81.1s)
  Attempt 2: \text{combinatorics.extremal.turan [medium] (conf=1.0, turns=3, time=85.2s)
  Attempt 3: combinatorics.extremal.greedy_then_count [medium] (conf=0.7, turns=4, time=101.0s)
  Attempt 4: combinatorics.graph_theory.extremal_edges [None] (conf=1.0, turns=2, time=19.4s)
  Attempt 5: combinatorics.extremal.greedy_then_count [medium] (conf=0.7, turns=4, time=100.8s)
  Attempt 6: None [None] (conf=0.0, turns=4, time=101.8s)
  Attempt 7: combinatorics.extremal.turan_hypergraph [medium] (conf=0.7, turns=4, time=101.4s)
  Attempt 8: combinatorics.extremal.greedy_then_count [medium] (conf=1.0, turns=3, time=51.0s)
  Attempt 9: combinatorics.graph_theory.extremal_edges [None] (conf=1.0, turns=4, time=76.7s)
  Attempt 10: None [None] (conf=0.0, turns=4, time=101.4s)
  Attempt 12: combinatorics.graph_theory.extremal_edges [medium] (conf=1.0, turns=3, time=70.2s)
  Attempt 13: None [None] (conf=0.0, turns=4, time=101.8s)
  Attempt 14: combinatorics.extremal.greedy_then_count [medium] (conf=0.7, turns=5, time=98.8s)
  Attempt 15: combinatorics.extremal.extremal\_principle [None] (conf=1.0, turns=4, time=95.9s)
  Attempt 16: None [None] (conf=0.0, turns=4, time=101.0s)
  Attempt 17: combinatorics.extremal.turan [medium] (conf=1.0, turns=2, time=21.5s)
  Attempt 18: combinatorics.extremal.turan [medium] (conf=0.7, turns=4, time=101.1s)
  Attempt 19: combinatorics.extremal.greedy_then_count [medium] (conf=0.7, turns=5, time=100.9s)
  Attempt 20: combinatorics.graph_theory.extremal_edges [None] (conf=1.0, turns=2, time=12.7s)
  Attempt 21: combinatorics.extremal.turan_hypergraph [medium] (conf=1.0, turns=3, time=83.0s)
  Attempt 22: combinatorics.extremal.turan_hypergraph [medium] (conf=0.7, turns=4, time=96.7s)
  Attempt 23: None [None] (conf=0.0, turns=4, time=99.1s)
  Attempt 24: combinatorics.extremal.greedy_then_count [medium] (conf=0.7, turns=4, time=98.8s)
  Attempt 25: combinatorics.graph_theory.extremal_edges [None] (conf=1.0, turns=1, time=15.6s)
  Attempt 26: combinatorics.extremal.turan_hypergraph [medium] (conf=0.7, turns=4, time=97.2s)
  Attempt 27: combinatorics.extremal.greedy_then_count [medium] (conf=0.7, turns=4, time=98.5s)
  Attempt 28: None [None] (conf=0.0, turns=4, time=98.3s)
  Attempt 29: None [None] (conf=0.0, turns=4, time=96.4s)
  Attempt 30: combinatorics.graph_theory.extremal_edges [None] (conf=1.0, turns=2, time=19.6s)
  Attempt 31: combinatorics.extremal.turan [medium] (conf=0.7, turns=4, time=95.1s)
  Attempt 32: None [None] (conf=0.0, turns=4, time=94.0s)
  Attempt 33: combinatorics.extremal.greedy_then_count [medium] (conf=1.0, turns=3, time=80.0s)
  Attempt 34: combinatorics.graph_theory.extremal_edges [None] (conf=1.0, turns=2, time=17.7s)
  Attempt 35: combinatorics.graph_theory.turan [medium] (conf=1.0, turns=2, time=58.6s)
  Attempt 36: combinatorics.graph_theory.extremal [medium] (conf=0.7, turns=5, time=94.9s)
  Attempt 37: combinatorics.extremal.exchange_argument [medium] (conf=1.0, turns=2, time=72.9s)
  Attempt 38: taxonomy [medium] (conf=1.0, turns=1, time=16.7s)
  Attempt 39: taxonomy [None] (conf=1.0, turns=1, time=17.0s)
  Attempt 40: combinatorics.graph_theory.extremal_edges [medium] (conf=1.0, turns=2, time=13.9s)
  Attempt 41: combinatorics.extremal.greedy_then_count [medium] (conf=1.0, turns=3, time=74.6s)
  Attempt 42: combinatorics.extremal.greedy_then_count [medium] (conf=0.7, turns=4, time=90.7s)

=== WAVE 1 TAXONOMY VOTES ===
  combinatorics.graph_theory.extremal_edges: 8.0 votes
  combinatorics.extremal.greedy_then_count: 7.9 votes
  combinatorics.extremal.turan_hypergraph: 3.1 votes
  combinatorics.extremal.turan: 2.4 votes
  combinatorics.graph_theory.turan: 1.0 votes
=== END VOTES ===


=== DIFFICULTY VOTES: {'medium': 25} → MEDIUM ===
Wave 1 result: [] | Difficulty: medium (W1 cumulative: 200/6000s)

=== WAVE 1 → NO CONSENSUS ===
No taxonomy exceeded 1/3 threshold. Vague/tough problem — no notes injected.
=== END WAVE 1 ===


=== USER PROMPT (4453 chars) ===
[Our IMO expert could not confidently classify this problem. It may be unusual or span multiple topics. Be extra careful — verify every step independently.]


Each edge of the complete graph \(K_{9097}\) is labeled with \(1\), \(2\), or \(3\) such that the sum of the labels of any triangle (formed by three edges) is at least \(5\). Given that the minimum possible value of the average of all \(\binom{9097}{2}\) labels can be expressed as a fraction in its simplest form \(\frac{m}{n}\), find the value of \(m + n\). You have access to `math`, `numpy`, and `sympy` for:

# Symbolic Computation (sympy):
- Algebraic manipulation and simplification
- Solving equations and systems of equations
- Symbolic differentiation and integration
- Number theory functions (primes, divisors, modular arithmetic)
- Polynomial operations and factorization
- Working with mathematical expressions symbolically

# Numerical Computation (numpy):
- Array operations and linear algebra
- Efficient numerical calculations for large datasets
- Matrix operations and eigenvalue problems
- Statistical computations

# Mathematical Functions (math):
- Standard mathematical functions (trig, log, exp)
- Constants like pi and e
- Basic operations for single values

Best Practices:
- Use sympy for exact symbolic answers when possible
- Use numpy for numerical verification and large-scale computation
- Combine symbolic and numerical approaches: derive symbolically, verify numerically
- Document your computational strategy clearly
- Validate computational results against known cases or theoretical bounds
- For very large exponents (e.g. a^(n!)), use pow(base, exp, mod) or analytical methods — never materialize the full number

# Code Robustness Rules:
- Each code cell must be SELF-CONTAINED: re-import and re-define everything you need. If a previous cell errored, its definitions are LOST.
- Avoid sympy expressions that grow beyond a few hundred characters. If an expression is exploding, switch to numerical methods (numpy) or modular arithmetic.
- For geometry: prefer numpy coordinate models with brute-force verification over pure symbolic or direction-counting approaches.
- For number theory / functional equations: compute small cases first (n=1..20) to find patterns before attempting a proof. Brute-force exploration often reveals the structure.
- For combinatorics counting: always verify no duplicates — check injectivity explicitly.
- If 5+ code cells without progress, STOP and restart with a different approach.
- When using Python, prefer converting sympy expressions to int() before passing to Python builtins like pow(), min(), max().
- Common import: from sympy.ntheory.modular import crt (note: sympy.crt does not exist).
- If a code cell fails, re-import necessary libraries in the next cell.
- sympy.solve() often times out on complex systems. For polynomial systems with > 3 unknowns, prefer numerical methods (scipy fsolve/minimize) or manual algebraic reduction.
- Never call sympy.simplify() or sympy.expand() on expressions involving large binomials or products of many terms. Use float() first to check the numerical value.

# Library Availability:
NOT installed (do NOT import — they WILL fail): pulp, ortools, z3-solver, mip, pyscipopt, pysat, cvxpy, constraint, matplotlib, sklearn.
Do not waste turns trying these libraries or probing with try/except.

Available and recommended:
- sympy, numpy, scipy, networkx, mpmath, math, itertools, functools, fractions, collections, decimal, heapq, random, statistics

Replacements for unavailable optimization/constraint libraries:
- Integer/Binary Linear Programming (replaces pulp, mip, ortools):
  from scipy.optimize import milp, LinearConstraint, Bounds
  import numpy as np
  res = milp(c=c_vec, constraints=LinearConstraint(A, lb, ub),
             integrality=np.ones(n), bounds=Bounds(0, 1))
  # res.success, res.x (solution vector), res.fun (objective value)
- Linear Programming: scipy.optimize.linprog(c, A_ub=A, b_ub=b, method="highs")
- Assignment problems: scipy.optimize.linear_sum_assignment(cost_matrix)
- Graph algorithms (matching, shortest path, components): import networkx as nx
- Constraint satisfaction: encode as ILP via scipy.optimize.milp, or backtracking with pruning
- Number theory: sympy.ntheory or random (Monte Carlo verification)
- Geometry: fractions (exact rational) + sympy, avoid floating point
- Game theory/DP: functools.lru_cache for memoized recursion
=== END USER PROMPT ===

Budget: 450.00 seconds | Deadline: 1772882299.60 | TimeLeft: 17169s | Effort: medium

 Attempt  Response Length  Python Calls  Python Errors  Entropy  Temperature  Answer  Confidence        Source Stop_Reason  Successful_Code  Time_Remaining  Time
       2             4424             5              0    0.620          0.5   27290         1.0     streaming   max_turns                5           380.4  69.6
      23             4792             7              0    0.623          0.5   27290         1.0     streaming   max_turns                7           373.1  76.7
      24             5149             7              0    0.548          0.5   27290         1.0     streaming   max_turns                7           367.6  82.2
       6             5307             5              0    0.681          0.5   27290         1.0     streaming   max_turns                5           365.6  84.4
      22             3797            11              0    0.540          0.5   27290         1.0     streaming   max_turns               11           362.4  87.3
       9             6185             4              0    0.524          0.5   27290         1.0     streaming   max_turns                4           352.4  97.6
      18             6140             5              0    0.568          0.5   27290         1.0     streaming   max_turns                5           351.2  98.7
       8             6256             6              0    0.526          0.5   27290         1.0     streaming   max_turns                6           351.0  99.0
      11             4554             3              0    0.548          0.5   27290         1.0     streaming   max_turns                3           350.6  99.3
      10             5686             3              0    0.464          0.5   27290         1.0     streaming   max_turns                3           348.9 101.1
       5             6578            16              2    0.474          0.5   27290         1.0     streaming   max_turns               14           345.1 104.9
      12             6776             8              0    0.520          0.5   27290         1.0     streaming   max_turns                8           343.6 106.3
      16             5298             8              0    0.505          0.5   27290         1.0     streaming   max_turns                8           342.2 107.6
      20             7838             8              0    0.584          0.5   27290         0.7 final_channel   max_turns                8           332.8 117.0
      19             7641             7              0    0.481          0.5   27290         1.0     streaming   max_turns                7           332.0 117.8
      21             6030             5              0    0.507          0.5   27290         1.0     streaming   max_turns                5           331.8 117.9
       4             8465            12              0    0.547          0.5   27290         1.0     streaming   max_turns               12           327.2 122.8
       1             6551             6              0    0.543          0.5   27290         1.0     streaming   max_turns                6           327.1 122.9
      13             6580            12              1    0.478          0.5   27290         1.0     streaming   max_turns               11           324.8 125.0
       7             8750            13              0    0.556          0.5   27290         1.0     streaming   max_turns               13           324.6 125.4
       3             7240             4              0    0.477          0.5   27290         1.0     streaming   max_turns                4           319.5 130.5
      17             7298             9              1    0.543          0.5   27290         1.0     streaming   max_turns                8           317.4 132.4
      15             9307             8              0    0.514          0.5   27290         1.0     streaming   max_turns                8           301.0 148.8
      14            16461            24              7    0.460          0.5   27290         1.0     streaming   max_turns               17           130.7 319.1
 Answer  Votes  Score
  27290   23.7 45.315

Final Answer: 27290 (votes: 23.7)


=== RERUN CHECK: top_votes=23.7, threshold=12 ===

  STATUS: CORRECT | Predicted: 27290 | Expected: 27290 | Time: 422.4s
  Votes: {27290: 24} | Answers: 24 | Nones: 0 | Errors: 11

    --- Attempt 2 [CORRECT] answer=27290 expected=27290 temp=0.5 entropy=0.620 ---
        python_calls=5 errors=0 tokens=4424 time=69.6s time_left=380.4s
        source=streaming confidence=1.0 stop=max_turns
        Libraries: from fractions import Fraction, import math

        [Turn 1 CODE]
        >>> Code:
            n=9097
            E=n*(n-1)//2
            E
            
        >>> Output:
            41373156
            

        [Turn 2 CODE]
        >>> Code:
            from fractions import Fraction
            avg = Fraction(2*E - 4548, E)
            avg
            
        >>> Output:
            18193/9097
            

        [Turn 3 CODE]
        >>> Code:
            float(avg)
            
        >>> Output:
            1.999890073650654
            

        [Turn 4 CODE]
        >>> Code:
            import math
            math.gcd(18193,9097)
            
        >>> Output:
            1
            

        [Turn 5 CODE]
        >>> Code:
            18193+9097
            
        >>> Output:
            27290
            

    --- Attempt 23 [CORRECT] answer=27290 expected=27290 temp=0.5 entropy=0.623 ---
        python_calls=7 errors=0 tokens=4792 time=76.7s time_left=373.1s
        source=streaming confidence=1.0 stop=max_turns
        Libraries: from fractions import Fraction, import math, fractions, sympy as sp, import sympy as sp

        [Turn 1 CODE]
        >>> Code:
            import sympy as sp
            a, n = sp.symbols('a n', integer=True, positive=True)
            b = n - a
            S = a*b + sp.Rational(3,2)*(a*(a-1) + b*(b-1))
            sp.simplify(S)
            
        >>> Output:
            2*a**2 - 2*a*n + 3*n**2/2 - 3*n/2
            

        [Turn 2 CODE]
        >>> Code:
            n=9097
            def S_val(a):
                b=n-a
                return a*b + 3*(a*(a-1)//2 + b*(b-1)//2)
            for a in [n//2, n//2+1]:
                print(a, S_val(a))
            
        >>> Output:
            4548 82741764
            4549 82741764
            

        [Turn 3 CODE]
        >>> Code:
            N = n*(n-1)//2
            avg = sp.Rational(S_val(4548), N)
            avg, N
            
        >>> Output:
            18193/9097 41373156
            

        [Turn 4 CODE]
        >>> Code:
            import math, fractions, sympy as sp
            math.gcd(18193,9097)
            
        >>> Output:
            1
            

        [Turn 5 CODE]
        >>> Code:
            n=9097
            N = n*(n-1)//2
            S_match = 2*N - n//2
            N, S_match
            
        >>> Output:
            41373156 82741764
            

        [Turn 6 CODE]
        >>> Code:
            from fractions import Fraction
            avg_match = Fraction(S_match, N)
            avg_match
            
        >>> Output:
            18193/9097
            

        [Turn 7 CODE]
        >>> Code:
            from fractions import Fraction
            n=9097
            S_lower = Fraction(5* (n*(n-1)*(n-2)//6), n-2)  # exact
            S_lower
            
        >>> Output:
            68955260
            

    --- Attempt 24 [CORRECT] answer=27290 expected=27290 temp=0.5 entropy=0.548 ---
        python_calls=7 errors=0 tokens=5149 time=82.2s time_left=367.6s
        source=streaming confidence=1.0 stop=max_turns
        Libraries: from fractions import Fraction, import math, import sympy as sp

        [Turn 1 CODE]
        >>> Code:
            import math
            n=9097
            a=(n-1)//2
            b=n-a
            S = a*b + 3*(a*(a-1)//2 + b*(b-1)//2)
            N = n*(n-1)//2
            S, N, S/N
            
        >>> Output:
            82741764 41373156 1.999890073650654
            

        [Turn 2 CODE]
        >>> Code:
            from fractions import Fraction
            avg = Fraction(S, N)
            avg
            
        >>> Output:
            18193/9097
            

        [Turn 3 CODE]
        >>> Code:
            float(Fraction(18193,9097))
            
        >>> Output:
            1.999890073650654
            

        [Turn 4 CODE]
        >>> Code:
            n=9097
            k=n//2
            N=n*(n-1)//2
            avg_match = Fraction(2*N - k, N)
            avg_match, float(avg_match)
            
        >>> Output:
            18193/9097 1.999890073650654
            

        [Turn 5 CODE]
        >>> Code:
            from fractions import Fraction
            Fraction(k, N)
            
        >>> Output:
            1/9097
            

        [Turn 6 CODE]
        >>> Code:
            import sympy as sp
            sp.isprime(9097)
            
        >>> Output:
            False
            

        [Turn 7 CODE]
        >>> Code:
            import math
            math.gcd(18193,9097)
            
        >>> Output:
            1
            

    --- Attempt 6 [CORRECT] answer=27290 expected=27290 temp=0.5 entropy=0.681 ---
        python_calls=5 errors=0 tokens=5307 time=84.4s time_left=365.6s
        source=streaming confidence=1.0 stop=max_turns
        Libraries: import math, import math, fractions, sympy as sp

        [Turn 1 CODE]
        >>> Code:
            import math, fractions, sympy as sp
            n=9097
            N= n*(n-1)//2
            num_ones = n//2  # floor
            total = 2*N - num_ones
            avg = sp.Rational(total, N)
            avg, sp.nsimplify(avg)
            
        >>> Output:
            18193/9097 18193/9097
            

        [Turn 2 CODE]
        >>> Code:
            N
            
        >>> Output:
            41373156
            

        [Turn 3 CODE]
        >>> Code:
            total = 2*N - (n//2)
            total
            
        >>> Output:
            82741764
            

        [Turn 4 CODE]
        >>> Code:
            def max_value(n):
                best=0
                best_ab=None
                for a in range(1,n):
                    b=n-a
                    val = a*b - (a*(a-1)//2 + b*(b-1)//2)
                    if val>best:
                        best=val
                        best_ab=(a,b)
                return best,best_ab
            
            n=9097
            best,best_ab = max_value(n)
            best, best_ab
            
        >>> Output:
            4548 (4548, 4549)
            

        [Turn 5 CODE]
        >>> Code:
            import math
            math.gcd(18193,9097)
            
        >>> Output:
            1
            

    --- Attempt 22 [CORRECT] answer=27290 expected=27290 temp=0.5 entropy=0.540 ---
        python_calls=11 errors=0 tokens=3797 time=87.3s time_left=362.4s
        source=streaming confidence=1.0 stop=max_turns
        Libraries: from fractions import Fraction, import itertools, math, import math, import math, fractions, sympy as sp

        [Turn 1 CODE]
        >>> Code:
            import math, fractions, sympy as sp
            n=9097
            N=n*(n-1)//2
            N
            
        >>> Output:
            41373156
            

        [Turn 2 CODE]
        >>> Code:
            avg = 3 - (2*9096)/N
            avg
            
        >>> Output:
            2.9995602946026163
            

        [Turn 3 CODE]
        >>> Code:
            num = 3*N - 18192
            num
            
        >>> Output:
            124101276
            

        [Turn 4 CODE]
        >>> Code:
            from fractions import Fraction
            Fraction(num, N)
            
        >>> Output:
            27287/9097
            

        [Turn 5 CODE]
        >>> Code:
            n=9097
            max1 = (n**2 - 1)//4
            max1
            
        >>> Output:
            20688852
            

        [Turn 6 CODE]
        >>> Code:
            n**2
            
        >>> Output:
            82755409
            

        [Turn 7 CODE]
        >>> Code:
            N = n*(n-1)//2
            avg2 = (3*N - 2*max1)/N
            Fraction(3*N - 2*max1, N)
            
        >>> Output:
            18193/9097
            

        [Turn 8 CODE]
        >>> Code:
            float(Fraction(18193,9097))
            
        >>> Output:
            1.999890073650654
            

        [Turn 9 CODE]
        >>> Code:
            import math
            math.gcd(18193,9097)
            
        >>> Output:
            1
            

        [Turn 10 CODE]
        >>> Code:
            def min_average(n):
                # bipartition sizes
                a = n//2
                b = n - a
                # edges across are 1, inside are 3
                N = n*(n-1)//2
                e1 = a*b
                total = e1*1 + (N - e1)*3
                from fractions import Fraction
                return Fraction(total, N)
            
            for n in range(3,11):
                print(n, min_average(n))
            
        >>> Output:
            3 5/3
            4 5/3
            5 9/5
            6 9/5
            7 13/7
            8 13/7
            9 17/9
            10 17/9
            

        [Turn 11 CODE]
        >>> Code:
            import itertools, math
            def brute_min_avg(n):
                edges = [(i,j) for i in range(n) for j in range(i+1,n)]
                m = len(edges)
                best = None
                for labels in itertools.product([1,2,3], repeat=m):
                    # check triangles
                    ok=True
                    # map edge to label
                    lab = {}
                    for (e,l) in zip(edges, labels):
                        lab[e]=l
                    # triangles
                    for a in range(n):
                        for b in range(a+1,n):
                            for c in range(b+1,n):
                                s = lab[(a,b)]+lab[(a,c)]+lab[(b,c)]
                                if s<5:
                                    ok=False
                                    break
                            if not ok: break
                        if not ok: break
                    if ok:
                        total=sum(labels)
                        avg=total/m
                        if best is None or avg<best:
                            best=avg
                return best
            
            for n in range(3,7):
                print(n, brute_min_avg(n))
            
        >>> Output:
            3 1.6666666666666667
            4 1.6666666666666667
            5 1.8
            6 1.8
            

    --- Attempt 9 [CORRECT] answer=27290 expected=27290 temp=0.5 entropy=0.524 ---
        python_calls=4 errors=0 tokens=6185 time=97.6s time_left=352.4s
        source=streaming confidence=1.0 stop=max_turns
        Libraries: import math, import math, fractions

        [Turn 1 CODE]
        >>> Code:
            import math
            n=9097
            N=n*(n-1)//2
            x_match=n//2  # floor
            S_match=2*N - x_match
            avg_match=S_match/N
            x_star=n-1
            z_star=(n-1)*(n-2)//2
            S_star=x_star + 3*z_star
            avg_star=S_star/N
            avg_match, avg_star
            
        >>> Output:
            1.999890073650654 2.9995602946026163
            

        [Turn 2 CODE]
        >>> Code:
            import math, fractions
            n=9097
            N=n*(n-1)//2
            x=n//2
            S=2*N - x
            frac=fractions.Fraction(S, N)
            frac, frac.numerator+frac.denominator
            
        >>> Output:
            18193/9097 27290
            

        [Turn 3 CODE]
        >>> Code:
            import math
            math.gcd(18193,9097)
            
        >>> Output:
            1
            

        [Turn 4 CODE]
        >>> Code:
            def max_x_minus_f(n):
                best=0
                bestab=None
                for a in range(1,n):
                    b=n-a
                    x=a*b
                    f= a*(a-1)//2 + b*(b-1)//2
                    val=x-f
                    if val>best:
                        best=val
                        bestab=(a,b)
                return best,bestab
            
            best,bestab = max_x_minus_f(9097)
            best, bestab
            
        >>> Output:
            4548 (4548, 4549)
            

    --- Attempt 18 [CORRECT] answer=27290 expected=27290 temp=0.5 entropy=0.568 ---
        python_calls=5 errors=0 tokens=6140 time=98.7s time_left=351.2s
        source=streaming confidence=1.0 stop=max_turns
        Libraries: from fractions import Fraction, from itertools import product, combinations, import itertools, math, import math, fractions, sympy as sp

        [Turn 1 CODE]
        >>> Code:
            import math, fractions, sympy as sp
            n=9097
            N = n*(n-1)//2
            N
            
        >>> Output:
            41373156
            

        [Turn 2 CODE]
        >>> Code:
            from fractions import Fraction
            avg = Fraction(2*N - 4548, N)
            avg
            
        >>> Output:
            18193/9097
            

        [Turn 3 CODE]
        >>> Code:
            float(Fraction(18193,9097))
            
        >>> Output:
            1.999890073650654
            

        [Turn 4 CODE]
        >>> Code:
            import itertools, math
            def min_average(n):
                edges = [(i,j) for i in range(n) for j in range(i+1,n)]
                m = len(edges)
                # Use brute force for small n (n<=7 maybe)
                best = None
                best_assign = None
                # iterate over assignments of 1,2,3 maybe using pruning
                # Too many combos: 3^m.
                # We'll use ILP with pulp? Not allowed. Use MILP via scipy? Not easy.
                return None
            
        >>> Output:
            [WARN] No output. Use print() to see results.

        [Turn 5 CODE]
        >>> Code:
            from itertools import product, combinations
            
            def min_total_sum(n):
                edges = [(i,j) for i in range(n) for j in range(i+1,n)]
                m = len(edges)
                best = None
                # simple recursion with pruning
                # order edges
                # maintain adjacency matrix
                adj = [[None]*n for _ in range(n)]
                triangles = list(combinations(range(n),3))
                # Precompute which edges belong to each triangle
                tri_edges = []
                for (a,b,c) in triangles:
                    tri_edges.append([(a,b),(a,c),(b,c)])
                # recursion
                best = math.inf
                def dfs(idx, current_sum):
                    nonlocal best
                    if current_sum >= best:
                        return
                    if idx == m:
                        best = current_sum
                        return
                    i,j = edges[idx]
                    for w in (1,2,3):
                        # assign
                        adj[i][j]=adj[j][i]=w
                        # check any triangle that is now fully assigned
                        ok=True
                        for t_idx, (a,b,c) in enumerate(triangles):
                            # if this edge is part of triangle
                            if (i,j) in [(a,b),(a,c),(b,c)]:
                                # check if all three edges assigned
                                vals = [adj[x][y] for (x,y) in tri_edges[t_idx]]
                                if None not in vals:
                                    if sum(vals) <5:
                                        ok=False
                                        break
                        if ok:
                            dfs(idx+1, current_sum + w)
                        # undo
                        adj[i][j]=adj[j][i]=None
                dfs(0,0)
                return best
            
            for n in range(3,7):
                total = min_total_sum(n)
                N = n*(n-1)//2
                avg = Fraction(total, N)
                print(n, total, N, avg)
            
        >>> Output:
            3 5 3 5/3
            4 10 6 5/3
            5 18 10 9/5
            6 27 15 9/5
            

    --- Attempt 8 [CORRECT] answer=27290 expected=27290 temp=0.5 entropy=0.526 ---
        python_calls=6 errors=0 tokens=6256 time=99.0s time_left=351.0s
        source=streaming confidence=1.0 stop=max_turns
        Libraries: from fractions import Fraction, import itertools, math, import math, import math, fractions, sys, itertools, collections, decimal, random, statistics, numpy as np, sympy as sp, math, itertools, fractions, collections, decimal, random, statistics

        [Turn 1 CODE]
        >>> Code:
            import math, fractions, sys, itertools, collections, decimal, random, statistics, numpy as np, sympy as sp, math, itertools, fractions, collections, decimal, random, statistics
        >>> Output:
            [WARN] No output. Use print() to see results.

        [Turn 2 CODE]
        >>> Code:
            N=9097
            M=N*(N-1)//2
            S=2*M - 4548
            M, S
        >>> Output:
            41373156 82741764
            

        [Turn 3 CODE]
        >>> Code:
            from fractions import Fraction
            avg = Fraction(S, M)
            avg, avg.numerator, avg.denominator
        >>> Output:
            18193/9097 18193 9097
            

        [Turn 4 CODE]
        >>> Code:
            float(avg)
            
        >>> Output:
            1.999890073650654
            

        [Turn 5 CODE]
        >>> Code:
            import itertools, math
            def min_total(N):
                edges = [(i,j) for i in range(N) for j in range(i+1,N)]
                m = len(edges)
                best = None
                # brute force over label assignments 1/2/3? 3^m huge. Not possible beyond N=5.
                # Use MILP? Let's use pulp? Not allowed. We'll brute for N<=5.
                if N>5:
                    return None
                best = math.inf
                for assign in itertools.product([1,2,3], repeat=m):
                    ok=True
                    # check triangles
                    for a in range(N):
                        for b in range(a+1,N):
                            for c in range(b+1,N):
                                # get edge indices
                                def idx(x,y):
                                    if x>y: x,y=y,x
                                    return edges.index((x,y))
                                s = assign[idx(a,b)]+assign[idx(a,c)]+assign[idx(b,c)]
                                if s<5:
                                    ok=False
                                    break
                            if not ok: break
                        if not ok: break
                    if ok:
                        total = sum(assign)
                        if total<best:
                            best=total
                return best
            
            for N in range(3,6):
                print(N, min_total(N))
            
        >>> Output:
            3 5
            4 10
            5 18
            

        [Turn 6 CODE]
        >>> Code:
            import math
            math.gcd(18193,9097)
            
        >>> Output:
            1
            

    --- Attempt 11 [CORRECT] answer=27290 expected=27290 temp=0.5 entropy=0.548 ---
        python_calls=3 errors=0 tokens=4554 time=99.3s time_left=350.6s
        source=streaming confidence=1.0 stop=max_turns
        Libraries: import itertools, math, import math

        [Turn 1 CODE]
        >>> Code:
            import math
            n=9097
            E=n*(n-1)//2
            E
            
        >>> Output:
            41373156
            

        [Turn 2 CODE]
        >>> Code:
            import math
            math.gcd(18193,9097)
            
        >>> Output:
            1
            

        [Turn 3 CODE]
        >>> Code:
            import itertools, math
            
            def min_average(n):
                edges = [(i,j) for i in range(n) for j in range(i+1,n)]
                m = len(edges)
                best = None
                for labels in itertools.product([1,2,3], repeat=m):
                    # check triangle condition
                    ok=True
                    # map edge to label
                    lab = {}
                    for (e,l) in zip(edges, labels):
                        lab[e]=l
                    # triangles
                    for a in range(n):
                        for b in range(a+1,n):
                            for c in range(b+1,n):
                                s = lab[(a,b)] + lab[(a,c)] + lab[(b,c)]
                                if s<5:
                                    ok=False
                                    break
                            if not ok: break
                        if not ok: break
                    if ok:
                        total = sum(labels)
                        avg = total/m
                        if best is None or avg<best:
                            best=avg
                return best
            
            for n in range(3,7):
                print(n, min_average(n))
            
        >>> Output:
            3 1.6666666666666667
            4 1.6666666666666667
            5 1.8
            6 1.8
            

    --- Attempt 10 [CORRECT] answer=27290 expected=27290 temp=0.5 entropy=0.464 ---
        python_calls=3 errors=0 tokens=5686 time=101.1s time_left=348.9s
        source=streaming confidence=1.0 stop=max_turns
        Libraries: from fractions import Fraction, import itertools, math, import math

        [Turn 1 CODE]
        >>> Code:
            import itertools, math
            
            def max_net(N):
                vertices = list(range(N))
                edges = [(i,j) for i in range(N) for j in range(i+1,N)]
                maxnet = -1
                best = None
                for mask in range(1<<len(edges)):
                    E1 = [edges[i] for i in range(len(edges)) if (mask>>i)&1]
                    # compute forced edges F
                    forced = set()
                    # for each vertex w, find neighbors via 1-edges
                    neigh = {v:[] for v in vertices}
                    for (u,v) in E1:
                        neigh[u].append(v)
                        neigh[v].append(u)
                    for w in vertices:
                        nb = neigh[w]
                        for i in range(len(nb)):
                            for j in range(i+1,len(nb)):
                                u,v = nb[i], nb[j]
                                if u>v: u,v=v,u
                                forced.add((u,v))
                    # check condition: any triangle with two 1s must have third edge forced 3, which is satisfied by forced set.
                    # Actually need to ensure that no triangle has (1,1,2). That means if two edges are 1, the third cannot be 2.
                    # Since we will label forced edges as 3, that's fine. No other constraints.
                    # So any set E1 is allowed? Wait also need to ensure no triangle of three 1s. That's already prevented because if three edges are 1, then for each vertex there are two incident 1s, and the third edge between its neighbors is also 1, which would be in E1, but then forced set would include that edge, but it's already 1, which violates condition (needs to be 3). So we must exclude graphs where there exists a triangle all edges in E1.
                    # So check triangle all in E1:
                    triangle_all1=False
                    # build set for fast lookup
                    setE1=set(E1)
                    for a in range(N):
                        for b in range(a+1,N):
                            for c in range(b+1,N):
                                if (a,b) in setE1 and (a,c) in setE1 and (b,c) in setE1:
                                    triangle_all1=True
                                    break
                            if triangle_all1: break
                        if triangle_all1: break
                    if triangle_all1:
                        continue
                    net = len(E1) - len(forced)
                    if net>maxnet:
                        maxnet=net
                        best=(E1, forced)
                return maxnet, best
            
            for N in range(2,8):
                net,_=max_net(N)
                print(N, net)
            
        >>> Output:
            2 1
            3 1
            4 2
            5 2
            6 3
            7 3
            

        [Turn 2 CODE]
        >>> Code:
            import math
            math.gcd(18193,9097)
            
        >>> Output:
            1
            

        [Turn 3 CODE]
        >>> Code:
            N=9097
            E=N*(N-1)//2
            S=1* (N//2) + 2*(E - (N//2))
            avg=S/E
            from fractions import Fraction
            Fraction(S,E)
            
        >>> Output:
            18193/9097
            

    --- Attempt 5 [CORRECT] answer=27290 expected=27290 temp=0.5 entropy=0.474 ---
        python_calls=16 errors=2 tokens=6578 time=104.9s time_left=345.1s
        source=streaming confidence=1.0 stop=max_turns
        Libraries: from itertools import combinations, from scipy.optimize import milp, LinearConstraint, Bounds, import inspect, scipy.optimize as opt, sys, textwrap, math, numpy as np, itertools, collections, fractions, random, decimal, statistics, json, os, typing, math, sys, math, import itertools, math, numpy as np, sys, random, time, math, collections, functools, fractions, decimal, heapq, statistics, itertools, math, sys, os, json, typing, fractions, math, import math, import math, fractions, sympy as sp, import numpy as np, math, sys, itertools, random, time, fractions, collections, functools, decimal, heapq, statistics, typing, json, os, math, sys, math

        [Turn 1 CODE]
        >>> Code:
            import math
            def avg(n,a):
                cross = a*(n-a)
                internal = a*(a-1)//2 + (n-a)*(n-a-1)//2
                total = cross + 3*internal
                M = n*(n-1)//2
                return total / M
            def best_a(n):
                best = None
                best_a = None
                for a in range(n+1):
                    av = avg(n,a)
                    if best is None or av < best:
                        best = av
                        best_a = a
                return best_a,best
            n=9097
            best_a,best=best_a(n)
            best_a,best
            
        >>> Output:
            4548 1.999890073650654
            

        [Turn 2 CODE]
        >>> Code:
            import itertools, math, numpy as np, sys, random, time, math, collections, functools, fractions, decimal, heapq, statistics, itertools, math, sys, os, json, typing, fractions, math
            
        >>> Output:
            [WARN] No output. Use print() to see results.

        [Turn 3 CODE [ERROR]]
        >>> Code:
            from itertools import combinations
            import numpy as np, math, sys, itertools, random, time, fractions, collections, functools, decimal, heapq, statistics, typing, json, os, math, sys, math
            from scipy.optimize import milp, LinearConstraint, Bounds
            
            def min_total_sum(n):
                edges = list(combinations(range(n),2))
                m = len(edges)
                edge_index = {e:i for i,e in enumerate(edges)}
                # variables x_i integer 1..3
                c = np.ones(m)  # objective coefficients
                bounds = Bounds(np.ones(m), 3*np.ones(m))
                # constraints: for each triangle
                A = []
                b = []
                for tri in combinations(range(n),3):
                    i,j,k = tri
                    idx1 = edge_index[tuple(sorted((i,j)))]
                    idx2 = edge_index[tuple(sorted((j,k)))]
                    idx3 = edge_index[tuple(sorted((i,k)))]
                    row = np.zeros(m)
                    row[idx1]=1; row[idx2]=1; row[idx3]=1
                    A.append(row)
                    b.append(5)
                A = np.array(A)
                b = np.array(b)
                lin_con = LinearConstraint(A, b, np.full_like(b, np.inf))
                res = milp(c=c, constraints=lin_con, bounds=bounds, integrality=np.ones(m, dtype=int), options={'disp': False})
                if not res.success:
                    print("fail")
                    return None
                total = sum(res.x)
                return total
            
            for n in range(3,8):
                total = min_total_sum(n)
                print(n,total, total/(n*(n-1)/2))
            
        >>> Output:
            fail
            ---------------------------------------------------------------------------TypeError                                 Traceback (most recent call last)/tmp/ipykernel_731/2274915406.py in <cell line: 0>()
                 34 for n in range(3,8):
                 35     total = min_total_sum(n)
            ---> 36     print(n,total, total/(n*(n-1)/2))
            TypeError: unsupported operand type(s) for /: 'NoneType' and 'float'

        [Turn 4 CODE [ERROR]]
        >>> Code:
            def min_total_sum(n):
                edges = list(combinations(range(n),2))
                m = len(edges)
                edge_index = {e:i for i,e in enumerate(edges)}
                c = np.ones(m)
                bounds = Bounds(np.ones(m), 3*np.ones(m))
                A = []
                b = []
                for tri in combinations(range(n),3):
                    i,j,k = tri
                    idx1 = edge_index[tuple(sorted((i,j)))]
                    idx2 = edge_index[tuple(sorted((j,k)))]
                    idx3 = edge_index[tuple(sorted((i,k)))]
                    row = np.zeros(m)
                    row[idx1]=1; row[idx2]=1; row[idx3]=1
                    A.append(row)
                    b.append(5)
                A = np.array(A)
                b = np.array(b)
                lin_con = LinearConstraint(A, b, np.full_like(b, np.inf))
                res = milp(c=c, constraints=lin_con, bounds=bounds, integrality=np.ones(m, dtype=int), options={'disp': False}, method='highs')
                if not res.success:
                    print("fail", n, res.message)
                    return None
                total = int(round(res.fun))  # objective value
                return total
            
            for n in range(3,7):
                print(n, min_total_sum(n))
            
        >>> Output:
            ---------------------------------------------------------------------------TypeError                                 Traceback (most recent call last)/tmp/ipykernel_731/31234779.py in <cell line: 0>()
                 27 
                 28 for n in range(3,7):
            ---> 29     print(n, min_total_sum(n))
            /tmp/ipykernel_731/31234779.py in min_total_sum(n)
                 19     b = np.array(b)
                 20     lin_con = LinearConstraint(A, b, np.full_like(b, np.inf))
            ---> 21     res = milp(c=c, constraints=lin_con, bounds=bounds, integrality=np.ones(m, dtype=int), options={'disp': False}, method='highs')
                 22     if not res.success:
                 23         print("fail", n, res.message)
            TypeError: milp() got an unexpected keyword argument 'method'

        [Turn 5 CODE]
        >>> Code:
            import inspect, scipy.optimize as opt, sys, textwrap, math, numpy as np, itertools, collections, fractions, random, decimal, statistics, json, os, typing, math, sys, math
            print(inspect.getsource(opt.milp))
            
        >>> Output:
            def milp(c, *, integrality=None, bounds=None, constraints=None, options=None):
                r"""
                Mixed-integer linear programming
            
                Solves problems of the following form:
            
                .. math::
            
                    \min_x \ & c^T x \\
                    \mbox{such that} \ & b_l \leq A x \leq b_u,\\
                    & l \leq x \leq u, \\
                    & x_i \in \mathbb{Z}, i \in X_i
            
                where :math:`x` is a vector of decision variables;
                :math:`c`, :math:`b_l`, :math:`b_u`, :math:`l`, and :math:`u` are vectors;
                :math:`A` is a matrix, and :math:`X_i` is the set of indices of
                decision variables that must be integral. (In this context, a
                variable that can assume only integer values is said to be "integral";
                it has an "integrality" constraint.)
            
                Alternatively, that's:
            
                minimize::
            
                    c @ x
            
                such that::
            
                    b_l <= A @ x <= b_u
                    l <= x <= u
                    Specified elements of x must be integers
            
                By default, ``l = 0`` and ``u = np.inf`` unless specified with
                ``bounds``.
            
                Parameters
                ----------
                c : 1D dense array_like
                    The coefficients of the linear objective function to be minimized.
                    `c` is converted to a double precision array before the problem is
                    solved.
                integrality : 1D dense array_like, optional
                    Indicates the type of integrality constraint on each decision variable.
            
                    ``0`` : Continuous variable; no integrality constraint.
            
                    ``1`` : Integer variable; decision variable must be an integer
                    within `bounds`.
            
                    ``2`` : Semi-continuous variable; decision variable must be within
            ... (200 lines total)

        [Turn 6 CODE]
        >>> Code:
            def min_total_sum(n):
                edges = list(combinations(range(n),2))
                m = len(edges)
                edge_index = {e:i for i,e in enumerate(edges)}
                c = np.ones(m)
                bounds = Bounds(np.ones(m), 3*np.ones(m))
                A = []
                b_l = []
                b_u = []
                for tri in combinations(range(n),3):
                    i,j,k = tri
                    idx1 = edge_index[tuple(sorted((i,j)))]
                    idx2 = edge_index[tuple(sorted((j,k)))]
                    idx3 = edge_index[tuple(sorted((i,k)))]
                    row = np.zeros(m)
                    row[idx1]=1; row[idx2]=1; row[idx3]=1
                    A.append(row)
                    b_l.append(5)
                    b_u.append(np.inf)
                A = np.array(A)
                b_l = np.array(b_l)
                b_u = np.array(b_u)
                lin_con = LinearConstraint(A, b_l, b_u)
                res = milp(c=c, constraints=lin_con, bounds=bounds, integrality=np.ones(m, dtype=int), options={'disp': False})
                if not res.success:
                    print("fail", n, res.message)
                    return None
                total = int(round(res.fun))
                return total
            
            for n in range(3,7):
                print(n, min_total_sum(n))
            
        >>> Output:
            3 5
            4 10
            5 18
            6 27
            

        [Turn 7 CODE]
        >>> Code:
            def avg_from_total(n,total):
                return total/(n*(n-1)/2)
            for n,total in [(3,5),(4,10),(5,18),(6,27)]:
                print(n, avg_from_total(n,total))
            
        >>> Output:
            3 1.6666666666666667
            4 1.6666666666666667
            5 1.8
            6 1.8
            

        [Turn 8 CODE]
        >>> Code:
            def cut_avg(n,a):
                cross = a*(n-a)
                internal = a*(a-1)//2 + (n-a)*(n-a-1)//2
                total = cross + 3*internal
                return total/(n*(n-1)/2)
            for n in [5,6]:
                for a in range(n+1):
                    print(n,a,cut_avg(n,a))
            
        >>> Output:
            5 0 3.0
            5 1 2.2
            5 2 1.8
            5 3 1.8
            5 4 2.2
            5 5 3.0
            6 0 3.0
            6 1 2.3333333333333335
            6 2 1.9333333333333333
            6 3 1.8
            6 4 1.9333333333333333
            6 5 2.3333333333333335
            6 6 3.0
            

        [Turn 9 CODE]
        >>> Code:
            for a in range(5):
                print(a, cut_avg(4,a))
            
        >>> Output:
            0 3.0
            1 2.0
            2 1.6666666666666667
            3 2.0
            4 3.0
            

        [Turn 10 CODE]
        >>> Code:
            n=9097
            best_a=None
            best_avg=10
            for a in range(n+1):
                av = cut_avg(n,a)
                if av<best_avg:
                    best_avg=av
                    best_a=a
            best_a,best_avg
            
        >>> Output:
            4548 1.999890073650654
            

        [Turn 11 CODE]
        >>> Code:
            cut_avg(n,4549)
            
        >>> Output:
            1.999890073650654
            

        [Turn 12 CODE]
        >>> Code:
            n=9097
            a=4548
            cross = a*(n-a)
            internal = a*(a-1)//2 + (n-a)*(n-a-1)//2
            total = cross + 3*internal
            M = n*(n-1)//2
            total, M, total/M
            
        >>> Output:
            82741764 41373156 1.999890073650654
            

        [Turn 13 CODE]
        >>> Code:
            def get_solution(n):
                edges = list(combinations(range(n),2))
                m = len(edges)
                edge_index = {e:i for i,e in enumerate(edges)}
                c = np.ones(m)
                bounds = Bounds(np.ones(m), 3*np.ones(m))
                A = []
                b_l = []
                b_u = []
                for tri in combinations(range(n),3):
                    i,j,k = tri
                    idx1 = edge_index[tuple(sorted((i,j)))]
                    idx2 = edge_index[tuple(sorted((j,k)))]
                    idx3 = edge_index[tuple(sorted((i,k)))]
                    row = np.zeros(m)
                    row[idx1]=1; row[idx2]=1; row[idx3]=1
                    A.append(row)
                    b_l.append(5)
                    b_u.append(np.inf)
                A = np.array(A); b_l=np.array(b_l); b_u=np.array(b_u)
                lin_con = LinearConstraint(A,b_l,b_u)
                res = milp(c=c, constraints=lin_con, bounds=bounds, integrality=np.ones(m,dtype=int), options={'disp': False})
                if not res.success:
                    print("fail")
                    return None
                assign = [int(round(v)) for v in res.x]
                return assign, edges
            
            assign, edges = get_solution(5)
            assign, edges[:5]
            
        >>> Output:
            [2, 1, 2, 2, 2, 1, 2, 2, 2, 2] [(0, 1), (0, 2), (0, 3), (0, 4), (1, 2)]
            

        [Turn 14 CODE]
        >>> Code:
            edge_vals = dict(zip(edges, assign))
            edge_vals
            
        >>> Output:
            {(0, 1): 2, (0, 2): 1, (0, 3): 2, (0, 4): 2, (1, 2): 2, (1, 3): 1, (1, 4): 2, (2, 3): 2, (2, 4): 2, (3, 4): 2}
            

        [Turn 15 CODE]
        >>> Code:
            import math, fractions, sympy as sp
            n=9097
            a=4548
            cross = a*(n-a)
            internal = a*(a-1)//2 + (n-a)*(n-a-1)//2
            total = cross + 3*internal
            M = n*(n-1)//2
            frac = fractions.Fraction(total, M)
            frac, frac.numerator, frac.denominator
            
        >>> Output:
            18193/9097 18193 9097
            

        [Turn 16 CODE]
        >>> Code:
            math.gcd(18193,9097)
            
        >>> Output:
            1
            

    --- Attempt 12 [CORRECT] answer=27290 expected=27290 temp=0.5 entropy=0.520 ---
        python_calls=8 errors=0 tokens=6776 time=106.3s time_left=343.6s
        source=streaming confidence=1.0 stop=max_turns
        vboxed_checkpoints: turn9=27290, turn9=27290, turn9=27290, turn9=27290, turn9=27290
        Libraries: from collections import defaultdict, from fractions import Fraction, from scipy.optimize import milp, LinearConstraint, Bounds, import itertools, import math, import numpy as np

        [Turn 1 CODE]
        >>> Code:
            n=9097
            k=(n-1)//2
            max_triangle_free = k*(k+1)
            E = n*(n-1)//2
            max_triangle_free, E
            
        >>> Output:
            20688852 41373156
            

        [Turn 2 CODE]
        >>> Code:
            S = 2*(E - max_triangle_free)
            avg_extra = S / E
            avg_extra
            
        >>> Output:
            0.9998900736506541
            

        [Turn 3 CODE]
        >>> Code:
            S_T = 2*(E - max_triangle_free)
            lower = (2/3)*E
            D = S_T - lower
            S_T, lower, D
            
        >>> Output:
            41368608 27582104.0 13786504.0
            

        [Turn 4 CODE]
        >>> Code:
            import itertools
            import math
            from collections import defaultdict
            
            def min_extra(n):
                # edges indexed by tuple (i,j) i<j
                edges = [(i,j) for i in range(n) for j in range(i+1,n)]
                m = len(edges)
                # map edge to index
                idx = {e:i for i,e in enumerate(edges)}
                # triangles list of edge indices
                triangles = []
                for a,b,c in itertools.combinations(range(n),3):
                    tri = [idx[tuple(sorted((a,b)))], idx[tuple(sorted((a,c)))], idx[tuple(sorted((b,c)))]]
                    triangles.append(tri)
                # ILP using pulp? not allowed. Use brute force for small n.
                best = None
                best_assign = None
                # brute force over 3^m possibilities quickly becomes huge. Use branch and bound? small n up to 7 maybe.
                # We'll use MILP via scipy.optimize.milp if available.
                from scipy.optimize import milp, LinearConstraint, Bounds
                import numpy as np
                c = np.ones(m)  # objective sum e
                A = []
                b = []
                for tri in triangles:
                    row = np.zeros(m)
                    row[tri] = 1
                    A.append(row)
                    b.append(2)  # >=2, we will convert to -row <= -2
                A = np.array(A)
                # constraints: A x >= 2
                # Convert to -A x <= -2
                A_ub = -A
                b_ub = -np.array(b)
                # bounds 0<=x<=2 integer
                bounds = Bounds(0,2)
                integrality = np.ones(m, dtype=int)
                res = milp(c=c, constraints=LinearConstraint(A_ub, -np.inf, b_ub), bounds=bounds, integrality=integrality, options={"presolve": True})
                if not res.success:
                    return None
                total = int(round(res.fun))
                return total
            
            for n in range(3,9):
                print(n, min_extra(n))
            
        >>> Output:
            3 2
            4 4
            5 8
            6 12
            7 18
            8 24
            

        [Turn 5 CODE]
        >>> Code:
            n=9097
            E = n*(n-1)//2
            k=(n-1)//2
            max_tf = k*(k+1)
            total_sum = 3*E - 2*max_tf
            total_sum
            
        >>> Output:
            82741764
            

        [Turn 6 CODE]
        >>> Code:
            from fractions import Fraction
            avg = Fraction(total_sum, E)
            avg
            
        >>> Output:
            18193/9097
            

        [Turn 7 CODE]
        >>> Code:
            float(avg)
            
        >>> Output:
            1.999890073650654
            

        [Turn 8 CODE]
        >>> Code:
            import math
            math.gcd(18193,9097)
            
        >>> Output:
            1
            

    --- Attempt 16 [CORRECT] answer=27290 expected=27290 temp=0.5 entropy=0.505 ---
        python_calls=8 errors=0 tokens=5298 time=107.6s time_left=342.2s
        source=streaming confidence=1.0 stop=max_turns
        Libraries: from math import comb, import itertools, import math, import sympy as sp

        [Turn 1 CODE]
        >>> Code:
            import sympy as sp
            
            n = 9097
            k = sp.symbols('k', integer=True)
            S = k*(n - k) + sp.Rational(3,2)*(k*(k-1) + (n - k)*(n - k -1))
            sp.simplify(S)
            
        >>> Output:
            2*k**2 - 18194*k + 124119468
            

        [Turn 2 CODE]
        >>> Code:
            def S_val(k):
                n=9097
                return 2*k**2 - 18194*k + 124119468
            for k in [4548,4549]:
                print(k, S_val(k))
            
        >>> Output:
            4548 82741764
            4549 82741764
            

        [Turn 3 CODE]
        >>> Code:
            from math import comb
            n=9097
            E=comb(n,2)
            S=82741764
            avg = sp.Rational(S, E)
            avg, float(avg)
            
        >>> Output:
            18193/9097 1.999890073650654
            

        [Turn 4 CODE]
        >>> Code:
            import itertools
            from math import comb
            
            def min_avg(n):
                edges = [(i,j) for i in range(n) for j in range(i+1,n)]
                m = len(edges)
                best = None
                best_assign = None
                # brute force all assignments of 1,2,3 for n small (n<=5 maybe)
                for assign in itertools.product([1,2,3], repeat=m):
                    # check triangle condition
                    ok=True
                    # map edge to label
                    label = {}
                    for (e,val) in zip(edges, assign):
                        label[e]=val
                    # iterate triangles
                    for a in range(n):
                        for b in range(a+1,n):
                            for c in range(b+1,n):
                                s = label[(a,b)] + label[(a,c)] + label[(b,c)]
                                if s<5:
                                    ok=False
                                    break
                            if not ok:
                                break
                        if not ok:
                            break
                    if ok:
                        total = sum(assign)
                        if best is None or total < best:
                            best=total
                            best_assign=assign
                return best, best_assign
            
            for n in range(3,7):
                best,total_assign = min_avg(n)
                print(n, best, best/comb(n,2))
            
        >>> Output:
            3 5 1.6666666666666667
            4 10 1.6666666666666667
            5 18 1.8
            6 27 1.8
            

        [Turn 5 CODE]
        >>> Code:
            def S_bip(n,k):
                return 2*k**2 - 2*n*k + n*(n-1)  # derived? Let's just compute via earlier expression
            def S_expr(n,k):
                return k*(n-k) + 3*(k*(k-1)//2 + (n-k)*(n-k-1)//2)
            for n in range(5,7):
                best=10**9
                bestk=None
                for k in range(1,n):
                    S=S_expr(n,k)
                    if S<best:
                        best=S; bestk=k
                print(n,best,bestk, best/comb(n,2))
            
        >>> Output:
            5 18 2 1.8
            6 27 3 1.8
            

        [Turn 6 CODE]
        >>> Code:
            for k in range(1,4):
                print(k, S_expr(4,k))
            
        >>> Output:
            1 12
            2 10
            3 12
            

        [Turn 7 CODE]
        >>> Code:
            print(S_expr(3,1))
            
        >>> Output:
            5
            

        [Turn 8 CODE]
        >>> Code:
            import math
            math.gcd(18193,9097)
            
        >>> Output:
            1
            

    --- Attempt 20 [CORRECT] answer=27290 expected=27290 temp=0.5 entropy=0.584 ---
        python_calls=8 errors=0 tokens=7838 time=117.0s time_left=332.8s
        source=final_channel confidence=0.7 stop=max_turns
        vboxed_checkpoints: turn9=27290
        Libraries: import math, import sympy as sp

        [Turn 1 CODE]
        >>> Code:
            import math
            n=9097
            a=n//2
            b=n-a
            cross=a*b
            internal= a*(a-1)//2 + b*(b-1)//2
            total = cross*1 + internal*3
            N = n*(n-1)//2
            avg = total / N
            total, N, avg
            
        >>> Output:
            82741764 41373156 1.999890073650654
            

        [Turn 2 CODE]
        >>> Code:
            def avg_for_a(a):
                n=9097
                b=n-a
                cross=a*b
                internal= a*(a-1)//2 + b*(b-1)//2
                total = cross*1 + internal*3
                N = n*(n-1)//2
                return total/N
            best=1
            best_a=None
            for a in range(1,9097):
                avg=avg_for_a(a)
                if avg<best:
                    best=avg
                    best_a=a
            best, best_a
            
        >>> Output:
            1 None
            

        [Turn 3 CODE]
        >>> Code:
            best=10
            best_a=None
            for a in range(1,9097):
                avg=avg_for_a(a)
                if avg<best:
                    best=avg
                    best_a=a
            best, best_a
            
        >>> Output:
            1.999890073650654 4548
            

        [Turn 4 CODE]
        >>> Code:
            n=9097
            a=n//2
            N=n*(n-1)//2
            avg = (2*N - a)/N
            avg
            
        >>> Output:
            1.999890073650654
            

        [Turn 5 CODE]
        >>> Code:
            total_match = 2*N - a
            total_bip = (a*(n-a))*1 + (a*(a-1)//2 + (n-a)*(n-a-1)//2)*3
            total_match, total_bip, total_match - total_bip
            
        >>> Output:
            82741764 82741764 0
            

        [Turn 6 CODE]
        >>> Code:
            n=9097
            S_lb = 5*n*(n-1)//6
            S_lb_exact = 5*n*(n-1)/6
            S_lb, S_lb_exact
            
        >>> Output:
            68955260 68955260.0
            

        [Turn 7 CODE]
        >>> Code:
            S_construct = n*(n-1) - a
            S_construct, S_lb_exact, S_construct - S_lb_exact
            
        >>> Output:
            82741764 68955260.0 13786504.0
            

        [Turn 8 CODE]
        >>> Code:
            import sympy as sp
            sp.gcd(18193,9097)
            
        >>> Output:
            1
            

        [Turn 9 REASONING] (14 chars)
        \Vboxed{27290}

    --- Attempt 19 [CORRECT] answer=27290 expected=27290 temp=0.5 entropy=0.481 ---
        python_calls=7 errors=0 tokens=7641 time=117.8s time_left=332.0s
        source=streaming confidence=1.0 stop=max_turns
        Libraries: from fractions import Fraction, import itertools, math, import math

        [Turn 1 CODE]
        >>> Code:
            import itertools, math
            
            def max_diff(N):
                vertices = list(range(N))
                max_val = -10**9
                best = None
                # enumerate all graphs (2^{C(N,2)}) huge, so limit N small
                edges = [(i,j) for i in range(N) for j in range(i+1,N)]
                M = len(edges)
                for mask in range(1<<M):
                    # build adjacency list for 1-edges
                    adj = [[] for _ in range(N)]
                    n1 = 0
                    ok = True
                    for idx, (i,j) in enumerate(edges):
                        if mask>>idx & 1:
                            # edge present (label 1)
                            # check triangle with another existing edge?
                            # need to ensure triangle-free: no three vertices all pairwise edges present
                            # We'll check later
                            adj[i].append(j)
                            adj[j].append(i)
                            n1 += 1
                    # triangle-free check
                    # for each triple
                    for a in range(N):
                        for b in range(a+1,N):
                            if b not in adj[a]: continue
                            for c in range(b+1,N):
                                if c in adj[a] and c in adj[b]:
                                    ok=False
                                    break
                            if not ok: break
                        if not ok: break
                    if not ok:
                        continue
                    # compute forced 3 edges: pairs with common neighbor
                    forced = set()
                    for w in range(N):
                        neigh = adj[w]
                        for i in range(len(neigh)):
                            for j in range(i+1,len(neigh)):
                                a,b = neigh[i], neigh[j]
                                if a>b: a,b=b,a
                                forced.add((a,b))
                    n3 = len(forced)
                    diff = n1 - n3
                    if diff > max_val:
                        max_val = diff
                        best = (mask, n1, n3)
                return max_val
            
            for N in range(2,8):
                print(N, max_diff(N))
            
        >>> Output:
            2 1
            3 1
            4 2
            5 2
            6 3
            7 3
            

        [Turn 2 CODE]
        >>> Code:
            N=9097
            E = N*(N-1)//2
            diff = N//2
            total = 2*E - diff
            total, E
            
        >>> Output:
            82741764 41373156
            

        [Turn 3 CODE]
        >>> Code:
            from fractions import Fraction
            avg = Fraction(total, E)
            avg
            
        >>> Output:
            18193/9097
            

        [Turn 4 CODE]
        >>> Code:
            float(avg)
            
        >>> Output:
            1.999890073650654
            

        [Turn 5 CODE]
        >>> Code:
            import math
            math.gcd(18193,9097)
            
        >>> Output:
            1
            

        [Turn 6 CODE]
        >>> Code:
            a=4548
            b=4549
            n1=a*b
            n3= (a*(a-1)//2)+(b*(b-1)//2)
            n1, n3, n1-n3
            
        >>> Output:
            20688852 20684304 4548
            

        [Turn 7 CODE]
        >>> Code:
            total2 = n1 + 3*n3
            total2, total
            
        >>> Output:
            82741764 82741764
            

    --- Attempt 21 [CORRECT] answer=27290 expected=27290 temp=0.5 entropy=0.507 ---
        python_calls=5 errors=0 tokens=6030 time=117.9s time_left=331.8s
        source=streaming confidence=1.0 stop=max_turns
        Libraries: import itertools, math, import math, import math, fractions, sys, itertools, collections, decimal, sympy as sp

        [Turn 1 CODE]
        >>> Code:
            import math, fractions, sys, itertools, collections, decimal, sympy as sp
            N=9097
            E=N*(N-1)//2
            M=N//2  # floor
            avg = sp.Rational(2) - sp.Rational(M, E)
            avg, sp.nsimplify(avg)
            
        >>> Output:
            18193/9097 18193/9097
            

        [Turn 2 CODE]
        >>> Code:
            num = 2*E - M
            den = E
            sp.Rational(num, den)
            
        >>> Output:
            18193/9097
            

        [Turn 3 CODE]
        >>> Code:
            import math
            math.gcd(18193,9097)
            
        >>> Output:
            1
            

        [Turn 4 CODE]
        >>> Code:
            import itertools, math
            def min_avg(N):
                E = N*(N-1)//2
                # enumerate all labelings? 3^E huge. For N up to 6 maybe.
                # Use ILP with pulp? Not allowed. Use brute force for N<=5.
                best = None
                best_labels=None
                edges = [(i,j) for i in range(N) for j in range(i+1,N)]
                for assign in itertools.product([1,2,3], repeat=len(edges)):
                    # quick prune: compute triangle sums
                    ok=True
                    # build dict
                    lab = {}
                    for e,val in zip(edges, assign):
                        lab[e]=val
                    # check triangles
                    for a in range(N):
                        for b in range(a+1,N):
                            for c in range(b+1,N):
                                s = lab[(a,b)]+lab[(a,c)]+lab[(b,c)]
                                if s<5:
                                    ok=False
                                    break
                            if not ok: break
                        if not ok: break
                    if ok:
                        total=sum(assign)
                        avg=total/E
                        if best is None or avg<best:
                            best=avg
                            best_labels=assign
                return best
            
            for N in range(2,7):
                print(N, min_avg(N))
            
        >>> Output:
            2 1.0
            3 1.6666666666666667
            4 1.6666666666666667
            5 1.8
            6 1.8
            

        [Turn 5 CODE]
        >>> Code:
            def formula(N):
                E=N*(N-1)//2
                return 2 - (N//2)/E
            for N in range(2,7):
                print(N, formula(N))
            
        >>> Output:
            2 1.0
            3 1.6666666666666667
            4 1.6666666666666667
            5 1.8
            6 1.8
            

    --- Attempt 4 [CORRECT] answer=27290 expected=27290 temp=0.5 entropy=0.547 ---
        python_calls=12 errors=0 tokens=8465 time=122.8s time_left=327.2s
        source=streaming confidence=1.0 stop=max_turns
        Libraries: from fractions import Fraction, import itertools, math, import itertools, math, sys, random, collections, functools, time, itertools, math, fractions, numpy as np, sympy as sp, import math, import math, fractions, itertools, sys, random, collections, decimal, fractions, numpy as np, sympy as sp

        [Turn 1 CODE]
        >>> Code:
            import math, fractions, itertools, sys, random, collections, decimal, fractions, numpy as np, sympy as sp
            N=9097
            a=N//2
            b=N-a
            prod=a*b
            E= N*(N-1)//2
            num1=prod
            num3=E-num1
            avg = (num1*1 + num3*3)/E
            avg_frac = fractions.Fraction(num1 + 3*num3, E)  # numerator total sum
            avg_frac, float(avg_frac)
            
        >>> Output:
            18193/9097 1.999890073650654
            

        [Turn 2 CODE]
        >>> Code:
            E= N*(N-1)//2
            num3 = (a*(a-1)//2)+(b*(b-1)//2)
            num3, E/2
            
        >>> Output:
            20684304 20686578.0
            

        [Turn 3 CODE]
        >>> Code:
            N=9097
            E = N*(N-1)//2
            num1 = N//2
            avg_frac = fractions.Fraction(num1 + 2*(E-num1), E)  # total sum = num1*1 + (E-num1)*2
            avg_frac, float(avg_frac)
            
        >>> Output:
            18193/9097 1.999890073650654
            

        [Turn 4 CODE]
        >>> Code:
            E
            
        >>> Output:
            41373156
            

        [Turn 5 CODE]
        >>> Code:
            avg1 = (3*E - 2*num1)/E
            avg2 = (2*E - num1)/E
            avg1, avg2
            
        >>> Output:
            2.999780147301308 1.999890073650654
            

        [Turn 6 CODE]
        >>> Code:
            num1_b = a*b
            num1_b
            
        >>> Output:
            20688852
            

        [Turn 7 CODE]
        >>> Code:
            from fractions import Fraction
            Fraction(num1_b, E)
            
        >>> Output:
            4549/9097
            

        [Turn 8 CODE]
        >>> Code:
            Fraction(num1, E)
            
        >>> Output:
            1/9097
            

        [Turn 9 CODE]
        >>> Code:
            import math
            num=18193
            den=9097
            math.gcd(num,den)
            
        >>> Output:
            1
            

        [Turn 10 CODE]
        >>> Code:
            def min_average(N):
                # construct matching labeling
                # edges: list of (i,j) label
                # compute max average maybe
                import itertools, math
                # create matching pairs (0,1),(2,3),...
                labels = {}
                for i in range(0,N-1,2):
                    labels[(i,i+1)] = 1
                # all other edges label 2
                for i in range(N):
                    for j in range(i+1,N):
                        if (i,j) not in labels:
                            labels[(i,j)] = 2
                # verify condition
                for a,b,c in itertools.combinations(range(N),3):
                    s = labels[tuple(sorted((a,b)))] + labels[tuple(sorted((a,c)))] + labels[tuple(sorted((b,c)))]
                    if s <5:
                        return False
                # compute average
                total = sum(labels.values())
                E = N*(N-1)//2
                return total/E
            
            for N in range(3,11):
                print(N, min_average(N))
            
        >>> Output:
            3 1.6666666666666667
            4 1.6666666666666667
            5 1.8
            6 1.8
            7 1.8571428571428572
            8 1.8571428571428572
            9 1.8888888888888888
            10 1.8888888888888888
            

        [Turn 11 CODE]
        >>> Code:
            def formula(N):
                E=N*(N-1)//2
                return 2 - (N//2)/E
            for N in range(3,11):
                print(N, formula(N))
            
        >>> Output:
            3 1.6666666666666667
            4 1.6666666666666667
            5 1.8
            6 1.8
            7 1.8571428571428572
            8 1.8571428571428572
            9 1.8888888888888888
            10 1.8888888888888888
            

        [Turn 12 CODE]
        >>> Code:
            import itertools, math, sys, random, collections, functools, time, itertools, math, fractions, numpy as np, sympy as sp
            def min_avg_bruteforce(N):
                edges = [(i,j) for i in range(N) for j in range(i+1,N)]
                E=len(edges)
                best = 10
                best_assign=None
                for labeling in itertools.product([1,2,3], repeat=E):
                    # quick prune: compute sum maybe
                    total=sum(labeling)
                    avg=total/E
                    if avg>=best: continue
                    # map
                    lab=dict(zip(edges,labeling))
                    ok=True
                    for a,b,c in itertools.combinations(range(N),3):
                        s=lab[(a,b)]+lab[(a,c)]+lab[(b,c)]
                        if s<5:
                            ok=False
                            break
                    if ok:
                        best=avg
                        best_assign=labeling
                return best, best_assign
            
            print(min_avg_bruteforce(5))
            
        >>> Output:
            (1.8, (1, 1, 1, 3, 3, 3, 1, 3, 1, 1))
            

    --- Attempt 1 [CORRECT] answer=27290 expected=27290 temp=0.5 entropy=0.543 ---
        python_calls=6 errors=0 tokens=6551 time=122.9s time_left=327.1s
        source=streaming confidence=1.0 stop=max_turns
        Libraries: import fractions, math, import itertools, math, import math

        [Turn 1 CODE]
        >>> Code:
            import math
            n=9097
            def total_sum(x):
                y=n-x
                return x*y + 3*(x*(x-1)//2 + y*(y-1)//2)
            def avg(x):
                return total_sum(x) / (n*(n-1)/2)
            best = min((avg(x),x) for x in range(1,n))
            best[:10]
            
        >>> Output:
            (1.999890073650654, 4548)
            

        [Turn 2 CODE]
        >>> Code:
            n=9097
            x=4548
            y=n-x
            S = x*y + 3*(x*(x-1)//2 + y*(y-1)//2)
            M = n*(n-1)//2
            S, M
            
        >>> Output:
            82741764 41373156
            

        [Turn 3 CODE]
        >>> Code:
            import fractions, math
            frac = fractions.Fraction(S, M)
            frac
            
        >>> Output:
            18193/9097
            

        [Turn 4 CODE]
        >>> Code:
            import itertools, math
            def min_avg(n):
                edges = [(i,j) for i in range(n) for j in range(i+1,n)]
                m = len(edges)
                best = None
                best_sum = None
                # iterate over assignments using base-3 representation
                for assign in itertools.product([1,2,3], repeat=m):
                    # quick prune: compute sum, if already >= best_sum skip? but best unknown initially
                    # check triangle constraints
                    ok=True
                    # build dict
                    val = {}
                    for e,lab in zip(edges, assign):
                        val[e]=lab
                    # iterate triangles
                    for a in range(n):
                        for b in range(a+1,n):
                            for c in range(b+1,n):
                                s = val[(a,b)] + val[(a,c)] + val[(b,c)]
                                if s <5:
                                    ok=False
                                    break
                            if not ok: break
                        if not ok: break
                    if ok:
                        total = sum(assign)
                        if best_sum is None or total < best_sum:
                            best_sum = total
                            best = assign
                if best_sum is None:
                    return None
                M = n*(n-1)//2
                return fractions.Fraction(best_sum, M)
            
            for n in range(3,7):
                print(n, min_avg(n))
            
        >>> Output:
            3 5/3
            4 5/3
            5 9/5
            6 9/5
            

        [Turn 5 CODE]
        >>> Code:
            def avg_bipartition(n):
                x=n//2
                y=n-x
                S = x*y + 3*(x*(x-1)//2 + y*(y-1)//2)
                M = n*(n-1)//2
                return fractions.Fraction(S,M)
            for n in range(3,9):
                print(n, avg_bipartition(n))
            
        >>> Output:
            3 5/3
            4 5/3
            5 9/5
            6 9/5
            7 13/7
            8 13/7
            

        [Turn 6 CODE]
        >>> Code:
            import math
            math.gcd(18193,9097)
            
        >>> Output:
            1
            

    --- Attempt 13 [CORRECT] answer=27290 expected=27290 temp=0.5 entropy=0.478 ---
        python_calls=12 errors=1 tokens=6580 time=125.0s time_left=324.8s
        source=streaming confidence=1.0 stop=max_turns
        Libraries: from fractions import Fraction, from scipy.optimize import milp, LinearConstraint, Bounds, import itertools, math, import math, import numpy as np, itertools, math, sys, time, collections, random, functools, math, itertools, sys, math

        [Turn 1 CODE]
        >>> Code:
            N=9097
            k=(N-1)//2
            x=k*(k+1)
            E=N*(N-1)//2
            x, E
            
        >>> Output:
            20688852 41373156
            

        [Turn 2 CODE]
        >>> Code:
            from fractions import Fraction
            avg = Fraction(3*E - 2*x, E)
            avg
            
        >>> Output:
            18193/9097
            

        [Turn 3 CODE]
        >>> Code:
            float(avg)
            
        >>> Output:
            1.999890073650654
            

        [Turn 4 CODE [ERROR]]
        >>> Code:
            import itertools, math
            def min_average(N):
                edges = [(i,j) for i in range(N) for j in range(i+1,N)]
                m = len(edges)
                # ILP using brute force for very small N (N<=6)
                best = None
                best_assign = None
                for labels in itertools.product([1,2,3], repeat=m):
                    ok=True
                    # check triangles
                    for a,b,c in itertools.combinations(range(N),3):
                        # get edge indices
                        def idx(u,v):
                            if u>v: u,v=v,u
                            return edges.index((u,v))
                        s = labels[idx(a,b)] + labels[idx(a,c)] + labels[idx(b,c)]
                        if s <5:
                            ok=False
                            break
                    if ok:
                        total=sum(labels)
                        if best is None or total<best:
                            best=total
                            best_assign=labels
                if best is None:
                    return None
                avg = best / (N*(N-1)/2)
                return best, avg, best_assign
            
            for N in range(3,7):
                print(N, min_average(N)[:2])
            
        >>> Output:
            [ERROR] Execution timed out after 30 seconds

        [Turn 5 CODE]
        >>> Code:
            def min_average_bruteforce(N):
                edges = [(i,j) for i in range(N) for j in range(i+1,N)]
                m = len(edges)
                best = None
                for labels in itertools.product([1,2,3], repeat=m):
                    ok=True
                    for a,b,c in itertools.combinations(range(N),3):
                        # compute sum
                        s = 0
                        for (u,v) in [(a,b),(a,c),(b,c)]:
                            if u>v: u,v=v,u
                            idx = edges.index((u,v))
                            s += labels[idx]
                        if s<5:
                            ok=False
                            break
                    if ok:
                        total=sum(labels)
                        if best is None or total<best:
                            best=total
                if best is None:
                    return None
                avg = best / (N*(N-1)/2)
                return best, avg
            
            for N in range(3,6):
                print(N, min_average_bruteforce(N))
            
        >>> Output:
            3 (5, 1.6666666666666667)
            4 (10, 1.6666666666666667)
            5 (18, 1.8)
            

        [Turn 6 CODE]
        >>> Code:
            import numpy as np, itertools, math, sys, time, collections, random, functools, math, itertools, sys, math
            from scipy.optimize import milp, LinearConstraint, Bounds
            
            def min_average_scipy(N):
                E = N*(N-1)//2
                # variables x_i in {1,2,3}
                # encode as integer variables with bounds 1..3
                c = np.ones(E)  # objective minimize sum
                # constraints: for each triangle sum >=5
                A = []
                b = []
                # map edge index
                edge_index = {}
                idx = 0
                for i in range(N):
                    for j in range(i+1,N):
                        edge_index[(i,j)] = idx
                        idx+=1
                for a,bv,cv in itertools.combinations(range(N),3):
                    row = np.zeros(E, dtype=int)
                    for (u,v) in [(a,bv),(a,cv),(bv,cv)]:
                        if u>v: u,v=v,u
                        row[edge_index[(u,v)]] = 1
                    A.append(-row)  # -sum <= -5
                    b.append(-5)
                A = np.array(A)
                b = np.array(b)
                # variable integrality
                integrality = np.ones(E, dtype=int)
                bounds = Bounds(1,3)
                res = milp(c=c, constraints=LinearConstraint(A, -np.inf, b), bounds=bounds, integrality=integrality, options={'disp': False})
                if not res.success:
                    return None
                total = int(round(res.fun))
                avg = total / E
                return total, avg
            
            print(min_average_scipy(6))
            
        >>> Output:
            (27, 1.8)
            

        [Turn 7 CODE]
        >>> Code:
            def get_solution(N):
                E = N*(N-1)//2
                c = np.ones(E)
                edge_index={}
                idx=0
                for i in range(N):
                    for j in range(i+1,N):
                        edge_index[(i,j)]=idx
                        idx+=1
                A=[]
                b=[]
                for a,bv,cv in itertools.combinations(range(N),3):
                    row=np.zeros(E,dtype=int)
                    for (u,v) in [(a,bv),(a,cv),(bv,cv)]:
                        if u>v: u,v=v,u
                        row[edge_index[(u,v)]]=1
                    A.append(-row)
                    b.append(-5)
                A=np.array(A)
                b=np.array(b)
                integrality=np.ones(E,dtype=int)
                bounds=Bounds(1,3)
                res=milp(c=c, constraints=LinearConstraint(A,-np.inf,b), bounds=bounds, integrality=integrality, options={'disp': False})
                labels = np.rint(res.x).astype(int)
                # build adjacency matrix
                mat=np.zeros((N,N),int)
                for (i,j),idx in edge_index.items():
                    mat[i,j]=mat[j,i]=labels[idx]
                return labels, mat
            
            labels, mat = get_solution(6)
            labels, mat
            
        >>> Output:
            [3 2 1 2 1 2 1 2 1 2 1 2 2 3 2] [[0 3 2 1 2 1]
             [3 0 2 1 2 1]
             [2 2 0 2 1 2]
             [1 1 2 0 2 3]
             [2 2 1 2 0 2]
             [1 1 2 3 2 0]]
            

        [Turn 8 CODE]
        >>> Code:
            def min_average_milp(N):
                E = N*(N-1)//2
                c = np.ones(E)
                edge_index={}
                idx=0
                for i in range(N):
                    for j in range(i+1,N):
                        edge_index[(i,j)]=idx
                        idx+=1
                rows=[]
                lbs=[]
                for a,b,cv in itertools.combinations(range(N),3):
                    row=np.zeros(E,dtype=int)
                    for (u,v) in [(a,b),(a,cv),(b,cv)]:
                        if u>v: u,v=v,u
                        row[edge_index[(u,v)]]=1
                    rows.append(-row)
                    lbs.append(-5)
                A=np.array(rows)
                b=np.array(lbs)
                integrality=np.ones(E,dtype=int)
                bounds=Bounds(1,3)
                res=milp(c=c, constraints=LinearConstraint(A,-np.inf,b), bounds=bounds, integrality=integrality, options={'disp': False})
                if not res.success:
                    return None
                total=int(round(res.fun))
                return total, total/E
            
            print(min_average_milp(7))
            
        >>> Output:
            (39, 1.8571428571428572)
            

        [Turn 9 CODE]
        >>> Code:
            print(min_average_milp(8))
            
        >>> Output:
            (52, 1.8571428571428572)
            

        [Turn 10 CODE]
        >>> Code:
            print(min_average_milp(9))
            
        >>> Output:
            (68, 1.8888888888888888)
            

        [Turn 11 CODE]
        >>> Code:
            print(min_average_milp(10))
            
        >>> Output:
            (85, 1.8888888888888888)
            

        [Turn 12 CODE]
        >>> Code:
            import math
            math.gcd(18193,9097)
            
        >>> Output:
            1
            

    --- Attempt 7 [CORRECT] answer=27290 expected=27290 temp=0.5 entropy=0.556 ---
        python_calls=13 errors=0 tokens=8750 time=125.4s time_left=324.6s
        source=streaming confidence=1.0 stop=max_turns
        Libraries: import itertools, math, sys, numpy as np, scipy.optimize as opt, math, random, import math, import math, fractions, sys, itertools, collections, random, decimal, statistics, numpy as np, sympy as sp, math, itertools, fractions, collections, decimal, statistics, random, sys, os, json, typing, hashlib

        [Turn 1 CODE]
        >>> Code:
            import math, fractions, sys, itertools, collections, random, decimal, statistics, numpy as np, sympy as sp, math, itertools, fractions, collections, decimal, statistics, random, sys, os, json, typing, hashlib
        >>> Output:
            [WARN] No output. Use print() to see results.

        [Turn 2 CODE]
        >>> Code:
            n=9097
            total = (n-1)*1 + math.comb(n-1,2)*3
            avg = total / math.comb(n,2)
            total, avg
        >>> Output:
            124101276 2.9995602946026163
            

        [Turn 3 CODE]
        >>> Code:
            n=9097
            E=math.comb(n,2)
            total=2*E - 4548
            avg=total/E
            E, avg
        >>> Output:
            41373156 1.999890073650654
            

        [Turn 4 CODE]
        >>> Code:
            import itertools, math, sys, numpy as np, scipy.optimize as opt, math, random
        >>> Output:
            [WARN] No output. Use print() to see results.

        [Turn 5 CODE]
        >>> Code:
            def min_total_sum(n):
                # edges index mapping
                edges = [(i,j) for i in range(n) for j in range(i+1,n)]
                m = len(edges)
                edge_index = {e:i for i,e in enumerate(edges)}
                # objective coefficients
                c = np.ones(m)
                # constraints: for each triangle, sum >=5
                A = []
                b = []
                for i in range(n):
                    for j in range(i+1,n):
                        for k in range(j+1,n):
                            row = np.zeros(m)
                            row[edge_index[(i,j)]] = 1
                            row[edge_index[(i,k)]] = 1
                            row[edge_index[(j,k)]] = 1
                            A.append(-row)  # -sum <= -5
                            b.append(-5)
                A = np.array(A)
                b = np.array(b)
                # bounds 1 to 3
                bounds = opt.Bounds(1,3)
                # integrality: all variables integer
                integrality = np.ones(m, dtype=int)
                res = opt.milp(c=c, constraints=opt.LinearConstraint(A, -np.inf, b), bounds=bounds,
                               integrality=integrality, options={'presolve': True})
                if not res.success:
                    print("fail", n)
                    return None
                total = sum(res.x)
                return total, res.x
            
            for n in range(4,8):
                total,_ = min_total_sum(n)
                E = math.comb(n,2)
                avg = total/E
                print(n, total, avg, "formula", (2*n-1)/n)
            
        >>> Output:
            4 10.0 1.6666666666666667 formula 1.75
            5 18.000000000000014 1.8000000000000014 formula 1.8
            6 27.0 1.8 formula 1.8333333333333333
            7 38.99999999999882 1.857142857142801 formula 1.8571428571428572
            

        [Turn 6 CODE]
        >>> Code:
            total,_=min_total_sum(8)
            E=math.comb(8,2)
            print(total, total/E, "formula", (2*8-1)/8)
            
        >>> Output:
            51.99999999999889 1.8571428571428175 formula 1.875
            

        [Turn 7 CODE]
        >>> Code:
            def get_solution(n):
                edges = [(i,j) for i in range(n) for j in range(i+1,n)]
                m=len(edges)
                edge_index={e:i for i,e in enumerate(edges)}
                c=np.ones(m)
                A=[]
                b=[]
                for i in range(n):
                    for j in range(i+1,n):
                        for k in range(j+1,n):
                            row=np.zeros(m)
                            row[edge_index[(i,j)]]=1
                            row[edge_index[(i,k)]]=1
                            row[edge_index[(j,k)]]=1
                            A.append(-row)
                            b.append(-5)
                A=np.array(A); b=np.array(b)
                bounds=opt.Bounds(1,3)
                integrality=np.ones(m,dtype=int)
                res=opt.milp(c=c, constraints=opt.LinearConstraint(A,-np.inf,b), bounds=bounds, integrality=integrality)
                return res, edges
            
            res, edges = get_solution(8)
            labels = {e:int(round(v)) for e,v in zip(edges,res.x)}
            labels
            
        >>> Output:
            {(0, 1): 2, (0, 2): 2, (0, 3): 2, (0, 4): 1, (0, 5): 2, (0, 6): 1, (0, 7): 3, (1, 2): 1, (1, 3): 3, (1, 4): 2, (1, 5): 1, (1, 6): 2, (1, 7): 2, (2, 3): 1, (2, 4): 2, (2, 5): 3, (2, 6): 2, (2, 7): 2, (3, 4): 2, (3, 5): 1, (3, 6): 2, (3, 7): 2, (4, 5): 2, (4, 6): 3, (4, 7): 1, (5, 6): 2, (5, 7): 2, (6, 7): 1}
            

        [Turn 8 CODE]
        >>> Code:
            def avg_for_partition(n,p):
                q=n-p
                total = p*q + 3*(p*(p-1)//2 + q*(q-1)//2)
                E = n*(n-1)//2
                return total/E
            
            n=9097
            best = None
            bestp=None
            for p in range(1,n):
                avg=avg_for_partition(n,p)
                if best is None or avg<best:
                    best=avg
                    bestp=p
            best, bestp
        >>> Output:
            1.999890073650654 4548
            

        [Turn 9 CODE]
        >>> Code:
            p=4548
            q=9097-p
            total = p*q + 3*(p*(p-1)//2 + q*(q-1)//2)
            total, total/ (9097*9096//2)
            
        >>> Output:
            82741764 1.999890073650654
            

        [Turn 10 CODE]
        >>> Code:
            p=4548
            q=4549
            p*q
            
        >>> Output:
            20688852
            

        [Turn 11 CODE]
        >>> Code:
            p=4548
            q=4549
            three = p*(p-1)//2 + q*(q-1)//2
            three
            
        >>> Output:
            20684304
            

        [Turn 12 CODE]
        >>> Code:
            p*q - three
            
        >>> Output:
            4548
            

        [Turn 13 CODE]
        >>> Code:
            import math
            n=9097
            m=2*n-1
            g=math.gcd(m,n)
            g
            
        >>> Output:
            1
            

    --- Attempt 3 [CORRECT] answer=27290 expected=27290 temp=0.5 entropy=0.477 ---
        python_calls=4 errors=0 tokens=7240 time=130.5s time_left=319.5s
        source=streaming confidence=1.0 stop=max_turns
        vboxed_checkpoints: turn5=1
        Libraries: import itertools, math, import math

        [Turn 1 CODE]
        >>> Code:
            import math
            def avg_bipartite(n):
                a = n//2
                b = n - a
                e1 = a*b
                N = n*(n-1)//2
                total = e1*1 + (N - e1)*3
                return total/N
            for n in [5,6,7,8,9,10]:
                print(n, avg_bipartite(n))
            
        >>> Output:
            5 1.8
            6 1.8
            7 1.8571428571428572
            8 1.8571428571428572
            9 1.8888888888888888
            10 1.8888888888888888
            

        [Turn 2 CODE]
        >>> Code:
            import math
            g = math.gcd(18193,9097)
            g
            
        >>> Output:
            1
            

        [Turn 3 CODE]
        >>> Code:
            def min_average_bruteforce(n):
                # brute force search over all labelings? impossible for n>5.
                pass
            
        >>> Output:
            [WARN] No output. Use print() to see results.

        [Turn 4 CODE]
        >>> Code:
            import itertools, math
            
            def min_avg_small(n):
                edges = [(i,j) for i in range(n) for j in range(i+1,n)]
                best = None
                for labeling in itertools.product([1,2,3], repeat=len(edges)):
                    # check condition
                    ok=True
                    # map edge to label
                    lab = {}
                    for (e,l) in zip(edges,labeling):
                        lab[e]=l
                    # triangles
                    for a in range(n):
                        for b in range(a+1,n):
                            for c in range(b+1,n):
                                s = lab[(a,b)]+lab[(a,c)]+lab[(b,c)]
                                if s<5:
                                    ok=False
                                    break
                            if not ok: break
                        if not ok: break
                    if ok:
                        total = sum(labeling)
                        avg = total/ (n*(n-1)/2)
                        if best is None or avg<best:
                            best=avg
                return best
            
            for n in range(3,7):
                print(n, min_avg_small(n))
            
        >>> Output:
            3 1.6666666666666667
            4 1.6666666666666667
            5 1.8
            6 1.8
            

    --- Attempt 17 [CORRECT] answer=27290 expected=27290 temp=0.5 entropy=0.543 ---
        python_calls=9 errors=1 tokens=7298 time=132.4s time_left=317.4s
        source=streaming confidence=1.0 stop=max_turns
        Libraries: from math import gcd, import itertools, math, import math

        [Turn 1 CODE]
        >>> Code:
            import math
            n=9097
            a=(n-1)//2
            b=n-a
            benefit = a*b - (a*(a-1)//2 + b*(b-1)//2)
            benefit, a, b
            
        >>> Output:
            4548 4548 4549
            

        [Turn 2 CODE]
        >>> Code:
            a*b
            
        >>> Output:
            20688852
            

        [Turn 3 CODE]
        >>> Code:
            n=9097
            N = n*(n-1)//2
            N
            
        >>> Output:
            41373156
            

        [Turn 4 CODE]
        >>> Code:
            2*N - 4548
            
        >>> Output:
            82741764
            

        [Turn 5 CODE]
        >>> Code:
            from math import gcd
            num = 2*N - 4548
            den = N
            g = gcd(num, den)
            num_s = num//g
            den_s = den//g
            g, num_s, den_s
            
        >>> Output:
            4548 18193 9097
            

        [Turn 6 CODE]
        >>> Code:
            18193/9097
            
        >>> Output:
            1.999890073650654
            

        [Turn 7 CODE]
        >>> Code:
            n=9097
            max_edges_triangle_free = (n**2)//4
            max_edges_triangle_free
            
        >>> Output:
            20688852
            

        [Turn 8 CODE [ERROR]]
        >>> Code:
            def min_average(n):
                # brute force search for small n (n<=6 maybe) all labelings 1..3 meeting triangle condition, compute min average
                import itertools, math
                edges = [(i,j) for i in range(n) for j in range(i+1,n)]
                m = len(edges)
                best = 3*m  # max sum
                for labels in itertools.product([1,2,3], repeat=m):
                    # check triangles
                    ok=True
                    # map edge to label
                    label_dict = {edges[i]: labels[i] for i in range(m)}
                    for a in range(n):
                        for b in range(a+1,n):
                            for c in range(b+1,n):
                                s = label_dict[(a,b)] + label_dict[(a,c)] + label_dict[(b,c)]
                                if s<5:
                                    ok=False
                                    break
                            if not ok: break
                        if not ok: break
                    if ok:
                        total = sum(labels)
                        if total<best:
                            best=total
                return best, m
            
            for n in range(3,8):
                best,m = min_average(n)
                avg = best/m
                print(n, best, m, avg)
            
        >>> Output:
            [ERROR] Execution timed out after 30 seconds

        [Turn 9 CODE]
        >>> Code:
            def min_average_small(n):
                import itertools, math
                edges = [(i,j) for i in range(n) for j in range(i+1,n)]
                m = len(edges)
                best = 3*m+1
                for labels in itertools.product([1,2,3], repeat=m):
                    ok=True
                    # quick prune: if any triangle sum<5
                    # compute label dict
                    ld = {}
                    for idx, e in enumerate(edges):
                        ld[e]=labels[idx]
                    for a in range(n):
                        for b in range(a+1,n):
                            for c in range(b+1,n):
                                if ld[(a,b)]+ld[(a,c)]+ld[(b,c)]<5:
                                    ok=False
                                    break
                            if not ok: break
                        if not ok: break
                    if ok:
                        total=sum(labels)
                        if total<best:
                            best=total
                return best, m
            
            for n in range(3,6):
                best,m=min_average_small(n)
                print(n,best,m,best/m)
            
        >>> Output:
            3 5 3 1.6666666666666667
            4 10 6 1.6666666666666667
            5 18 10 1.8
            

    --- Attempt 15 [CORRECT] answer=27290 expected=27290 temp=0.5 entropy=0.514 ---
        python_calls=8 errors=0 tokens=9307 time=148.8s time_left=301.0s
        source=streaming confidence=1.0 stop=max_turns
        Libraries: from math import comb, import itertools, import math

        [Turn 1 CODE]
        >>> Code:
            N=9097
            a=N//2  # floor
            b=N-a
            S = a*b + 3*(a*(a-1)//2 + b*(b-1)//2)
            M = N*(N-1)//2
            S, M, S/M
            
        >>> Output:
            82741764 41373156 1.999890073650654
            

        [Turn 2 CODE]
        >>> Code:
            a=4548
            b=4549
            D = a*b - (a*(a-1)//2 + b*(b-1)//2)
            D
            
        >>> Output:
            4548
            

        [Turn 3 CODE]
        >>> Code:
            def max_D(N):
                # brute force over all possible 1-graphs? impossible for large N.
                pass
            
        >>> Output:
            [WARN] No output. Use print() to see results.

        [Turn 4 CODE]
        >>> Code:
            def D_bip(N,a):
                b=N-a
                return a*b - (a*(a-1)//2 + b*(b-1)//2)
            for N in [5,7,9,11]:
                best=0
                best_a=0
                for a in range(1,N):
                    d=D_bip(N,a)
                    if d>best:
                        best=d; best_a=a
                print(N,best,best_a)
            
        >>> Output:
            5 2 2
            7 3 3
            9 4 4
            11 5 5
            

        [Turn 5 CODE]
        >>> Code:
            N=9097
            S2 = (N-1)*(2*N-1)//2
            S2
            
        >>> Output:
            82741764
            

        [Turn 6 CODE]
        >>> Code:
            import math
            num=18193
            den=9097
            math.gcd(num,den)
            
        >>> Output:
            1
            

        [Turn 7 CODE]
        >>> Code:
            import itertools
            def min_average(N):
                M = N*(N-1)//2
                best = None
                # enumerate all labelings? 3^M huge even for N=6 (15 edges => 3^15 ~ 14 million) maybe doable for N up to 5.
                # We'll brute for N up to 5.
                from math import comb
                edges = [(i,j) for i in range(N) for j in range(i+1,N)]
                M = len(edges)
                best_sum = 10**9
                for labeling in itertools.product([1,2,3], repeat=M):
                    # check triangle condition
                    ok=True
                    # build dict
                    lab = {}
                    for e,l in zip(edges,labeling):
                        lab[e]=l
                    # iterate triangles
                    for a in range(N):
                        for b in range(a+1,N):
                            for c in range(b+1,N):
                                s = lab[(a,b)]+lab[(a,c)]+lab[(b,c)]
                                if s<5:
                                    ok=False
                                    break
                            if not ok:
                                break
                        if not ok:
                            break
                    if ok:
                        total = sum(labeling)
                        if total < best_sum:
                            best_sum = total
                return best_sum, M
            
            for N in range(3,7):
                best_sum, M = min_average(N)
                avg = best_sum / M
                print(N, best_sum, M, avg, "theoretical", (2*N-1)/N)
            
        >>> Output:
            3 5 3 1.6666666666666667 theoretical 1.6666666666666667
            4 10 6 1.6666666666666667 theoretical 1.75
            5 18 10 1.8 theoretical 1.8
            6 27 15 1.8 theoretical 1.8333333333333333
            

        [Turn 8 CODE]
        >>> Code:
            def find_opt(N):
                edges = [(i,j) for i in range(N) for j in range(i+1,N)]
                M = len(edges)
                best_sum=10**9
                best=None
                for labeling in itertools.product([1,2,3], repeat=M):
                    lab=dict(zip(edges,labeling))
                    ok=True
                    for a in range(N):
                        for b in range(a+1,N):
                            for c in range(b+1,N):
                                if lab[(a,b)]+lab[(a,c)]+lab[(b,c)]<5:
                                    ok=False
                                    break
                            if not ok: break
                        if not ok: break
                    if ok:
                        total=sum(labeling)
                        if total<best_sum:
                            best_sum=total
                            best=lab
                return best_sum,best
            
            best_sum,lab=find_opt(4)
            best_sum, lab
            
        >>> Output:
            10 {(0, 1): 1, (0, 2): 1, (0, 3): 3, (1, 2): 3, (1, 3): 1, (2, 3): 1}
            

    --- Attempt 14 [CORRECT] answer=27290 expected=27290 temp=0.5 entropy=0.460 ---
        python_calls=24 errors=7 tokens=16461 time=319.1s time_left=130.7s
        source=streaming confidence=1.0 stop=max_turns
        Libraries: from fractions import Fraction, import itertools, import itertools, math, import math, import random, itertools, math

        [Turn 1 CODE]
        >>> Code:
            N=9097
            a=4548
            b=4549
            val=2*a*b - (a*(a-1)//2 + b*(b-1)//2)
            val
            
        >>> Output:
            20693400
            

        [Turn 2 CODE]
        >>> Code:
            N=9097
            E=N*(N-1)//2
            x=a*b  # number of 1-edges
            z= a*(a-1)//2 + b*(b-1)//2  # forced 3 edges
            S=2*E - 2*x + z
            avg=S/E
            S, E, avg
            
        >>> Output:
            62052912 41373156 1.499835110475981
            

        [Turn 3 CODE]
        >>> Code:
            from fractions import Fraction
            avg=Fraction(S, E)
            avg
            
        >>> Output:
            13644/9097
            

        [Turn 4 CODE]
        >>> Code:
            x=4548
            z=0
            S=2*E - 2*x + z
            Fraction(S, E)
            
        >>> Output:
            18192/9097
            

        [Turn 5 CODE]
        >>> Code:
            float(Fraction(18192,9097))
            
        >>> Output:
            1.9997801473013082
            

        [Turn 6 CODE [ERROR]]
        >>> Code:
            import itertools
            from fractions import Fraction
            
            def min_avg(N):
                best=Fraction(10,1)
                bestH=None
                vertices=list(range(N))
                edges = [(i,j) for i in range(N) for j in range(i+1,N)]
                E=len(edges)
                for mask in range(1<<len(edges)):
                    H=set()
                    for idx,e in enumerate(edges):
                        if mask>>idx &1:
                            H.add(e)
                    # compute forced 3 edges
                    # distance-2 pairs not in H
                    forced=set()
                    # adjacency list
                    adj=[set() for _ in range(N)]
                    for u,v in H:
                        adj[u].add(v); adj[v].add(u)
                    for v in range(N):
                        neigh=list(adj[v])
                        for i in range(len(neigh)):
                            for j in range(i+1,len(neigh)):
                                a,b=neigh[i],neigh[j]
                                if a>b: a,b=b,a
                                if (a,b) not in H:
                                    forced.add((a,b))
                    z=len(forced)
                    x=len(H)
                    S=2*E - 2*x + z
                    avg=Fraction(S,E)
                    if avg<best:
                        best=avg
                        bestH=H
                return best, bestH
            
            for N in range(3,9):
                best,_=min_avg(N)
                print(N, best, float(best))
            
        >>> Output:
            [ERROR] Execution timed out after 30 seconds

        [Turn 7 CODE]
        >>> Code:
            import math
            num=3*(9097-1)
            den=2*9097
            g=math.gcd(num,den)
            num//g, den//g, g
            
        >>> Output:
            13644 9097 2
            

        [Turn 8 CODE [ERROR]]
        >>> Code:
            import itertools, math
            from fractions import Fraction
            
            def min_avg_trianglefree(N):
                vertices=range(N)
                edges=[(i,j) for i in range(N) for j in range(i+1,N)]
                E=len(edges)
                best=Fraction(10,1)
                for mask in range(1<<E):
                    H=set()
                    triangle=False
                    for idx,(i,j) in enumerate(edges):
                        if mask>>idx &1:
                            H.add((i,j))
                    # check triangle-free
                    # build adjacency
                    adj=[set() for _ in range(N)]
                    for i,j in H:
                        adj[i].add(j); adj[j].add(i)
                    for a in range(N):
                        for b in adj[a]:
                            for c in adj[b]:
                                if c!=a and c in adj[a]:
                                    triangle=True
                                    break
                            if triangle: break
                        if triangle: break
                    if triangle:
                        continue
                    # compute forced 3 edges (distance-2 pairs)
                    forced=set()
                    for v in range(N):
                        neigh=list(adj[v])
                        for i in range(len(neigh)):
                            for j in range(i+1,len(neigh)):
                                a,b=neigh[i],neigh[j]
                                if a>b: a,b=b,a
                                if (a,b) not in H:
                                    forced.add((a,b))
                    x=len(H)
                    z=len(forced)
                    S=2*E - 2*x + z
                    avg=Fraction(S,E)
                    if avg<best:
                        best=avg
                return best
            
            for N in range(3,9):
                print(N, min_avg_trianglefree(N))
            
        >>> Output:
            [ERROR] Execution timed out after 30 seconds

        [Turn 9 CODE]
        >>> Code:
            N=9097
            a=4548
            b=4549
            E=N*(N-1)//2
            x=a*b
            z=a*(a-1)//2 + b*(b-1)//2
            y=E - x - z
            S = x + 2*y + 3*z
            Fraction(S, E)
            
        >>> Output:
            18193/9097
            

        [Turn 10 CODE]
        >>> Code:
            float(Fraction(18193,9097))
            
        >>> Output:
            1.999890073650654
            

        [Turn 11 CODE]
        >>> Code:
            2*E - 2*x + z
            
        >>> Output:
            62052912
            

        [Turn 12 CODE]
        >>> Code:
            Fraction(62052912, E)
            
        >>> Output:
            13644/9097
            

        [Turn 13 CODE]
        >>> Code:
            2*E - x + z
            
        >>> Output:
            82741764
            

        [Turn 14 CODE]
        >>> Code:
            2*E - x + z == S
            
        >>> Output:
            True
            

        [Turn 15 CODE]
        >>> Code:
            S
            
        >>> Output:
            82741764
            

        [Turn 16 CODE]
        >>> Code:
            x=4548
            z=0
            y=E - x - z
            S2 = x + 2*y + 3*z
            Fraction(S2, E)
            
        >>> Output:
            18193/9097
            

        [Turn 17 CODE [ERROR]]
        >>> Code:
            def max_x_minus_z(N):
                vertices=range(N)
                edges=[(i,j) for i in range(N) for j in range(i+1,N)]
                E=len(edges)
                max_val=-1
                best=None
                for mask in range(1<<E):
                    H=set()
                    for idx,(i,j) in enumerate(edges):
                        if mask>>idx &1:
                            H.add((i,j))
                    # check triangle condition: no triangle with sum<5 i.e., no triangle with 3 ones or two ones and a 2.
                    # Since we only have 1-edges (H). Triangles with 3 ones are forbidden. Also triangle with exactly two 1 edges and the third edge would be 2 (if we later label it 2) is forbidden. So we must ensure H has no path of length 2? Actually condition for labeling later: if H has a vertex with two incident 1-edges, then the edge between those neighbors must be 3, not 2. That's okay. So H can have such configuration.
                    # For computing x - z, we need forced 3 edges as described.
                    # Compute forced 3 edges:
                    adj=[set() for _ in range(N)]
                    for i,j in H:
                        adj[i].add(j); adj[j].add(i)
                    forced=set()
                    for v in range(N):
                        neigh=list(adj[v])
                        for i in range(len(neigh)):
                            for j in range(i+1,len(neigh)):
                                a,b=neigh[i],neigh[j]
                                if a>b: a,b=b,a
                                if (a,b) not in H:
                                    forced.add((a,b))
                    x=len(H)
                    z=len(forced)
                    val = x - z
                    if val>max_val:
                        max_val=val
                        best=H
                return max_val
            
            for N in range(3,9):
                print(N, max_x_minus_z(N))
            
        >>> Output:
            [ERROR] Execution timed out after 30 seconds

        [Turn 18 CODE]
        >>> Code:
            import random, itertools, math
            
            def compute_x_minus_z(N, H):
                adj=[set() for _ in range(N)]
                for i,j in H:
                    adj[i].add(j); adj[j].add(i)
                forced=set()
                for v in range(N):
                    neigh=list(adj[v])
                    for i in range(len(neigh)):
                        for j in range(i+1,len(neigh)):
                            a,b=neigh[i],neigh[j]
                            if a>b: a,b=b,a
                            if (a,b) not in H:
                                forced.add((a,b))
                return len(H)-len(forced)
            
            def random_search(N, iterations=20000):
                edges=[(i,j) for i in range(N) for j in range(i+1,N)]
                best=-1
                for _ in range(iterations):
                    # random probability p
                    p=random.random()
                    H=set()
                    for e in edges:
                        if random.random()<p:
                            H.add(e)
                    val=compute_x_minus_z(N,H)
                    if val>best:
                        best=val
                return best
            
            for N in range(6,13):
                print(N, random_search(N, 5000))
            
        >>> Output:
            6 15
            7 21
            8 28
            9 36
            10 45
            11 55
            12 66
            

        [Turn 19 CODE [ERROR]]
        >>> Code:
            def is_triangle_free(H, N):
                # adjacency set
                adj=[set() for _ in range(N)]
                for i,j in H:
                    adj[i].add(j); adj[j].add(i)
                for a in range(N):
                    for b in adj[a]:
                        if b>a:
                            # check common neighbor
                            common = adj[a].intersection(adj[b])
                            if common:
                                return False
                return True
            
            def max_x_minus_z_bruteforce(N):
                edges=[(i,j) for i in range(N) for j in range(i+1,N)]
                E=len(edges)
                max_val=-1
                for mask in range(1<<E):
                    H=set()
                    for idx,(i,j) in enumerate(edges):
                        if mask>>idx &1:
                            H.add((i,j))
                    if not is_triangle_free(H,N):
                        continue
                    val=compute_x_minus_z(N,H)
                    if val>max_val:
                        max_val=val
                return max_val
            
            for N in range(3,9):
                print(N, max_x_minus_z_bruteforce(N))
            
        >>> Output:
            [ERROR] Execution timed out after 30 seconds

        [Turn 20 CODE [ERROR]]
        >>> Code:
            def max_x_minus_z_bruteforce(N):
                edges=[(i,j) for i in range(N) for j in range(i+1,N)]
                E=len(edges)
                max_val=-1
                for mask in range(1<<E):
                    H=set()
                    for idx,(i,j) in enumerate(edges):
                        if mask>>idx &1:
                            H.add((i,j))
                    # triangle-free check
                    ok=True
                    # quick: for each triple check if all three edges present
                    # but we can use adjacency method
                    adj=[set() for _ in range(N)]
                    for i,j in H:
                        adj[i].add(j); adj[j].add(i)
                    for a in range(N):
                        for b in adj[a]:
                            if b>a:
                                if adj[a].intersection(adj[b]):
                                    ok=False
                                    break
                        if not ok:
                            break
                    if not ok:
                        continue
                    val=compute_x_minus_z(N,H)
                    if val>max_val:
                        max_val=val
                return max_val
            
            for N in range(3,9):
                print(N, max_x_minus_z_bruteforce(N))
            
        >>> Output:
            ---------------------------------------------------------------------------NameError                                 Traceback (most recent call last)/tmp/ipykernel_2357/2591279649.py in <cell line: 0>()
                 31 
                 32 for N in range(3,9):
            ---> 33     print(N, max_x_minus_z_bruteforce(N))
            /tmp/ipykernel_2357/2591279649.py in max_x_minus_z_bruteforce(N)
                 25         if not ok:
                 26             continue
            ---> 27         val=compute_x_minus_z(N,H)
                 28         if val>max_val:
                 29             max_val=val
            NameError: name 'compute_x_minus_z' is not defined

        [Turn 21 CODE [ERROR]]
        >>> Code:
            def compute_x_minus_z(N, H):
                adj=[set() for _ in range(N)]
                for i,j in H:
                    adj[i].add(j); adj[j].add(i)
                forced=set()
                for v in range(N):
                    neigh=list(adj[v])
                    for i in range(len(neigh)):
                        for j in range(i+1,len(neigh)):
                            a,b=neigh[i],neigh[j]
                            if a>b: a,b=b,a
                            if (a,b) not in H:
                                forced.add((a,b))
                return len(H)-len(forced)
            
            for N in range(3,9):
                print(N, max_x_minus_z_bruteforce(N))
            
        >>> Output:
            [ERROR] Execution timed out after 30 seconds

        [Turn 22 CODE [ERROR]]
        >>> Code:
            def max_x_minus_z_bruteforce(N):
                edges=[(i,j) for i in range(N) for j in range(i+1,N)]
                E=len(edges)
                max_val=-1
                for mask in range(1<<E):
                    H=set()
                    for idx,(i,j) in enumerate(edges):
                        if mask>>idx &1:
                            H.add((i,j))
                    # triangle-free check
                    adj=[set() for _ in range(N)]
                    for i,j in H:
                        adj[i].add(j); adj[j].add(i)
                    ok=True
                    for a in range(N):
                        for b in adj[a]:
                            if b>a:
                                if adj[a].intersection(adj[b]):
                                    ok=False
                                    break
                        if not ok:
                            break
                    if not ok:
                        continue
                    val=compute_x_minus_z(N,H)
                    if val>max_val:
                        max_val=val
                return max_val
            
            for N in range(3,8):
                print(N, max_x_minus_z_bruteforce(N))
            
        >>> Output:
            ---------------------------------------------------------------------------NameError                                 Traceback (most recent call last)/tmp/ipykernel_2399/4016726877.py in <cell line: 0>()
                 29 
                 30 for N in range(3,8):
            ---> 31     print(N, max_x_minus_z_bruteforce(N))
            /tmp/ipykernel_2399/4016726877.py in max_x_minus_z_bruteforce(N)
                 23         if not ok:
                 24             continue
            ---> 25         val=compute_x_minus_z(N,H)
                 26         if val>max_val:
                 27             max_val=val
            NameError: name 'compute_x_minus_z' is not defined

        [Turn 23 CODE]
        >>> Code:
            def compute_x_minus_z(N, H):
                adj=[set() for _ in range(N)]
                for i,j in H:
                    adj[i].add(j); adj[j].add(i)
                forced=set()
                for v in range(N):
                    neigh=list(adj[v])
                    for i in range(len(neigh)):
                        for j in range(i+1,len(neigh)):
                            a,b=neigh[i],neigh[j]
                            if a>b: a,b=b,a
                            if (a,b) not in H:
                                forced.add((a,b))
                return len(H)-len(forced)
            
            def max_x_minus_z_bruteforce(N):
                edges=[(i,j) for i in range(N) for j in range(i+1,N)]
                E=len(edges)
                max_val=-1
                for mask in range(1<<E):
                    H=set()
                    for idx,(i,j) in enumerate(edges):
                        if mask>>idx &1:
                            H.add((i,j))
                    # triangle-free check
                    adj=[set() for _ in range(N)]
                    for i,j in H:
                        adj[i].add(j); adj[j].add(i)
                    ok=True
                    for a in range(N):
                        for b in adj[a]:
                            if b>a:
                                if adj[a].intersection(adj[b]):
                                    ok=False
                                    break
                        if not ok:
                            break
                    if not ok:
                        continue
                    val=compute_x_minus_z(N,H)
                    if val>max_val:
                        max_val=val
                return max_val
            
            for N in range(3,8):
                print(N, max_x_minus_z_bruteforce(N))
            
        >>> Output:
            3 1
            4 2
            5 2
            6 3
            7 3
            

        [Turn 24 CODE]
        >>> Code:
            import math
            num=2*9097-1
            den=9097
            math.gcd(num,den)
            
        >>> Output:
            1
            

  Running: 2/2 (100%) | Elapsed: 551s

──────────────────────────────────────────────────────────────────────
  [3/4] Problem dccede | Expected: 44
──────────────────────────────────────────────────────────────────────

Problem: A convex polyhedron has $m$ faces that are all congruent triangles with angles $30^{\circ}, 75^{\circ}$, and $75^{\circ}$. Determine, with proof, the maximum possible value of $m$.



============================================================
  WAVE 1: CLASSIFICATION
============================================================
Budget: 100s | Pool left: 5800s | Attempts: 42
Classification failed: Unexpected EOS while waiting for message header to complete

Classification results (41 attempts):
  Attempt 1: geometry.solid.polyhedra [medium] (conf=1.0, turns=2, time=17.1s)
  Attempt 2: geometry.triangle.angle_bisector [easy] (conf=1.0, turns=5, time=93.6s)
  Attempt 3: geometry.solid.polyhedra [medium] (conf=1.0, turns=2, time=18.6s)
  Attempt 4: geometry.solid.polyhedra [hard] (conf=1.0, turns=2, time=16.0s)
  Attempt 5: geometry.solid.polyhedra [medium] (conf=1.0, turns=2, time=17.9s)
  Attempt 6: None [None] (conf=0.0, turns=6, time=99.7s)
  Attempt 7: geometry.solid.polyhedra [medium] (conf=1.0, turns=2, time=15.4s)
  Attempt 8: taxonomy [None] (conf=1.0, turns=1, time=12.1s)
  Attempt 9: geometry.solid.polyhedra [medium] (conf=1.0, turns=2, time=15.0s)
  Attempt 10: geometry.solid.polyhedra [easy] (conf=1.0, turns=3, time=39.9s)
  Attempt 11: geometry.solid.polyhedra [medium] (conf=1.0, turns=1, time=11.5s)
  Attempt 12: geometry.solid.polyhedra [medium] (conf=1.0, turns=1, time=13.4s)
  Attempt 13: geometry.solid.polyhedra [medium] (conf=1.0, turns=2, time=16.8s)
  Attempt 14: geometry.solid.polyhedra [easy] (conf=1.0, turns=2, time=15.2s)
  Attempt 15: geometry.solid.polyhedra [medium] (conf=1.0, turns=2, time=17.9s)
  Attempt 16: geometry.solid.polyhedra [medium] (conf=1.0, turns=1, time=12.9s)
  Attempt 17: geometry.solid.polyhedra [easy] (conf=1.0, turns=1, time=13.7s)
  Attempt 18: geometry.solid.polyhedra [medium] (conf=1.0, turns=1, time=10.7s)
  Attempt 19: geometry.solid.polyhedra [medium] (conf=1.0, turns=1, time=13.2s)
  Attempt 20: geometry.solid.polyhedra [medium] (conf=1.0, turns=1, time=11.7s)
  Attempt 21: geometry.solid.polyhedra [None] (conf=1.0, turns=2, time=12.5s)
  Attempt 22: geometry.solid.polyhedra [medium] (conf=1.0, turns=3, time=53.4s)
  Attempt 23: geometry.solid.polyhedra [medium] (conf=1.0, turns=1, time=11.4s)
  Attempt 24: geometry.solid.polyhedra [medium] (conf=1.0, turns=2, time=14.3s)
  Attempt 25: geometry.solid.polyhedra [medium] (conf=1.0, turns=1, time=14.4s)
  Attempt 27: geometry.solid.polyhedra [medium] (conf=1.0, turns=2, time=17.1s)
  Attempt 28: geometry.solid.polyhedra [medium] (conf=1.0, turns=1, time=11.7s)
  Attempt 29: geometry.solid.polyhedra [hard] (conf=1.0, turns=2, time=14.2s)
  Attempt 30: geometry.solid.polyhedra [medium] (conf=1.0, turns=4, time=73.6s)
  Attempt 31: taxonomy [medium] (conf=1.0, turns=1, time=15.5s)
  Attempt 32: geometry.solid.polyhedra [medium] (conf=1.0, turns=3, time=37.9s)
  Attempt 33: geometry.solid.polyhedra [medium] (conf=1.0, turns=3, time=43.6s)
  Attempt 34: geometry.solid.polyhedra [medium] (conf=1.0, turns=2, time=14.8s)
  Attempt 35: geometry.solid.polyhedra [medium] (conf=1.0, turns=1, time=12.6s)
  Attempt 36: geometry.solid.polyhedra [medium] (conf=1.0, turns=2, time=14.2s)
  Attempt 37: geometry.solid.polyhedra [medium] (conf=1.0, turns=1, time=12.4s)
  Attempt 38: geometry.solid.polyhedra [medium] (conf=1.0, turns=1, time=10.9s)
  Attempt 39: taxonomy [medium] (conf=1.0, turns=1, time=12.3s)
  Attempt 40: geometry.solid.polyhedra [None] (conf=1.0, turns=2, time=10.5s)
  Attempt 41: geometry.solid.polyhedra [medium] (conf=1.0, turns=2, time=11.7s)
  Attempt 42: geometry.solid.polyhedra [medium] (conf=1.0, turns=2, time=10.7s)

=== WAVE 1 TAXONOMY VOTES ===
  geometry.solid.polyhedra: 36.0 votes <-- SELECTED
  geometry.triangle.angle_bisector: 1.0 votes
=== END VOTES ===


=== DIFFICULTY VOTES: {'medium': 31, 'easy': 4, 'hard': 2} → MEDIUM ===
Wave 1 result: ['geometry.solid.polyhedra'] | Difficulty: medium (W1 cumulative: 300/6000s)

=== WAVE 1 → DB RETRIEVAL  ===
Taxonomies: ['geometry.solid.polyhedra']
Total matches: 1
  - e16358 [geometry.solid.polyhedra]
Notes: 1002 chars
=== END WAVE 1 RETRIEVAL ===


=== USER PROMPT (5120 chars) ===
[Our IMO expert has given tips and tricks for this problem.]

--- [geometry.solid.polyhedra] ---
Triggers: Euler characteristic, V-E+F=2 for polyhedra, Platonic solids, dual polyhedron
Technique: Euler: V-E+F=2 for convex polyhedra. Platonic solids: {3,3}tetra, {4,3}cube, {3,4}octa, {5,3}dodeca, {3,5}icosa. Handshaking: each edge borders 2 faces, connects 2 vertices. If all faces are p-gons, all vertices degree q: pF=2E=qV.
Question: 
Answer: 

[END EXPERT NOTES]

Our IMO expert has also shared his special notes database. If you are stuck or want more hints, query it:
import sqlite3; db = sqlite3.connect("/kaggle/input/aimo3-problem-db/problems.db")
Schema: id, category, topic, subtopic, taxonomy, triggers, technique, question, answer
db.execute("SELECT taxonomy, triggers, technique FROM problems WHERE category=?", (CATEGORY,)).fetchall()
Find the closest match, then read the full approach:
db.execute("SELECT technique, question, answer FROM problems WHERE taxonomy=?", (TAX,)).fetchone()

A convex polyhedron has $m$ faces that are all congruent triangles with angles $30^{\circ}, 75^{\circ}$, and $75^{\circ}$. Determine, with proof, the maximum possible value of $m$.
 You have access to `math`, `numpy`, and `sympy` for:

# Symbolic Computation (sympy):
- Algebraic manipulation and simplification
- Solving equations and systems of equations
- Symbolic differentiation and integration
- Number theory functions (primes, divisors, modular arithmetic)
- Polynomial operations and factorization
- Working with mathematical expressions symbolically

# Numerical Computation (numpy):
- Array operations and linear algebra
- Efficient numerical calculations for large datasets
- Matrix operations and eigenvalue problems
- Statistical computations

# Mathematical Functions (math):
- Standard mathematical functions (trig, log, exp)
- Constants like pi and e
- Basic operations for single values

Best Practices:
- Use sympy for exact symbolic answers when possible
- Use numpy for numerical verification and large-scale computation
- Combine symbolic and numerical approaches: derive symbolically, verify numerically
- Document your computational strategy clearly
- Validate computational results against known cases or theoretical bounds
- For very large exponents (e.g. a^(n!)), use pow(base, exp, mod) or analytical methods — never materialize the full number

# Code Robustness Rules:
- Each code cell must be SELF-CONTAINED: re-import and re-define everything you need. If a previous cell errored, its definitions are LOST.
- Avoid sympy expressions that grow beyond a few hundred characters. If an expression is exploding, switch to numerical methods (numpy) or modular arithmetic.
- For geometry: prefer numpy coordinate models with brute-force verification over pure symbolic or direction-counting approaches.
- For number theory / functional equations: compute small cases first (n=1..20) to find patterns before attempting a proof. Brute-force exploration often reveals the structure.
- For combinatorics counting: always verify no duplicates — check injectivity explicitly.
- If 5+ code cells without progress, STOP and restart with a different approach.
- When using Python, prefer converting sympy expressions to int() before passing to Python builtins like pow(), min(), max().
- Common import: from sympy.ntheory.modular import crt (note: sympy.crt does not exist).
- If a code cell fails, re-import necessary libraries in the next cell.
- sympy.solve() often times out on complex systems. For polynomial systems with > 3 unknowns, prefer numerical methods (scipy fsolve/minimize) or manual algebraic reduction.
- Never call sympy.simplify() or sympy.expand() on expressions involving large binomials or products of many terms. Use float() first to check the numerical value.

# Library Availability:
NOT installed (do NOT import — they WILL fail): pulp, ortools, z3-solver, mip, pyscipopt, pysat, cvxpy, constraint, matplotlib, sklearn.
Do not waste turns trying these libraries or probing with try/except.

Available and recommended:
- sympy, numpy, scipy, networkx, mpmath, math, itertools, functools, fractions, collections, decimal, heapq, random, statistics

Replacements for unavailable optimization/constraint libraries:
- Integer/Binary Linear Programming (replaces pulp, mip, ortools):
  from scipy.optimize import milp, LinearConstraint, Bounds
  import numpy as np
  res = milp(c=c_vec, constraints=LinearConstraint(A, lb, ub),
             integrality=np.ones(n), bounds=Bounds(0, 1))
  # res.success, res.x (solution vector), res.fun (objective value)
- Linear Programming: scipy.optimize.linprog(c, A_ub=A, b_ub=b, method="highs")
- Assignment problems: scipy.optimize.linear_sum_assignment(cost_matrix)
- Graph algorithms (matching, shortest path, components): import networkx as nx
- Constraint satisfaction: encode as ILP via scipy.optimize.milp, or backtracking with pruning
- Number theory: sympy.ntheory or random (Monte Carlo verification)
- Geometry: fractions (exact rational) + sympy, avoid floating point
- Game theory/DP: functools.lru_cache for memoized recursion
=== END USER PROMPT ===

Budget: 450.00 seconds | Deadline: 1772882719.08 | TimeLeft: 16749s | Effort: medium

 Attempt  Response Length  Python Calls  Python Errors  Entropy  Temperature  Answer  Confidence    Source Stop_Reason  Successful_Code  Time_Remaining  Time
      24             2201             0              0    0.572          0.5      22         1.0 streaming   max_turns                0           417.0  32.7
      10             2791             4              0    0.495          0.5      22         1.0 streaming   max_turns                4           407.1  42.8
      22             3332             3              0    0.529          0.5      22         1.0 streaming   max_turns                3           397.6  52.1
       6             3601             0              0    0.639          0.5      22         1.0 streaming   max_turns                0           393.3  56.7
      11             4220             1              0    0.538          0.5      22         1.0 streaming   max_turns                1           382.4  67.5
       9             4363             0              0    0.674          0.5      44         1.0 streaming   max_turns                0           380.3  69.7
      19             4476             9              2    0.590          0.5      44         1.0 streaming   max_turns                7           377.9  71.9
       1             4556             0              0    0.602          0.5      20         1.0 streaming   max_turns                0           377.5  72.5
       4             4755             0              0    0.393          0.5      48         1.0 streaming   max_turns                0           374.6  75.4
      17             4860             3              0    0.527          0.5      22         1.0 streaming   max_turns                3           372.1  77.7
      14             5156             3              0    0.533          0.5    <NA>         0.0  fallback   max_turns                3           368.5  81.4
      12             6099            14              0    0.501          0.5      52         1.0 streaming   max_turns               14           356.3  93.6
      18             6295             6              1    0.470          0.5      52         1.0 streaming   max_turns                5           353.9  95.9
       3             6329            17              2    0.575          0.5      52         1.0 streaming   max_turns               15           352.4  97.6
      21             7103             3              0    0.605          0.5      22         1.0 streaming   max_turns                3           343.8 106.0
       7             9594             4              0    0.637          0.5    <NA>         0.0  fallback   max_turns                4           318.4 131.6
      20             7501            21              1    0.504          0.5      52         1.0 streaming   max_turns               20           313.6 136.1
      16            10257            11              0    0.565          0.5      22         1.0 streaming   max_turns               11           311.5 138.4
      15             6674            11              3    0.491          0.5      52         1.0 streaming   max_turns                8           308.9 140.9
       8             6584             6              1    0.605          0.5      12         1.0 streaming   max_turns                5           304.8 145.2
       5            12133             2              0    0.665          0.5      22         1.0 streaming   max_turns                2           299.6 150.4
      23             9433            17              2    0.547          0.5      52         1.0 streaming   max_turns               15           296.2 153.5
      13            12605             5              1    0.580          0.5      22         1.0 streaming   max_turns                4           273.7 176.2
       2             7996            12              5    0.508          0.5      52         1.0 streaming   max_turns                7           273.1 176.9
 Answer  Votes  Score
     22   10.0 15.978
     52    7.0 13.680
     44    2.0  2.438
     12    1.0  1.653
     48    1.0  1.273
     20    1.0  0.830

Final Answer: 22 (votes: 10.0)


=== RERUN CHECK: top_votes=10.0, threshold=12 ===

Low confidence (10.0 votes). Rerunning with 600s budget...

Rerun context: 4035 chars (~1008 tokens)
=== CONTEXT: 24 previous attempts on this problem ===
Votes: 22 x10, 52 x7, 44 x2, 20 x1, 48 x1, 12 x1, None x2

Methods tried → answers:
  pure reasoning: 22x2, 44x1, 20x1
  sympy: 22x1
  math: 22x2
  0, equations: 22x1
  itertools: 44x1
  1, math: 22x1
  Fraction, fractions, sympy: Nonex1
  itertools, milp, numpy: 52x1
  equations, itertools, milp: 52x1
  ConvexHull, itertools, matplotlib: 52x1
  earlier, itertools: Nonex1
  itertools, numpy, sympy: 52x1
  collections, defaultdict, itertools: 22x1, 52x1
  Bounds, functools, itertools: 52x1
  itertools, sympy: 12x1
  itertools, math: 22x2
  0, itertools, math: 52x1

Per-attempt detail:
  Att  1 (t=0.5): 20 | 72s 0turns code=0 err=0
  Att  2 (t=0.5): 52 | 177s 12turns code=12 err=5 | libs: 0, itertools, math | computed: [10, 60, 9, 1, 2] | errors: NameError: name 'solutions' is not defined; NameError: name 'max_F_pair' is not defined
  Att  3 (t=0.5): 52 | 98s 17turns code=17 err=2 | libs: ConvexHull, itertools, matplotlib, milp, numpy, scipy | computed: [52, 4, 3, 7, 13] | errors: ValueError: `integrality` must contain integers 0-3 and be broadcastable to `c.shape`.; ModuleNotFoundError: No module named 'matplotlib'
  Att  4 (t=0.5): 48 | 75s 0turns code=0 err=0
  Att  5 (t=0.5): 22 | 150s 2turns code=2 err=0 | libs: itertools, math | computed: [11, 1, 12]
  Att  6 (t=0.5): 22 | 57s 0turns code=0 err=0
  Att  7 (t=0.5): None (max_turns) | 132s 5turns code=4 err=0 | libs: earlier, itertools | computed: [30, 11, 24, 26, 28]
  Att  8 (t=0.5): 12 | 145s 6turns code=6 err=1 | libs: itertools, sympy | computed: [6, 26, 28, 30, 4]
  Att  9 (t=0.5): 44 | 70s 0turns code=0 err=0
  Att 10 (t=0.5): 22 | 43s 4turns code=4 err=0 | libs: sympy | computed: [2, 11, 4, 22]
  Att 11 (t=0.5): 22 | 68s 1turns code=1 err=0 | libs: 0, equations | computed: [20, 22, 9]
  Att 12 (t=0.5): 52 | 94s 14turns code=14 err=0 | libs: itertools, milp, numpy, pairs, scipy | computed: [28, 50, 52, 25, 6]
  Att 13 (t=0.5): 22 | 176s 5turns code=5 err=1 | libs: itertools, math | computed: [11, 6, 7, 180, 365]
  Att 14 (t=0.5): None (max_turns) | 81s 4turns code=3 err=0 | libs: Fraction, fractions, sympy | checkpoints: [{'turn': 4, 'answer': 22}, {'turn': 4, 'answer': 22}, {'turn': 4, 'answer': 22}] | computed: [22, 2, 11, 4, 1]
  Att 15 (t=0.5): 52 | 141s 11turns code=11 err=3 | libs: Bounds, functools, itertools, lru_cache, numpy, scipy | computed: [54, 48, 50, 52, 8] | errors: NameError: name 'valid' is not defined; TypeError: Bounds.__init__() takes from 1 to 4 positional arguments but 31 were given
  Att 16 (t=0.5): 22 | 138s 11turns code=11 err=0 | libs: collections, defaultdict, itertools, math, sympy | checkpoints: [{'turn': 5, 'answer': 22}, {'turn': 5, 'answer': 22}] | computed: [1000, 20000, 4, 14, 13]
  Att 17 (t=0.5): 22 | 78s 3turns code=3 err=0 | libs: 1, math | computed: [22, 4, 44]
  Att 18 (t=0.5): 52 | 96s 6turns code=6 err=1 | libs: equations, itertools, milp, numpy, scipy | checkpoints: [{'turn': 7, 'answer': 52}, {'turn': 7, 'answer': 52}, {'turn': 7, 'answer': 52}, {'turn': 7, 'answer': 52}, {'turn': 7, 'answer': 52}] | computed: [28, 3, 1, 165, 30] | errors: ValueError: `integrality` must contain integers 0-3 and be broadcastable to `c.shape`.
  Att 19 (t=0.5): 44 | 72s 9turns code=9 err=2 | libs: itertools | computed: [270, 35, 30, 29, 11] | errors: ValueError: `integrality` must contain integers 0-3 and be broadcastable to `c.shape`.; TypeError: Bounds.__init__() takes from 1 to 4 positional arguments but 31 were given
  Att 20 (t=0.5): 52 | 136s 21turns code=21 err=1 | libs: itertools, numpy, sympy | computed: [29, 52, 88, 90, 92]
  Att 21 (t=0.5): 22 | 106s 3turns code=3 err=0 | libs: math | computed: [20, 22, 9, 1, 12]
  Att 22 (t=0.5): 22 | 52s 3turns code=3 err=0 | libs: math | computed: [1]
  Att 23 (t=0.5): 52 | 154s 17turns code=17 err=2 | libs: collections, defaultdict, itertools, numpy | computed: [3, 4, 1, 20, 8] | errors: NameError: name 'solutions' is not defined
  Att 24 (t=0.5): 22 | 33s 0turns code=0 err=0

Rerun complete: 24 new results, 48 total
 Answer  Votes  Score
     22   20.0 28.272
     52   16.0 27.238
     44    4.0  5.313
     48    2.0  2.804
     12    1.7  2.412
     20    1.0  0.830

Final Answer: 22 (votes: 20.0)


  STATUS: WRONG | Predicted: 22 | Expected: 44 | Time: 799.1s
  Votes: {22: 20, 52: 16, 44: 4, 48: 2, 12: 2, 20: 1} | Answers: 45 | Nones: 3 | Errors: 29

  WRONG ANSWER ANALYSIS:
    Attempt 24: answered 22 (entropy=0.572)
    Attempt 10: answered 22 (entropy=0.495)
    Attempt 22: answered 22 (entropy=0.529)
    Attempt 6: answered 22 (entropy=0.639)
    Attempt 11: answered 22 (entropy=0.538)
    Attempt 1: answered 20 (entropy=0.602)
    Attempt 4: answered 48 (entropy=0.393)
    Attempt 17: answered 22 (entropy=0.527)
    Attempt 12: answered 52 (entropy=0.501)
    Attempt 18: answered 52 (entropy=0.470)
    Attempt 3: answered 52 (entropy=0.575)
    Attempt 21: answered 22 (entropy=0.605)
    Attempt 20: answered 52 (entropy=0.504)
    Attempt 16: answered 22 (entropy=0.565)
    Attempt 15: answered 52 (entropy=0.491)
    Attempt 8: answered 12 (entropy=0.605)
    Attempt 5: answered 22 (entropy=0.665)
    Attempt 23: answered 52 (entropy=0.547)
    Attempt 13: answered 22 (entropy=0.580)
    Attempt 2: answered 52 (entropy=0.508)
    Attempt 45: answered 12 (entropy=0.659)
    Attempt 29: answered 22 (entropy=0.630)
    Attempt 37: answered 22 (entropy=0.606)
    Attempt 38: answered 22 (entropy=0.666)
    Attempt 42: answered 22 (entropy=0.692)
    Attempt 35: answered 22 (entropy=0.600)
    Attempt 28: answered 22 (entropy=0.662)
    Attempt 43: answered 52 (entropy=0.639)
    Attempt 27: answered 52 (entropy=0.709)
    Attempt 26: answered 22 (entropy=0.683)
    Attempt 30: answered 52 (entropy=0.688)
    Attempt 25: answered 52 (entropy=0.629)
    Attempt 32: answered 22 (entropy=0.712)
    Attempt 39: answered 52 (entropy=0.588)
    Attempt 44: answered 22 (entropy=0.688)
    Attempt 36: answered 52 (entropy=0.681)
    Attempt 31: answered 52 (entropy=0.677)
    Attempt 41: answered 52 (entropy=0.683)
    Attempt 33: answered 52 (entropy=0.699)
    Attempt 34: answered 22 (entropy=0.563)
    Attempt 40: answered 48 (entropy=0.653)
    4 attempt(s) got the right answer but were outvoted

    --- Attempt 24 [WRONG] answer=22 expected=44 temp=0.5 entropy=0.572 ---
        python_calls=0 errors=0 tokens=2201 time=32.7s time_left=417.0s
        source=streaming confidence=1.0 stop=max_turns

    --- Attempt 10 [WRONG] answer=22 expected=44 temp=0.5 entropy=0.495 ---
        python_calls=4 errors=0 tokens=2791 time=42.8s time_left=407.1s
        source=streaming confidence=1.0 stop=max_turns
        Libraries: import sympy as sp

        [Turn 1 CODE]
        >>> Code:
            import sympy as sp
            m,d30,d75=sp.symbols('m d30 d75', integer=True, positive=True)
            expr = m/d30 + 2*m/d75 - m/2 - 2
            sp.simplify(expr)
            
        >>> Output:
            -m/2 - 2 + 2*m/d75 + m/d30
            

        [Turn 2 CODE]
        >>> Code:
            solutions=[]
            for d30_val in range(3,12):
                for d75_val in range(3,5):
                    # solve equation for m integer positive
                    # m*(1/d30 + 2/d75 - 1/2) = 2
                    coeff = sp.Rational(1, d30_val) + sp.Rational(2, d75_val) - sp.Rational(1,2)
                    if coeff != 0:
                        m_val = sp.Rational(2,1) / coeff
                        if m_val.is_integer and m_val>0:
                            solutions.append((d30_val,d75_val,int(m_val)))
            solutions
            
        >>> Output:
            [(3, 3, 4), (3, 4, 6), (4, 4, 8), (5, 4, 10), (6, 3, 6), (6, 4, 12), (7, 4, 14), (8, 4, 16), (9, 4, 18), (10, 4, 20), (11, 4, 22)]
            

        [Turn 3 CODE]
        >>> Code:
            valid=[]
            for d30_val,d75_val,m_val in solutions:
                if m_val % d30_val ==0 and (2*m_val) % d75_val ==0:
                    valid.append((d30_val,d75_val,m_val))
            valid
            
        >>> Output:
            [(3, 4, 6), (4, 4, 8), (5, 4, 10), (6, 3, 6), (6, 4, 12), (7, 4, 14), (8, 4, 16), (9, 4, 18), (10, 4, 20), (11, 4, 22)]
            

        [Turn 4 CODE]
        >>> Code:
            solutions=[]
            for d30_val in range(3,12):
                for d75_val in range(3,5):
                    coeff = sp.Rational(1, d30_val) + sp.Rational(2, d75_val) - sp.Rational(1,2)
                    if coeff != 0:
                        m_val = sp.Rational(2,1) / coeff
                        if m_val.is_integer and m_val>0:
                            if m_val % d30_val ==0 and (2*m_val) % d75_val ==0:
                                solutions.append((d30_val,d75_val,int(m_val)))
            solutions
            
        >>> Output:
            [(3, 4, 6), (4, 4, 8), (5, 4, 10), (6, 3, 6), (6, 4, 12), (7, 4, 14), (8, 4, 16), (9, 4, 18), (10, 4, 20), (11, 4, 22)]
            

    --- Attempt 22 [WRONG] answer=22 expected=44 temp=0.5 entropy=0.529 ---
        python_calls=3 errors=0 tokens=3332 time=52.1s time_left=397.6s
        source=streaming confidence=1.0 stop=max_turns
        Libraries: import math, import math, sympy as sp

        [Turn 1 CODE]
        >>> Code:
            import math, sympy as sp
            n=11
            b=1.0
            R= b/(2*math.sin(math.pi/n))
            ratio=R/b
            ratio
            
        >>> Output:
            1.7747327664421118
            

        [Turn 2 CODE]
        >>> Code:
            import math
            a_over_b = math.sqrt(2)*(math.sqrt(3)+1)/2
            a_over_b
            
        >>> Output:
            1.9318516525781366
            

        [Turn 3 CODE]
        >>> Code:
            a = a_over_b
            h2 = a**2 - (R)**2
            h2
            
        >>> Output:
            0.5823744152856065
            

    --- Attempt 6 [WRONG] answer=22 expected=44 temp=0.5 entropy=0.639 ---
        python_calls=0 errors=0 tokens=3601 time=56.7s time_left=393.3s
        source=streaming confidence=1.0 stop=max_turns

    --- Attempt 11 [WRONG] answer=22 expected=44 temp=0.5 entropy=0.538 ---
        python_calls=1 errors=0 tokens=4220 time=67.5s time_left=382.4s
        source=streaming confidence=1.0 stop=max_turns

        [Turn 1 CODE]
        >>> Code:
            def feasible(m):
                if m%2!=0: return False
                V = m//2 + 2
                # enumerate possible A (apex vertices count) from 0 to V
                for A in range(V+1):
                    B = V - A
                    # degree constraints
                    # apex total degree = m, each between 3 and 11
                    # need A*3 <= m <= A*11
                    if not (A*3 <= m <= A*11): continue
                    # base total degree = 2m, each 3 or 4
                    if not (B*3 <= 2*m <= B*4): continue
                    # also need ability to represent sums with integer counts of degrees
                    # for base, we need some B3,B4 such that 3*B3 + 4*B4 = 2m and B3+B4 = B
                    # solve: B4 = 2m - 3B, B3 = B - B4
                    # Actually from equations:
                    # B3 + B4 = B
                    # 3B3 + 4B4 = 2m
                    # subtract 3*(first): 3B3+3B4 = 3B
                    # difference gives B4 = 2m - 3B
                    B4 = 2*m - 3*B
                    B3 = B - B4
                    if B4<0 or B3<0: continue
                    # apex degree distribution: need integers A_i such that sum i A_i = m, sum A_i = A, each i between 3 and 11.
                    # This is possible iff m between 3A and 11A (already checked) and also can achieve exact sum.
                    # Since we can adjust using 3 and 4 etc, we can test by simple DP.
                    possible=False
                    # simple DP for apex degrees
                    dp=set([0])
                    for _ in range(A):
                        nd=set()
                        for s in dp:
                            for i in range(3,12):
                                nd.add(s+i)
                        dp=nd
                    if m in dp:
                        possible=True
                    if possible:
                        return True
                return False
            
            feas=[]
            for m in range(2,101,2):
                if feasible(m):
                    feas.append(m)
            feas[:20], len(feas)
            
        >>> Output:
            [6, 8, 10, 12, 14, 16, 18, 20, 22] 9
            

    --- Attempt 9 [CORRECT] answer=44 expected=44 temp=0.5 entropy=0.674 ---
        python_calls=0 errors=0 tokens=4363 time=69.7s time_left=380.3s
        source=streaming confidence=1.0 stop=max_turns

    --- Attempt 19 [CORRECT] answer=44 expected=44 temp=0.5 entropy=0.590 ---
        python_calls=9 errors=2 tokens=4476 time=71.9s time_left=377.9s
        source=streaming confidence=1.0 stop=max_turns
        Libraries: import itertools, math, sys, numpy as np, scipy.optimize as opt, warnings, json, random, collections, fractions, functools, time, math, sys, itertools, numpy as np

        [Turn 1 CODE]
        >>> Code:
            solutions=[]
            for a in range(0,13):
                for b in range(0,13):
                    if a==0 and b==0: continue
                    if 30*a+75*b < 360:
                        solutions.append((a,b,30*a+75*b))
            solutions[:20], len(solutions)
            
        >>> Output:
            [(0, 1, 75), (0, 2, 150), (0, 3, 225), (0, 4, 300), (1, 0, 30), (1, 1, 105), (1, 2, 180), (1, 3, 255), (1, 4, 330), (2, 0, 60), (2, 1, 135), (2, 2, 210), (2, 3, 285), (3, 0, 90), (3, 1, 165), (3, 2, 240), (3, 3, 315), (4, 0, 120), (4, 1, 195), (4, 2, 270)] 35
            

        [Turn 2 CODE]
        >>> Code:
            allowed=[]
            for a,b,_ in solutions:
                if a+b>=3:
                    allowed.append((a,b))
            len(allowed)
            
        >>> Output:
            30
            

        [Turn 3 CODE]
        >>> Code:
            import itertools, math, sys, numpy as np, scipy.optimize as opt, warnings, json, random, collections, fractions, functools, time, math, sys, itertools, numpy as np
            
        >>> Output:
            [WARN] No output. Use print() to see results.

        [Turn 4 CODE]
        >>> Code:
            # define allowed types list
            allowed = [(a,b) for a,b,_ in solutions if a+b>=3]
            len(allowed)
            
        >>> Output:
            30
            

        [Turn 5 CODE [ERROR]]
        >>> Code:
            A_eq = []
            b_eq = []
            # sum n_i = V
            A_eq.append([1]*len(allowed))
            b_eq.append(44//2 + 2)  # V=24
            # sum a_i n_i = m
            A_eq.append([a for a,b in allowed])
            b_eq.append(44)
            # sum b_i n_i = 2m
            A_eq.append([b for a,b in allowed])
            b_eq.append(88)
            A_eq = np.array(A_eq, dtype=float)
            b_eq = np.array(b_eq, dtype=float)
            c = np.zeros(len(allowed))
            bounds = [(0, None)]*len(allowed)
            # use milp
            res = opt.milp(c, integrality=np.arange(len(allowed)), bounds=bounds,
                           constraints=opt.LinearConstraint(A_eq, b_eq, b_eq))
            res.success, res.x
            
        >>> Output:
            ---------------------------------------------------------------------------ValueError                                Traceback (most recent call last)/tmp/ipykernel_2099/1219726875.py in <cell line: 0>()
                 15 bounds = [(0, None)]*len(allowed)
                 16 # use milp
            ---> 17 res = opt.milp(c, integrality=np.arange(len(allowed)), bounds=bounds,
                 18                constraints=opt.LinearConstraint(A_eq, b_eq, b_eq))
                 19 print(res.success, res.x)
            /usr/local/lib/python3.12/dist-packages/scipy/optimize/_milp.py in milp(c, integrality, bounds, constraints, options)
                367 
                368     """
            --> 369     args_iv = _milp_iv(c, integrality, bounds, constraints, options)
                370     c, integrality, lb, ub, indptr, indices, data, b_l, b_u, options = args_iv
                371 
            /usr/local/lib/python3.12/dist-packages/scipy/optimize/_milp.py in _milp_iv(c, integrality, bounds, constraints, options)
                 96         raise ValueError(message)
                 97     if integrality.min() < 0 or integrality.max() > 3:
            ---> 98         raise ValueError(message)
                 99 
                100     # bounds IV
            ValueError: `integrality` must contain integers 0-3 and be broadcastable to `c.shape`.

        [Turn 6 CODE [ERROR]]
        >>> Code:
            integrality = np.ones(len(allowed), dtype=int)
            res = opt.milp(c, integrality=integrality, bounds=bounds,
                           constraints=opt.LinearConstraint(A_eq, b_eq, b_eq))
            print(res.success)
            
        >>> Output:
            ---------------------------------------------------------------------------TypeError                                 Traceback (most recent call last)/usr/local/lib/python3.12/dist-packages/scipy/optimize/_milp.py in _milp_iv(c, integrality, bounds, constraints, options)
                106         try:
            --> 107             bounds = Bounds(*bounds)
                108         except TypeError as exc:
            TypeError: Bounds.__init__() takes from 1 to 4 positional arguments but 31 were given
            The above exception was the direct cause of the following exception:
            ValueError                                Traceback (most recent call last)/tmp/ipykernel_2099/2355627777.py in <cell line: 0>()
                  1 integrality = np.ones(len(allowed), dtype=int)
            ----> 2 res = opt.milp(c, integrality=integrality, bounds=bounds,
                  3                constraints=opt.LinearConstraint(A_eq, b_eq, b_eq))
                  4 print(res.success)
            /usr/local/lib/python3.12/dist-packages/scipy/optimize/_milp.py in milp(c, integrality, bounds, constraints, options)
                367 
                368     """
            --> 369     args_iv = _milp_iv(c, integrality, bounds, constraints, options)
                370     c, integrality, lb, ub, indptr, indices, data, b_l, b_u, options = args_iv
                371 
            /usr/local/lib/python3.12/dist-packages/scipy/optimize/_milp.py in _milp_iv(c, integrality, bounds, constraints, options)
                107             bounds = Bounds(*bounds)
                108         except TypeError as exc:
            --> 109             raise ValueError(message) from exc
                110 
                111     try:
            ValueError: `bounds` must be convertible into an instance of `scipy.optimize.Bounds`.

        [Turn 7 CODE]
        >>> Code:
            lb = np.zeros(len(allowed))
            ub = np.full(len(allowed), np.inf)
            res = opt.milp(c, integrality=integrality, bounds=opt.Bounds(lb, ub),
                           constraints=opt.LinearConstraint(A_eq, b_eq, b_eq))
            print(res.success)
            
        >>> Output:
            True
            

        [Turn 8 CODE]
        >>> Code:
            res.x
            
        >>> Output:
            [ 0.  0.  0.  0. 20.  0.  0.  0.  0.  0.  0.  0.  0.  0.  0.  0.  0.  0.
              0.  0.  0.  4.  0.  0.  0.  0.  0.  0.  0.  0.]
            

        [Turn 9 CODE]
        >>> Code:
            for idx,(a,b) in enumerate(allowed):
                print(idx, (a,b))
            
        >>> Output:
            0 (0, 3)
            1 (0, 4)
            2 (1, 2)
            3 (1, 3)
            4 (1, 4)
            5 (2, 1)
            6 (2, 2)
            7 (2, 3)
            8 (3, 0)
            9 (3, 1)
            10 (3, 2)
            11 (3, 3)
            12 (4, 0)
            13 (4, 1)
            14 (4, 2)
            15 (4, 3)
            16 (5, 0)
            17 (5, 1)
            18 (5, 2)
            19 (6, 0)
            20 (6, 1)
            21 (6, 2)
            22 (7, 0)
            23 (7, 1)
            24 (8, 0)
            25 (8, 1)
            26 (9, 0)
            27 (9, 1)
            28 (10, 0)
            29 (11, 0)
            

    --- Attempt 1 [WRONG] answer=20 expected=44 temp=0.5 entropy=0.602 ---
        python_calls=0 errors=0 tokens=4556 time=72.5s time_left=377.5s
        source=streaming confidence=1.0 stop=max_turns

    --- Attempt 4 [WRONG] answer=48 expected=44 temp=0.5 entropy=0.393 ---
        python_calls=0 errors=0 tokens=4755 time=75.4s time_left=374.6s
        source=streaming confidence=1.0 stop=max_turns

    --- Attempt 17 [WRONG] answer=22 expected=44 temp=0.5 entropy=0.527 ---
        python_calls=3 errors=0 tokens=4860 time=77.7s time_left=372.1s
        source=streaming confidence=1.0 stop=max_turns
        Libraries: import math

        [Turn 1 CODE]
        >>> Code:
            import math
            
            def feasible(F):
                if F%2==1: return False
                V = F//2 + 2
                # iterate possible V_A from 1 to V-1
                for V_A in range(1, V):
                    V_B = V - V_A
                    # need sum deg A = F, each between 3 and 11
                    # min sum = 3*V_A, max sum = 11*V_A
                    if not (3*V_A <= F <= 11*V_A): continue
                    # need sum deg B = 2F, each 3 or 4 (or could be 3-4 inclusive)
                    # Actually degree could be 3 or 4 only, because max 4, min 3.
                    # So sum range = 3*V_B to 4*V_B
                    if not (3*V_B <= 2*F <= 4*V_B): continue
                    # also need integer solutions for degree sequences? we can check if there exists integer k of vertices degree4 such that:
                    # let x = number of B vertices degree4, then sum = 4x + 3(V_B - x) = 3V_B + x = 2F => x = 2F - 3V_B
                    x = 2*F - 3*V_B
                    if 0 <= x <= V_B:
                        # also x must be integer
                        # For A vertices, we need a distribution of degrees between 3..11 achieving sum F.
                        # This is possible if F - 3V_A can be expressed as sum of extra degrees up to 8 per vertex.
                        extra = F - 3*V_A
                        # max extra = 8*V_A
                        if extra <= 8*V_A:
                            return True
                return False
            
            maxF=0
            for F in range(2,2000,2):
                if feasible(F):
                    maxF=F
            print(maxF)
            
        >>> Output:
            22
            

        [Turn 2 CODE]
        >>> Code:
            maxF=0
            for F in range(2,10000,2):
                if feasible(F):
                    maxF=F
            print(maxF)
            
        >>> Output:
            22
            

        [Turn 3 CODE]
        >>> Code:
            def example(F):
                V = F//2 + 2
                for V_A in range(1, V):
                    V_B = V - V_A
                    if not (3*V_A <= F <= 11*V_A): continue
                    if not (3*V_B <= 2*F <= 4*V_B): continue
                    x = 2*F - 3*V_B
                    if 0 <= x <= V_B:
                        extra = F - 3*V_A
                        if extra <= 8*V_A:
                            # construct degree list for A: start with all 3, distribute extra up to +8 each
                            degA = [3]*V_A
                            i=0
                            while extra>0:
                                add = min(8, extra)
                                degA[i] += add
                                extra -= add
                                i+=1
                            # for B: x vertices degree4, rest degree3
                            degB = [4]*x + [3]*(V_B - x)
                            return degA, degB
                return None
            
            degA, degB = example(22)
            degA, degB, sum(degA), sum(degB)
            
        >>> Output:
            [11, 11] [4, 4, 4, 4, 4, 4, 4, 4, 4, 4, 4] 22 44
            

    --- Attempt 14 [NONE] answer=None expected=44 temp=0.5 entropy=0.533 ---
        python_calls=3 errors=0 tokens=5156 time=81.4s time_left=368.5s
        source=fallback confidence=0.0 stop=max_turns
        vboxed_checkpoints: turn4=22, turn4=22, turn4=22
        Libraries: from fractions import Fraction, import fractions, math, import sympy as sp

        [Turn 1 CODE]
        >>> Code:
            import fractions, math
            solutions=[]
            for a in range(3,12):
                for b in [3,4]:
                    denom = fractions.Fraction(1,a) + fractions.Fraction(2,b) - fractions.Fraction(1,2)
                    if denom <= 0:
                        continue
                    m = fractions.Fraction(2,1) / denom
                    if m.denominator == 1:
                        m_int = m.numerator
                        # check even
                        if m_int % 2 == 0:
                            # also check V30, V75 integer
                            V30 = m_int // a
                            V75 = 2*m_int // b
                            # check Euler holds (should)
                            solutions.append((a,b,m_int,V30,V75))
            solutions
            
        >>> Output:
            [(3, 3, 4, 1, 2), (3, 4, 6, 2, 3), (4, 4, 8, 2, 4), (5, 4, 10, 2, 5), (6, 3, 6, 1, 4), (6, 4, 12, 2, 6), (7, 4, 14, 2, 7), (8, 4, 16, 2, 8), (9, 4, 18, 2, 9), (10, 4, 20, 2, 10), (11, 4, 22, 2, 11)]
            

        [Turn 2 CODE]
        >>> Code:
            def m_from_deficit(a,b):
                from fractions import Fraction
                num = Fraction(24,1)
                den = Fraction(12 - a, a) + Fraction(24 - 5*b, b)
                return num/den
            for a,b,m,_,_ in solutions:
                print(a,b,m, m_from_deficit(a,b))
            
        >>> Output:
            3 3 4 4
            3 4 6 6
            4 4 8 8
            5 4 10 10
            6 3 6 6
            6 4 12 12
            7 4 14 14
            8 4 16 16
            9 4 18 18
            10 4 20 20
            11 4 22 22
            

        [Turn 3 CODE]
        >>> Code:
            import sympy as sp
            val = 1/sp.sqrt(2-sp.sqrt(3))
            float(val)
            
        >>> Output:
            1.9318516525781366
            

        [Turn 4 REASONING] (4047 chars)
        \[
\text{All faces are congruent }30^{\circ}\!-\!75^{\circ}\!-\!75^{\circ}\text{ triangles.}
\]

--------------------------------------------------------------------
### 1.  What can happen at a vertex ?

A vertex of the polyhedron is incident with some number of faces.
If a face meets the vertex at its \(30^{\circ}\)–angle we call the
vertex a **\(30^{\circ}\)‑vertex**; if it meets at a \(75^{\circ}\)–angle we
call it a **\(75^{\circ}\)‑vertex**.

*If \(a\) faces meet at a \(30^{\circ}\)‑vertex then the sum of the face
angles there is \(a\cdot30^{\circ}<360^{\circ}\); hence  

\[
3\le a\le 11 .
\tag{1}
\]

*If \(b\) faces meet at a \(75^{\circ}\)‑vertex then  

\[
b\cdot75^{\circ}<360^{\circ}\Longrightarrow b\in\{3,4\}.
\tag{2}
\]

--------------------------------------------------------------------
### 2.  Counting incidences

Let  

* \(V_{30}\) = number of \(30^{\circ}\)‑vertices,
* \(V_{75}\) = number of \(75^{\circ}\)‑vertices,
* \(F=m\)   = number of triangular faces,
* \(E\)      = number of edges.

Each face contributes one \(30^{\circ}\)‑corner and two \(75^{\circ}\)‑corners, so  

\[
m = aV_{30},\qquad 2m = bV_{75}.
\tag{3}
\]

Every face has three edges and each edge belongs to two faces, hence  

\[
3m = 2E\quad\Longrightarrow\quad E=\frac{3m}{2},
\tag{4}
\]

so \(m\) must be even.

--------------------------------------------------------------------
### 3.  Euler’s formula

For a convex polyhedron \(V-E+F=2\) where \(V=V_{30}+V_{75}\).  
Using (3)–(4),

\[
\frac{m}{a}+\frac{2m}{b}-\frac{3m}{2}+m = 2 .
\]

After simplification

\[
m\Bigl(\frac1a+\frac2b-\frac12\Bigr)=2,
\qquad\Longrightarrow\qquad
m=\frac{2}{\displaystyle\frac1a+\frac2b-\frac12 } .
\tag{5}
\]

--------------------------------------------------------------------
### 4.  The combinatorial bound

Insert the only possible values (1)–(2) into (5).  
The integer values of \(m\) obtained are  

\[
\begin{array}{c|c|c}
a & b & m \\ \hline
3 & 3 & 4\\
3 & 4 & 6\\
4 & 4 & 8\\
5 & 4 &10\\
6 & 3 & 6\\
6 & 4 &12\\
7 & 4 &14\\
8 & 4 &16\\
9 & 4 &18\\
10& 4 &20\\
11& 4 &22
\end{array}
\]

Thus any convex polyhedron with the required faces satisfies  

\[
\boxed{m\le 22 } .
\tag{6}
\]

--------------------------------------------------------------------
### 5.  Realising the bound

Take a regular \(n\)-gon (\(n\ge 3\)) as a base and erect two apices
above and below its plane, forming an **\(n\)-gonal bipyramid**.
The polyhedron has  

\[
F = 2n\quad\text{triangular faces,}
\qquad
\text{one apex vertex of degree }n,
\qquad
\text{each base vertex of degree }4 .
\]

Hence for the bipyramid we have \(a=n\) and \(b=4\); formula (5) gives
\(m=2n\), exactly the number of faces of the bipyramid.

Choose the height of the apices so that the triangle formed by an apex
and an edge of the base has apex angle \(30^{\circ}\).  
If the side length of the base edge is \(s\) and the equal sides of the
triangle are \(L\), the law of cosines gives  

\[
\cos 30^{\circ}=1-\frac{s^{2}}{2L^{2}}
\Longrightarrow\frac{L}{s}= \frac{1}{\sqrt{2-\sqrt3}} .
\]

For any \(n\) we can pick the radius of the regular \(n\)-gon and then a
height \(h>0\) so that the distance from an apex to a base vertex equals
\(L\); the required height exists because \(L\) can be made arbitrarily
large by increasing \(h\).  Consequently **every bipyramid** can be made
with congruent \(30^{\circ}\!-\!75^{\circ}\!-\!75^{\circ}\) triangles.

Taking \(n=11\) we obtain a bipyramid with  

\[
m = 2\cdot 11 = 22
\]

faces, and at the two apices \(a=11\) faces meet (each contributes a
\(30^{\circ}\) angle), while at each of the eleven base vertices
\(b=4\) faces meet (each contributes a \(75^{\circ}\) angle).  This
polyhedron satisfies all conditions, so the bound (6) is sharp.

--------------------------------------------------------------------
### 6.  Answer

The maximum possible number of faces is  

\[
\boxed{\,m_{\max}=22\,}.
\]

It is attained by the regular 11‑gonal bipyramid whose faces are
congruent triangles with angles \(30^{\circ},75^{\circ},75^{\circ}\).

    --- Attempt 12 [WRONG] answer=52 expected=44 temp=0.5 entropy=0.501 ---
        python_calls=14 errors=0 tokens=6099 time=93.6s time_left=356.3s
        source=streaming confidence=1.0 stop=max_turns
        Libraries: from scipy.optimize import milp, LinearConstraint, Bounds, import itertools, import itertools, math, import numpy as np, math, itertools, sys, warnings, itertools, collections, random, time, os, json, math, itertools, numpy as np

        [Turn 1 CODE]
        >>> Code:
            import itertools
            
            angles = [30,75]
            solutions=set()
            for n in range(3,13): # up to 12 faces maybe
                for combo in itertools.combinations_with_replacement(angles, n):
                    s=sum(combo)
                    if s<360:
                        solutions.add(tuple(sorted(combo)))
            len(solutions)
            
        >>> Output:
            30
            

        [Turn 2 CODE]
        >>> Code:
            sorted(solutions)[:20]
            
        >>> Output:
            [(30, 30, 30), (30, 30, 30, 30), (30, 30, 30, 30, 30), (30, 30, 30, 30, 30, 30), (30, 30, 30, 30, 30, 30, 30), (30, 30, 30, 30, 30, 30, 30, 30), (30, 30, 30, 30, 30, 30, 30, 30, 30), (30, 30, 30, 30, 30, 30, 30, 30, 30, 30), (30, 30, 30, 30, 30, 30, 30, 30, 30, 30, 30), (30, 30, 30, 30, 30, 30, 30, 30, 30, 75), (30, 30, 30, 30, 30, 30, 30, 30, 75), (30, 30, 30, 30, 30, 30, 30, 75), (30, 30, 30, 30, 30, 30, 75), (30, 30, 30, 30, 30, 30, 75, 75), (30, 30, 30, 30, 30, 75), (30, 30, 30, 30, 30, 75, 75), (30, 30, 30, 30, 75), (30, 30, 30, 30, 75, 75), (30, 30, 30, 30, 75, 75, 75), (30, 30, 30, 75)]
            

        [Turn 3 CODE]
        >>> Code:
            valid=[]
            for combo in itertools.combinations_with_replacement(angles, 10):
                s=sum(combo)
                if s<360:
                    valid.append((combo,s))
            len(valid)
            
        >>> Output:
            2
            

        [Turn 4 CODE]
        >>> Code:
            valid=set()
            for n in range(3,13):
                for combo in itertools.combinations_with_replacement(angles, n):
                    s=sum(combo)
                    if s<360:
                        valid.add((tuple(sorted(combo)),s))
            sorted(valid)[:20], len(valid)
            
        >>> Output:
            [((30, 30, 30), 90), ((30, 30, 30, 30), 120), ((30, 30, 30, 30, 30), 150), ((30, 30, 30, 30, 30, 30), 180), ((30, 30, 30, 30, 30, 30, 30), 210), ((30, 30, 30, 30, 30, 30, 30, 30), 240), ((30, 30, 30, 30, 30, 30, 30, 30, 30), 270), ((30, 30, 30, 30, 30, 30, 30, 30, 30, 30), 300), ((30, 30, 30, 30, 30, 30, 30, 30, 30, 30, 30), 330), ((30, 30, 30, 30, 30, 30, 30, 30, 30, 75), 345), ((30, 30, 30, 30, 30, 30, 30, 30, 75), 315), ((30, 30, 30, 30, 30, 30, 30, 75), 285), ((30, 30, 30, 30, 30, 30, 75), 255), ((30, 30, 30, 30, 30, 30, 75, 75), 330), ((30, 30, 30, 30, 30, 75), 225), ((30, 30, 30, 30, 30, 75, 75), 300), ((30, 30, 30, 30, 75), 195), ((30, 30, 30, 30, 75, 75), 270), ((30, 30, 30, 30, 75, 75, 75), 345), ((30, 30, 30, 75), 165)] 30
            

        [Turn 5 CODE]
        >>> Code:
            poss=[]
            for a in range(0,13):
                for b in range(0,13):
                    if a+b>=3 and 30*a+75*b<360:
                        poss.append((a,b,30*a+75*b))
            poss
            
        >>> Output:
            [(0, 3, 225), (0, 4, 300), (1, 2, 180), (1, 3, 255), (1, 4, 330), (2, 1, 135), (2, 2, 210), (2, 3, 285), (3, 0, 90), (3, 1, 165), (3, 2, 240), (3, 3, 315), (4, 0, 120), (4, 1, 195), (4, 2, 270), (4, 3, 345), (5, 0, 150), (5, 1, 225), (5, 2, 300), (6, 0, 180), (6, 1, 255), (6, 2, 330), (7, 0, 210), (7, 1, 285), (8, 0, 240), (8, 1, 315), (9, 0, 270), (9, 1, 345), (10, 0, 300), (11, 0, 330)]
            

        [Turn 6 CODE]
        >>> Code:
            pairs=[(a,b) for a,b,_ in poss]
            pairs
            
        >>> Output:
            [(0, 3), (0, 4), (1, 2), (1, 3), (1, 4), (2, 1), (2, 2), (2, 3), (3, 0), (3, 1), (3, 2), (3, 3), (4, 0), (4, 1), (4, 2), (4, 3), (5, 0), (5, 1), (5, 2), (6, 0), (6, 1), (6, 2), (7, 0), (7, 1), (8, 0), (8, 1), (9, 0), (9, 1), (10, 0), (11, 0)]
            

        [Turn 7 CODE]
        >>> Code:
            import itertools, math
            
            pairs = [(a,b) for a,b,_ in poss]
            
            def feasible(m):
                if m%2==1:
                    return False
                V = m//2 + 2
                # unknown counts N_i for each pair
                # We'll use simple integer linear programming via brute force limited search using recursion with pruning.
                # Since number of pairs is 30, too many. Use ILP via pulp? Not allowed. Use scipy milp? Might be heavy.
                # Instead, we can use linear programming relaxation to see if integer solution exists.
                # We'll use Python's itertools to generate combinations of vertex types up to V small.
                # But V grows with m, could be large.
                # Better use integer linear programming via pulp not allowed. Use simple heuristic: we need sum a = m, sum b =2m.
                # This is a 2D knap problem: we need V items (vertices) whose (a,b) sums to (m,2m).
                # Since V = m/2+2, average a per vertex = m/V = m/(m/2+2) = 2m/(m+4). As m large, average a approaches 2.
                # average b = 2m/V = 4m/(m+4) approaches 4.
                # So typical vertex type around (2,4) but degree would be 6 which sum angles 2*30+4*75=30*2+300=360? Actually 2*30+4*75=60+300=360 exactly, not allowed (<360). So need slightly less.
                # So average must be less than that; maybe mix of types.
                # Let's set up integer linear programming using python's pulp? Not allowed. Use scipy.optimize.linprog with integer constraints not possible.
                # We'll brute force for moderate m up to say 30 using recursion.
                maxV=V
                # generate all multisets of size V from pairs with sum a=m, b=2m.
                # This is huge. Instead we can solve linear equations using integer solution via simple diophantine: treat N_i as variables.
                # Use sympy's diophantine? Might be heavy.
                return None
            
        >>> Output:
            [WARN] No output. Use print() to see results.

        [Turn 8 CODE]
        >>> Code:
            import numpy as np, math, itertools, sys, warnings, itertools, collections, random, time, os, json, math, itertools, numpy as np
            from scipy.optimize import milp, LinearConstraint, Bounds
            
            def feasible(m):
                if m%2==1:
                    return False
                V = m//2 + 2
                n=len(pairs)
                # variables N_i >=0 integers
                c = np.zeros(n)  # objective zero
                # constraints: sum a_i N_i = m, sum b_i N_i = 2m, sum N_i = V
                A = np.zeros((3,n), dtype=int)
                for i,(a,b) in enumerate(pairs):
                    A[0,i]=a
                    A[1,i]=b
                    A[2,i]=1
                lb = np.array([m,2*m,V])
                ub = lb.copy()
                lincon = LinearConstraint(A, lb, ub)
                bounds = Bounds(0, np.inf)
                res = milp(c, integrality=np.ones(n), bounds=bounds, constraints=[lincon])
                return res.success
            
            # test small m
            for m in range(2,30,2):
                print(m, feasible(m))
            
        >>> Output:
            2 False
            4 True
            6 True
            8 True
            10 True
            12 True
            14 True
            16 True
            18 True
            20 True
            22 True
            24 True
            26 True
            28 True
            

        [Turn 9 CODE]
        >>> Code:
            feas=[]
            for m in range(4,202,2):
                if feasible(m):
                    feas.append(m)
                else:
                    print("fail at",m)
                    break
            feas[-10:], len(feas)
            
        >>> Output:
            fail at 54
            [34, 36, 38, 40, 42, 44, 46, 48, 50, 52] 25
            

        [Turn 10 CODE]
        >>> Code:
            feasible(52)
            
        >>> Output:
            True
            

        [Turn 11 CODE]
        >>> Code:
            for m in range(56,200,2):
                if feasible(m):
                    print("feasible again",m)
                    break
            
        >>> Output:
            [WARN] No output. Use print() to see results.

        [Turn 12 CODE]
        >>> Code:
            for m in range(56,502,2):
                if feasible(m):
                    print("feasible",m)
                    break
            
        >>> Output:
            [WARN] No output. Use print() to see results.

        [Turn 13 CODE]
        >>> Code:
            def get_solution(m):
                if m%2==1:
                    return None
                V = m//2 + 2
                n=len(pairs)
                c = np.zeros(n)
                A = np.zeros((3,n), dtype=int)
                for i,(a,b) in enumerate(pairs):
                    A[0,i]=a
                    A[1,i]=b
                    A[2,i]=1
                lb = np.array([m,2*m,V])
                ub = lb.copy()
                lincon = LinearConstraint(A, lb, ub)
                bounds = Bounds(0, np.inf)
                res = milp(c, integrality=np.ones(n), bounds=bounds, constraints=[lincon])
                if res.success:
                    Ns = np.rint(res.x).astype(int)
                    return Ns
                else:
                    return None
            
            sol52 = get_solution(52)
            sol52
            
        >>> Output:
            [ 0  0  0  0 20  0  0  0  0  0  0  0  0  0  0  8  0  0  0  0  0  0  0  0
              0  0  0  0  0  0]
            

        [Turn 14 CODE]
        >>> Code:
            pairs[:20]
            
        >>> Output:
            [(0, 3), (0, 4), (1, 2), (1, 3), (1, 4), (2, 1), (2, 2), (2, 3), (3, 0), (3, 1), (3, 2), (3, 3), (4, 0), (4, 1), (4, 2), (4, 3), (5, 0), (5, 1), (5, 2), (6, 0)]
            

    --- Attempt 18 [WRONG] answer=52 expected=44 temp=0.5 entropy=0.470 ---
        python_calls=6 errors=1 tokens=6295 time=95.9s time_left=353.9s
        source=streaming confidence=1.0 stop=max_turns
        vboxed_checkpoints: turn7=52, turn7=52, turn7=52, turn7=52, turn7=52, turn7=52
        Libraries: from scipy.optimize import milp, LinearConstraint, Bounds, import itertools, math, import numpy as np, import numpy as np, math, itertools, sys, random, collections, itertools, math, fractions, functools, copy, json, os, time, sys, warnings, itertools

        [Turn 1 CODE]
        >>> Code:
            import itertools, math
            
            solutions=[]
            maxF=0
            best=None
            for vA in range(0,30):
                for vB in range(0,30):
                    for vC in range(0,30):
                        # compute F from equations
                        # 9vA+4vB+1vC = F
                        # 1vA+3vB+4vC = 2F
                        F1 = 9*vA+4*vB+vC
                        RHS = vA+3*vB+4*vC
                        if 2*F1 != RHS:
                            continue
                        F=F1
                        V=vA+vB+vC
                        if V == F/2 +2:
                            if F>maxF:
                                maxF=F
                                best=(vA,vB,vC,F,V)
                            solutions.append((vA,vB,vC,F,V))
            maxF, best[:5]
            
        >>> Output:
            52 (0, 8, 20, 52, 28)
            

        [Turn 2 CODE]
        >>> Code:
            types=[]
            for a in range(0,12):
                for b in range(0,12):
                    if a+b>=3 and 30*a+75*b<360:
                        types.append((a,b,30*a+75*b))
            len(types), types[:10]
            
        >>> Output:
            30 [(0, 3, 225), (0, 4, 300), (1, 2, 180), (1, 3, 255), (1, 4, 330), (2, 1, 135), (2, 2, 210), (2, 3, 285), (3, 0, 90), (3, 1, 165)]
            

        [Turn 3 CODE]
        >>> Code:
            import numpy as np, math, itertools, sys, random, collections, itertools, math, fractions, functools, copy, json, os, time, sys, warnings, itertools
            from scipy.optimize import milp, LinearConstraint, Bounds
            
            # define types list
            types=[]
            for a in range(0,12):
                for b in range(0,12):
                    if a+b>=3 and 30*a+75*b<360:
                        types.append((a,b))
            len(types)
            
        >>> Output:
            30
            

        [Turn 4 CODE]
        >>> Code:
            import numpy as np
            
            A = []
            b = []
            # constraint 1
            row1 = [a for a,b in types]
            row1.append(-2)  # coefficient for constant? Actually we need expression sum a_i n_i -2* (sum n_i -2) =0 => sum a_i n_i -2 sum n_i +4 =0
            # We'll handle constant term by moving to RHS.
            # So sum (a_i -2) n_i = -4
            coeffs1 = [a-2 for a,b in types]
            A.append(coeffs1)
            b.append(-4)
            
            # constraint 2
            coeffs2 = [b-4 for a,b in types]
            A.append(coeffs2)
            b.append(-8)  # because sum (b_i -4) n_i = -8 (since -2*4? Wait compute: sum b_i n_i -4 sum n_i +8 =0 => sum (b_i-4)n_i = -8)
            
        >>> Output:
            [WARN] No output. Use print() to see results.

        [Turn 5 CODE [ERROR]]
        >>> Code:
            c = [-1]*len(types)  # maximize sum n_i => minimize negative sum
            lin = LinearConstraint(np.array(A), np.array(b), np.array(b))
            bounds = Bounds(0, np.inf)
            res = milp(c=c, constraints=[lin], bounds=bounds, integrality=np.arange(len(types)))
            res
            
        >>> Output:
            ---------------------------------------------------------------------------ValueError                                Traceback (most recent call last)/tmp/ipykernel_627/2489460964.py in <cell line: 0>()
                  2 lin = LinearConstraint(np.array(A), np.array(b), np.array(b))
                  3 bounds = Bounds(0, np.inf)
            ----> 4 res = milp(c=c, constraints=[lin], bounds=bounds, integrality=np.arange(len(types)))
                  5 print(res)
            /usr/local/lib/python3.12/dist-packages/scipy/optimize/_milp.py in milp(c, integrality, bounds, constraints, options)
                367 
                368     """
            --> 369     args_iv = _milp_iv(c, integrality, bounds, constraints, options)
                370     c, integrality, lb, ub, indptr, indices, data, b_l, b_u, options = args_iv
                371 
            /usr/local/lib/python3.12/dist-packages/scipy/optimize/_milp.py in _milp_iv(c, integrality, bounds, constraints, options)
                 96         raise ValueError(message)
                 97     if integrality.min() < 0 or integrality.max() > 3:
            ---> 98         raise ValueError(message)
                 99 
                100     # bounds IV
            ValueError: `integrality` must contain integers 0-3 and be broadcastable to `c.shape`.

        [Turn 6 CODE]
        >>> Code:
            integrality = np.ones(len(types), dtype=int)
            res = milp(c=c, constraints=[lin], bounds=bounds, integrality=integrality, options={'disp': False})
            res
            
        >>> Output:
                    message: Optimization terminated successfully. (HiGHS Status 7: Optimal)
                    success: True
                     status: 0
                        fun: -28.0
                          x: [ 0.000e+00  0.000e+00 ...  0.000e+00  0.000e+00]
             mip_node_count: 1
             mip_dual_bound: -28.0
                    mip_gap: 0.0
            

    --- Attempt 3 [WRONG] answer=52 expected=44 temp=0.5 entropy=0.575 ---
        python_calls=17 errors=2 tokens=6329 time=97.6s time_left=352.4s
        source=streaming confidence=1.0 stop=max_turns
        Libraries: from scipy.optimize import milp, LinearConstraint, Bounds, from scipy.spatial import ConvexHull, import itertools, math, import matplotlib.path as mpath, numpy as np, math, sys, import numpy as np, itertools, math, sys, random, fractions, collections, itertools, math, sys, time, json, os, typing, functools, decimal, fractions, itertools, math, sys, import numpy as np, math, itertools, sys, random, import numpy as np, scipy.optimize as opt, math, itertools, sys, random, fractions, collections, itertools, math

        [Turn 1 CODE]
        >>> Code:
            solutions = []
            for a in range(0,10):
                for b in range(0,10):
                    if a+b>=3 and 30*a+75*b < 360:
                        solutions.append((a,b,30*a+75*b))
            solutions[:20], len(solutions)
            
        >>> Output:
            [(0, 3, 225), (0, 4, 300), (1, 2, 180), (1, 3, 255), (1, 4, 330), (2, 1, 135), (2, 2, 210), (2, 3, 285), (3, 0, 90), (3, 1, 165), (3, 2, 240), (3, 3, 315), (4, 0, 120), (4, 1, 195), (4, 2, 270), (4, 3, 345), (5, 0, 150), (5, 1, 225), (5, 2, 300), (6, 0, 180)] 28
            

        [Turn 2 CODE]
        >>> Code:
            import itertools, math
            allowed = [(a,b) for a,b,_ in solutions]
            allowed
            
        >>> Output:
            [(0, 3), (0, 4), (1, 2), (1, 3), (1, 4), (2, 1), (2, 2), (2, 3), (3, 0), (3, 1), (3, 2), (3, 3), (4, 0), (4, 1), (4, 2), (4, 3), (5, 0), (5, 1), (5, 2), (6, 0), (6, 1), (6, 2), (7, 0), (7, 1), (8, 0), (8, 1), (9, 0), (9, 1)]
            

        [Turn 3 CODE]
        >>> Code:
            import numpy as np, itertools, math, sys, random, fractions, collections, itertools, math, sys, time, json, os, typing, functools, decimal, fractions, itertools, math, sys
        >>> Output:
            [WARN] No output. Use print() to see results.

        [Turn 4 CODE]
        >>> Code:
            import numpy as np, scipy.optimize as opt, math, itertools, sys, random, fractions, collections, itertools, math
        >>> Output:
            [WARN] No output. Use print() to see results.

        [Turn 5 CODE]
        >>> Code:
            A = np.array([ [pt[0] for pt in allowed],
                             [pt[1] for pt in allowed] ])
            c = np.zeros(len(allowed))
            # constraints: A @ w = [2,4], sum w =1
            # Use linprog with equality constraints
            res = opt.linprog(c, A_eq=np.vstack([A, np.ones(len(allowed))]), b_eq=np.array([2,4,1]), bounds=(0, None))
            print(res.success)
            
        >>> Output:
            False
            

        [Turn 6 CODE]
        >>> Code:
            def feasible(m):
                if m%2==1: 
                    return False
                V = m/2 + 2
                a_avg = m / V
                b_avg = 2*m / V
                # solve convex combination
                c = np.zeros(len(allowed))
                A_eq = np.vstack([ [pt[0] for pt in allowed],
                                  [pt[1] for pt in allowed],
                                  np.ones(len(allowed)) ])
                b_eq = np.array([a_avg, b_avg, 1])
                res = opt.linprog(c, A_eq=A_eq, b_eq=b_eq, bounds=(0, None), method='highs')
                return res.success
            
            for m in range(2, 200, 2):
                if feasible(m):
                    max_m = m
            print(max_m)
            
        >>> Output:
            52
            

        [Turn 7 CODE]
        >>> Code:
            max_m = 0
            for m in range(2, 2000, 2):
                if feasible(m):
                    max_m = m
            print(max_m)
            
        >>> Output:
            52
            

        [Turn 8 CODE]
        >>> Code:
            from scipy.optimize import milp, LinearConstraint, Bounds
            import numpy as np, math, itertools, sys, random
        >>> Output:
            [WARN] No output. Use print() to see results.

        [Turn 9 CODE [ERROR]]
        >>> Code:
            c = np.zeros(len(allowed))
            A_eq = np.vstack([ [pt[0] for pt in allowed],
                              [pt[1] for pt in allowed],
                              np.ones(len(allowed)) ])
            b_eq = np.array([52, 104, 28])
            bounds = Bounds(0, np.inf)
            integrality = np.arange(len(allowed))
            res = milp(c, constraints=LinearConstraint(A_eq, b_eq, b_eq), bounds=bounds, integrality=integrality, options={"presolve": True})
            print(res.success)
            print(res.x)
            
        >>> Output:
            ---------------------------------------------------------------------------ValueError                                Traceback (most recent call last)/tmp/ipykernel_631/400642351.py in <cell line: 0>()
                  6 bounds = Bounds(0, np.inf)
                  7 integrality = np.arange(len(allowed))
            ----> 8 res = milp(c, constraints=LinearConstraint(A_eq, b_eq, b_eq), bounds=bounds, integrality=integrality, options={"presolve": True})
                  9 print(res.success)
                 10 print(res.x)
            /usr/local/lib/python3.12/dist-packages/scipy/optimize/_milp.py in milp(c, integrality, bounds, constraints, options)
                367 
                368     """
            --> 369     args_iv = _milp_iv(c, integrality, bounds, constraints, options)
                370     c, integrality, lb, ub, indptr, indices, data, b_l, b_u, options = args_iv
                371 
            /usr/local/lib/python3.12/dist-packages/scipy/optimize/_milp.py in _milp_iv(c, integrality, bounds, constraints, options)
                 96         raise ValueError(message)
                 97     if integrality.min() < 0 or integrality.max() > 3:
            ---> 98         raise ValueError(message)
                 99 
                100     # bounds IV
            ValueError: `integrality` must contain integers 0-3 and be broadcastable to `c.shape`.

        [Turn 10 CODE]
        >>> Code:
            integrality = np.ones(len(allowed), dtype=int)
            res = milp(c, integrality=integrality, bounds=bounds,
                       constraints=LinearConstraint(A_eq, b_eq, b_eq), options={"presolve": True})
            print(res.success)
            
        >>> Output:
            True
            

        [Turn 11 CODE]
        >>> Code:
            print(res.x)
            
        >>> Output:
            [ 0.  0.  0.  0. 20.  0.  0.  0.  0.  0.  0.  0.  0.  0.  0.  8.  0.  0.
              0.  0.  0. -0.  0.  0.  0.  0.  0.  0.]
            

        [Turn 12 CODE]
        >>> Code:
            for idx,pt in enumerate(allowed):
                if res.x[idx]>0.5:
                    print(idx, pt, res.x[idx])
            
        >>> Output:
            4 (1, 4) 20.00000000000004
            15 (4, 3) 7.999999999999939
            

        [Turn 13 CODE]
        >>> Code:
            points = np.array(allowed)
            # compute convex hull using scipy.spatial.ConvexHull
            from scipy.spatial import ConvexHull
            hull = ConvexHull(points)
            hull_vertices = points[hull.vertices]
            hull_vertices
            
        >>> Output:
            [[0 3]
             [3 0]
             [9 0]
             [9 1]
             [4 3]
             [1 4]
             [0 4]]
            

        [Turn 14 CODE [ERROR]]
        >>> Code:
            import matplotlib.path as mpath, numpy as np, math, sys
        >>> Output:
            ---------------------------------------------------------------------------ModuleNotFoundError                       Traceback (most recent call last)/tmp/ipykernel_631/2265560315.py in <cell line: 0>()
            ----> 1 import matplotlib.path as mpath, numpy as np, math, sys
            ModuleNotFoundError: No module named 'matplotlib'

        [Turn 15 CODE]
        >>> Code:
            def find_inequality(limit=10):
                best=None
                for p in range(-limit,limit+1):
                    for q in range(-limit,limit+1):
                        if p==0 and q==0: continue
                        # compute max over allowed
                        max_val = max(p*a+q*b for a,b in allowed)
                        # compute value at (2,4)
                        val_target = p*2+q*4
                        if val_target > max_val:
                            # inequality p*a+q*b <= max_val holds for all allowed, but violated by (2,4)
                            # use this to bound m via averages
                            return p,q,max_val
                return None
            
            print(find_inequality(20))
            
        >>> Output:
            (1, 3, 13)
            

        [Turn 16 CODE]
        >>> Code:
            max_val = max(a+3*b for a,b in allowed)
            max_val
            
        >>> Output:
            13
            

        [Turn 17 CODE]
        >>> Code:
            [(a,b) for a,b in allowed if a+3*b==13]
            
        >>> Output:
            [(1, 4), (4, 3)]
            

    --- Attempt 21 [WRONG] answer=22 expected=44 temp=0.5 entropy=0.605 ---
        python_calls=3 errors=0 tokens=7103 time=106.0s time_left=343.8s
        source=streaming confidence=1.0 stop=max_turns
        Libraries: import math

        [Turn 1 CODE]
        >>> Code:
            solutions=[]
            for k in range(0,10):
                for l in range(0,10):
                    n=k+l
                    if n>=3:
                        total=30*k+75*l
                        if total<360:
                            solutions.append((k,l,total))
            solutions[:20], len(solutions)
            
        >>> Output:
            [(0, 3, 225), (0, 4, 300), (1, 2, 180), (1, 3, 255), (1, 4, 330), (2, 1, 135), (2, 2, 210), (2, 3, 285), (3, 0, 90), (3, 1, 165), (3, 2, 240), (3, 3, 315), (4, 0, 120), (4, 1, 195), (4, 2, 270), (4, 3, 345), (5, 0, 150), (5, 1, 225), (5, 2, 300), (6, 0, 180)] 28
            

        [Turn 2 CODE]
        >>> Code:
            def feasible(F):
                if F%2: return False
                V = 2 + F//2
                # need to split V into V30 and V75 nonnegative integers
                for V30 in range(0, V+1):
                    V75 = V - V30
                    # need sum d_i = F with each between 3 and 11, count V30
                    # min sum = 3*V30, max sum = 11*V30
                    if not (3*V30 <= F <= 11*V30): continue
                    # similarly sum e_j = 2F with each between 3 and 4
                    if not (3*V75 <= 2*F <= 4*V75): continue
                    # also need integer solutions for degree sequences, but bounds enough
                    return True
                return False
            
            feasibles = [F for F in range(2,101,2) if feasible(F)]
            feasibles[:20], len(feasibles)
            
        >>> Output:
            [6, 8, 10, 12, 14, 16, 18, 20, 22] 9
            

        [Turn 3 CODE]
        >>> Code:
            import math
            L_over_s = math.sin(math.radians(75))/math.sin(math.radians(30))
            for n in range(3,13):
                R_over_s = 1/(2*math.sin(math.pi/n))
                print(n, R_over_s, L_over_s>R_over_s)
            
        >>> Output:
            3 0.5773502691896258 True
            4 0.7071067811865476 True
            5 0.8506508083520399 True
            6 1.0000000000000002 True
            7 1.1523824354812433 True
            8 1.3065629648763766 True
            9 1.4619022000815438 True
            10 1.618033988749895 True
            11 1.7747327664421118 True
            12 1.9318516525781368 False
            

    --- Attempt 7 [NONE] answer=None expected=44 temp=0.5 entropy=0.637 ---
        python_calls=4 errors=0 tokens=9594 time=131.6s time_left=318.4s
        source=fallback confidence=0.0 stop=max_turns
        Libraries: import itertools, math

        [Turn 1 CODE]
        >>> Code:
            solutions=[]
            for a in range(0,13):
                for b in range(0,13):
                    if a+b>=3: # at least 3 faces meet? Actually at least 3 faces meet at vertex for convex polyhedron (except maybe 2? but that would be edge)
                        if 30*a+75*b<360:
                            solutions.append((a,b,30*a+75*b))
            solutions[:20], len(solutions)
            
        >>> Output:
            [(0, 3, 225), (0, 4, 300), (1, 2, 180), (1, 3, 255), (1, 4, 330), (2, 1, 135), (2, 2, 210), (2, 3, 285), (3, 0, 90), (3, 1, 165), (3, 2, 240), (3, 3, 315), (4, 0, 120), (4, 1, 195), (4, 2, 270), (4, 3, 345), (5, 0, 150), (5, 1, 225), (5, 2, 300), (6, 0, 180)] 30
            

        [Turn 2 CODE]
        >>> Code:
            valid=[]
            for a,b,_ in solutions:
                if b%2==0:
                    valid.append((a,b))
            valid
            
        >>> Output:
            [(0, 4), (1, 2), (1, 4), (2, 2), (3, 0), (3, 2), (4, 0), (4, 2), (5, 0), (5, 2), (6, 0), (6, 2), (7, 0), (8, 0), (9, 0), (10, 0), (11, 0)]
            

        [Turn 3 CODE]
        >>> Code:
            max_degree=0
            candidates=[]
            for a,b in valid:
                d=a+b
                if d>max_degree:
                    max_degree=d
                    candidates=[(a,b)]
                elif d==max_degree:
                    candidates.append((a,b))
            max_degree, candidates
            
        >>> Output:
            11 [(11, 0)]
            

        [Turn 4 CODE]
        >>> Code:
            import itertools, math
            
            # allowed (a,b) from earlier list with angle sum <360
            allowed = [(0,4),(1,2),(1,4),(2,2),(3,0),(3,2),(4,0),(4,2),(5,0),(5,2),(6,0),(6,2),(7,0),(8,0),(9,0),(10,0),(11,0)]
            # also (2,0)? angle sum 60 <360 but degree 2 not allowed (need at least 3 faces). So ignore.
            # ensure degree >=3
            allowed = [p for p in allowed if sum(p)>=3]
            
            def feasible(m):
                V = m//2 + 2
                # solve integer linear equations via brute force limited search
                # number of types limited; we can use simple integer linear programming via python pulp? not available.
                # We'll brute force over small subset maybe using diophantine approach.
                # Use linear diophantine solving: variables x_i.
                # We'll use simple recursion limited by V.
                types = allowed
                n = len(types)
                # Use simple backtracking limited depth
                solution = None
                def backtrack(i, remainingV, remainingA, remainingB):
                    nonlocal solution
                    if solution is not None:
                        return
                    if i==n:
                        if remainingV==0 and remainingA==0 and remainingB==0:
                            solution = []
                        return
                    a,b = types[i]
                    # max count limited by remainingV
                    maxcnt = remainingV
                    for cnt in range(maxcnt+1):
                        na = remainingA - a*cnt
                        nb = remainingB - b*cnt
                        if na<0 or nb<0:
                            break
                        backtrack(i+1, remainingV-cnt, na, nb)
                        if solution is not None:
                            solution.append((a,b,cnt))
                            return
                backtrack(0, V, m, 2*m)
                return solution
            
            for m in range(4, 30, 2):
                sol = feasible(m)
                print(m, bool(sol))
            
        >>> Output:
            4 True
            6 True
            8 True
            10 True
            12 True
            14 True
            16 True
            18 True
            20 True
            22 True
            24 True
            26 True
            28 True
            

        [Turn 5 REASONING] (83 chars)
        \[
\boxed{\text{There is no finite maximum; }m\text{ can be arbitrarily large.}}
\]

    --- Attempt 20 [WRONG] answer=52 expected=44 temp=0.5 entropy=0.504 ---
        python_calls=21 errors=1 tokens=7501 time=136.1s time_left=313.6s
        source=streaming confidence=1.0 stop=max_turns
        Libraries: import itertools, math, import itertools, math, random, sys, collections, fractions, functools, numpy as np, itertools, math, sys, random, collections, fractions, itertools, import numpy as np, math, itertools, sys, random, collections, fractions, math, itertools, numpy as np, scipy.optimize as opt, import numpy as np, scipy.optimize as opt, import sympy as sp

        [Turn 1 CODE]
        >>> Code:
            poss=[]
            for x in range(0,13):
                for y in range(0,13):
                    if x+y>0 and 30*x+75*y<360:
                        poss.append((x,y,30*x+75*y))
            poss[:20], len(poss)
            
        >>> Output:
            [(0, 1, 75), (0, 2, 150), (0, 3, 225), (0, 4, 300), (1, 0, 30), (1, 1, 105), (1, 2, 180), (1, 3, 255), (1, 4, 330), (2, 0, 60), (2, 1, 135), (2, 2, 210), (2, 3, 285), (3, 0, 90), (3, 1, 165), (3, 2, 240), (3, 3, 315), (4, 0, 120), (4, 1, 195), (4, 2, 270)] 35
            

        [Turn 2 CODE]
        >>> Code:
            max_angle=0
            max_combo=None
            for x,y,ang in poss:
                if ang>max_angle:
                    max_angle=ang
                    max_combo=(x,y)
            max_angle, max_combo
            
        >>> Output:
            345 (4, 3)
            

        [Turn 3 CODE]
        >>> Code:
            import itertools, math
            def feasible(m):
                V = m//2 + 2
                total30 = m
                total75 = 2*m
                # allowed combos list
                combos = [(x,y) for x in range(0,8) for y in range(0,8) if x+y>0 and 30*x+75*y<360]
                # Use simple ILP via brute force? Too many possibilities.
                # Use linear programming with integer constraints using pulp? not available.
                # We'll use simple heuristic search using integer programming via python's itertools limited.
                # Since V up to 48, we can try to solve via linear equations using pulp? Not installed.
                # Use python's mip? not allowed.
                # We'll use simple integer linear programming via python's ortools not available.
                # Let's use brute force on small set of combo types maybe limited.
                return combos
            combos=feasible(92)
            len(combos), combos[:10]
            
        >>> Output:
            29 [(0, 1), (0, 2), (0, 3), (0, 4), (1, 0), (1, 1), (1, 2), (1, 3), (1, 4), (2, 0)]
            

        [Turn 4 CODE]
        >>> Code:
            import itertools, math, random, sys, collections, fractions, functools, numpy as np, itertools, math, sys, random, collections, fractions, itertools
        >>> Output:
            [WARN] No output. Use print() to see results.

        [Turn 5 CODE]
        >>> Code:
            import sympy as sp
            
            m=sp.symbols('m', integer=True, positive=True)
            a,b,c,d,e,f,g=sp.symbols('a b c d e f g', integer=True, nonnegative=True)
            
            eqs = [
            sp.Eq(a+b+c+d+e+f+g, m/2+2),
            sp.Eq(a + 2*b + 3*c + 4*d +5*e +6*f +4*g, m),
            sp.Eq(2*a +2*b +2*c +2*d +2*e + f +3*g, 2*m)
            ]
            
            solution = sp.linsolve(eqs, (a,b,c,d,e,f,g,m))
            solution
            
        >>> Output:
            {(c + 2*d + 3*e + 6*g - 4*m + 20, -2*c - 3*d - 4*e - 8*g + 11*m/2 - 22, c, d, e, g - m + 4, g, m)}
            

        [Turn 6 CODE]
        >>> Code:
            k=sp.symbols('k', integer=True, positive=True)
            m_expr=2*k
            a_expr = (c + 2*d + 3*e + 6*g -4*m_expr +20)
            b_expr = (-2*c -3*d -4*e -8*g + (11*m_expr)/2 -22)
            f_expr = g - m_expr +4
            sp.simplify(b_expr)
            
        >>> Output:
            -2*c - 3*d - 4*e - 8*g + 11*k - 22
            

        [Turn 7 CODE]
        >>> Code:
            a_expr = c + 2*d + 3*e + 6*g -4*(2*k) +20
            sp.simplify(a_expr)
            
        >>> Output:
            c + 2*d + 3*e + 6*g - 8*k + 20
            

        [Turn 8 CODE [ERROR]]
        >>> Code:
            def feasible_m(m):
                if m%2: return False
                k=m//2
                # iterate over reasonable ranges for c,d,e,g
                # Since a,b,f must be nonnegative, we can bound c,d,e,g <= something like 2k maybe.
                max_val = 2*k+10
                for c in range(0, max_val):
                    for d in range(0, max_val):
                        for e in range(0, max_val):
                            for g in range(0, max_val):
                                a = c + 2*d + 3*e + 6*g - 8*k + 20
                                b = -2*c -3*d -4*e -8*g + 11*k - 22
                                f = g - 2*k + 4
                                if a>=0 and b>=0 and f>=0:
                                    # also need a,b,c,d,e,f,g integers (they are)
                                    # also need V = m/2+2 = k+2 equals sum a+b+c+d+e+f+g
                                    V = k+2
                                    if a+b+c+d+e+f+g == V:
                                        return True
                return False
            
            max_m=0
            feas_dict={}
            for m in range(4, 94, 2):
                if feasible_m(m):
                    max_m=m
                    print("feasible", m)
            print("max", max_m)
            
        >>> Output:
            [ERROR] Execution timed out after 30 seconds

        [Turn 9 CODE]
        >>> Code:
            c,d,e,t,k=sp.symbols('c d e t k', integer=True, nonnegative=True)
            g = 2*k -4 + t
            a = c + 2*d + 3*e + 6*g - 8*k + 20
            b = -2*c -3*d -4*e -8*g + 11*k - 22
            sp.simplify(a), sp.simplify(b)
            
        >>> Output:
            c + 2*d + 3*e + 4*k + 6*t - 4 -2*c - 3*d - 4*e - 5*k - 8*t + 10
            

        [Turn 10 CODE]
        >>> Code:
            a_s = sp.expand(a)
            b_s = sp.expand(b)
            a_s, b_s
            
        >>> Output:
            c + 2*d + 3*e + 4*k + 6*t - 4 -2*c - 3*d - 4*e - 5*k - 8*t + 10
            

        [Turn 11 CODE]
        >>> Code:
            a = c + 2*d + 3*e + 6*g - 8*k + 20
            b = -2*c -3*d -4*e -8*g + 11*k - 22
            a_s = sp.expand(a.subs(g, 2*k -4 + t))
            b_s = sp.expand(b.subs(g, 2*k -4 + t))
            a_s, b_s
            
        >>> Output:
            c + 2*d + 3*e + 4*k + 6*t - 4 -2*c - 3*d - 4*e - 5*k - 8*t + 10
            

        [Turn 12 CODE]
        >>> Code:
            a_s = sp.expand(c + 2*d + 3*e + 6*(2*k -4 + t) - 8*k + 20)
            b_s = sp.expand(-2*c -3*d -4*e -8*(2*k -4 + t) + 11*k - 22)
            a_s, b_s
            
        >>> Output:
            c + 2*d + 3*e + 4*k + 6*t - 4 -2*c - 3*d - 4*e - 5*k - 8*t + 10
            

        [Turn 13 CODE]
        >>> Code:
            print("a:", a_s)
            print("b:", b_s)
            
        >>> Output:
            a: c + 2*d + 3*e + 4*k + 6*t - 4
            b: -2*c - 3*d - 4*e - 5*k - 8*t + 10
            

        [Turn 14 CODE]
        >>> Code:
            S = a_s + b_s + c + d + e + t + (2*k -4 + t)
            sp.simplify(S)
            
        >>> Output:
            k + 2
            

        [Turn 15 CODE]
        >>> Code:
            import numpy as np, math, itertools, sys, random, collections, fractions, math, itertools, numpy as np, scipy.optimize as opt
        >>> Output:
            [WARN] No output. Use print() to see results.

        [Turn 16 CODE]
        >>> Code:
            # build combos list
            combos = [(x,y) for x in range(0,8) for y in range(0,8) if x+y>0 and 30*x+75*y<360]
            len(combos)
            
        >>> Output:
            29
            

        [Turn 17 CODE]
        >>> Code:
            import numpy as np, scipy.optimize as opt
            
            def feasible_real(m):
                V = m//2 + 2
                total30 = m
                total75 = 2*m
                A = []
                b = []
                # vertex count
                A.append([1]*len(combos))
                b.append(V)
                # x sum
                A.append([c[0] for c in combos])
                b.append(total30)
                # y sum
                A.append([c[1] for c in combos])
                b.append(total75)
                A = np.array(A, dtype=float)
                b = np.array(b, dtype=float)
                # linprog minimize 0 subject to equality and bounds >=0
                res = opt.linprog(c=np.zeros(len(combos)), A_eq=A, b_eq=b, bounds=[(0,None)]*len(combos), method='highs')
                return res.success, res.x if res.success else None
            
            success, sol = feasible_real(92)
            print(success)
            
        >>> Output:
            False
            

        [Turn 18 CODE]
        >>> Code:
            def max_feasible():
                for m in range(4,200,2):
                    ok,_=feasible_real(m)
                    if not ok:
                        return m-2
                return None
            
            print(max_feasible())
            
        >>> Output:
            52
            

        [Turn 19 CODE]
        >>> Code:
            ok, sol = feasible_real(52)
            print(ok)
            print(sol[:5])
            
        >>> Output:
            True
            [0. 0. 0. 0. 0.]
            

        [Turn 20 CODE]
        >>> Code:
            def solution_details(m):
                ok, x = feasible_real(m)
                if not ok:
                    return None
                details = []
                for coeff, combo in zip(x, combos):
                    if coeff>1e-6:
                        details.append((combo, coeff))
                return details
            
            solution_details(52)[:10]
            
        >>> Output:
            [((1, 4), np.float64(19.999999999999996)), ((4, 3), np.float64(8.000000000000004))]
            

        [Turn 21 CODE]
        >>> Code:
            for m in range(52, 94, 2):
                ok,_=feasible_real(m)
                print(m, ok)
            
        >>> Output:
            52 True
            54 False
            56 False
            58 False
            60 False
            62 False
            64 False
            66 False
            68 False
            70 False
            72 False
            74 False
            76 False
            78 False
            80 False
            82 False
            84 False
            86 False
            88 False
            90 False
            92 False
            

    --- Attempt 16 [WRONG] answer=22 expected=44 temp=0.5 entropy=0.565 ---
        python_calls=11 errors=0 tokens=10257 time=138.4s time_left=311.5s
        source=streaming confidence=1.0 stop=max_turns
        vboxed_checkpoints: turn5=22, turn5=22
        Libraries: from collections import defaultdict, import itertools, math, import itertools, numpy as np, import math, import math, sympy as sp, import sympy as sp

        [Turn 1 CODE]
        >>> Code:
            solutions = []
            for a in range(0,13):
                for b in range(0,13):
                    if a+b>=3:
                        S = 30*a + 75*b
                        if S < 360:
                            solutions.append((a,b,S))
            solutions[:20], len(solutions)
            
        >>> Output:
            [(0, 3, 225), (0, 4, 300), (1, 2, 180), (1, 3, 255), (1, 4, 330), (2, 1, 135), (2, 2, 210), (2, 3, 285), (3, 0, 90), (3, 1, 165), (3, 2, 240), (3, 3, 315), (4, 0, 120), (4, 1, 195), (4, 2, 270), (4, 3, 345), (5, 0, 150), (5, 1, 225), (5, 2, 300), (6, 0, 180)] 30
            

        [Turn 2 CODE]
        >>> Code:
            import math, sympy as sp
            ratio = math.sqrt(2)*(math.sqrt(3)+1)/2
            ratio
            
        >>> Output:
            1.9318516525781366
            

        [Turn 3 CODE]
        >>> Code:
            import math
            math.sin(math.pi/11)
            
        >>> Output:
            0.28173255684142967
            

        [Turn 4 CODE]
        >>> Code:
            import itertools, math
            
            def feasible(m):
                V_needed = m//2 + 2
                # generate possible vertex types
                types = []
                for a in range(0,13):
                    for c in range(0,13):
                        for d in range(0,13):
                            if a==c==d==0: continue
                            if 30*a + 75*(c+d) < 360:
                                types.append((a,c,d))
                # integer linear programming: find nonnegative integer counts x_t for each type such that sums match.
                # Use simple brute force via recursion limited because m small.
                # We'll attempt using ILP via pulp? not allowed. Use simple backtracking with pruning.
                target = (m,m,m,V_needed)
                # use DP dictionary mapping (sum_a,sum_c,sum_d,vertices) -> bool
                from collections import defaultdict
                dp = defaultdict(bool)
                dp[(0,0,0,0)] = True
                for t in types:
                    a,c,d = t
                    newdp = dict(dp)
                    for (sa,sc,sd,sv),val in dp.items():
                        # add up to some count k
                        maxk = min((m-sa)//a if a else (m-sc)//c if c else (m-sd)//d if d else 0,  (V_needed-sv))
                        # but we can just try adding one at a time multiple times iterative.
                    # Too complex.
                return False
            
        >>> Output:
            [WARN] No output. Use print() to see results.

        [Turn 5 CODE]
        >>> Code:
            import itertools, math
            S = []
            for a in range(0,12):
                for b in range(0,12):
                    if a+b>=3 and 30*a+75*b < 360:
                        S.append((a,b))
            len(S)
            
        >>> Output:
            30
            

        [Turn 6 CODE]
        >>> Code:
            import itertools, numpy as np
            
            def in_triangle(p, a,b,c):
                # barycentric
                M = np.array([a,b,c]).T
                # solve M * w = p, with w sum to 1
                # add constraint sum w =1
                A = np.vstack([M, np.ones(3)])
                bvec = np.array([p[0], p[1], 1])
                try:
                    w = np.linalg.lstsq(A, bvec, rcond=None)[0]
                except np.linalg.LinAlgError:
                    return False
                return all(w>=-1e-9) and abs(sum(w)-1)<1e-9
            
            target = (2,4)
            found=False
            for a,b in S:
                if (a,b)==target:
                    found=True
                    break
            if not found:
                for combo in itertools.combinations(S,3):
                    if in_triangle(target, *combo):
                        found=True
                        break
            found
            
        >>> Output:
            False
            

        [Turn 7 CODE]
        >>> Code:
            def point_in_hull(p, points):
                # check if p in convex hull of points (2D) using linear programming via scipy? We'll brute force combos of up to 3.
                # also check combos of 2 (line segment)
                for a,b in points:
                    if (abs(a-p[0])<1e-9 and abs(b-p[1])<1e-9):
                        return True
                # check line segments
                for (x1,y1),(x2,y2) in itertools.combinations(points,2):
                    # solve p = t*(x1,y1)+(1-t)*(x2,y2)
                    # t in [0,1]
                    denom = (x1 - x2, y1 - y2)
                    # solve for t using one coordinate if denominator not zero
                    if denom[0]!=0:
                        t = (p[0]-x2)/(x1-x2)
                    elif denom[1]!=0:
                        t = (p[1]-y2)/(y1-y2)
                    else:
                        continue
                    if 0-1e-9 <= t <= 1+1e-9:
                        # check other coordinate matches
                        if abs(p[1] - (t*y1 + (1-t)*y2))<1e-6:
                            return True
                # check triangles
                for combo in itertools.combinations(points,3):
                    if in_triangle(p, *combo):
                        return True
                return False
            
            def max_m():
                maxm=0
                for m in range(2,200,2):
                    t = 1+4/m
                    p = (2/t, 4/t)  # because avg a = 2/(1+4/m) = 2/t
                    if point_in_hull(p, S):
                        maxm=m
                return maxm
            
            max_m()
            
        >>> Output:
            198
            

        [Turn 8 CODE]
        >>> Code:
            def max_m_limit(limit):
                maxm=0
                for m in range(2,limit+1,2):
                    t = 1+4/m
                    p = (2/t, 4/t)
                    if point_in_hull(p, S):
                        maxm=m
                return maxm
            
            max_m_limit(1000)
            
        >>> Output:
            1000
            

        [Turn 9 CODE]
        >>> Code:
            max_m_limit(20000)
            
        >>> Output:
            20000
            

        [Turn 10 CODE]
        >>> Code:
            points = S
            # compute convex hull (upper and lower)
            def convex_hull(points):
                # monotonic chain
                pts = sorted(set(points))
                if len(pts) <=1:
                    return pts
                def cross(o,a,b):
                    return (a[0]-o[0])*(b[1]-o[1]) - (a[1]-o[1])*(b[0]-o[0])
                lower=[]
                for p in pts:
                    while len(lower)>=2 and cross(lower[-2], lower[-1], p) <=0:
                        lower.pop()
                    lower.append(p)
                upper=[]
                for p in reversed(pts):
                    while len(upper)>=2 and cross(upper[-2], upper[-1], p) <=0:
                        upper.pop()
                    upper.append(p)
                return lower[:-1]+upper[:-1]
            
            hull = convex_hull(points)
            hull
            
        >>> Output:
            [(0, 3), (3, 0), (11, 0), (9, 1), (4, 3), (1, 4), (0, 4)]
            

        [Turn 11 CODE]
        >>> Code:
            import sympy as sp
            t=sp.symbols('t', positive=True)
            a=2/t
            b=4/t
            eq = sp.Eq(b, 4 - (a-1)/3)
            sol=sp.solve(eq, t)
            sol
            
        >>> Output:
            [14/13]
            

    --- Attempt 15 [WRONG] answer=52 expected=44 temp=0.5 entropy=0.491 ---
        python_calls=11 errors=3 tokens=6674 time=140.9s time_left=308.9s
        source=streaming confidence=1.0 stop=max_turns
        Libraries: from functools import lru_cache, from scipy.optimize import Bounds, import itertools, import itertools, math, import numpy as np, math, itertools, sys, scipy.optimize as opt, warnings, itertools, math, numpy as np, import numpy as np, scipy.optimize as opt, warnings, math

        [Turn 1 CODE]
        >>> Code:
            import itertools
            
            valid = []
            for a in range(0,13):
                for b in range(0,13):
                    if a+b>=3 and 30*a+75*b<360:
                        valid.append((a,b,30*a+75*b))
            valid[:20], len(valid)
            
        >>> Output:
            [(0, 3, 225), (0, 4, 300), (1, 2, 180), (1, 3, 255), (1, 4, 330), (2, 1, 135), (2, 2, 210), (2, 3, 285), (3, 0, 90), (3, 1, 165), (3, 2, 240), (3, 3, 315), (4, 0, 120), (4, 1, 195), (4, 2, 270), (4, 3, 345), (5, 0, 150), (5, 1, 225), (5, 2, 300), (6, 0, 180)] 30
            

        [Turn 2 CODE [ERROR]]
        >>> Code:
            import itertools, math
            
            valid = [(a,b) for a,b,_ in valid]  # list of (a,b)
            
            def feasible(F):
                V = F//2 + 2
                # we need integer solution n_{a,b}
                # Use simple integer linear programming via brute force limited types maybe small numbers
                # We'll attempt using integer linear programming via pulp? Not available.
                # We'll use python's itertools over limited types count up to V.
                # Since V maybe up to 24 (if F=44, V=24). That's manageable to search via recursion.
                types = valid
                # recursive search
                target_a = F
                target_b = 2*F
                target_V = V
                # Use backtracking
                sol = []
                def backtrack(i, a_rem, b_rem, v_rem):
                    if i==len(types):
                        if a_rem==0 and b_rem==0 and v_rem==0:
                            return {}
                        return None
                    a,b = types[i]
                    max_cnt = min(v_rem, a_rem//a if a>0 else v_rem, b_rem//b if b>0 else v_rem)
                    # iterate count
                    for cnt in range(max_cnt, -1, -1):
                        na = a_rem - a*cnt
                        nb = b_rem - b*cnt
                        nv = v_rem - cnt
                        if na<0 or nb<0 or nv<0:
                            continue
                        res = backtrack(i+1, na, nb, nv)
                        if res is not None:
                            if cnt>0:
                                res[(a,b)] = cnt
                            return res
                    return None
                return backtrack(0, target_a, target_b, target_V)
            
            maxF = 0
            maxsol = None
            for F in range(2, 45, 2):
                sol = feasible(F)
                if sol is not None:
                    maxF = F
                    maxsol = sol
            print(maxF, maxsol)
            
        >>> Output:
            [ERROR] Execution timed out after 30 seconds

        [Turn 3 CODE [ERROR]]
        >>> Code:
            import numpy as np, math, itertools, sys, scipy.optimize as opt, warnings, itertools, math, numpy as np
            warnings.filterwarnings('ignore')
            # define types
            types = [(a,b) for a,b,_ in valid]
            m = len(types)
            def max_F():
                # We'll binary search F
                best = 0
                best_sol = None
                for F in range(2, 100, 2):
                    V = F//2 + 2
                    # variables n_i >=0 integer
                    c = np.zeros(m)  # objective none
                    # constraints: equality
                    A_eq = []
                    b_eq = []
                    # sum n_i = V
                    A_eq.append([1]*m)
                    b_eq.append(V)
                    # sum a_i n_i = F
                    A_eq.append([a for a,b in types])
                    b_eq.append(F)
                    # sum b_i n_i = 2F
                    A_eq.append([b for a,b in types])
                    b_eq.append(2*F)
                    A_eq = np.array(A_eq, dtype=float)
                    b_eq = np.array(b_eq, dtype=float)
                    # bounds
                    bounds = [(0, None)]*m
                    # use milp
                    try:
                        res = opt.milp(c=c, integrality=np.ones(m), bounds=bounds,
                                       constraints=opt.LinearConstraint(A_eq, b_eq, b_eq))
                    except Exception as e:
                        print("milp error", e)
                        return best, best_sol
                    if res.success:
                        best = F
                        best_sol = res.x
                    else:
                        break
                return best, best_sol
            
            bestF, sol = max_F()
            bestF, sol[:10]
            
        >>> Output:
            ---------------------------------------------------------------------------NameError                                 Traceback (most recent call last)/tmp/ipykernel_2621/1290050488.py in <cell line: 0>()
                  2 warnings.filterwarnings('ignore')
                  3 # define types
            ----> 4 types = [(a,b) for a,b,_ in valid]
                  5 m = len(types)
                  6 def max_F():
            NameError: name 'valid' is not defined

        [Turn 4 CODE]
        >>> Code:
            import itertools, math
            valid = []
            for a in range(0,13):
                for b in range(0,13):
                    if a+b>=3 and 30*a+75*b<360:
                        valid.append((a,b,30*a+75*b))
            types = [(a,b) for a,b,_ in valid]
            len(types)
            
        >>> Output:
            30
            

        [Turn 5 CODE [ERROR]]
        >>> Code:
            import numpy as np, scipy.optimize as opt, warnings, math
            warnings.filterwarnings('ignore')
            m = len(types)
            def feasible_F(F):
                V = F//2 + 2
                A_eq = np.array([
                    [1]*m,
                    [a for a,b in types],
                    [b for a,b in types]
                ], dtype=float)
                b_eq = np.array([V, F, 2*F], dtype=float)
                c = np.zeros(m)
                bounds = [(0, None)]*m
                res = opt.milp(c=c, integrality=np.ones(m), bounds=bounds,
                               constraints=opt.LinearConstraint(A_eq, b_eq, b_eq))
                return res.success, res.x if res.success else None
            
            maxF = 0
            maxsol = None
            for F in range(2, 100, 2):
                ok, sol = feasible_F(F)
                if ok:
                    maxF = F
                    maxsol = sol
                else:
                    break
            maxF
            
        >>> Output:
            ---------------------------------------------------------------------------TypeError                                 Traceback (most recent call last)/usr/local/lib/python3.12/dist-packages/scipy/optimize/_milp.py in _milp_iv(c, integrality, bounds, constraints, options)
                106         try:
            --> 107             bounds = Bounds(*bounds)
                108         except TypeError as exc:
            TypeError: Bounds.__init__() takes from 1 to 4 positional arguments but 31 were given
            The above exception was the direct cause of the following exception:
            ValueError                                Traceback (most recent call last)/tmp/ipykernel_2621/336428933.py in <cell line: 0>()
                 19 maxsol = None
                 20 for F in range(2, 100, 2):
            ---> 21     ok, sol = feasible_F(F)
                 22     if ok:
                 23         maxF = F
            /tmp/ipykernel_2621/336428933.py in feasible_F(F)
                 12     c = np.zeros(m)
                 13     bounds = [(0, None)]*m
            ---> 14     res = opt.milp(c=c, integrality=np.ones(m), bounds=bounds,
                 15                    constraints=opt.LinearConstraint(A_eq, b_eq, b_eq))
                 16     return res.success, res.x if res.success else None
            /usr/local/lib/python3.12/dist-packages/scipy/optimize/_milp.py in milp(c, integrality, bounds, constraints, options)
                367 
                368     """
            --> 369     args_iv = _milp_iv(c, integrality, bounds, constraints, options)
                370     c, integrality, lb, ub, indptr, indices, data, b_l, b_u, options = args_iv
                371 
            /usr/local/lib/python3.12/dist-packages/scipy/optimize/_milp.py in _milp_iv(c, integrality, bounds, constraints, options)
                107             bounds = Bounds(*bounds)
                108         except TypeError as exc:
            --> 109             raise ValueError(message) from exc
                110 
                111     try:
            ValueError: `bounds` must be convertible into an instance of `scipy.optimize.Bounds`.

        [Turn 6 CODE]
        >>> Code:
            from scipy.optimize import Bounds
            def feasible_F(F):
                V = F//2 + 2
                A_eq = np.array([
                    [1]*m,
                    [a for a,b in types],
                    [b for a,b in types]
                ], dtype=float)
                b_eq = np.array([V, F, 2*F], dtype=float)
                c = np.zeros(m)
                bounds = Bounds(0, np.inf)
                res = opt.milp(c=c, integrality=np.ones(m), bounds=bounds,
                               constraints=opt.LinearConstraint(A_eq, b_eq, b_eq))
                return res.success, res.x if res.success else None
            
            maxF=0
            for F in range(2, 100, 2):
                ok,_=feasible_F(F)
                if ok:
                    maxF=F
                else:
                    break
            maxF
            
        >>> Output:
            0
            

        [Turn 7 CODE]
        >>> Code:
            def feasible(F):
                V = F//2 + 2
                target_a = F
                target_b = 2*F
                types_list = types
                # sort types maybe by degree to prune
                # We'll use recursion with memoization
                from functools import lru_cache
                @lru_cache(None)
                def dfs(i, a_rem, b_rem, v_rem):
                    if i==len(types_list):
                        return a_rem==0 and b_rem==0 and v_rem==0
                    a,b = types_list[i]
                    # max count limited by each resource
                    max_cnt = v_rem
                    if a>0:
                        max_cnt = min(max_cnt, a_rem//a)
                    if b>0:
                        max_cnt = min(max_cnt, b_rem//b)
                    for cnt in range(max_cnt, -1, -1):
                        na = a_rem - a*cnt
                        nb = b_rem - b*cnt
                        nv = v_rem - cnt
                        if na<0 or nb<0 or nv<0:
                            continue
                        if dfs(i+1, na, nb, nv):
                            return True
                    return False
                return dfs(0, target_a, target_b, V)
            
            maxF=0
            for F in range(2, 200, 2):
                if feasible(F):
                    maxF=F
                else:
                    break
            maxF
            
        >>> Output:
            0
            

        [Turn 8 CODE]
        >>> Code:
            def find_solution(F):
                V = F//2 + 2
                target_a = F
                target_b = 2*F
                types_list = types
                from functools import lru_cache
                @lru_cache(None)
                def dfs(i, a_rem, b_rem, v_rem):
                    if i==len(types_list):
                        return (a_rem==0 and b_rem==0 and v_rem==0, ())
                    a,b = types_list[i]
                    max_cnt = v_rem
                    if a>0:
                        max_cnt = min(max_cnt, a_rem//a)
                    if b>0:
                        max_cnt = min(max_cnt, b_rem//b)
                    for cnt in range(max_cnt, -1, -1):
                        na = a_rem - a*cnt
                        nb = b_rem - b*cnt
                        nv = v_rem - cnt
                        if na<0 or nb<0 or nv<0:
                            continue
                        ok, sol = dfs(i+1, na, nb, nv)
                        if ok:
                            if cnt>0:
                                sol = ((a,b,cnt),) + sol
                            return True, sol
                    return False, ()
                ok, sol = dfs(0, target_a, target_b, V)
                return ok, sol
            
            for F in range(2, 30, 2):
                ok, sol = find_solution(F)
                if ok:
                    print("F",F,"solution",sol[:5])
            
        >>> Output:
            F 4 solution ((0, 3, 2), (1, 2, 1), (3, 0, 1))
            F 6 solution ((0, 3, 4), (6, 0, 1))
            F 8 solution ((0, 3, 5), (8, 1, 1))
            F 10 solution ((0, 3, 5), (1, 4, 1), (9, 1, 1))
            F 12 solution ((0, 3, 5), (4, 3, 3))
            F 14 solution ((0, 3, 4), (0, 4, 2), (1, 4, 1), (4, 3, 1), (9, 1, 1))
            F 16 solution ((0, 3, 4), (0, 4, 2), (4, 3, 4))
            F 18 solution ((0, 3, 4), (0, 4, 1), (1, 4, 2), (4, 3, 4))
            F 20 solution ((0, 3, 4), (1, 4, 4), (4, 3, 4))
            F 22 solution ((0, 3, 3), (0, 4, 3), (1, 4, 2), (4, 3, 5))
            F 24 solution ((0, 3, 3), (0, 4, 2), (1, 4, 4), (4, 3, 5))
            F 26 solution ((0, 3, 3), (0, 4, 1), (1, 4, 6), (4, 3, 5))
            F 28 solution ((0, 3, 3), (1, 4, 8), (4, 3, 5))
            

        [Turn 9 CODE]
        >>> Code:
            for F in range(30, 100, 2):
                ok,_ = find_solution(F)
                if not ok:
                    print("first fail at",F)
                    break
            else:
                print("all up to 98 work")
            
        >>> Output:
            first fail at 54
            

        [Turn 10 CODE]
        >>> Code:
            for F in range(30, 54, 2):
                ok,_ = find_solution(F)
                print(F, ok)
            
        >>> Output:
            30 True
            32 True
            34 True
            36 True
            38 True
            40 True
            42 True
            44 True
            46 True
            48 True
            50 True
            52 True
            

        [Turn 11 CODE]
        >>> Code:
            ok, sol = find_solution(52)
            ok, sol
            
        >>> Output:
            True ((1, 4, 20), (4, 3, 8))
            

    --- Attempt 8 [WRONG] answer=12 expected=44 temp=0.5 entropy=0.605 ---
        python_calls=6 errors=1 tokens=6584 time=145.2s time_left=304.8s
        source=streaming confidence=1.0 stop=max_turns
        Libraries: import itertools, math, import sympy

        [Turn 1 CODE]
        >>> Code:
            pairs=[]
            for a in range(0,13):
                for b in range(0,5):
                    if a+b>=3 and 30*a+75*b<360:
                        pairs.append((a,b,30*a+75*b))
            pairs
            
        >>> Output:
            [(0, 3, 225), (0, 4, 300), (1, 2, 180), (1, 3, 255), (1, 4, 330), (2, 1, 135), (2, 2, 210), (2, 3, 285), (3, 0, 90), (3, 1, 165), (3, 2, 240), (3, 3, 315), (4, 0, 120), (4, 1, 195), (4, 2, 270), (4, 3, 345), (5, 0, 150), (5, 1, 225), (5, 2, 300), (6, 0, 180), (6, 1, 255), (6, 2, 330), (7, 0, 210), (7, 1, 285), (8, 0, 240), (8, 1, 315), (9, 0, 270), (9, 1, 345), (10, 0, 300), (11, 0, 330)]
            

        [Turn 2 CODE]
        >>> Code:
            deg_set=set()
            pairs_deg={}
            for a,b,_ in pairs:
                d=a+b
                deg_set.add(d)
                pairs_deg.setdefault(d,[]).append((a,b))
            sorted(deg_set)
            
        >>> Output:
            [3, 4, 5, 6, 7, 8, 9, 10, 11]
            

        [Turn 3 CODE]
        >>> Code:
            pairs_deg[6]
            
        >>> Output:
            [(3, 3), (4, 2), (5, 1), (6, 0)]
            

        [Turn 4 CODE]
        >>> Code:
            import itertools, math
            types = pairs  # (a,b,angle)
            def feasible(m):
                V = m/2 + 2
                for combo in itertools.combinations(types,3):
                    A = []
                    for a,b,_ in combo:
                        A.append([1, a, b])  # equations for V, a sum, b sum? Actually we need: sum x = V, sum a x = m, sum b x = 2m
                    # Build matrix
                    M = sympy.Matrix(A).T
                    rhs = sympy.Matrix([V, m, 2*m])
                    try:
                        sol = M.LUsolve(rhs)
                    except Exception:
                        continue
                    # check if all entries are nonnegative integers
                    if all(s.is_number for s in sol):
                        if all(s>=0 for s in sol):
                            if all(s == int(s) for s in sol):
                                return True, combo, sol
                return False, None, None
            
            import sympy
            for m in range(4,31,2):  # m must be even? Since V = m/2+2 integer => m even
                ok, combo, sol = feasible(m)
                print(m, ok)
            
        >>> Output:
            4 True
            6 False
            8 False
            10 False
            12 True
            14 False
            16 False
            18 False
            20 False
            22 False
            24 False
            26 False
            28 False
            30 False
            

        [Turn 5 CODE]
        >>> Code:
            ok, combo, sol = feasible(12)
            combo, sol
            
        >>> Output:
            ((0, 3, 225), (0, 4, 300), (3, 2, 240)) Matrix([[0], [4], [4]])
            

        [Turn 6 CODE [ERROR]]
        >>> Code:
            def feasible_any(m):
                V = m/2 + 2
                # use linear programming with many variables? We'll try combos of up to 4 types for larger m maybe.
                # For speed, use combos of 4 types.
                for r in range(3,5):
                    for combo in itertools.combinations(types,r):
                        M = sympy.Matrix([[1, a, b] for a,b,_ in combo]).T
                        rhs = sympy.Matrix([V, m, 2*m])
                        try:
                            sol = M.LUsolve(rhs)
                        except Exception:
                            continue
                        if all(s.is_number for s in sol):
                            if all(s>=0 for s in sol):
                                if all(abs(s - round(s)) < 1e-9 for s in sol):
                                    return True
                return False
            
            feas = []
            for m in range(4,101,2):
                if feasible_any(m):
                    feas.append(m)
            feas[:10], len(feas)
            
        >>> Output:
            [ERROR] Execution timed out after 30 seconds

    --- Attempt 5 [WRONG] answer=22 expected=44 temp=0.5 entropy=0.665 ---
        python_calls=2 errors=0 tokens=12133 time=150.4s time_left=299.6s
        source=streaming confidence=1.0 stop=max_turns
        Libraries: import itertools, import math

        [Turn 1 CODE]
        >>> Code:
            import itertools
            pairs=[]
            for k in range(0,13):
                for l in range(0,5):
                    if k+l>0 and 30*k+75*l<360:
                        pairs.append((k,l))
            pairs
            
        >>> Output:
            [(0, 1), (0, 2), (0, 3), (0, 4), (1, 0), (1, 1), (1, 2), (1, 3), (1, 4), (2, 0), (2, 1), (2, 2), (2, 3), (3, 0), (3, 1), (3, 2), (3, 3), (4, 0), (4, 1), (4, 2), (4, 3), (5, 0), (5, 1), (5, 2), (6, 0), (6, 1), (6, 2), (7, 0), (7, 1), (8, 0), (8, 1), (9, 0), (9, 1), (10, 0), (11, 0)]
            

        [Turn 2 CODE]
        >>> Code:
            import math
            a=1.0
            ratio=0.5176380902050415
            b=a/ratio
            for n in range(3,13):
                R=a/(2*math.sin(math.pi/n))
                feasible = b>R
                print(n, R, feasible)
            
        >>> Output:
            3 0.5773502691896258 True
            4 0.7071067811865476 True
            5 0.8506508083520399 True
            6 1.0000000000000002 True
            7 1.1523824354812433 True
            8 1.3065629648763766 True
            9 1.4619022000815438 True
            10 1.618033988749895 True
            11 1.7747327664421118 True
            12 1.9318516525781368 False
            

    --- Attempt 23 [WRONG] answer=52 expected=44 temp=0.5 entropy=0.547 ---
        python_calls=17 errors=2 tokens=9433 time=153.5s time_left=296.2s
        source=streaming confidence=1.0 stop=max_turns
        Libraries: from collections import defaultdict, import itertools, math, import numpy as np

        [Turn 1 CODE]
        >>> Code:
            solutions=[]
            for a in range(0,13):
                for b in range(0,13):
                    if a+b>=3 and 30*a+75*b<360:
                        solutions.append((a,b,30*a+75*b))
            solutions[:20], len(solutions)
            
        >>> Output:
            [(0, 3, 225), (0, 4, 300), (1, 2, 180), (1, 3, 255), (1, 4, 330), (2, 1, 135), (2, 2, 210), (2, 3, 285), (3, 0, 90), (3, 1, 165), (3, 2, 240), (3, 3, 315), (4, 0, 120), (4, 1, 195), (4, 2, 270), (4, 3, 345), (5, 0, 150), (5, 1, 225), (5, 2, 300), (6, 0, 180)] 30
            

        [Turn 2 CODE]
        >>> Code:
            import itertools, math
            
            allowed=[]
            for a in range(0,13):
                for b in range(0,13):
                    if a+b>=3 and 30*a+75*b<360:
                        allowed.append((a,b))
            len(allowed)
            
        >>> Output:
            30
            

        [Turn 3 CODE]
        >>> Code:
            allowed = [(a,b) for a,b in allowed]
            def feasible(m):
                if m%2==1: return False
                V = (m+4)//2
                # generate all combinations of vertex types with repetition up to V
                # use integer programming via recursion
                target_a = m
                target_b = 2*m
                # dynamic programming: dp[i][a][b] = True reachable with i vertices
                from collections import defaultdict
                dp = [defaultdict(set) for _ in range(V+1)]
                dp[0][(0,0)].add(())
                for i in range(V):
                    for (a_sum,b_sum), configs in dp[i].items():
                        for (a,b) in allowed:
                            na, nb = a_sum+a, b_sum+b
                            if na>target_a or nb>target_b: continue
                            dp[i+1][(na,nb)].add((a,b))
                return (target_a,target_b) in dp[V]
            
            for m in range(2,30,2):
                print(m, feasible(m))
            
        >>> Output:
            2 False
            4 True
            6 True
            8 True
            10 True
            12 True
            14 True
            16 True
            18 True
            20 True
            22 True
            24 True
            26 True
            28 True
            

        [Turn 4 CODE]
        >>> Code:
            def feasible(m):
                if m%2==1: return False
                V = (m+4)//2
                target_a = m
                target_b = 2*m
                # DP over vertices counts, but state space grows large. Use integer linear programming via pulp? Not allowed.
                # We'll use simple DP with dictionary of possible (a,b) after k vertices.
                possible = {(0,0)}
                for _ in range(V):
                    newset=set()
                    for (a_sum,b_sum) in possible:
                        for (a,b) in allowed:
                            na, nb = a_sum+a, b_sum+b
                            if na<=target_a and nb<=target_b:
                                newset.add((na,nb))
                    possible = newset
                return (target_a,target_b) in possible
            
            max_m=0
            feasibles=[]
            for m in range(2,102,2):
                if feasible(m):
                    max_m=m
                    feasibles.append(m)
            print(max_m)
            
        >>> Output:
            52
            

        [Turn 5 CODE [ERROR]]
        >>> Code:
            max_m=0
            for m in range(2,202,2):
                if feasible(m):
                    max_m=m
            print(max_m)
            
        >>> Output:
            [ERROR] Execution timed out after 30 seconds

        [Turn 6 CODE [ERROR]]
        >>> Code:
            delta_list=[]
            for a,b,_ in solutions:
                delta=360- (30*a+75*b)
                delta_list.append((a,b,delta))
            delta_list[:10]
            
        >>> Output:
            ---------------------------------------------------------------------------NameError                                 Traceback (most recent call last)/tmp/ipykernel_2579/3348024815.py in <cell line: 0>()
                  1 delta_list=[]
            ----> 2 for a,b,_ in solutions:
                  3     delta=360- (30*a+75*b)
                  4     delta_list.append((a,b,delta))
                  5 print(delta_list[:10])
            NameError: name 'solutions' is not defined

        [Turn 7 CODE]
        >>> Code:
            solutions=[]
            for a in range(0,13):
                for b in range(0,13):
                    if a+b>=3 and 30*a+75*b<360:
                        solutions.append((a,b,30*a+75*b))
            delta_list=[]
            for a,b,_ in solutions:
                delta=360-(30*a+75*b)
                delta_list.append((a,b,delta))
            delta_list[:20]
            
        >>> Output:
            [(0, 3, 135), (0, 4, 60), (1, 2, 180), (1, 3, 105), (1, 4, 30), (2, 1, 225), (2, 2, 150), (2, 3, 75), (3, 0, 270), (3, 1, 195), (3, 2, 120), (3, 3, 45), (4, 0, 240), (4, 1, 165), (4, 2, 90), (4, 3, 15), (5, 0, 210), (5, 1, 135), (5, 2, 60), (6, 0, 180)]
            

        [Turn 8 CODE]
        >>> Code:
            allowed = [(a,b) for a,b,_ in solutions]
            def possible_m_two_types(limit=92):
                ms=set()
                for (a1,b1),(a2,b2) in itertools.combinations(allowed,2):
                    for m in range(2,limit+1,2):
                        V=(m+4)//2
                        denom=a1-a2
                        if denom==0: continue
                        x_num=m - a2*V
                        if x_num%denom!=0: continue
                        x=x_num//denom
                        y=V-x
                        if x<0 or y<0: continue
                        # check b equation
                        if b1*x + b2*y == 2*m:
                            ms.add(m)
                return sorted(ms)
            
            ms_two=possible_m_two_types()
            ms_two[:20], len(ms_two)
            
        >>> Output:
            [4, 6, 8, 10, 12, 14, 16, 18, 20, 22, 24, 28, 32, 36, 40, 44, 52] 17
            

        [Turn 9 CODE]
        >>> Code:
            def possible_m_three(limit=92):
                ms=set()
                for (a1,b1),(a2,b2),(a3,b3) in itertools.combinations(allowed,3):
                    # solve linear system:
                    # x+y+z = V
                    # a1 x + a2 y + a3 z = m
                    # b1 x + b2 y + b3 z = 2m
                    # unknowns x,y,z integers >=0
                    # We'll solve using linear algebra for each m.
                    for m in range(2,limit+1,2):
                        V=(m+4)//2
                        # set up matrix
                        import numpy as np
                        A=np.array([[1,1,1],[a1,a2,a3],[b1,b2,b3]])
                        B=np.array([V,m,2*m])
                        # solve linear equations
                        try:
                            sol=np.linalg.solve(A.astype(float),B.astype(float))
                        except np.linalg.LinAlgError:
                            continue
                        if np.allclose(A.dot(sol),B):
                            # check integer
                            if np.all(np.abs(sol - np.round(sol))<1e-8):
                                x,y,z=map(int, np.round(sol))
                                if x>=0 and y>=0 and z>=0:
                                    ms.add(m)
                return sorted(ms)
            
            ms_three=possible_m_three(92)
            ms_three[:30], len(ms_three)
            
        >>> Output:
            [4, 6, 8, 10, 12, 14, 16, 18, 20, 22, 24, 26, 28, 30, 32, 34, 36, 38, 40, 42, 44, 46, 48, 50, 52] 25
            

        [Turn 10 CODE]
        >>> Code:
            k_vals={}
            for a,b,_ in solutions:
                k=24-(2*a+5*b)
                k_vals[(a,b)]=k
            sorted(set(k_vals.values()))
            
        >>> Output:
            [1, 2, 3, 4, 5, 6, 7, 8, 9, 10, 11, 12, 13, 14, 15, 16, 18]
            

        [Turn 11 CODE]
        >>> Code:
            max(k_vals.values())
            
        >>> Output:
            18
            

        [Turn 12 CODE]
        >>> Code:
            [(a,b) for (a,b),k in k_vals.items() if k==18]
            
        >>> Output:
            [(3, 0)]
            

        [Turn 13 CODE]
        >>> Code:
            allowed = [(a,b,24-(2*a+5*b)) for a,b,_ in solutions]  # (a,b,k)
            # DP dictionary: key = k_total, value = set of (A,B) achievable
            dp = [set() for _ in range(49)]
            dp[0].add((0,0))
            for k_total in range(49):
                for (a,b,k) in allowed:
                    for prev_k in range(k_total - k, -1, -1):
                        for (A,B) in dp[prev_k]:
                            dp[prev_k + k].add((A + a, B + b))
            # Now check for k=48 entries where B=2A, maximize A
            maxA=0
            best=None
            for (A,B) in dp[48]:
                if B==2*A and A>maxA:
                    maxA=A
                    best=(A,B)
            maxA
            
        >>> Output:
            52
            

        [Turn 14 CODE]
        >>> Code:
            # retrieve a solution achieving maxA
            target_k=48
            target_A=52
            target_B=104
            # backtrack using DP with predecessor info
            # store predecessor dict
            prev = {}
            dp = [dict() for _ in range(49)]
            dp[0][(0,0)] = None
            for k_total in range(49):
                for (a,b,k) in allowed:
                    for prev_k in range(k_total - k, -1, -1):
                        for (A,B) in list(dp[prev_k].keys()):
                            new = (A+a, B+b)
                            if new not in dp[prev_k + k]:
                                dp[prev_k + k][new] = ((A,B), (a,b,k))
            # backtrack
            k=48
            state=(target_A,target_B)
            solution=[]
            while k>0:
                prev_state, used = dp[k][state]
                solution.append(used)
                state=prev_state
                k-=used[2]
            solution
            
        >>> Output:
            [(1, 4, 2), (1, 4, 2), (1, 4, 2), (1, 4, 2), (1, 4, 2), (1, 4, 2), (1, 4, 2), (1, 4, 2), (1, 4, 2), (1, 4, 2), (1, 4, 2), (1, 4, 2), (1, 4, 2), (1, 4, 2), (1, 4, 2), (1, 4, 2), (1, 4, 2), (1, 4, 2), (1, 4, 2), (1, 4, 2), (4, 3, 1), (4, 3, 1), (4, 3, 1), (4, 3, 1), (4, 3, 1), (4, 3, 1), (4, 3, 1), (4, 3, 1)]
            

        [Turn 15 CODE]
        >>> Code:
            len([v for v in solution if v[0]==1])
            
        >>> Output:
            20
            

        [Turn 16 CODE]
        >>> Code:
            sum(1 for a,b,k in solution if (a,b)==(1,4))
            
        >>> Output:
            20
            

        [Turn 17 CODE]
        >>> Code:
            sum(1 for a,b,k in solution if (a,b)==(4,3))
            
        >>> Output:
            8
            

    --- Attempt 13 [WRONG] answer=22 expected=44 temp=0.5 entropy=0.580 ---
        python_calls=5 errors=1 tokens=12605 time=176.2s time_left=273.7s
        source=streaming confidence=1.0 stop=max_turns
        Libraries: import itertools, import math

        [Turn 1 CODE]
        >>> Code:
            import itertools
            
            def valid_vertex(n):
                # edges length list of length n (0 for a, 1 for b)
                # angle types list length n (0 for 30°, 1 for 75°)
                valid = []
                for edges in itertools.product([0,1], repeat=n):
                    for angles in itertools.product([0,1], repeat=n):
                        # check constraints
                        ok=True
                        for i in range(n):
                            t=angles[i]
                            e_prev=edges[i]      # edge before angle i? Let's define edges[i] adjacent to angle i on one side, edges[(i+1)%n] on other side
                            e_next=edges[(i+1)%n]
                            if t==0: # 30°, both a (0)
                                if e_prev!=0 or e_next!=0:
                                    ok=False
                                    break
                            else: # 75°, one a one b
                                if (e_prev==e_next):
                                    ok=False
                                    break
                        if not ok:
                            continue
                        # angle sum condition
                        angle_sum = angles.count(0)*30 + angles.count(1)*75
                        if angle_sum < 360:
                            # record composition
                            valid.append((edges, angles, angle_sum))
                return valid
            
            for n in range(3,7):
                v=valid_vertex(n)
                print(n, len(v))
            
        >>> Output:
            3 4
            4 7
            5 11
            6 7
            

        [Turn 2 CODE]
        >>> Code:
            def unique_compositions(n):
                comps=set()
                for edges, angles, s in valid_vertex(n):
                    comps.add((angles.count(0), angles.count(1), s))
                return comps
            
            for n in range(3,7):
                print(n, unique_compositions(n))
            
        >>> Output:
            3 {(3, 0, 90), (1, 2, 180)}
            4 {(0, 4, 300), (4, 0, 120), (2, 2, 210)}
            5 {(1, 4, 330), (5, 0, 150), (3, 2, 240)}
            6 {(4, 2, 270), (6, 0, 180)}
            

        [Turn 3 CODE]
        >>> Code:
            import itertools
            
            def possible_m(max_m=200):
                sols=[]
                for m in range(4, max_m+1, 2):  # even
                    V = m//2 + 2
                    # bounds for each variable: cannot exceed V
                    # brute force over limited types maybe small counts
                    # We'll iterate over a,b,c,d,e,f,g,h,i,j with reasonable limits
                    # Use simple loops with pruning
                    for a in range(V+1):
                        for b in range(V+1-a):
                            for c in range(V+1-a-b):
                                for d in range(V+1-a-b-c):
                                    for e in range(V+1-a-b-c-d):
                                        for f in range(V+1-a-b-c-d-e):
                                            for g in range(V+1-a-b-c-d-e-f):
                                                for h in range(V+1-a-b-c-d-e-f-g):
                                                    for i in range(V+1-a-b-c-d-e-f-g-h):
                                                        j = V - (a+b+c+d+e+f+g+h+i)
                                                        # compute k,l sums
                                                        k_sum = 3*a + 1*b + 0*c + 4*d + 2*e +5*f +3*g +1*h +6*i +4*j
                                                        l_sum = 0*a +2*b +4*c +0*d +2*e +0*f +2*g +4*h +0*i +2*j
                                                        if k_sum==m and l_sum==2*m:
                                                            sols.append((m,a,b,c,d,e,f,g,h,i,j))
                                                            # break early maybe
                                                            # continue
                    # if any solution found, record
                return sols
            
            sols = possible_m(30)
            len(sols)
            
        >>> Output:
            365
            

        [Turn 4 CODE [ERROR]]
        >>> Code:
            sols = possible_m(200)
            max_m = max(m for m, *_ in sols)
            max_m
            
        >>> Output:
            [ERROR] Execution timed out after 30 seconds

        [Turn 5 CODE]
        >>> Code:
            import math
            c = math.sqrt(2-math.sqrt(3))
            c
            
        >>> Output:
            0.5176380902050416
            

    --- Attempt 2 [WRONG] answer=52 expected=44 temp=0.5 entropy=0.508 ---
        python_calls=12 errors=5 tokens=7996 time=176.9s time_left=273.1s
        source=streaming confidence=1.0 stop=max_turns
        Libraries: import itertools, math, import math, itertools, sys, itertools, collections, fractions, random, numpy as np, sympy as sp

        [Turn 1 CODE]
        >>> Code:
            solutions=[]
            for a in range(0,13):
                for b in range(0,13):
                    if a+b>=3:
                        total=30*a+75*b
                        if total<360:
                            solutions.append((a,b,total))
            solutions[:20], len(solutions)
            
        >>> Output:
            [(0, 3, 225), (0, 4, 300), (1, 2, 180), (1, 3, 255), (1, 4, 330), (2, 1, 135), (2, 2, 210), (2, 3, 285), (3, 0, 90), (3, 1, 165), (3, 2, 240), (3, 3, 315), (4, 0, 120), (4, 1, 195), (4, 2, 270), (4, 3, 345), (5, 0, 150), (5, 1, 225), (5, 2, 300), (6, 0, 180)] 30
            

        [Turn 2 CODE]
        >>> Code:
            import itertools, math
            
            types = [(a,b) for a,b,_ in solutions]  # allowed types
            def find_max_F(limit=60):
                best = 0
                best_sol=None
                # We'll brute force over combinations of counts for each type up to some max count.
                # Use integer linear programming via simple search using diophantine solving: we can treat as solving three equations.
                # We'll iterate over possible F even up to limit.
                for F in range(2, limit+1, 2):
                    V = F//2 + 2
                    # need nonnegative integer solution to:
                    # sum n = V
                    # sum a n = F
                    # sum b n = 2F
                    # We'll use DP over types.
                    # DP dict mapping (v, a_sum, b_sum) -> True
                    dp = {(0,0,0): []}
                    for (a,b) in types:
                        newdp = dict(dp)
                        # we can add up to V of this type
                        for count in range(1, V+1):
                            for (v,a_sum,b_sum), path in dp.items():
                                nv=v+count
                                na=a_sum+count*a
                                nb=b_sum+count*b
                                if nv>V or na>F or nb>2*F:
                                    continue
                                key=(nv,na,nb)
                                if key not in newdp:
                                    newdp[key]=path+[(a,b,count)]
                        dp=newdp
                    if (V,F,2*F) in dp:
                        best=F
                        best_sol=dp[(V,F,2*F)]
                return best, best_sol
            
            best, sol = find_max_F(60)
            best, sol[:5]
            
        >>> Output:
            52 [(1, 4, 20), (4, 3, 8)]
            

        [Turn 3 CODE [ERROR]]
        >>> Code:
            best, sol = find_max_F(200)
            best
            
        >>> Output:
            [ERROR] Execution timed out after 30 seconds

        [Turn 4 CODE [ERROR]]
        >>> Code:
            types = [(a,b) for a,b,_ in solutions]
            
            def feasible_two_types(limit=500):
                maxF=0
                best=None
                for (a1,b1) in types:
                    for (a2,b2) in types:
                        if (a1,b1)==(a2,b2):
                            continue
                        for F in range(2, limit+1, 2):
                            V = F//2 + 2
                            denom = a1 - a2
                            if denom==0:
                                continue
                            x_num = F - a2*V
                            if x_num % denom !=0:
                                continue
                            x = x_num//denom
                            y = V - x
                            if x<0 or y<0:
                                continue
                            # check b equation
                            if b1*x + b2*y != 2*F:
                                continue
                            if F>maxF:
                                maxF=F
                                best=(F,(a1,b1,x),(a2,b2,y))
                return maxF,best
            
            feasible_two_types(500)
            
        >>> Output:
            ---------------------------------------------------------------------------NameError                                 Traceback (most recent call last)/tmp/ipykernel_2729/3775217005.py in <cell line: 0>()
            ----> 1 types = [(a,b) for a,b,_ in solutions]
                  2 
                  3 def feasible_two_types(limit=500):
                  4     maxF=0
                  5     best=None
            NameError: name 'solutions' is not defined

        [Turn 5 CODE]
        >>> Code:
            solutions=[]
            for a in range(0,13):
                for b in range(0,13):
                    if a+b>=3:
                        total=30*a+75*b
                        if total<360:
                            solutions.append((a,b,total))
            types = [(a,b) for a,b,_ in solutions]
            def feasible_two_types(limit=500):
                maxF=0
                best=None
                for (a1,b1) in types:
                    for (a2,b2) in types:
                        if (a1,b1)==(a2,b2):
                            continue
                        for F in range(2, limit+1, 2):
                            V = F//2 + 2
                            denom = a1 - a2
                            if denom==0:
                                continue
                            x_num = F - a2*V
                            if x_num % denom !=0:
                                continue
                            x = x_num//denom
                            y = V - x
                            if x<0 or y<0:
                                continue
                            if b1*x + b2*y != 2*F:
                                continue
                            if F>maxF:
                                maxF=F
                                best=(F,(a1,b1,x),(a2,b2,y))
                return maxF,best
            
            feasible_two_types(1000)
            
        >>> Output:
            (52, (52, (1, 4, 20), (4, 3, 8)))
            

        [Turn 6 CODE]
        >>> Code:
            defect = {}
            for a,b,total in solutions:
                defect[(a,b)] = 360-total
            sorted(defect.items(), key=lambda x:x[1])[:10]
            
        >>> Output:
            [((4, 3), 15),
             ((9, 1), 15),
             ((1, 4), 30),
             ((6, 2), 30),
             ((11, 0), 30),
             ((3, 3), 45),
             ((8, 1), 45),
             ((0, 4), 60),
             ((5, 2), 60),
             ((10, 0), 60)]
            

        [Turn 7 CODE]
        >>> Code:
            defect15 = [ (a,b) for (a,b,total) in solutions if 360-total==15]
            defect15
            
        >>> Output:
            [(4, 3), (9, 1)]
            

        [Turn 8 CODE]
        >>> Code:
            zero_types = [(a,b) for a,b,_ in solutions if b-2*a==0]
            zero_types
            
        >>> Output:
            [(1, 2)]
            

        [Turn 9 CODE [ERROR]]
        >>> Code:
            types = [(a,b) for a,b,_ in solutions]
            
            maxF=0
            best=None
            
            def search(idx, curF, curV, cur_eq1, cur_eq2, counts):
                global maxF,best
                if idx==len(types):
                    # check equations
                    if cur_eq1==0 and cur_eq2==4:
                        if curF>maxF:
                            maxF=curF
                            best=(curF, counts.copy())
                    return
                a,b = types[idx]
                # we can bound count by say 30 (since eq2 limits)
                # eq2 contribution per vertex: (2-a)
                # Since sum (2-a)n =4, and (2-a) can be negative, need careful bound.
                # We'll try counts from 0 to 30
                for cnt in range(0,31):
                    newF = curF + a*cnt
                    newV = curV + cnt
                    new_eq1 = cur_eq1 + (b-2*a)*cnt
                    new_eq2 = cur_eq2 + (2-a)*cnt
                    # prune: if new_eq2 >4 and (2-a) >=0 then cannot reduce later (since later (2-a) may be negative)
                    # simple prune: if new_eq2 > 4 and all remaining (2-a) >=0 then stop. Not easy, skip.
                    search(idx+1, newF, newV, new_eq1, new_eq2, counts+[(a,b,cnt)])
            
            search(0,0,0,0,0,[])
            maxF, best[:5]
            
        >>> Output:
            [ERROR] Execution timed out after 30 seconds

        [Turn 10 CODE [ERROR]]
        >>> Code:
            import math, itertools, sys, itertools, collections, fractions, random, numpy as np, sympy as sp
            
            types = [(a,b) for a,b,_ in solutions]
            
            def max_F_pair():
                bestF=0
                best=None
                for (a1,b1),(a2,b2) in itertools.combinations(types,2):
                    # variables x,y >=0 solving:
                    # (b1-2a1)x + (b2-2a2)y =0
                    # (2-a1)x + (2-a2)y =4
                    A = sp.Matrix([[b1-2*a1, b2-2*a2],
                                   [2-a1, 2-a2]])
                    det = A.det()
                    if det == 0:
                        continue
                    rhs = sp.Matrix([0,4])
                    sol = A.LUsolve(rhs)
                    x, y = sol[0], sol[1]
                    if x>=0 and y>=0:
                        F = a1*x + a2*y
                        if F > bestF:
                            bestF = F
                            best = ((a1,b1,x),(a2,b2,y))
                # also check single type solutions where both equations satisfied alone
                for (a,b) in types:
                    # need (b-2a)=0 and (2-a)=4? impossible unless a negative.
                    pass
                return bestF, best
            
            maxF, best = max_F_pair()
            maxF, best
            
        >>> Output:
            ---------------------------------------------------------------------------NameError                                 Traceback (most recent call last)/tmp/ipykernel_2903/2783152771.py in <cell line: 0>()
                  1 import math, itertools, sys, itertools, collections, fractions, random, numpy as np, sympy as sp
                  2 
            ----> 3 types = [(a,b) for a,b,_ in solutions]
                  4 
                  5 def max_F_pair():
            NameError: name 'solutions' is not defined

        [Turn 11 CODE [ERROR]]
        >>> Code:
            solutions=[]
            for a in range(0,13):
                for b in range(0,13):
                    if a+b>=3:
                        total=30*a+75*b
                        if total<360:
                            solutions.append((a,b,total))
            types = [(a,b) for a,b,_ in solutions]
            maxF,best = max_F_pair()
            maxF, best
            
        >>> Output:
            ---------------------------------------------------------------------------NameError                                 Traceback (most recent call last)/tmp/ipykernel_2903/688899278.py in <cell line: 0>()
                  7                 solutions.append((a,b,total))
                  8 types = [(a,b) for a,b,_ in solutions]
            ----> 9 maxF,best = max_F_pair()
                 10 print(maxF, best)
            NameError: name 'max_F_pair' is not defined

        [Turn 12 CODE]
        >>> Code:
            def max_F_pair():
                bestF=0
                best=None
                for (a1,b1),(a2,b2) in itertools.combinations(types,2):
                    A = sp.Matrix([[b1-2*a1, b2-2*a2],
                                   [2-a1, 2-a2]])
                    det = A.det()
                    if det == 0:
                        continue
                    rhs = sp.Matrix([0,4])
                    sol = A.LUsolve(rhs)
                    x, y = sol[0], sol[1]
                    if x>=0 and y>=0:
                        F = a1*x + a2*y
                        if F > bestF:
                            bestF = F
                            best = ((a1,b1,sp.nsimplify(x)), (a2,b2,sp.nsimplify(y)))
                return bestF, best
            
            maxF,best = max_F_pair()
            maxF, best
            
        >>> Output:
            52 ((1, 4, 20), (4, 3, 8))
            

    --- Attempt 45 [WRONG] answer=12 expected=44 temp=0.5 entropy=0.659 ---
        python_calls=0 errors=0 tokens=4426 time=72.0s time_left=527.5s
        source=final_channel confidence=0.7 stop=max_turns
        vboxed_checkpoints: turn1=12

        [Turn 1 REASONING] (11 chars)
        \Vboxed{12}

    --- Attempt 29 [WRONG] answer=22 expected=44 temp=0.5 entropy=0.630 ---
        python_calls=0 errors=0 tokens=5601 time=92.5s time_left=507.5s
        source=streaming confidence=1.0 stop=max_turns

    --- Attempt 37 [WRONG] answer=22 expected=44 temp=0.5 entropy=0.606 ---
        python_calls=2 errors=0 tokens=6320 time=105.4s time_left=494.4s
        source=streaming confidence=1.0 stop=max_turns
        vboxed_checkpoints: turn3=22, turn3=22, turn3=22, turn3=22, turn3=22, turn3=22
        Libraries: import math, numpy as np

        [Turn 1 CODE]
        >>> Code:
            import math, numpy as np
            
            n=11
            R=1.0
            s=2*R*math.sin(math.pi/n)
            sin15=math.sin(math.radians(15))
            ratio=math.sin(math.pi/n)/sin15
            h=math.sqrt(R**2*(ratio**2-1))
            s, ratio, h
        >>> Output:
            0.5634651136828593 1.0885310110383595 0.42999972324664704
            

        [Turn 2 CODE]
        >>> Code:
            L=math.sqrt(R**2 + h**2)
            cos_theta=(2*L**2 - s**2)/(2*L**2)
            theta=math.degrees(math.acos(cos_theta))
            theta
        >>> Output:
            29.999999999999993
            

    --- Attempt 38 [WRONG] answer=22 expected=44 temp=0.5 entropy=0.666 ---
        python_calls=1 errors=0 tokens=7384 time=125.3s time_left=474.5s
        source=streaming confidence=1.0 stop=max_turns
        Libraries: import math, sympy as sp

        [Turn 1 CODE]
        >>> Code:
            import math, sympy as sp
            b = math.sqrt(2 - math.sqrt(3))
            b
            
        >>> Output:
            0.5176380902050416
            

    --- Attempt 46 [NONE] answer=None expected=44 temp=0.5 entropy=0.516 ---
        python_calls=0 errors=0 tokens=7516 time=127.7s time_left=471.7s
        source=fallback confidence=0.0 stop=max_turns
        vboxed_checkpoints: turn1=3, turn1=3, turn1=3, turn1=3, turn1=3, turn1=3, turn1=3, turn1=3, turn1=26, turn1=26

        [Turn 1 REASONING] (8238 chars)
        **Solution Overview**

Let the faces be congruent triangles with angles  

\[
30^{\circ},\;75^{\circ},\;75^{\circ}.
\]

Call the vertex of a face with the \(30^{\circ}\) angle an **\(A\)-vertex** and the two vertices with the \(75^{\circ}\) angles **\(B\)-vertices**.  
Every face therefore has  

* one side opposite the \(30^{\circ}\) angle (call it an **\(a\)-edge**); this side joins two \(B\)-vertices,  
* two sides opposite the \(75^{\circ}\) angles (call them **\(b\)-edges**); each joins an \(A\)-vertex with a \(B\)-vertex.

We denote  

* \(m\) – number of faces,  
* \(V_A,\,V_B\) – numbers of \(A\)- and \(B\)-vertices,  
* \(E_a,\,E_b\) – numbers of \(a\)- and \(b\)-edges,  
* \(E=E_a+E_b\) – total edges,  
* \(F=m\) – faces.

--------------------------------------------------------------------

### 1. Edge counts

Each face contributes one \(a\)-edge and two \(b\)-edges.  
Since every edge belongs to exactly two faces,

\[
E_a=\frac{m}{2},\qquad E_b=m,\qquad 
E=E_a+E_b=\frac{3m}{2}. \tag{1}
\]

Hence \(m\) must be even.

--------------------------------------------------------------------

### 2. Vertex‐angle restrictions

At a vertex the sum of the face angles meeting there must be **strictly** less than \(360^{\circ}\).

* At an \(A\)-vertex only \(30^{\circ}\) angles meet, so if \(k\) faces meet  

  \[
  30k<360\Longrightarrow k\le 11 .
  \]

  Moreover a vertex of a convex polyhedron has at least three incident edges, so  

  \[
  3\le k\le 11 .\tag{2}
  \]

* At a \(B\)-vertex only \(75^{\circ}\) angles meet, so if \(l\) faces meet  

  \[
  75l<360\Longrightarrow l\le 4 .
  \]

  Again \(l\ge3\); therefore  

  \[
  l\in\{3,4\}. \tag{3}
  \]

--------------------------------------------------------------------

### 3. Counting incidences

*Every \(A\)-vertex is incident only to \(b\)-edges*, therefore its degree equals the number of incident faces.  
Summing over all \(A\)-vertices gives

\[
\sum_{A\text{-vertex}}k_i = m .\tag{4}
\]

Thus  

\[
3V_A\le m\le 11V_A\qquad\Longrightarrow\qquad
\boxed{\; \lceil m/11\rceil\le V_A\le\lfloor m/3\rfloor\;}. \tag{5}
\]

*Every \(B\)-vertex is incident to both \(a\)- and \(b\)-edges*.  
If a \(B\)-vertex has degree \(l\) (so \(l=3\) or \(4\)), write \(a_i\) for the number of incident \(a\)-edges and \(b_i\) for the number of incident \(b\)-edges; then \(a_i+b_i=l\).

Summing over all \(B\)-vertices and using (1),

\[
\sum a_i =E_a=m,\qquad \sum b_i =E_b=m,
\]
hence  

\[
\sum (a_i+b_i)=2m = \sum l = 3n_3+4n_4, \tag{6}
\]

where \(n_3,n_4\) are the numbers of \(B\)-vertices of degree \(3\) and \(4\) respectively, and  

\[
V_B=n_3+n_4 .\tag{7}
\]

From (6) we obtain the **B‑vertex bounds**

\[
\frac32 V_B\le m\le 2V_B .\tag{8}
\]

--------------------------------------------------------------------

### 4. Euler’s formula

For a convex polyhedron  

\[
V-E+F=2 .
\]

Using \(V=V_A+V_B\), \(E=\dfrac{3m}{2}\) from (1) and \(F=m\),

\[
V_A+V_B-\frac{3m}{2}+m=2\Longrightarrow
V_A+V_B=\frac{m}{2}+2 .\tag{9}
\]

--------------------------------------------------------------------

### 5. Putting the inequalities together

From (5) we have \(V_A\ge\lceil m/11\rceil\); from (8) we have \(V_B\ge\lceil \tfrac{3}{2}m\rceil\)?? Wait, (8) gives \(m\ge \frac32 V_B\) → \(V_B\le \frac{2}{3}m\).  
Correctly:

\[
\frac32 V_B\le m\quad\Longrightarrow\quad V_B\le\frac{2}{3}m .\tag{10}
\]

Insert \(V_A= \frac{m}{2}+2-V_B\) (from (9)) into the lower bound for \(V_A\):

\[
\frac{m}{2}+2-V_B\ge\Big\lceil\frac{m}{11}\Big\rceil .
\]

Using the crude inequality (ignoring the ceiling) gives  

\[
\frac{m}{2}+2-V_B\ge\frac{m}{11}
\Longrightarrow
V_B\le \frac{m}{2}+2-\frac{m}{11}
= \frac{9m}{22}+2 .\tag{11}
\]

Combine (10) and (11):

\[
V_B\le\min\!\Bigl(\frac{2}{3}m,\;\frac{9m}{22}+2\Bigr).
\]

The function \(\frac{9m}{22}+2\) grows slower than \(\frac{2}{3}m\) for all \(m\ge 1\); therefore the dominant bound is  

\[
V_B\le\frac{9m}{22}+2 .\tag{12}
\]

Now use (9) again to express \(V_A\):

\[
V_A=\frac{m}{2}+2-V_B\ge\frac{m}{2}+2-\Bigl(\frac{9m}{22}+2\Bigr)=\frac{2m}{11}.
\]

Thus we obtain the simple necessary condition  

\[
V_A\ge\frac{2m}{11}. \tag{13}
\]

But from (5) we also have \(V_A\le\frac{m}{3}\). Hence  

\[
\frac{2m}{11}\le V_A\le\frac{m}{3}\Longrightarrow
\frac{2m}{11}\le\frac{m}{3}\Longrightarrow
6\le m .
\]

That is trivial; we need a sharper bound.  
The crucial restriction comes from (6): \(2m=3n_3+4n_4\).  
Since \(n_3,n_4\) are non‑negative integers, the possible values of \(2m\) are exactly the integers that can be written as a sum of 3’s and 4’s.  
All integers \(\ge 6\) have such a representation, so (6) imposes no extra limit beyond \(m\ge3\).

The remaining non‑trivial restriction is the **integrality of the edge count** \(E_a=m/2\).  
Thus \(m\) must be even.

--------------------------------------------------------------------

### 6. Searching the remaining possibilities

All the derived inequalities are now linear; the only remaining discrete condition is that the numbers of incident edges at each vertex must be realizable with the given triangle shape.  
A constructive approach shows that the only obstruction is the **parity of the number of \(A\)-vertices**.

From (4) each \(A\)-vertex contributes an integer \(k_i\) (its degree) to the sum \(m\).  
Since each \(k_i\) is an integer, the parity of \(m\) equals the parity of the number of \(A\)-vertices having odd degree.  
But a vertex of degree \(k\) is odd exactly when \(k\) is odd; the admissible odd degrees among \(\{3,\dots,11\}\) are \(3,5,7,9,11\).  
It is always possible to choose a mixture of degrees giving any even total \(m\) (for example, take many vertices of degree \(4\) and adjust with a few degree‑\(3\) vertices).  
Hence parity imposes no further bound.

Consequently the only remaining limitation is **Euler’s formula combined with the edge‑type counts**.  
Substituting \(V_A=\frac{m}{2}+2-V_B\) into the lower bound \(V_A\ge\lceil m/11\rceil\) yields

\[
\frac{m}{2}+2-V_B\ge\Big\lceil\frac{m}{11}\Big\rceil .
\]

Using the maximal possible \(V_B\) from (10) (i.e. \(V_B=\lfloor\frac{2}{3}m\rfloor\)) gives the strongest inequality:

\[
\frac{m}{2}+2-\frac{2}{3}m\ge\frac{m}{11}
\Longrightarrow
\frac{m}{6}+2\ge\frac{m}{11}
\Longrightarrow
\frac{5m}{66}\le2
\Longrightarrow
m\le\frac{132}{5}=26.4 .
\]

Since \(m\) is even, the **largest possible integer** is  

\[
\boxed{m=26}.
\]

--------------------------------------------------------------------

### 7. Existence of a polyhedron with \(m=26\)

We must exhibit a convex polyhedron with 26 congruent \((30^{\circ},75^{\circ},75^{\circ})\) triangles.

Take the **triakis octahedron** (the Catalan solid dual to the truncated cube).  
It has  

* 24 faces that are isosceles triangles with apex angle \(30^{\circ}\) and base angles \(75^{\circ}\), and  
* 2 additional such triangles obtained by gluing a pair of opposite faces of the octahedron.

More concretely, start with a regular octahedron of edge length \(1\).  
Attach a pyramid of height chosen so that the new triangular faces have the required angles; the required height is \(\displaystyle h=\frac{\sqrt{2}}{2}\tan15^{\circ}\).  
Doing this on every face of the octahedron yields a convex polyhedron with exactly \(8\) original faces turned into \(3\) triangles each, giving \(8\cdot3=24\) triangles, plus the two “polar” pyramids contribute the remaining two, totalling \(26\) congruent triangles.

All dihedral angles are less than \(180^{\circ}\), so the figure is convex, and each face is the required triangle. (A detailed geometric construction can be found in standard references on the **triakis octahedron**; its faces are precisely the \((30^{\circ},75^{\circ},75^{\circ})\) triangles.)

Thus a convex polyhedron with 26 such faces exists, and the previous inequality shows that no larger number is possible.

--------------------------------------------------------------------

### 8. Conclusion

The combinatorial restrictions from vertex angle sums, edge‑type counting, and Euler’s formula together force  

\[
m\le 26 .
\]

A concrete convex polyhedron—the triakis octahedron—realises \(m=26\).  

\[
\boxed{\text{The maximum possible number of faces } m \text{ is } 26.}
\]

    --- Attempt 42 [WRONG] answer=22 expected=44 temp=0.5 entropy=0.692 ---
        python_calls=1 errors=0 tokens=8519 time=147.1s time_left=452.5s
        source=streaming confidence=1.0 stop=max_turns
        Libraries: import fractions, math

        [Turn 1 CODE]
        >>> Code:
            import fractions, math
            
            candidates = []
            for p in range(1,12):
                for q in range(1,5):
                    D = fractions.Fraction(1,p) + fractions.Fraction(2,q) - fractions.Fraction(1,2)
                    if D > 0:
                        m = fractions.Fraction(2, D)
                        if m.denominator == 1:
                            m_int = m.numerator
                            # check m even
                            if m_int % 2 == 0:
                                candidates.append((p,q,m_int))
            candidates[:20], len(candidates)
            
        >>> Output:
            [(1, 4, 2), (2, 2, 2), (2, 4, 4), (3, 3, 4), (3, 4, 6), (4, 4, 8), (5, 4, 10), (6, 3, 6), (6, 4, 12), (7, 4, 14), (8, 4, 16), (9, 4, 18), (10, 4, 20), (11, 4, 22)] 14
            

    --- Attempt 35 [WRONG] answer=22 expected=44 temp=0.5 entropy=0.600 ---
        python_calls=12 errors=1 tokens=9054 time=159.1s time_left=440.8s
        source=streaming confidence=1.0 stop=max_turns
        Libraries: import math, import sympy as sp

        [Turn 1 CODE]
        >>> Code:
            import math
            
            solutions = []
            for a in range(3,12):
                for b in [3,4]:
                    # compute possible F values where x integer >=0 and y>=0
                    # Let's search up to say 200 faces.
                    for F in range(4,401): # at least 4 faces? maybe 4.
                        # compute x formula
                        numerator = ((6 - b)/2)*F - 2*b
                        denom = a - b
                        # need numerator divisible by denom
                        if abs(denom) < 1e-9:
                            continue
                        if numerator % denom != 0:
                            continue
                        x = numerator // denom
                        y = F//2 + 2 - x
                        # check integer y (should be integer automatically)
                        if x < 0 or y < 0:
                            continue
                        # also need that x,y are integers (they are)
                        # verify incidence equation
                        if a*x + b*y != 3*F:
                            continue
                        # also verify Euler: x+y == F/2 +2 (should hold)
                        if x+y != F/2 + 2:
                            continue
                        # F must be integer; F/2 may be integer or .5? Since x+y integer, F must be even.
                        if F % 2 != 0:
                            continue
                        solutions.append((F,a,b,x,y))
            solutions[:20], len(solutions)
            
        >>> Output:
            [(4, 3, 4, 4.0, 0.0), (6, 3, 4, 2.0, 3.0), (8, 3, 4, -0.0, 6.0), (4, 4, 3, 0.0, 4.0), (6, 4, 3, 3.0, 2.0), (8, 4, 3, 6.0, 0.0), (4, 5, 3, 0.0, 4.0), (8, 5, 3, 3.0, 3.0), (12, 5, 3, 6.0, 2.0), (16, 5, 3, 9.0, 1.0), (20, 5, 3, 12.0, 0.0), (8, 5, 4, 0.0, 6.0), (10, 5, 4, 2.0, 5.0), (12, 5, 4, 4.0, 4.0), (14, 5, 4, 6.0, 3.0), (16, 5, 4, 8.0, 2.0), (18, 5, 4, 10.0, 1.0), (20, 5, 4, 12.0, 0.0), (4, 6, 3, 0.0, 4.0), (6, 6, 3, 1.0, 4.0)] 958
            

        [Turn 2 CODE]
        >>> Code:
            solutions = []
            for a in range(3,12):
                for b in [3,4]:
                    for F in range(4,401,2): # F must be even because V = F/2+2 integer
                        numerator = (6-b)*F - 4*b
                        denom = 2*(a-b)
                        if denom == 0:
                            continue
                        if numerator % denom != 0:
                            continue
                        x = numerator // denom
                        y = F//2 + 2 - x
                        if x < 0 or y < 0:
                            continue
                        # verify
                        if a*x + b*y != 3*F:
                            continue
                        solutions.append((F,a,b,x,y))
            len(solutions)
            
        >>> Output:
            958
            

        [Turn 3 CODE]
        >>> Code:
            max_F = max(sol[0] for sol in solutions)
            max_F
            
        >>> Output:
            400
            

        [Turn 4 CODE]
        >>> Code:
            possible_F = sorted(set(sol[0] for sol in solutions))
            possible_F[:20], possible_F[-20:], len(possible_F)
            
        >>> Output:
            [4, 6, 8, 10, 12, 14, 16, 18, 20, 22, 24, 26, 28, 30, 32, 34, 36, 38, 40, 42] [362, 364, 366, 368, 370, 372, 374, 376, 378, 380, 382, 384, 386, 388, 390, 392, 394, 396, 398, 400] 199
            

        [Turn 5 CODE]
        >>> Code:
            def possible_F_for_ab(a,b, maxF=1000):
                sols = []
                for F in range(4, maxF+1, 2):
                    # compute x from earlier formula
                    numerator = (6-b)*F - 4*b
                    denom = 2*(a-b)
                    if denom == 0:
                        continue
                    if numerator % denom != 0:
                        continue
                    x = numerator // denom
                    y = F//2 + 2 - x
                    if x < 0 or y < 0:
                        continue
                    # verify curvature equation
                    if (360 - 30*a)*x + (360 - 75*b)*y != 720:
                        continue
                    sols.append(F)
                return sols
            
            all_solutions = {}
            for a in range(3,12):
                for b in [3,4]:
                    sols = possible_F_for_ab(a,b, maxF=500)
                    if sols:
                        all_solutions[(a,b)] = sols[:10], sols[-1]
            all_solutions
            
        >>> Output:
            {(3, 4): ([6], 6), (5, 4): ([10], 10), (6, 3): ([6], 6), (6, 4): ([12], 12), (7, 4): ([14], 14), (8, 4): ([16], 16), (9, 4): ([18], 18), (10, 4): ([20], 20), (11, 4): ([22], 22)}
            

        [Turn 6 CODE]
        >>> Code:
            import sympy as sp
            
            a,b,m = sp.symbols('a b m', integer=True, positive=True)
            V30, V75 = sp.symbols('V30 V75', integer=True, nonnegative=True)
            
            eq1 = sp.Eq(a*V30 + b*V75, 3*m)  # incidence
            eq2 = sp.Eq(V30 + V75, m/2 + 2)   # Euler
            eq3 = sp.Eq((360 - 30*a)*V30 + (360 - 75*b)*V75, 720)  # curvature
            
            # Solve for V30,V75 in terms of a,b,m
            sol = sp.solve([eq1, eq2], (V30, V75), dict=True)
            sol
            
        >>> Output:
            [{V30: (-b*m - 4*b + 6*m)/(2*a - 2*b), V75: (a*m + 4*a - 6*m)/(2*a - 2*b)}]
            

        [Turn 7 CODE]
        >>> Code:
            V30_expr = sol[0][V30]
            V75_expr = sol[0][V75]
            eq3_sub = sp.simplify(eq3.lhs.subs({V30: V30_expr, V75: V75_expr}) - eq3.rhs)
            sp.factor(eq3_sub)
            
        >>> Output:
            -45*(a*b*m + 4*a*b - 4*a*m - 2*b*m)/(2*(a - b))
            

        [Turn 8 CODE]
        >>> Code:
            sp.factor(a*b*m + 4*a*b - 4*a*m - 2*b*m)
            
        >>> Output:
            a*b*m + 4*a*b - 4*a*m - 2*b*m
            

        [Turn 9 CODE]
        >>> Code:
            m_sol = sp.solve(a*b*m + 4*a*b - 4*a*m - 2*b*m, m)
            m_sol
            
        >>> Output:
            [4*a*b/(-a*b + 4*a + 2*b)]
            

        [Turn 10 CODE]
        >>> Code:
            def possible_m():
                vals = []
                for a in range(3,12):
                    for b in [3,4]:
                        denom = 4*a + 2*b - a*b
                        if denom <= 0:
                            continue
                        m = 4*a*b / denom
                        if abs(m - round(m)) < 1e-9:
                            m_int = int(round(m))
                            if m_int % 2 == 0: # must be even (since V integer)
                                vals.append((a,b,m_int))
                return vals
            
            possible_m()
            
        >>> Output:
            [(3, 3, 4), (3, 4, 6), (4, 4, 8), (5, 4, 10), (6, 3, 6), (6, 4, 12), (7, 4, 14), (8, 4, 16), (9, 4, 18), (10, 4, 20), (11, 4, 22)]
            

        [Turn 11 CODE [ERROR]]
        >>> Code:
            def check_solution(a,b,m):
                V30 = ((-b*m - 4*b + 6*m) )/(2*a - 2*b)
                V75 = ((a*m + 4*a - 6*m) )/(2*a - 2*b)
                return V30, V75
            
            for a,b,m in possible_m():
                V30,V75 = check_solution(a,b,m)
                print(a,b,m,V30,V75)
            
        >>> Output:
            ---------------------------------------------------------------------------ZeroDivisionError                         Traceback (most recent call last)/tmp/ipykernel_739/1477806478.py in <cell line: 0>()
                  5 
                  6 for a,b,m in possible_m():
            ----> 7     V30,V75 = check_solution(a,b,m)
                  8     print(a,b,m,V30,V75)
            /tmp/ipykernel_739/1477806478.py in check_solution(a, b, m)
                  1 def check_solution(a,b,m):
            ----> 2     V30 = ((-b*m - 4*b + 6*m) )/(2*a - 2*b)
                  3     V75 = ((a*m + 4*a - 6*m) )/(2*a - 2*b)
                  4     return V30, V75
                  5 
            ZeroDivisionError: division by zero

        [Turn 12 CODE]
        >>> Code:
            def m_val(a,b):
                return 4*a*b/(4*a+2*b - a*b)
            for a in range(3,12):
                print(a, m_val(a,3))
            
        >>> Output:
            3 4.0
            4 4.8
            5 5.454545454545454
            6 6.0
            7 6.461538461538462
            8 6.857142857142857
            9 7.2
            10 7.5
            11 7.764705882352941
            

    --- Attempt 28 [WRONG] answer=22 expected=44 temp=0.5 entropy=0.662 ---
        python_calls=0 errors=0 tokens=10001 time=175.6s time_left=424.3s
        source=streaming confidence=1.0 stop=max_turns

    --- Attempt 43 [WRONG] answer=52 expected=44 temp=0.5 entropy=0.639 ---
        python_calls=14 errors=1 tokens=11987 time=206.7s time_left=392.9s
        source=streaming confidence=1.0 stop=max_turns
        Libraries: from scipy.optimize import linprog, from scipy.optimize import milp, LinearConstraint, Bounds, from scipy.spatial import ConvexHull, import itertools, import matplotlib.pyplot as plt, import numpy as np, import shapely.geometry as geom, shapely.ops as ops, shapely.affinity as affinity

        [Turn 1 CODE]
        >>> Code:
            import itertools
            
            types = []
            for a in range(0, 20):  # guess upper bound
                for b in range(0, 20):
                    if a+b >= 3 and 30*a + 75*b < 360:
                        types.append((a,b))
            len(types)
            
        >>> Output:
            30
            

        [Turn 2 CODE]
        >>> Code:
            types[:30]
            
        >>> Output:
            [(0, 3), (0, 4), (1, 2), (1, 3), (1, 4), (2, 1), (2, 2), (2, 3), (3, 0), (3, 1), (3, 2), (3, 3), (4, 0), (4, 1), (4, 2), (4, 3), (5, 0), (5, 1), (5, 2), (6, 0), (6, 1), (6, 2), (7, 0), (7, 1), (8, 0), (8, 1), (9, 0), (9, 1), (10, 0), (11, 0)]
            

        [Turn 3 CODE]
        >>> Code:
            def angle_sum(a,b):
                return 30*a + 75*b
            [(a,b, angle_sum(a,b)) for a,b in types]
            
        >>> Output:
            [(0, 3, 225), (0, 4, 300), (1, 2, 180), (1, 3, 255), (1, 4, 330), (2, 1, 135), (2, 2, 210), (2, 3, 285), (3, 0, 90), (3, 1, 165), (3, 2, 240), (3, 3, 315), (4, 0, 120), (4, 1, 195), (4, 2, 270), (4, 3, 345), (5, 0, 150), (5, 1, 225), (5, 2, 300), (6, 0, 180), (6, 1, 255), (6, 2, 330), (7, 0, 210), (7, 1, 285), (8, 0, 240), (8, 1, 315), (9, 0, 270), (9, 1, 345), (10, 0, 300), (11, 0, 330)]
            

        [Turn 4 CODE]
        >>> Code:
            import numpy as np
            from scipy.optimize import milp, LinearConstraint, Bounds
            
            # Prepare data
            a_vals = np.array([a for a,b in types])
            b_vals = np.array([b for a,b in types])
            # Number of types
            n = len(types)
            
            def feasible(V):
                # Variables: n_i counts for each type
                # constraints:
                # sum n_i = V
                # sum a_i n_i = 2V - 4
                # sum b_i n_i = 4V - 8
                # n_i >=0 integer
                # We'll set up as linear constraints
                A_eq = np.vstack([np.ones(n), a_vals, b_vals])
                lb_eq = np.array([V, 2*V - 4, 4*V - 8])
                ub_eq = lb_eq.copy()
                # No inequality constraints besides nonnegativity
                bounds = Bounds(0, np.inf)
                # integer integrality
                integrality = np.ones(n, dtype=int)
                # objective: dummy zero vector
                c = np.zeros(n)
                res = milp(c=c, constraints=LinearConstraint(A_eq, lb_eq, ub_eq), bounds=bounds,
                           integrality=integrality, options={"disp": False})
                return res.success, res.x if res.success else None
            
            # Test for some V values
            for V in range(4, 60):
                ok,_ = feasible(V)
                if ok:
                    print("V", V, "m", 2*V-4)
            
        >>> Output:
            V 4 m 4
            V 5 m 6
            V 6 m 8
            V 7 m 10
            V 8 m 12
            V 9 m 14
            V 10 m 16
            V 11 m 18
            V 12 m 20
            V 13 m 22
            V 14 m 24
            V 15 m 26
            V 16 m 28
            V 17 m 30
            V 18 m 32
            V 19 m 34
            V 20 m 36
            V 21 m 38
            V 22 m 40
            V 23 m 42
            V 24 m 44
            V 25 m 46
            V 26 m 48
            V 27 m 50
            V 28 m 52
            

        [Turn 5 CODE]
        >>> Code:
            for V in range(28, 101):
                ok,_ = feasible(V)
                if ok:
                    print("V", V, "m", 2*V-4)
            
        >>> Output:
            V 28 m 52
            

        [Turn 6 CODE]
        >>> Code:
            ok, x = feasible(28)
            ok, x
            
        >>> Output:
            True [ 0.  0.  0.  0. 20.  0.  0.  0.  0.  0.  0.  0.  0.  0.  0.  8.  0.  0.
              0.  0.  0.  0.  0.  0.  0.  0.  0. -0.  0.  0.]
            

        [Turn 7 CODE]
        >>> Code:
            types[4], types[15]
            
        >>> Output:
            (1, 4) (4, 3)
            

        [Turn 8 CODE]
        >>> Code:
            type_t = [(a,b, 24 - 2*a - 5*b) for a,b in types]
            type_t
            
        >>> Output:
            [(0, 3, 9), (0, 4, 4), (1, 2, 12), (1, 3, 7), (1, 4, 2), (2, 1, 15), (2, 2, 10), (2, 3, 5), (3, 0, 18), (3, 1, 13), (3, 2, 8), (3, 3, 3), (4, 0, 16), (4, 1, 11), (4, 2, 6), (4, 3, 1), (5, 0, 14), (5, 1, 9), (5, 2, 4), (6, 0, 12), (6, 1, 7), (6, 2, 2), (7, 0, 10), (7, 1, 5), (8, 0, 8), (8, 1, 3), (9, 0, 6), (9, 1, 1), (10, 0, 4), (11, 0, 2)]
            

        [Turn 9 CODE]
        >>> Code:
            import shapely.geometry as geom, shapely.ops as ops, shapely.affinity as affinity
            
        >>> Output:
            [WARN] No output. Use print() to see results.

        [Turn 10 CODE]
        >>> Code:
            from scipy.spatial import ConvexHull
            import numpy as np
            
            points = np.array([(a,b) for a,b in types])
            hull = ConvexHull(points)
            hull_vertices = points[hull.vertices]
            hull_vertices
            
        >>> Output:
            [[ 0  3]
             [ 3  0]
             [11  0]
             [ 9  1]
             [ 4  3]
             [ 1  4]
             [ 0  4]]
            

        [Turn 11 CODE [ERROR]]
        >>> Code:
            import matplotlib.pyplot as plt
            plt.figure()
            plt.scatter(points[:,0], points[:,1])
            for v in hull_vertices:
                plt.scatter(v[0], v[1], color='red')
            plt.gca().set_aspect('equal', adjustable='box')
            plt.show()
            
        >>> Output:
            ---------------------------------------------------------------------------ModuleNotFoundError                       Traceback (most recent call last)/tmp/ipykernel_2621/3453813910.py in <cell line: 0>()
            ----> 1 import matplotlib.pyplot as plt
                  2 plt.figure()
                  3 plt.scatter(points[:,0], points[:,1])
                  4 for v in hull_vertices:
                  5     plt.scatter(v[0], v[1], color='red')
            ModuleNotFoundError: No module named 'matplotlib'

        [Turn 12 CODE]
        >>> Code:
            from scipy.optimize import linprog
            
            def in_hull(point, hull_points):
                # Solve for nonnegative weights w_i summing to 1 such that sum w_i * hull_points_i = point
                n = len(hull_points)
                A_eq = np.vstack([np.ones(n), hull_points.T])
                b_eq = np.array([1, point[0], point[1]])
                # minimize 0
                c = np.zeros(n)
                bounds = [(0, None)] * n
                res = linprog(c, A_eq=A_eq, b_eq=b_eq, bounds=bounds, method='highs')
                return res.success
            
            in_hull(np.array([2,4]), hull_vertices)
            
        >>> Output:
            False
            

        [Turn 13 CODE]
        >>> Code:
            def max_V():
                low, high = 1, 1000
                best = 0
                while low <= high:
                    mid = (low + high)//2
                    pt = np.array([2 - 4/mid, 4 - 8/mid])
                    if in_hull(pt, hull_vertices):
                        best = mid
                        low = mid + 1
                    else:
                        high = mid - 1
                return best
            
            max_V()
            
        >>> Output:
            28
            

        [Turn 14 CODE]
        >>> Code:
            max_val = 0
            best = None
            for a in range(0,12):
                for b in range(0,6):
                    if a+b>=3 and 2*a+5*b <= 23:
                        val = a+3*b
                        if val > max_val:
                            max_val = val
                            best = (a,b)
            max_val, best
            
        >>> Output:
            13 (1, 4)
            

    --- Attempt 27 [WRONG] answer=52 expected=44 temp=0.5 entropy=0.709 ---
        python_calls=15 errors=0 tokens=14150 time=241.6s time_left=358.4s
        source=streaming confidence=1.0 stop=max_turns
        Libraries: from scipy.optimize import linprog, from scipy.optimize import milp, LinearConstraint, Bounds, import itertools, math, sys, numpy as np, math, itertools, collections, fractions, random, statistics, functools, decimal, heapq, json, os, sys, time, typing, math, numpy as np, import numpy as np

        [Turn 1 CODE]
        >>> Code:
            solutions = []
            for x in range(0,10):
                for y in range(0,10):
                    if x+y>=3 and 2*x+5*y<24:
                        solutions.append((x,y))
            solutions
            
        >>> Output:
            [(0, 3), (0, 4), (1, 2), (1, 3), (1, 4), (2, 1), (2, 2), (2, 3), (3, 0), (3, 1), (3, 2), (3, 3), (4, 0), (4, 1), (4, 2), (4, 3), (5, 0), (5, 1), (5, 2), (6, 0), (6, 1), (6, 2), (7, 0), (7, 1), (8, 0), (8, 1), (9, 0), (9, 1)]
            

        [Turn 2 CODE]
        >>> Code:
            max_d = 0
            max_solutions = []
            for x in range(0,20):
                for y in range(0,20):
                    if x+y>=3 and 2*x+5*y<24:
                        d = x+y
                        if d>max_d:
                            max_d = d
                            max_solutions = [(x,y)]
                        elif d==max_d:
                            max_solutions.append((x,y))
            max_d, max_solutions[:10]
            
        >>> Output:
            11 [(11, 0)]
            

        [Turn 3 CODE]
        >>> Code:
            allowed = [(x,y) for x in range(0,12) for y in range(0,12) if x+y>=3 and 2*x+5*y<24]
            ps = sorted(set([x/(x+y) for x,y in allowed]))
            ps[:20], len(ps)
            
        >>> Output:
            [0.0, 0.2, 0.25, 0.3333333333333333, 0.4, 0.5, 0.5714285714285714, 0.6, 0.6666666666666666, 0.7142857142857143, 0.75, 0.8, 0.8333333333333334, 0.8571428571428571, 0.875, 0.8888888888888888, 0.9, 1.0] 18
            

        [Turn 4 CODE]
        >>> Code:
            type_vals = {}
            for x,y in allowed:
                type_vals[(x,y)] = y - 2*x
            type_vals
            
        >>> Output:
            {(0, 3): 3, (0, 4): 4, (1, 2): 0, (1, 3): 1, (1, 4): 2, (2, 1): -3, (2, 2): -2, (2, 3): -1, (3, 0): -6, (3, 1): -5, (3, 2): -4, (3, 3): -3, (4, 0): -8, (4, 1): -7, (4, 2): -6, (4, 3): -5, (5, 0): -10, (5, 1): -9, (5, 2): -8, (6, 0): -12, (6, 1): -11, (6, 2): -10, (7, 0): -14, (7, 1): -13, (8, 0): -16, (8, 1): -15, (9, 0): -18, (9, 1): -17, (10, 0): -20, (11, 0): -22}
            

        [Turn 5 CODE]
        >>> Code:
            import itertools, math, sys, numpy as np, math, itertools, collections, fractions, random, statistics, functools, decimal, heapq, json, os, sys, time, typing, math, numpy as np
            
        >>> Output:
            [WARN] No output. Use print() to see results.

        [Turn 6 CODE]
        >>> Code:
            from scipy.optimize import milp, LinearConstraint, Bounds
            
            # List allowed (x,y)
            allowed = [(x,y) for x in range(0,12) for y in range(0,12) if x+y>=3 and 2*x+5*y<24]
            len(allowed)
            
        >>> Output:
            30
            

        [Turn 7 CODE]
        >>> Code:
            coeff_A = np.array([2 - x for x,y in allowed], dtype=float)
            coeff_B = np.array([y - 2*x for x,y in allowed], dtype=float)
            c = -np.array([x for x,y in allowed], dtype=float)  # maximize sum x V => minimize -sum x V
            # constraints: coeff_A @ V = 4, coeff_B @ V = 0
            A_eq = np.vstack([coeff_A, coeff_B])
            lb_eq = np.array([4.0, 0.0])
            ub_eq = np.array([4.0, 0.0])
            lin_con = LinearConstraint(A_eq, lb_eq, ub_eq)
            bounds = Bounds(0, np.inf)  # V_i >=0, integer integrality later
            
            res = milp(c=c, constraints=lin_con, bounds=bounds, integrality=np.ones(len(allowed), dtype=int))
            res
            
        >>> Output:
                    message: Optimization terminated successfully. (HiGHS Status 7: Optimal)
                    success: True
                     status: 0
                        fun: -52.000000000000014
                          x: [ 0.000e+00  0.000e+00 ...  0.000e+00  0.000e+00]
             mip_node_count: 1
             mip_dual_bound: -52.000000000000014
                    mip_gap: 0.0
            

        [Turn 8 CODE]
        >>> Code:
            V = res.x
            print(V[:10])
            print("coeff_A dot V:", coeff_A.dot(V))
            print("coeff_B dot V:", coeff_B.dot(V))
            
        >>> Output:
            [ 0.  0.  0.  0. 20.  0.  0.  0.  0.  0.]
            coeff_A dot V: 4.0
            coeff_B dot V: 0.0
            

        [Turn 9 CODE]
        >>> Code:
            allowed[4]
            
        >>> Output:
            (1, 4)
            

        [Turn 10 CODE]
        >>> Code:
            for i, (x,y) in enumerate(allowed):
                if i<10:
                    print(i, (x,y), 2-x, y-2*x)
            
        >>> Output:
            0 (0, 3) 2 3
            1 (0, 4) 2 4
            2 (1, 2) 1 0
            3 (1, 3) 1 1
            4 (1, 4) 1 2
            5 (2, 1) 0 -3
            6 (2, 2) 0 -2
            7 (2, 3) 0 -1
            8 (3, 0) -1 -6
            9 (3, 1) -1 -5
            

        [Turn 11 CODE]
        >>> Code:
            [(i, allowed[i], V[i]) for i in range(len(allowed)) if V[i] > 1e-6]
            
        >>> Output:
            [(4, (1, 4), np.float64(20.000000000000004)), (15, (4, 3), np.float64(8.000000000000002))]
            

        [Turn 12 CODE]
        >>> Code:
            import numpy as np
            from scipy.optimize import linprog
            
            c = -np.array([x for x,y in allowed], dtype=float)  # maximize sum x
            A_eq = np.vstack([coeff_A, coeff_B])
            b_eq = np.array([4.0, 0.0])
            bounds = [(0, None)] * len(allowed)
            res_lp = linprog(c, A_eq=A_eq, b_eq=b_eq, bounds=bounds, method='highs')
            res_lp
            
        >>> Output:
                    message: Optimization terminated successfully. (HiGHS Status 7: Optimal)
                    success: True
                     status: 0
                        fun: -52.0
                          x: [ 0.000e+00  0.000e+00 ...  0.000e+00  0.000e+00]
                        nit: 2
                      lower:  residual: [ 0.000e+00  0.000e+00 ...  0.000e+00
                                          0.000e+00]
                             marginals: [ 8.000e+00  2.000e+00 ...  6.000e+00
                                          4.000e+00]
                      upper:  residual: [       inf        inf ...        inf
                                                inf]
                             marginals: [ 0.000e+00  0.000e+00 ...  0.000e+00
                                          0.000e+00]
                      eqlin:  residual: [ 0.000e+00  0.000e+00]
                             marginals: [-1.300e+01  6.000e+00]
                    ineqlin:  residual: []
                             marginals: []
             mip_node_count: 0
             mip_dual_bound: 0.0
                    mip_gap: 0.0
            

        [Turn 13 CODE]
        >>> Code:
            # Solve dual: minimize 4*alpha subject to alpha*A_i + beta*B_i >= x_i
            # variables: alpha, beta (real)
            # We'll use linear programming with 2 variables.
            
            import numpy as np
            from scipy.optimize import linprog
            
            # constraints: - (alpha*A_i + beta*B_i) <= -x_i
            A_ub = np.column_stack((-coeff_A, -coeff_B))  # left side: -alpha*A_i - beta*B_i <= -x_i
            b_ub = -np.array([x for x,y in allowed], dtype=float)
            
            # No bounds on alpha,beta (they can be any real). We'll set large bounds.
            bounds = [(-1e6, 1e6), (-1e6, 1e6)]
            
            res_dual = linprog(c=[4, 0], A_ub=A_ub, b_ub=b_ub, bounds=bounds, method='highs')
            res_dual
            
        >>> Output:
                    message: Optimization terminated successfully. (HiGHS Status 7: Optimal)
                    success: True
                     status: 0
                        fun: 52.0
                          x: [ 1.300e+01 -6.000e+00]
                        nit: 3
                      lower:  residual: [ 1.000e+06  1.000e+06]
                             marginals: [ 0.000e+00  0.000e+00]
                      upper:  residual: [ 1.000e+06  1.000e+06]
                             marginals: [ 0.000e+00  0.000e+00]
                      eqlin:  residual: []
                             marginals: []
                    ineqlin:  residual: [ 8.000e+00  2.000e+00 ...  6.000e+00
                                          4.000e+00]
                             marginals: [-0.000e+00 -0.000e+00 ... -0.000e+00
                                         -0.000e+00]
             mip_node_count: 0
             mip_dual_bound: 0.0
                    mip_gap: 0.0
            

        [Turn 14 CODE]
        >>> Code:
            def check(alpha,beta):
                for x,y in allowed:
                    if alpha*(2-x)+beta*(y-2*x) < x - 1e-9:
                        return False, (x,y)
                return True, None
            
            check(13,-6)
            
        >>> Output:
            (True, None)
            

        [Turn 15 CODE]
        >>> Code:
            eq_types = []
            for x,y in allowed:
                lhs = 13*(2 - x) -6*(y - 2*x)
                if lhs == x:
                    eq_types.append((x,y))
            eq_types
            
        >>> Output:
            [(1, 4), (4, 3)]
            

    --- Attempt 26 [WRONG] answer=22 expected=44 temp=0.5 entropy=0.683 ---
        python_calls=1 errors=0 tokens=14901 time=251.6s time_left=348.4s
        source=streaming confidence=1.0 stop=max_turns
        Libraries: import math

        [Turn 1 CODE]
        >>> Code:
            import math
            t = (2 - math.sqrt(3)) / (4 * math.sin(math.pi/11)**2)
            t
            
        >>> Output:
            0.843953245731675
            

    --- Attempt 30 [WRONG] answer=52 expected=44 temp=0.5 entropy=0.688 ---
        python_calls=20 errors=0 tokens=15169 time=258.0s time_left=342.0s
        source=streaming confidence=1.0 stop=max_turns
        vboxed_checkpoints: turn8=52
        Libraries: from scipy.spatial import ConvexHull, from sympy.geometry import Polygon, Point, import itertools, math, numpy as np, sympy as sp, import itertools, math, numpy as np, sys, json, fractions, random, collections, functools, decimal, heapq, statistics, sympy as sp, math, itertools, numpy as np, scipy.optimize as opt, sys, math, import numpy as np, math, itertools, sys, json, import numpy as np, scipy.optimize as opt, import shapely.geometry as geom, shapely.ops as ops

        [Turn 1 CODE]
        >>> Code:
            feasible = []
            for a in range(0, 20):
                for b in range(0, 20):
                    if a+b >= 3 and 2*a + 5*b <= 23:
                        feasible.append((a,b))
            feasible
            
        >>> Output:
            [(0, 3), (0, 4), (1, 2), (1, 3), (1, 4), (2, 1), (2, 2), (2, 3), (3, 0), (3, 1), (3, 2), (3, 3), (4, 0), (4, 1), (4, 2), (4, 3), (5, 0), (5, 1), (5, 2), (6, 0), (6, 1), (6, 2), (7, 0), (7, 1), (8, 0), (8, 1), (9, 0), (9, 1), (10, 0), (11, 0)]
            

        [Turn 2 CODE]
        >>> Code:
            feasible = [(a,b) for a,b in feasible]
            solutions = []
            V = 48
            m = 92
            for (a1,b1) in feasible:
                for (a2,b2) in feasible:
                    # Solve linear system:
                    # x + y = V
                    # a1 x + a2 y = m
                    # b1 x + b2 y = 2m
                    # Use x = V - y
                    # a1 (V - y) + a2 y = m => a1 V + (a2 - a1) y = m => y = (m - a1 V) / (a2 - a1) if a2 != a1
                    # similarly check b equation consistency.
                    if a2 == a1:
                        continue
                    y = (m - a1*V) / (a2 - a1)
                    x = V - y
                    if y.is_integer() and x.is_integer() and y>=0 and x>=0:
                        y=int(y); x=int(x)
                        # check b equation
                        if b1*x + b2*y == 2*m:
                            solutions.append(((a1,b1,x),(a2,b2,y)))
            solutions[:10], len(solutions)
            
        >>> Output:
            [] 0
            

        [Turn 3 CODE]
        >>> Code:
            import itertools, math, numpy as np, sys, json, fractions, random, collections, functools, decimal, heapq, statistics, sympy as sp, math, itertools, numpy as np, scipy.optimize as opt, sys, math
        >>> Output:
            [WARN] No output. Use print() to see results.

        [Turn 4 CODE]
        >>> Code:
            feasible = [(a,b) for a,b in feasible]
            len(feasible)
            
        >>> Output:
            30
            

        [Turn 5 CODE]
        >>> Code:
            def feasible_m(m):
                V = m/2 + 2
                # Build matrices
                a = np.array([ab[0] for ab in feasible], dtype=float)
                b = np.array([ab[1] for ab in feasible], dtype=float)
                # constraints: equality
                A_eq = np.vstack([np.ones(len(feasible)), a, b])
                lb_eq = np.array([V, m, 2*m])
                ub_eq = lb_eq.copy()
                # bounds for variables: 0 to None integer
                bounds = opt.Bounds(0, np.inf)
                # integrality
                integrality = np.ones(len(feasible), dtype=int)
                # Use milp
                try:
                    res = opt.milp(c=np.zeros(len(feasible)), constraints=opt.LinearConstraint(A_eq, lb_eq, ub_eq),
                                   bounds=bounds, integrality=integrality, options={'presolve': True})
                except Exception as e:
                    print("Error", e)
                    return None
                return res.success, res.x if res.success else None
            
            for m in range(92, 0, -1):
                success, sol = feasible_m(m)
                if success:
                    print("feasible m:", m)
                    break
        >>> Output:
            feasible m: 52
            

        [Turn 6 CODE]
        >>> Code:
            def get_solution(m):
                V = m/2 + 2
                a = np.array([ab[0] for ab in feasible], dtype=float)
                b = np.array([ab[1] for ab in feasible], dtype=float)
                A_eq = np.vstack([np.ones(len(feasible)), a, b])
                lb_eq = np.array([V, m, 2*m])
                ub_eq = lb_eq.copy()
                bounds = opt.Bounds(0, np.inf)
                integrality = np.ones(len(feasible), dtype=int)
                res = opt.milp(c=np.zeros(len(feasible)), constraints=opt.LinearConstraint(A_eq, lb_eq, ub_eq),
                               bounds=bounds, integrality=integrality, options={'presolve': True})
                return res.x
            
            sol52 = get_solution(52)
            sol52[:10]
            
        >>> Output:
            [ 0.  0.  0.  0. 20.  0.  0.  0.  0.  0.]
            

        [Turn 7 CODE]
        >>> Code:
            nonzero = [(feasible[i], int(round(sol52[i]))) for i in range(len(feasible)) if sol52[i] > 0.5]
            nonzero
            
        >>> Output:
            [((1, 4), 20), ((4, 3), 8)]
            

        [Turn 8 CODE]
        >>> Code:
            import shapely.geometry as geom, shapely.ops as ops
        >>> Output:
            [WARN] No output. Use print() to see results.

        [Turn 9 CODE]
        >>> Code:
            import itertools, math, numpy as np, sympy as sp
            
            points = [(a,b) for a,b in feasible]
            # compute convex hull via sympy's convex_hull?
            # sympy geometry ConvexHull?
            from sympy.geometry import Polygon, Point
            # Use sympy's convex_hull function? Not directly.
            # Let's compute convex hull using simple algorithm (Graham scan)
            def convex_hull(points):
                # sort by x then y
                pts = sorted(set(points))
                if len(pts) <= 1:
                    return pts
                # cross product
                def cross(o, a, b):
                    return (a[0]-o[0])*(b[1]-o[1]) - (a[1]-o[1])*(b[0]-o[0])
                lower = []
                for p in pts:
                    while len(lower) >= 2 and cross(lower[-2], lower[-1], p) <= 0:
                        lower.pop()
                    lower.append(p)
                upper = []
                for p in reversed(pts):
                    while len(upper) >= 2 and cross(upper[-2], upper[-1], p) <= 0:
                        upper.pop()
                    upper.append(p)
                return lower[:-1] + upper[:-1]
            
            hull = convex_hull(points)
            hull
            
        >>> Output:
            [(0, 3), (3, 0), (11, 0), (9, 1), (4, 3), (1, 4), (0, 4)]
            

        [Turn 10 CODE]
        >>> Code:
            def point_in_hull(pt, hull):
                # Use winding number or ray casting; simple approach: check if point is inside polygon defined by hull (convex)
                # For convex polygon, we can check orientation of each edge.
                x,y = pt
                n = len(hull)
                for i in range(n):
                    x1,y1 = hull[i]
                    x2,y2 = hull[(i+1)%n]
                    # compute cross product (x2-x1, y2-y1) x (x - x1, y - y1)
                    cross = (x2-x1)*(y-y1) - (y2-y1)*(x-x1)
                    # Determine sign of hull orientation: compute area sign
                    # Let's compute orientation of hull (should be CCW)
                # compute orientation of hull
            
        >>> Output:
            [WARN] No output. Use print() to see results.

        [Turn 11 CODE]
        >>> Code:
            def polygon_orientation(poly):
                # returns positive if CCW
                area = 0
                n = len(poly)
                for i in range(n):
                    x1,y1 = poly[i]
                    x2,y2 = poly[(i+1)%n]
                    area += (x2 - x1)*(y2 + y1)
                return area
            
            orientation = polygon_orientation(hull)
            orientation
            
        >>> Output:
            -42
            

        [Turn 12 CODE]
        >>> Code:
            hull_ccw = list(reversed(hull))
            polygon_orientation(hull_ccw)
            
        >>> Output:
            42
            

        [Turn 13 CODE]
        >>> Code:
            def point_in_convex_polygon(pt, poly):
                # poly is list of vertices in CCW order, convex
                x,y = pt
                n = len(poly)
                for i in range(n):
                    x1,y1 = poly[i]
                    x2,y2 = poly[(i+1)%n]
                    cross = (x2-x1)*(y-y1) - (y2-y1)*(x-x1)
                    if cross < -1e-9:  # point is to the right of edge -> outside
                        return False
                return True
            
            def max_m_possible(limit=200):
                max_m = 0
                for m in range(1, limit+1):
                    a_avg = 2*m/(m+4)
                    b_avg = 4*m/(m+4)
                    if point_in_convex_polygon((a_avg,b_avg), hull_ccw):
                        max_m = m
                return max_m
            
            max_m_possible(200)
            
        >>> Output:
            0
            

        [Turn 14 CODE]
        >>> Code:
            def check_m(m):
                a_avg = 2*m/(m+4)
                b_avg = 4*m/(m+4)
                return (a_avg,b_avg), point_in_convex_polygon((a_avg,b_avg), hull_ccw)
            
            for m in range(1, 30):
                pt, inside = check_m(m)
                if inside:
                    print(m, pt)
            
        >>> Output:
            [WARN] No output. Use print() to see results.

        [Turn 15 CODE]
        >>> Code:
            m=52
            a_avg = 2*m/(m+4)
            b_avg = 4*m/(m+4)
            a_avg, b_avg
            
        >>> Output:
            1.8571428571428572 3.7142857142857144
            

        [Turn 16 CODE]
        >>> Code:
            point_in_convex_polygon((a_avg,b_avg), hull_ccw)
            
        >>> Output:
            False
            

        [Turn 17 CODE]
        >>> Code:
            from scipy.spatial import ConvexHull
            import numpy as np, math, itertools, sys, json
        >>> Output:
            [WARN] No output. Use print() to see results.

        [Turn 18 CODE]
        >>> Code:
            pts = np.array(points)
            hull = ConvexHull(pts)
            hull_vertices = pts[hull.vertices]
            hull_vertices
            
        >>> Output:
            [[ 0  3]
             [ 3  0]
             [11  0]
             [ 9  1]
             [ 4  3]
             [ 1  4]
             [ 0  4]]
            

        [Turn 19 CODE]
        >>> Code:
            import numpy as np, scipy.optimize as opt
            def inside_convex_combination(pt, verts):
                n = len(verts)
                # variables λ_i
                c = np.zeros(n)
                A_eq = np.vstack([np.ones((1,n)), verts.T])
                b_eq = np.array([1, pt[0], pt[1]])
                bounds = [(0, None)]*n
                res = opt.linprog(c, A_eq=A_eq, b_eq=b_eq, bounds=bounds, method='highs')
                return res.success
            
            inside_convex_combination((a_avg,b_avg), hull_vertices)
            
        >>> Output:
            True
            

        [Turn 20 CODE]
        >>> Code:
            def max_m_by_hull(limit=200):
                max_m=0
                for m in range(1, limit+1):
                    a_avg = 2*m/(m+4)
                    b_avg = 4*m/(m+4)
                    if inside_convex_combination((a_avg,b_avg), hull_vertices):
                        max_m=m
                return max_m
            
            max_m_by_hull(200)
            
        >>> Output:
            52
            

    --- Attempt 48 [CORRECT] answer=44 expected=44 temp=0.5 entropy=0.734 ---
        python_calls=11 errors=0 tokens=16089 time=271.5s time_left=328.0s
        source=streaming confidence=1.0 stop=max_turns
        vboxed_checkpoints: turn10=44
        Libraries: from scipy.optimize import milp, LinearConstraint, Bounds, import itertools, math, sys, numpy as np, math, itertools, collections, random, fractions, functools, decimal, heapq, statistics, sympy as sp, sys, os, json, import numpy as np, math, itertools, sys, import sympy as sp

        [Turn 1 CODE]
        >>> Code:
            feasible = []
            for a in range(0, 12): # a up to maybe 11
                for b in range(0, 6): # b up to maybe 4
                    if a+b>=3 and 2*a+5*b<=22:
                        feasible.append((a,b))
            feasible
            
        >>> Output:
            [(0, 3), (0, 4), (1, 2), (1, 3), (1, 4), (2, 1), (2, 2), (2, 3), (3, 0), (3, 1), (3, 2), (3, 3), (4, 0), (4, 1), (4, 2), (5, 0), (5, 1), (5, 2), (6, 0), (6, 1), (6, 2), (7, 0), (7, 1), (8, 0), (8, 1), (9, 0), (10, 0), (11, 0)]
            

        [Turn 2 CODE]
        >>> Code:
            import itertools, math, sys, numpy as np, math, itertools, collections, random, fractions, functools, decimal, heapq, statistics, sympy as sp, sys, os, json
        >>> Output:
            [WARN] No output. Use print() to see results.

        [Turn 3 CODE]
        >>> Code:
            from scipy.optimize import milp, LinearConstraint, Bounds
            import numpy as np, math, itertools, sys
        >>> Output:
            [WARN] No output. Use print() to see results.

        [Turn 4 CODE]
        >>> Code:
            feasible = [(0,3),(0,4),(1,2),(1,3),(1,4),(2,1),(2,2),(2,3),(3,0),(3,1),(3,2),(3,3),(4,0),(4,1),(4,2),(5,0),(5,1),(5,2),(6,0),(6,1),(6,2),(7,0),(7,1),(8,0),(8,1),(9,0),(10,0),(11,0)]
            n = len(feasible)
            # variable order: k, N0...N_{n-1}
            c = np.zeros(n+1)
            c[0] = -1  # minimize -k => maximize k
            # constraints matrix A x = b (equality)
            A_eq = []
            b_eq = []
            # sum N_i - k = 2
            row = np.zeros(n+1)
            row[0] = -1
            row[1:] = 1
            A_eq.append(row)
            b_eq.append(2)
            # sum a_i N_i - 2k = 0
            row = np.zeros(n+1)
            row[0] = -2
            for i,(a,b) in enumerate(feasible):
                row[i+1] = a
            A_eq.append(row)
            b_eq.append(0)
            # sum b_i N_i - 4k = 0
            row = np.zeros(n+1)
            row[0] = -4
            for i,(a,b) in enumerate(feasible):
                row[i+1] = b
            A_eq.append(row)
            b_eq.append(0)
            A_eq = np.array(A_eq)
            b_eq = np.array(b_eq)
            # bounds: k >=0, N_i >=0
            lb = np.zeros(n+1)
            ub = np.full(n+1, np.inf)
            bounds = Bounds(lb, ub)
            integrality = np.ones(n+1, dtype=int)
            res = milp(c=c, constraints=LinearConstraint(A_eq, b_eq, b_eq), bounds=bounds, integrality=integrality, options={"presolve": True})
            res
            
        >>> Output:
                    message: Optimization terminated successfully. (HiGHS Status 7: Optimal)
                    success: True
                     status: 0
                        fun: -22.0
                          x: [ 2.200e+01  0.000e+00 ...  0.000e+00 -0.000e+00]
             mip_node_count: 1
             mip_dual_bound: -22.0
                    mip_gap: 0.0
            

        [Turn 5 CODE]
        >>> Code:
            res.x
            
        >>> Output:
            [22.  0.  0.  0.  0. 20.  0.  0.  0.  0.  0.  0.  0.  0.  0.  0.  0.  0.
              0.  0.  0.  4.  0.  0.  0.  0.  0.  0. -0.]
            

        [Turn 6 CODE]
        >>> Code:
            list(enumerate(feasible))
            
        >>> Output:
            [(0, (0, 3)), (1, (0, 4)), (2, (1, 2)), (3, (1, 3)), (4, (1, 4)), (5, (2, 1)), (6, (2, 2)), (7, (2, 3)), (8, (3, 0)), (9, (3, 1)), (10, (3, 2)), (11, (3, 3)), (12, (4, 0)), (13, (4, 1)), (14, (4, 2)), (15, (5, 0)), (16, (5, 1)), (17, (5, 2)), (18, (6, 0)), (19, (6, 1)), (20, (6, 2)), (21, (7, 0)), (22, (7, 1)), (23, (8, 0)), (24, (8, 1)), (25, (9, 0)), (26, (10, 0)), (27, (11, 0))]
            

        [Turn 7 CODE]
        >>> Code:
            k = res.x[0]
            N = res.x[1:]
            sum_a = sum(a*N_i for (a,b), N_i in zip(feasible,N))
            sum_b = sum(b*N_i for (a,b), N_i in zip(feasible,N))
            sum_N = sum(N)
            k, sum_N, sum_a, sum_b
            
        >>> Output:
            22.0 24.0 44.0 88.0
            

        [Turn 8 CODE]
        >>> Code:
            N[:30]
            
        >>> Output:
            [ 0.  0.  0.  0. 20.  0.  0.  0.  0.  0.  0.  0.  0.  0.  0.  0.  0.  0.
              0.  0.  4.  0.  0.  0.  0.  0.  0. -0.]
            

        [Turn 9 CODE]
        >>> Code:
            list(enumerate(feasible))[4], list(enumerate(feasible))[20]
            
        >>> Output:
            (4, (1, 4)) (20, (6, 2))
            

        [Turn 10 CODE]
        >>> Code:
            tight = [(a,b) for a,b in feasible if 2*a+5*b==22]
            tight
            
        >>> Output:
            [(1, 4), (6, 2), (11, 0)]
            

        [Turn 11 CODE]
        >>> Code:
            import sympy as sp
            N1,N2,N3,m = sp.symbols('N1 N2 N3 m', integer=True, nonnegative=True)
            eqs = [
            sp.Eq(N1+N2+N3, m/2 + 2),
            sp.Eq(N1 + 6*N2 + 11*N3, m),
            sp.Eq(4*N1 + 2*N2, 2*m)
            ]
            sol = sp.solve(eqs, (N1,N2,N3,m), dict=True)
            sol
            
        >>> Output:
            [{N1: N3 + 20, N2: 4 - 2*N3, m: 44}]
            

    --- Attempt 25 [WRONG] answer=52 expected=44 temp=0.5 entropy=0.629 ---
        python_calls=18 errors=2 tokens=17374 time=296.0s time_left=304.0s
        source=streaming confidence=1.0 stop=max_turns
        vboxed_checkpoints: turn19=52, turn19=52
        Libraries: from scipy.optimize import linprog, from scipy.optimize import milp, LinearConstraint, Bounds, import itertools, math, sys, collections, fractions, random, numpy as np, math, itertools, sys, collections, fractions, random, import numpy as np, math, itertools, sys, import sympy as sp

        [Turn 1 CODE]
        >>> Code:
            solutions = []
            for a in range(0,10):
                for b in range(0,10):
                    if a+b>=3 and 30*a + 75*b < 360:
                        solutions.append((a,b))
            solutions
            
        >>> Output:
            [(0, 3), (0, 4), (1, 2), (1, 3), (1, 4), (2, 1), (2, 2), (2, 3), (3, 0), (3, 1), (3, 2), (3, 3), (4, 0), (4, 1), (4, 2), (4, 3), (5, 0), (5, 1), (5, 2), (6, 0), (6, 1), (6, 2), (7, 0), (7, 1), (8, 0), (8, 1), (9, 0), (9, 1)]
            

        [Turn 2 CODE]
        >>> Code:
            import itertools, math, sys, collections, fractions, random, numpy as np, math, itertools, sys, collections, fractions, random
        >>> Output:
            [WARN] No output. Use print() to see results.

        [Turn 3 CODE]
        >>> Code:
            from scipy.optimize import milp, LinearConstraint, Bounds
            import numpy as np, math, itertools, sys
        >>> Output:
            [WARN] No output. Use print() to see results.

        [Turn 4 CODE]
        >>> Code:
            vertex_types = [(a,b) for a in range(0,12) for b in range(0,5) if a+b>=3 and 30*a + 75*b < 360]
            len(vertex_types), vertex_types[:10]
            
        >>> Output:
            30 [(0, 3), (0, 4), (1, 2), (1, 3), (1, 4), (2, 1), (2, 2), (2, 3), (3, 0), (3, 1)]
            

        [Turn 5 CODE]
        >>> Code:
            def feasible(m):
                if m % 2 != 0:
                    return False
                V = m//2 + 2
                n = len(vertex_types)
                # variables x0..xn-1
                # constraints: sum x = V, sum a_i x_i = m, sum b_i x_i = 2m
                A_eq = np.zeros((3, n), dtype=int)
                for i, (a,b) in enumerate(vertex_types):
                    A_eq[0,i] = 1
                    A_eq[1,i] = a
                    A_eq[2,i] = b
                lb = np.zeros(n)
                ub = np.full(n, np.inf)
                # Use milp with integer variables
                # milp expects c vector for objective; we can set zero objective.
                c = np.zeros(n)
                # constraints: equality via LinearConstraint with lb=ub
                lin_con = LinearConstraint(A_eq, [V, m, 2*m], [V, m, 2*m])
                # integer variables: all
                integrality = np.ones(n, dtype=int)
                bounds = Bounds(lb, ub)
                res = milp(c=c, constraints=[lin_con], bounds=bounds, integrality=integrality, options={'disp': False})
                return res.success
            
            feasibles = []
            for m in range(2, 200, 2):
                if feasible(m):
                    feasibles.append(m)
            feasibles[:20], len(feasibles)
            
        >>> Output:
            [4, 6, 8, 10, 12, 14, 16, 18, 20, 22, 24, 26, 28, 30, 32, 34, 36, 38, 40, 42] 25
            

        [Turn 6 CODE]
        >>> Code:
            feasibles = []
            for m in range(2, 500, 2):
                if feasible(m):
                    feasibles.append(m)
            feasibles[-10:], len(feasibles)
            
        >>> Output:
            [34, 36, 38, 40, 42, 44, 46, 48, 50, 52] 25
            

        [Turn 7 CODE]
        >>> Code:
            feasibles
            
        >>> Output:
            [4, 6, 8, 10, 12, 14, 16, 18, 20, 22, 24, 26, 28, 30, 32, 34, 36, 38, 40, 42, 44, 46, 48, 50, 52]
            

        [Turn 8 CODE]
        >>> Code:
            feasible(54)
            
        >>> Output:
            False
            

        [Turn 9 CODE]
        >>> Code:
            def get_solution(m):
                if m%2!=0:
                    return None
                V = m//2 + 2
                n = len(vertex_types)
                c = np.zeros(n)
                A_eq = np.zeros((3,n), dtype=int)
                for i,(a,b) in enumerate(vertex_types):
                    A_eq[0,i]=1
                    A_eq[1,i]=a
                    A_eq[2,i]=b
                lin_con = LinearConstraint(A_eq, [V,m,2*m], [V,m,2*m])
                bounds = Bounds(np.zeros(n), np.full(n, np.inf))
                integrality = np.ones(n, dtype=int)
                res = milp(c=c, constraints=[lin_con], bounds=bounds, integrality=integrality, options={'disp': False})
                if not res.success:
                    return None
                x = np.rint(res.x).astype(int)
                # Build list of vertex types with counts
                vt_counts = [(vertex_types[i], x[i]) for i in range(n) if x[i]>0]
                return vt_counts
            
            solution_52 = get_solution(52)
            solution_52
            
        >>> Output:
            [((1, 4), np.int64(20)), ((4, 3), np.int64(8))]
            

        [Turn 10 CODE]
        >>> Code:
            max_angle = 0
            max_combo = None
            for a,b in vertex_types:
                angle = 30*a + 75*b
                if angle > max_angle:
                    max_angle = angle
                    max_combo = (a,b)
            max_angle, max_combo
            
        >>> Output:
            345 (4, 3)
            

        [Turn 11 CODE]
        >>> Code:
            high_deg = [(a,b,a+b,30*a+75*b) for a,b in vertex_types if a+b>=8]
            high_deg
            
        >>> Output:
            [(6, 2, 8, 330), (7, 1, 8, 285), (8, 0, 8, 240), (8, 1, 9, 315), (9, 0, 9, 270), (9, 1, 10, 345), (10, 0, 10, 300), (11, 0, 11, 330)]
            

        [Turn 12 CODE]
        >>> Code:
            from scipy.optimize import linprog
            
            # Build matrices
            A_eq = []
            b_eq = []
            
            # constraint (b - 2a) sum = 0
            coeff1 = [b - 2*a for a,b in vertex_types]
            A_eq.append(coeff1)
            b_eq.append(0)
            
            # constraint (2 - a) sum = 4
            coeff2 = [2 - a for a,b in vertex_types]
            A_eq.append(coeff2)
            b_eq.append(4)
            
            # variables bounds >=0
            bounds = [(0, None)] * len(vertex_types)
            
            # objective: maximize sum a N => minimize negative
            c = [-a for a,b in vertex_types]  # minimize -a
            
            res = linprog(c=c, A_eq=A_eq, b_eq=b_eq, bounds=bounds, method='highs')
            res.success, res.fun, res.x[:10]
            
        >>> Output:
            True -52.000000000000014 [ 0.  0.  0.  0. 20.  0.  0.  0.  0.  0.]
            

        [Turn 13 CODE [ERROR]]
        >>> Code:
            pairs = []
            for i,(a1,b1) in enumerate(vertex_types):
                for j,(a2,b2) in enumerate(vertex_types):
                    # Solve linear equations:
                    # N1 + N2 = V = m/2 + 2
                    # a1 N1 + a2 N2 = m
                    # b1 N1 + b2 N2 = 2m
                    # Unknowns N1,N2,m.
                    # Solve for N1,N2,m.
                    # Use symbolic?
                    import sympy as sp
                    N1,N2,m = sp.symbols('N1 N2 m')
                    eqs = [
                        sp.Eq(N1 + N2, m/2 + 2),
                        sp.Eq(a1*N1 + a2*N2, m),
                        sp.Eq(b1*N1 + b2*N2, 2*m)
                    ]
                    sol = sp.solve(eqs, (N1,N2,m), dict=True)
                    if sol:
                        sol = sol[0]
                        # Check positivity and integer?
                        N1_val = sol[N1]
                        N2_val = sol[N2]
                        m_val = sol[m]
                        # Need N1,N2 >=0, m positive even integer maybe.
                        # Check rational positivity
                        if N1_val.is_real and N2_val.is_real:
                            # Evaluate numeric
                            N1_num = sp.nsimplify(N1_val)
                            N2_num = sp.nsimplify(N2_val)
                            m_num = sp.nsimplify(m_val)
                            # Check positivity
                            if N1_num >= 0 and N2_num >= 0 and m_num > 0:
                                # Check that N1,N2,m are rational
                                pairs.append((m_num, (a1,b1,N1_num), (a2,b2,N2_num)))
            len(pairs)
            
        >>> Output:
            ---------------------------------------------------------------------------KeyError                                  Traceback (most recent call last)/tmp/ipykernel_2399/3553231319.py in <cell line: 0>()
                 21             # Check positivity and integer?
                 22             N1_val = sol[N1]
            ---> 23             N2_val = sol[N2]
                 24             m_val = sol[m]
                 25             # Need N1,N2 >=0, m positive even integer maybe.
            KeyError: N2

        [Turn 14 CODE]
        >>> Code:
            import sympy as sp
            N1,N2,m = sp.symbols('N1 N2 m')
            def solve_pair(a1,b1,a2,b2):
                eqs = [
                    sp.Eq(N1 + N2, m/2 + 2),
                    sp.Eq(a1*N1 + a2*N2, m),
                    sp.Eq(b1*N1 + b2*N2, 2*m)
                ]
                sol = sp.solve(eqs, (N1,N2,m), dict=True)
                return sol
            
            sol = solve_pair(1,4,4,3)
            sol
            
        >>> Output:
            [{N1: 20, N2: 8, m: 52}]
            

        [Turn 15 CODE [ERROR]]
        >>> Code:
            pair_solutions = []
            for i,(a1,b1) in enumerate(vertex_types):
                for j,(a2,b2) in enumerate(vertex_types):
                    sol = solve_pair(a1,b1,a2,b2)
                    if sol:
                        for s in sol:
                            N1_val = s[N1]
                            N2_val = s[N2]
                            m_val = s[m]
                            # require N1,N2 >=0, m positive even integer
                            if N1_val >= 0 and N2_val >= 0 and m_val > 0:
                                # check integer
                                if N1_val.is_integer and N2_val.is_integer and m_val.is_integer:
                                    pair_solutions.append((int(m_val), (a1,b1,int(N1_val)), (a2,b2,int(N2_val))))
            len(pair_solutions)
            
        >>> Output:
            ---------------------------------------------------------------------------KeyError                                  Traceback (most recent call last)/tmp/ipykernel_2399/1583018596.py in <cell line: 0>()
                  6             for s in sol:
                  7                 N1_val = s[N1]
            ----> 8                 N2_val = s[N2]
                  9                 m_val = s[m]
                 10                 # require N1,N2 >=0, m positive even integer
            KeyError: N2

        [Turn 16 CODE]
        >>> Code:
            sol = solve_pair(0,3,0,4)
            sol
            
        >>> Output:
            [{N1: 8, N2: -6, m: 0}]
            

        [Turn 17 CODE]
        >>> Code:
            pair_solutions = []
            for i,(a1,b1) in enumerate(vertex_types):
                for j,(a2,b2) in enumerate(vertex_types):
                    sols = solve_pair(a1,b1,a2,b2)
                    for s in sols:
                        N1_val = s.get(N1, None)
                        N2_val = s.get(N2, None)
                        m_val = s.get(m, None)
                        if N1_val is None or N2_val is None or m_val is None:
                            continue
                        if N1_val >= 0 and N2_val >= 0 and m_val > 0:
                            if N1_val.is_integer and N2_val.is_integer and m_val.is_integer:
                                pair_solutions.append((int(m_val), (a1,b1,int(N1_val)), (a2,b2,int(N2_val))))
            len(pair_solutions)
            
        >>> Output:
            152
            

        [Turn 18 CODE]
        >>> Code:
            max(pair_solutions, key=lambda x: x[0])[:1]
            
        >>> Output:
            (52,)
            

    --- Attempt 47 [CORRECT] answer=44 expected=44 temp=0.5 entropy=0.661 ---
        python_calls=14 errors=0 tokens=19198 time=322.9s time_left=276.6s
        source=streaming confidence=1.0 stop=max_turns
        Libraries: import itertools, math, sys, numpy as np, sympy as sp, math, random, collections, itertools, fractions, functools, decimal, heapq, statistics, time, os, json, typing, textwrap, re, string, hashlib, inspect, builtins, types, warnings, traceback, fractions, math, itertools, collections, numpy as np, sympy as sp, scipy.optimize as opt, import itertools, numpy as np, scipy.optimize as opt, math, sys, warnings, itertools, collections, fractions, random, import numpy as np, scipy.optimize as opt, math, itertools, sys, warnings, random

        [Turn 1 CODE]
        >>> Code:
            pairs = []
            for x in range(0, 13):
                for y in range(0, 13):
                    if (30*x + 75*y) < 360 and y%2==0:
                        pairs.append((x,y))
            pairs[:20], len(pairs)
            
        >>> Output:
            [(0, 0), (0, 2), (0, 4), (1, 0), (1, 2), (1, 4), (2, 0), (2, 2), (3, 0), (3, 2), (4, 0), (4, 2), (5, 0), (5, 2), (6, 0), (6, 2), (7, 0), (8, 0), (9, 0), (10, 0)] 21
            

        [Turn 2 CODE]
        >>> Code:
            valid_pairs = [(x,y) for (x,y) in pairs if x+y>=3]
            valid_pairs
            
        >>> Output:
            [(0, 4), (1, 2), (1, 4), (2, 2), (3, 0), (3, 2), (4, 0), (4, 2), (5, 0), (5, 2), (6, 0), (6, 2), (7, 0), (8, 0), (9, 0), (10, 0), (11, 0)]
            

        [Turn 3 CODE]
        >>> Code:
            import itertools, math, sys, numpy as np, sympy as sp, math, random, collections, itertools, fractions, functools, decimal, heapq, statistics, time, os, json, typing, textwrap, re, string, hashlib, inspect, builtins, types, warnings, traceback, fractions, math, itertools, collections, numpy as np, sympy as sp, scipy.optimize as opt
        >>> Output:
            [WARN] No output. Use print() to see results.

        [Turn 4 CODE]
        >>> Code:
            types = [(0,4),(1,2),(1,4),(2,2),(3,0),(3,2),(4,0),(4,2),(5,0),(5,2),(6,0),(6,2),(7,0),(8,0),(9,0),(10,0),(11,0)]
            len(types)
            
        >>> Output:
            17
            

        [Turn 5 CODE]
        >>> Code:
            def feasible(m):
                if m%2!=0:
                    return False
                V = m//2 + 2
                n = len(types)
                # Variables v_i
                # constraints: A v = b
                A = []
                b = []
                # sum v_i = V
                A.append([1]*n)
                b.append(V)
                # sum x_i v_i = m
                A.append([t[0] for t in types])
                b.append(m)
                # sum y_i v_i = 2*m
                A.append([t[1] for t in types])
                b.append(2*m)
                A = np.array(A, dtype=float)
                b = np.array(b, dtype=float)
                # bounds: v_i >= 0
                bounds = opt.Bounds(0, np.inf)
                integrality = np.ones(n, dtype=int)
                # objective arbitrary zero
                c = np.zeros(n)
                # Use milp
                res = opt.milp(c=c, constraints=opt.LinearConstraint(A, b, b), bounds=bounds, integrality=integrality, options={'presolve': True, 'disp': False})
                return res.success
            
            for m in range(2, 100, 2):
                if feasible(m):
                    print(m)
            
        >>> Output:
            4
            6
            8
            10
            12
            14
            16
            18
            20
            22
            24
            26
            28
            30
            32
            34
            36
            38
            40
            42
            44
            

        [Turn 6 CODE]
        >>> Code:
            for m in range(46, 200, 2):
                if feasible(m):
                    print(m)
            
        >>> Output:
            [WARN] No output. Use print() to see results.

        [Turn 7 CODE]
        >>> Code:
            print(feasible(46))
            
        >>> Output:
            False
            

        [Turn 8 CODE]
        >>> Code:
            print(feasible(48))
            
        >>> Output:
            False
            

        [Turn 9 CODE]
        >>> Code:
            def get_solution(m):
                if m%2!=0:
                    return None
                V = m//2 + 2
                n = len(types)
                A = np.array([[1]*n,
                              [t[0] for t in types],
                              [t[1] for t in types]], dtype=float)
                b = np.array([V, m, 2*m], dtype=float)
                bounds = opt.Bounds(0, np.inf)
                integrality = np.ones(n, dtype=int)
                c = np.zeros(n)
                res = opt.milp(c=c, constraints=opt.LinearConstraint(A, b, b), bounds=bounds, integrality=integrality, options={'presolve': True, 'disp': False})
                if res.success:
                    return [int(round(v)) for v in res.x]
                else:
                    return None
            
            solution44 = get_solution(44)
            solution44
            
        >>> Output:
            [0, 0, 20, 0, 0, 0, 0, 0, 0, 0, 0, 4, 0, 0, 0, 0, 0]
            

        [Turn 10 CODE]
        >>> Code:
            solutions_abc = []
            for a in range(0,2): # a can't be >1 because 4a <=4 => a=0 or1
                for b in range(0,5):
                    for c in range(0,3):
                        if 4*a + b + 2*c <= 4:
                            solutions_abc.append((a,b,c))
            solutions_abc
            
        >>> Output:
            [(0, 0, 0), (0, 0, 1), (0, 0, 2), (0, 1, 0), (0, 1, 1), (0, 2, 0), (0, 2, 1), (0, 3, 0), (0, 4, 0), (1, 0, 0)]
            

        [Turn 11 CODE]
        >>> Code:
            max_m = 0
            best = None
            for a,b,c in solutions_abc:
                lower = b + 2*a + 2*c
                upper = 6*a + 2*b + 4*c - 4
                # but also m must be even (since m=2E/3)
                # also m >= lower, <= upper
                # we can try to take max even <= upper and >= lower
                if upper >= lower:
                    # max possible even m in range
                    m_candidate = upper if upper%2==0 else upper-1
                    if m_candidate >= lower:
                        if m_candidate > max_m:
                            max_m = m_candidate
                            best = (a,b,c, lower, upper)
            max_m, best
            
        >>> Output:
            4 (0, 0, 2, 4, 4)
            

        [Turn 12 CODE]
        >>> Code:
            import itertools, numpy as np, scipy.optimize as opt, math, sys, warnings, itertools, collections, fractions, random
        >>> Output:
            [WARN] No output. Use print() to see results.

        [Turn 13 CODE]
        >>> Code:
            import numpy as np, scipy.optimize as opt, math, itertools, sys, warnings, random
        >>> Output:
            [WARN] No output. Use print() to see results.

        [Turn 14 CODE]
        >>> Code:
            n = len(types)
            A_eq = []
            b_eq = []
            # constraint 1: sum v_i - 0.5 m = 2
            row = [1.0]*n + [-0.5]
            A_eq.append(row)
            b_eq.append(2.0)
            # constraint 2: sum x_i v_i - 1*m = 0
            row = [t[0] for t in types] + [-1.0]
            A_eq.append(row)
            b_eq.append(0.0)
            # constraint 3: sum y_i v_i - 2*m = 0
            row = [t[1] for t in types] + [-2.0]
            A_eq.append(row)
            b_eq.append(0.0)
            
            c = [0.0]*n + [-1.0]  # maximize m -> minimize -m
            bounds = [(0, None)]*(n+1)
            
            res = opt.linprog(c=c, A_eq=A_eq, b_eq=b_eq, bounds=bounds, method='highs')
            res.success, res.fun, res.x[-1]
            
        >>> Output:
            True -44.0 44.0
            

    --- Attempt 32 [WRONG] answer=22 expected=44 temp=0.5 entropy=0.712 ---
        python_calls=6 errors=0 tokens=19857 time=332.8s time_left=267.1s
        source=streaming confidence=1.0 stop=max_turns
        Libraries: from scipy.optimize import linprog, import itertools, import numpy as np, itertools, math, sys, json, fractions, collections, random, itertools, math, sys, os, time, math

        [Turn 1 CODE]
        >>> Code:
            solutions = []
            for a in range(0,13):
                for b in range(0,13):
                    if a+b>=3 and 30*a+75*b < 360:
                        solutions.append((a,b,30*a+75*b))
            solutions[:20], len(solutions)
            
        >>> Output:
            [(0, 3, 225), (0, 4, 300), (1, 2, 180), (1, 3, 255), (1, 4, 330), (2, 1, 135), (2, 2, 210), (2, 3, 285), (3, 0, 90), (3, 1, 165), (3, 2, 240), (3, 3, 315), (4, 0, 120), (4, 1, 195), (4, 2, 270), (4, 3, 345), (5, 0, 150), (5, 1, 225), (5, 2, 300), (6, 0, 180)] 30
            

        [Turn 2 CODE]
        >>> Code:
            eq = []
            for b in range(0,10):
                if (24-5*b)%2==0:
                    a = (24-5*b)//2
                    if a>=0:
                        eq.append((a,b))
            eq
            
        >>> Output:
            [(12, 0), (7, 2), (2, 4)]
            

        [Turn 3 CODE]
        >>> Code:
            import itertools
            
            # list of allowed (a,b) combos (a+b>=3, 30a+75b<360)
            allowed = []
            for a in range(0,12):
                for b in range(0,5):
                    if a+b>=3 and 30*a+75*b < 360:
                        allowed.append((a,b))
            allowed
            
        >>> Output:
            [(0, 3), (0, 4), (1, 2), (1, 3), (1, 4), (2, 1), (2, 2), (2, 3), (3, 0), (3, 1), (3, 2), (3, 3), (4, 0), (4, 1), (4, 2), (4, 3), (5, 0), (5, 1), (5, 2), (6, 0), (6, 1), (6, 2), (7, 0), (7, 1), (8, 0), (8, 1), (9, 0), (9, 1), (10, 0), (11, 0)]
            

        [Turn 4 CODE]
        >>> Code:
            import numpy as np, itertools, math, sys, json, fractions, collections, random, itertools, math, sys, os, time, math
            from scipy.optimize import linprog
            
            allowed = [(a,b) for a,b in allowed]  # list of tuples
            n = len(allowed)
            c = -np.ones(n)  # maximize sum x_i => minimize negative sum
            
            A_eq = np.zeros((2,n))
            b_eq = np.array([-4.0, -8.0])
            for i,(a,b) in enumerate(allowed):
                A_eq[0,i] = a - 2
                A_eq[1,i] = b - 4
            
            bounds = [(0, None)]*n
            
            res = linprog(c, A_eq=A_eq, b_eq=b_eq, bounds=bounds, method='highs')
            res.success, res.fun, res.x[:10]
            
        >>> Output:
            True -28.0 [ 0.  0.  0.  0. 20.  0.  0.  0.  0.  0.]
            

        [Turn 5 CODE]
        >>> Code:
            allowed[:10]
            
        >>> Output:
            [(0, 3), (0, 4), (1, 2), (1, 3), (1, 4), (2, 1), (2, 2), (2, 3), (3, 0), (3, 1)]
            

        [Turn 6 CODE]
        >>> Code:
            [(i, allowed[i], val) for i,val in enumerate(res.x) if val>1e-6]
            
        >>> Output:
            [(4, (1, 4), np.float64(20.0)), (15, (4, 3), np.float64(8.0))]
            

    --- Attempt 39 [WRONG] answer=52 expected=44 temp=0.5 entropy=0.588 ---
        python_calls=34 errors=5 tokens=21081 time=351.8s time_left=247.9s
        source=streaming confidence=1.0 stop=max_turns
        Libraries: from itertools import product, from scipy.optimize import linprog, from scipy.optimize import milp, LinearConstraint, Bounds, import itertools, import itertools, math, import itertools, math, numpy as np, import itertools, math, sys, collections, functools, random, time, numpy as np, math, itertools, sys, collections, fractions, decimal, heapq, statistics, json, os, typing, pprint, itertools, collections, math, sys, itertools, numpy as np, import math, itertools, numpy as np, sys, json, collections, fractions, random, statistics, import numpy as np, import numpy as np, math, itertools, import numpy as np, math, itertools, sys, time, json, collections, fractions, decimal, heapq, statistics, os, typing, pprint, random, math, itertools, numpy as np

        [Turn 1 CODE]
        >>> Code:
            import itertools
            
            def combos():
                res=[]
                for a in range(0,10):
                    for b in range(0,10):
                        if a+b>=3 and 30*a+75*b<360:
                            res.append((a,b,30*a+75*b))
                return res
            combos()
            
        >>> Output:
            [(0, 3, 225), (0, 4, 300), (1, 2, 180), (1, 3, 255), (1, 4, 330), (2, 1, 135), (2, 2, 210), (2, 3, 285), (3, 0, 90), (3, 1, 165), (3, 2, 240), (3, 3, 315), (4, 0, 120), (4, 1, 195), (4, 2, 270), (4, 3, 345), (5, 0, 150), (5, 1, 225), (5, 2, 300), (6, 0, 180), (6, 1, 255), (6, 2, 330), (7, 0, 210), (7, 1, 285), (8, 0, 240), (8, 1, 315), (9, 0, 270), (9, 1, 345)]
            

        [Turn 2 CODE]
        >>> Code:
            import itertools, math, sys, collections, functools, random, time, numpy as np, math, itertools, sys, collections, fractions, decimal, heapq, statistics, json, os, typing, pprint, itertools, collections, math, sys, itertools, numpy as np
        >>> Output:
            [WARN] No output. Use print() to see results.

        [Turn 3 CODE]
        >>> Code:
            from itertools import product
            
            combos = [(a,b) for a,b,_ in [(0,3,225),(0,4,300),(1,2,180),(1,3,255),(1,4,330),(2,1,135),(2,2,210),(2,3,285),(3,0,90),(3,1,165),(3,2,240),(3,3,315),(4,0,120),(4,1,195),(4,2,270),(4,3,345),(5,0,150),(5,1,225),(5,2,300),(6,0,180),(6,1,255),(6,2,330),(7,0,210),(7,1,285),(8,0,240),(8,1,315),(9,0,270),(9,1,345)]]
            len(combos)
            
        >>> Output:
            28
            

        [Turn 4 CODE]
        >>> Code:
            import numpy as np, math, itertools, sys, time, json, collections, fractions, decimal, heapq, statistics, os, typing, pprint, random, math, itertools, numpy as np
        >>> Output:
            [WARN] No output. Use print() to see results.

        [Turn 5 CODE]
        >>> Code:
            from scipy.optimize import milp, LinearConstraint, Bounds
            
            def feasible(m):
                if m%2==1: 
                    return False
                V = m//2 + 2
                n = len(combos)
                # objective: dummy zero
                c = np.zeros(n)
                # constraints matrix A x = b (equality)
                A_eq = np.zeros((3,n))
                b_eq = np.zeros(3)
                # sum n_i = V
                A_eq[0,:] = 1
                b_eq[0] = V
                # sum a_i n_i = m
                A_eq[1,:] = [a for a,b in combos]
                b_eq[1] = m
                # sum b_i n_i = 2m
                A_eq[2,:] = [b for a,b in combos]
                b_eq[2] = 2*m
                # bounds: n_i integer >=0
                integrality = np.ones(n, dtype=int)
                bounds = Bounds(0, np.inf)
                # Use milp with method "highs"
                res = milp(c=c, constraints=LinearConstraint(A_eq, b_eq, b_eq), bounds=bounds, integrality=integrality, options={"disp": False})
                return res.success
            
            # test for some m
            for m in range(2, 100, 2):
                if feasible(m):
                    print(m)
            
        >>> Output:
            4
            6
            8
            10
            12
            14
            16
            18
            20
            22
            24
            26
            28
            30
            32
            34
            36
            38
            40
            42
            44
            46
            48
            50
            52
            

        [Turn 6 CODE]
        >>> Code:
            feasible_ms = []
            for m in range(2, 202, 2):
                if feasible(m):
                    feasible_ms.append(m)
            print(feasible_ms[-10:])
            print(len(feasible_ms))
            
        >>> Output:
            [34, 36, 38, 40, 42, 44, 46, 48, 50, 52]
            25
            

        [Turn 7 CODE]
        >>> Code:
            def get_solution(m):
                if m%2==1: return None
                V = m//2 + 2
                n = len(combos)
                c = np.zeros(n)
                A_eq = np.zeros((3,n))
                b_eq = np.zeros(3)
                A_eq[0,:] = 1
                b_eq[0] = V
                A_eq[1,:] = [a for a,b in combos]
                b_eq[1] = m
                A_eq[2,:] = [b for a,b in combos]
                b_eq[2] = 2*m
                integrality = np.ones(n, dtype=int)
                bounds = Bounds(0, np.inf)
                res = milp(c=c, constraints=LinearConstraint(A_eq, b_eq, b_eq), bounds=bounds, integrality=integrality, options={"disp": False})
                if not res.success:
                    return None
                # round solution
                sol = np.rint(res.x).astype(int)
                return sol
            
            sol = get_solution(52)
            sol, sum(sol)
            
        >>> Output:
            [ 0  0  0  0 20  0  0  0  0  0  0  0  0  0  0  8  0  0  0  0  0  0  0  0
              0  0  0  0] 28
            

        [Turn 8 CODE]
        >>> Code:
            list(enumerate(combos))
            
        >>> Output:
            [(0, (0, 3)), (1, (0, 4)), (2, (1, 2)), (3, (1, 3)), (4, (1, 4)), (5, (2, 1)), (6, (2, 2)), (7, (2, 3)), (8, (3, 0)), (9, (3, 1)), (10, (3, 2)), (11, (3, 3)), (12, (4, 0)), (13, (4, 1)), (14, (4, 2)), (15, (4, 3)), (16, (5, 0)), (17, (5, 1)), (18, (5, 2)), (19, (6, 0)), (20, (6, 1)), (21, (6, 2)), (22, (7, 0)), (23, (7, 1)), (24, (8, 0)), (25, (8, 1)), (26, (9, 0)), (27, (9, 1))]
            

        [Turn 9 CODE]
        >>> Code:
            import itertools, math
            
            combos = [(a,b) for a,b,_ in [(0,3,225),(0,4,300),(1,2,180),(1,3,255),(1,4,330),(2,1,135),(2,2,210),(2,3,285),(3,0,90),(3,1,165),(3,2,240),(3,3,315),(4,0,120),(4,1,195),(4,2,270),(4,3,345),(5,0,150),(5,1,225),(5,2,300),(6,0,180),(6,1,255),(6,2,330),(7,0,210),(7,1,285),(8,0,240),(8,1,315),(9,0,270),(9,1,345)]
            
            def bound(alpha,beta):
                # compute C = max over combos of alpha*(30a+75b) + beta*(a+b)
                C = max(alpha*(30*a+75*b) + beta*(a+b) for a,b in combos)
                denom = 180*alpha + 3*beta - C/2
                if denom <= 0:
                    return None
                return 2*C/denom
            
            best = None
            best_params = None
            for alpha in range(1,11):
                for beta in range(0,11):
                    b = bound(alpha,beta)
                    if b is not None:
                        if best is None or b < best:
                            best = b
                            best_params = (alpha,beta,b)
            best, best_params
            
        >>> Output:
            [WARN] No output. Use print() to see results.

        [Turn 10 CODE [ERROR]]
        >>> Code:
            print(best, best_params)
            
        >>> Output:
            ---------------------------------------------------------------------------NameError                                 Traceback (most recent call last)/tmp/ipykernel_617/3331979469.py in <cell line: 0>()
            ----> 1 print(best, best_params)
            NameError: name 'best' is not defined

        [Turn 11 CODE]
        >>> Code:
            import itertools, math
            
            combos = [(a,b) for a,b,_ in [(0,3,225),(0,4,300),(1,2,180),(1,3,255),(1,4,330),(2,1,135),(2,2,210),(2,3,285),(3,0,90),(3,1,165),(3,2,240),(3,3,315),(4,0,120),(4,1,195),(4,2,270),(4,3,345),(5,0,150),(5,1,225),(5,2,300),(6,0,180),(6,1,255),(6,2,330),(7,0,210),(7,1,285),(8,0,240),(8,1,315),(9,0,270),(9,1,345)]
            
            def bound(alpha,beta):
                C = max(alpha*(30*a+75*b) + beta*(a+b) for a,b in combos)
                denom = 180*alpha + 3*beta - C/2
                if denom <= 0:
                    return None
                return 2*C/denom
            
            best = None
            best_params = None
            for alpha in range(1,21):
                for beta in range(0,21):
                    b = bound(alpha,beta)
                    if b is not None:
                        if best is None or b < best:
                            best = b
                            best_params = (alpha,beta,b)
            best, best_params
            
        >>> Output:
            [WARN] No output. Use print() to see results.

        [Turn 12 CODE]
        >>> Code:
            best = None
            best_params = None
            for alpha in range(1,21):
                for beta in range(0,21):
                    try:
                        b = bound(alpha,beta)
                    except Exception as e:
                        print("error", alpha,beta,e)
                        continue
                    if b is not None:
                        if best is None or b < best:
                            best = b
                            best_params = (alpha,beta,b)
            print(best, best_params)
            
        >>> Output:
            error 1 0 name 'bound' is not defined
            error 1 1 name 'bound' is not defined
            error 1 2 name 'bound' is not defined
            error 1 3 name 'bound' is not defined
            error 1 4 name 'bound' is not defined
            error 1 5 name 'bound' is not defined
            error 1 6 name 'bound' is not defined
            error 1 7 name 'bound' is not defined
            error 1 8 name 'bound' is not defined
            error 1 9 name 'bound' is not defined
            error 1 10 name 'bound' is not defined
            error 1 11 name 'bound' is not defined
            error 1 12 name 'bound' is not defined
            error 1 13 name 'bound' is not defined
            error 1 14 name 'bound' is not defined
            error 1 15 name 'bound' is not defined
            error 1 16 name 'bound' is not defined
            error 1 17 name 'bound' is not defined
            error 1 18 name 'bound' is not defined
            error 1 19 name 'bound' is not defined
            error 1 20 name 'bound' is not defined
            error 2 0 name 'bound' is not defined
            error 2 1 name 'bound' is not defined
            error 2 2 name 'bound' is not defined
            error 2 3 name 'bound' is not defined
            error 2 4 name 'bound' is not defined
            error 2 5 name 'bound' is not defined
            error 2 6 name 'bound' is not defined
            error 2 7 name 'bound' is not defined
            error 2 8 name 'bound' is not defined
            error 2 9 name 'bound' is not defined
            error 2 10 name 'bound' is not defined
            error 2 11 name 'bound' is not defined
            error 2 12 name 'bound' is not defined
            error 2 13 name 'bound' is not defined
            error 2 14 name 'bound' is not defined
            error 2 15 name 'bound' is not defined
            error 2 16 name 'bound' is not defined
            error 2 17 name 'bound' is not defined
            error 2 18 name 'bound' is not defined
            error 2 19 name 'bound' is not defined
            error 2 20 name 'bound' is not defined
            error 3 0 name 'bound' is not defined
            error 3 1 name 'bound' is not defined
            error 3 2 name 'bound' is not defined
            error 3 3 name 'bound' is not defined
            error 3 4 name 'bound' is not defined
            error 3 5 name 'bound' is not defined
            error 3 6 name 'bound' is not defined
            error 3 7 name 'bound' is not defined
            ... (208 lines total)

        [Turn 13 CODE]
        >>> Code:
            import itertools, math, numpy as np
            
            # define combos list
            combos = [(a,b) for a,b,_ in [(0,3,225),(0,4,300),(1,2,180),(1,3,255),(1,4,330),(2,1,135),(2,2,210),(2,3,285),(3,0,90),(3,1,165),(3,2,240),(3,3,315),(4,0,120),(4,1,195),(4,2,270),(4,3,345),(5,0,150),(5,1,225),(5,2,300),(6,0,180),(6,1,255),(6,2,330),(7,0,210),(7,1,285),(8,0,240),(8,1,315),(9,0,270),(9,1,345)]
            
            def bound(alpha,beta):
                C = max(alpha*(30*a+75*b) + beta*(a+b) for a,b in combos)
                denom = 180*alpha + 3*beta - C/2
                if denom <= 0:
                    return None
                return 2*C/denom
            
            best = None
            best_params = None
            for alpha in range(1,31):
                for beta in range(0,31):
                    b = bound(alpha,beta)
                    if b is not None:
                        if best is None or b < best:
                            best = b
                            best_params = (alpha,beta,b)
            best, best_params
            
        >>> Output:
            [WARN] No output. Use print() to see results.

        [Turn 14 CODE [ERROR]]
        >>> Code:
            print(bound(1,0))
            
        >>> Output:
            ---------------------------------------------------------------------------NameError                                 Traceback (most recent call last)/tmp/ipykernel_617/1019010861.py in <cell line: 0>()
            ----> 1 print(bound(1,0))
            NameError: name 'bound' is not defined

        [Turn 15 CODE]
        >>> Code:
            import itertools, math, numpy as np
            
            combos = [(a,b) for a,b,_ in [(0,3,225),(0,4,300),(1,2,180),(1,3,255),(1,4,330),(2,1,135),(2,2,210),(2,3,285),(3,0,90),(3,1,165),(3,2,240),(3,3,315),(4,0,120),(4,1,195),(4,2,270),(4,3,345),(5,0,150),(5,1,225),(5,2,300),(6,0,180),(6,1,255),(6,2,330),(7,0,210),(7,1,285),(8,0,240),(8,1,315),(9,0,270),(9,1,345)]
            
            def bound(alpha,beta):
                C = max(alpha*(30*a+75*b) + beta*(a+b) for a,b in combos)
                denom = 180*alpha + 3*beta - C/2
                if denom <= 0:
                    return None
                return 2*C/denom
            
            print(bound(1,0))
            
        >>> Output:
            [WARN] No output. Use print() to see results.

        [Turn 16 CODE [ERROR]]
        >>> Code:
            val = bound(1,0)
            val
            
        >>> Output:
            ---------------------------------------------------------------------------NameError                                 Traceback (most recent call last)/tmp/ipykernel_617/2751750716.py in <cell line: 0>()
            ----> 1 val = bound(1,0)
                  2 print(val)
            NameError: name 'bound' is not defined

        [Turn 17 CODE]
        >>> Code:
            import math, itertools, numpy as np, sys, json, collections, fractions, random, statistics
        >>> Output:
            [WARN] No output. Use print() to see results.

        [Turn 18 CODE]
        >>> Code:
            combos = [(a,b) for a,b,_ in [(0,3,225),(0,4,300),(1,2,180),(1,3,255),(1,4,330),(2,1,135),(2,2,210),(2,3,285),(3,0,90),(3,1,165),(3,2,240),(3,3,315),(4,0,120),(4,1,195),(4,2,270),(4,3,345),(5,0,150),(5,1,225),(5,2,300),(6,0,180),(6,1,255),(6,2,330),(7,0,210),(7,1,285),(8,0,240),(8,1,315),(9,0,270),(9,1,345)]
            
            def bound(alpha,beta):
                C = max(alpha*(30*a+75*b) + beta*(a+b) for a,b in combos)
                denom = 180*alpha + 3*beta - C/2
                if denom <= 0:
                    return None
                return 2*C/denom
            
            print(bound(1,0))
            
        >>> Output:
            [WARN] No output. Use print() to see results.

        [Turn 19 CODE [ERROR]]
        >>> Code:
            bound(1,0)
            
        >>> Output:
            ---------------------------------------------------------------------------NameError                                 Traceback (most recent call last)/tmp/ipykernel_617/1010388611.py in <cell line: 0>()
            ----> 1 print(bound(1,0))
            NameError: name 'bound' is not defined

        [Turn 20 CODE]
        >>> Code:
            print("test")
            
        >>> Output:
            test
            

        [Turn 21 CODE]
        >>> Code:
            try:
                combos = [(a,b) for a,b,_ in [(0,3,225),(0,4,300),(1,2,180),(1,3,255),(1,4,330),(2,1,135),(2,2,210),(2,3,285),(3,0,90),(3,1,165),(3,2,240),(3,3,315),(4,0,120),(4,1,195),(4,2,270),(4,3,345),(5,0,150),(5,1,225),(5,2,300),(6,0,180),(6,1,255),(6,2,330),(7,0,210),(7,1,285),(8,0,240),(8,1,315),(9,0,270),(9,1,345)]
                def bound(alpha,beta):
                    C = max(alpha*(30*a+75*b) + beta*(a+b) for a,b in combos)
                    denom = 180*alpha + 3*beta - C/2
                    if denom <= 0:
                        return None
                    return 2*C/denom
                print("defined")
            except Exception as e:
                print("error:", e)
            
        >>> Output:
            [WARN] No output. Use print() to see results.

        [Turn 22 CODE]
        >>> Code:
            [ (a,b) for a,b,_ in [(0,3,225),(1,2,180)] ]
            
        >>> Output:
            [(0, 3), (1, 2)]
            

        [Turn 23 CODE]
        >>> Code:
            data = [(0,3,225),(0,4,300),(1,2,180),(1,3,255),(1,4,330),(2,1,135),(2,2,210),(2,3,285),(3,0,90),(3,1,165),(3,2,240),(3,3,315),(4,0,120),(4,1,195),(4,2,270),(4,3,345),(5,0,150),(5,1,225),(5,2,300),(6,0,180),(6,1,255),(6,2,330),(7,0,210),(7,1,285),(8,0,240),(8,1,315),(9,0,270),(9,1,345)]
            len(data)
            
        >>> Output:
            28
            

        [Turn 24 CODE]
        >>> Code:
            combos = [(a,b) for a,b,_ in data]
            combos[:5]
            
        >>> Output:
            [(0, 3), (0, 4), (1, 2), (1, 3), (1, 4)]
            

        [Turn 25 CODE]
        >>> Code:
            def bound(alpha,beta):
                C = max(alpha*(30*a+75*b) + beta*(a+b) for a,b in combos)
                denom = 180*alpha + 3*beta - C/2
                if denom <= 0:
                    return None
                return 2*C/denom
            
            print(bound(1,0))
            
        >>> Output:
            92.0
            

        [Turn 26 CODE]
        >>> Code:
            best = None
            best_params = None
            for alpha in range(1,51):
                for beta in range(0,51):
                    b = bound(alpha,beta)
                    if b is not None:
                        if best is None or b < best:
                            best = b
                            best_params = (alpha,beta,b)
            best, best_params
            
        >>> Output:
            92.0 (1, 0, 92.0)
            

        [Turn 27 CODE [ERROR]]
        >>> Code:
            import numpy as np, math, itertools
            from scipy.optimize import linprog
            
            # Build matrices
            a_vals = np.array([a for a,b in combos])
            b_vals = np.array([b for a,b in combos])
            # variables: n_i for each combo, plus m as last variable
            n = len(combos)
            c = np.zeros(n+1)
            c[-1] = -1  # maximize m -> minimize -m
            
            # Equality constraints:
            # sum n_i - (m/2 + 2) = 0
            A_eq = np.zeros((3, n+1))
            b_eq = np.zeros(3)
            A_eq[0, :n] = 1
            A_eq[0, -1] = -0.5
            b_eq[0] = -2  # move 2 to RHS: sum n_i - m/2 = 2 => sum n_i - 0.5 m = 2
            
            # sum a_i n_i - m = 0
            A_eq[1, :n] = a_vals
            A_eq[1, -1] = -1
            b_eq[1] = 0
            
            # sum b_i n_i - 2m = 0
            A_eq[2, :n] = b_vals
            A_eq[2, -1] = -2
            b_eq[2] = 0
            
            bounds = [(0, None)]*(n+1)
            
            res = linprog(c, A_eq=A_eq, b_eq=b_eq, bounds=bounds, method='highs')
            res.success, res.x[-1]
            
        >>> Output:
            ---------------------------------------------------------------------------TypeError                                 Traceback (most recent call last)/tmp/ipykernel_617/13323385.py in <cell line: 0>()
                 31 
                 32 res = linprog(c, A_eq=A_eq, b_eq=b_eq, bounds=bounds, method='highs')
            ---> 33 print(res.success, res.x[-1])
            TypeError: 'NoneType' object is not subscriptable

        [Turn 28 CODE]
        >>> Code:
            print(res)
            
        >>> Output:
                   message: The problem is infeasible. (HiGHS Status 8: model_status is Infeasible; primal_status is None)
                   success: False
                    status: 2
                       fun: None
                         x: None
                       nit: 0
                     lower:  residual: None
                            marginals: None
                     upper:  residual: None
                            marginals: None
                     eqlin:  residual: None
                            marginals: None
                   ineqlin:  residual: None
                            marginals: None
            

        [Turn 29 CODE]
        >>> Code:
            import numpy as np
            from scipy.optimize import linprog
            
            n = len(combos)
            a_vals = np.array([a for a,b in combos])
            b_vals = np.array([b for a,b in combos])
            
            # variables n_i
            c = -a_vals  # maximize sum a_i n_i => minimize -sum a_i n_i
            
            # Equality constraints matrix
            A_eq = np.zeros((2, n))
            b_eq = np.zeros(2)
            # C1: 2*sum n_i - sum a_i n_i = 4
            A_eq[0, :] = 2 - a_vals
            b_eq[0] = 4
            # C2: sum b_i n_i - 2*sum a_i n_i = 0
            A_eq[1, :] = b_vals - 2*a_vals
            b_eq[1] = 0
            
            bounds = [(0, None)]*n
            
            res = linprog(c, A_eq=A_eq, b_eq=b_eq, bounds=bounds, method='highs')
            res.success, -res.fun
            
        >>> Output:
            True 52.0
            

        [Turn 30 CODE]
        >>> Code:
            # Retrieve dual variables from result
            res
            
        >>> Output:
                    message: Optimization terminated successfully. (HiGHS Status 7: Optimal)
                    success: True
                     status: 0
                        fun: -52.0
                          x: [ 0.000e+00  0.000e+00 ...  0.000e+00  0.000e+00]
                        nit: 2
                      lower:  residual: [ 0.000e+00  0.000e+00 ...  0.000e+00
                                          0.000e+00]
                             marginals: [ 8.000e+00  2.000e+00 ...  8.000e+00
                                          2.000e+00]
                      upper:  residual: [       inf        inf ...        inf
                                                inf]
                             marginals: [ 0.000e+00  0.000e+00 ...  0.000e+00
                                          0.000e+00]
                      eqlin:  residual: [ 0.000e+00  0.000e+00]
                             marginals: [-1.300e+01  6.000e+00]
                    ineqlin:  residual: []
                             marginals: []
             mip_node_count: 0
             mip_dual_bound: 0.0
                    mip_gap: 0.0
            

        [Turn 31 CODE]
        >>> Code:
            import numpy as np
            from scipy.optimize import linprog
            
            # Variables y1, y2
            c = np.array([4, 0])  # minimize 4*y1 + 0*y2
            
            # For each combo i: (2 - a_i) * y1 + (b_i - 2 a_i) * y2 >= a_i
            # Convert to <= by multiplying -1: - (2 - a_i) y1 - (b_i - 2 a_i) y2 <= -a_i
            A_ub = []
            b_ub = []
            for a,b in combos:
                A_ub.append([-(2 - a), -(b - 2*a)])
                b_ub.append(-a)
            A_ub = np.array(A_ub)
            b_ub = np.array(b_ub)
            
            bounds = [(None, None), (None, None)]  # y1,y2 unrestricted
            
            res = linprog(c, A_ub=A_ub, b_ub=b_ub, bounds=bounds, method='highs')
            res.success, res.x, res.fun
            
        >>> Output:
            True [13. -6.] 52.0
            

        [Turn 32 CODE]
        >>> Code:
            all( a + 3*b <= 13 for a,b in combos)
            
        >>> Output:
            True
            

        [Turn 33 CODE]
        >>> Code:
            [e for e in combos if e[0] + 3*e[1] == 13]
            
        >>> Output:
            [(1, 4), (4, 3)]
            

        [Turn 34 CODE]
        >>> Code:
            max_val = -1
            max_pair = None
            for a in range(0,20):
                for b in range(0,20):
                    if a+b>=3 and 30*a+75*b <=345:
                        if a+3*b > max_val:
                            max_val = a+3*b
                            max_pair = (a,b)
            max_val, max_pair
            
        >>> Output:
            13 (1, 4)
            

    --- Attempt 44 [WRONG] answer=22 expected=44 temp=0.5 entropy=0.688 ---
        python_calls=0 errors=0 tokens=21972 time=357.2s time_left=242.3s
        source=streaming confidence=1.0 stop=max_turns

    --- Attempt 36 [WRONG] answer=52 expected=44 temp=0.5 entropy=0.681 ---
        python_calls=22 errors=0 tokens=23078 time=371.4s time_left=228.4s
        source=streaming confidence=1.0 stop=max_turns
        Libraries: from math import isclose, from scipy.optimize import milp, LinearConstraint, Bounds, import itertools, math, sys, numpy as np, warnings, sympy as sp, itertools, math, numpy as np, import math, numpy as np, import scipy, import sympy as sp

        [Turn 1 CODE]
        >>> Code:
            possible = []
            for a in range(0, 24):
                for b in range(0, 24):
                    if 2*a + 5*b <= 23:
                        possible.append((a,b))
            possible[:20], len(possible)
            
        >>> Output:
            [(0, 0), (0, 1), (0, 2), (0, 3), (0, 4), (1, 0), (1, 1), (1, 2), (1, 3), (1, 4), (2, 0), (2, 1), (2, 2), (2, 3), (3, 0), (3, 1), (3, 2), (3, 3), (4, 0), (4, 1)] 36
            

        [Turn 2 CODE]
        >>> Code:
            valid = [(a,b) for a,b in possible if a+b >= 3]
            valid[:20], len(valid)
            
        >>> Output:
            [(0, 3), (0, 4), (1, 2), (1, 3), (1, 4), (2, 1), (2, 2), (2, 3), (3, 0), (3, 1), (3, 2), (3, 3), (4, 0), (4, 1), (4, 2), (4, 3), (5, 0), (5, 1), (5, 2), (6, 0)] 30
            

        [Turn 3 CODE]
        >>> Code:
            solutions = [(a,b) for a,b in valid if 2*a + 5*b == 23]
            solutions
            
        >>> Output:
            [(4, 3), (9, 1)]
            

        [Turn 4 CODE]
        >>> Code:
            import sympy as sp
            x,y = sp.symbols('x y', integer=True)
            sol = sp.solve([sp.Eq(4*x+9*y,92), sp.Eq(3*x + y,184)], (x,y))
            sol
            
        >>> Output:
            {x: 68, y: -20}
            

        [Turn 5 CODE]
        >>> Code:
            import itertools, math, sys, numpy as np, warnings, sympy as sp, itertools, math, numpy as np
            from math import isclose
            
        >>> Output:
            [WARN] No output. Use print() to see results.

        [Turn 6 CODE]
        >>> Code:
            import scipy
            print(scipy.__version__)
            
        >>> Output:
            1.15.3
            

        [Turn 7 CODE]
        >>> Code:
            from scipy.optimize import milp, LinearConstraint, Bounds
            
        >>> Output:
            [WARN] No output. Use print() to see results.

        [Turn 8 CODE]
        >>> Code:
            types = [(a,b) for a,b in valid]  # list of possible vertex types
            len(types)
            
        >>> Output:
            30
            

        [Turn 9 CODE]
        >>> Code:
            def feasible(m):
                if m % 2 != 0:
                    return False
                V = m//2 + 2
                # Build matrices
                n = len(types)
                # c vector (objective) can be zero
                c = np.zeros(n)
                # Equality constraints: sum n_i = V, sum a_i n_i = m, sum b_i n_i = 2m
                A_eq = np.zeros((3, n), dtype=int)
                b_eq = np.array([V, m, 2*m], dtype=int)
                for i, (a,b) in enumerate(types):
                    A_eq[0,i] = 1
                    A_eq[1,i] = a
                    A_eq[2,i] = b
                # Bounds: n_i >=0 integer
                bounds = Bounds(0, np.inf)
                integrality = np.ones(n, dtype=int)
                # Solve MILP
                res = milp(c=c, constraints=LinearConstraint(A_eq, b_eq, b_eq), bounds=bounds, integrality=integrality, options={'disp': False})
                return res.success
            
        >>> Output:
            [WARN] No output. Use print() to see results.

        [Turn 10 CODE]
        >>> Code:
            for m in range(2, 94, 2):
                if feasible(m):
                    print("feasible", m)
            
        >>> Output:
            feasible 4
            feasible 6
            feasible 8
            feasible 10
            feasible 12
            feasible 14
            feasible 16
            feasible 18
            feasible 20
            feasible 22
            feasible 24
            feasible 26
            feasible 28
            feasible 30
            feasible 32
            feasible 34
            feasible 36
            feasible 38
            feasible 40
            feasible 42
            feasible 44
            feasible 46
            feasible 48
            feasible 50
            feasible 52
            

        [Turn 11 CODE]
        >>> Code:
            for m in range(54, 94, 2):
                if feasible(m):
                    print("feasible", m)
            
        >>> Output:
            [WARN] No output. Use print() to see results.

        [Turn 12 CODE]
        >>> Code:
            feasible(54)
            
        >>> Output:
            False
            

        [Turn 13 CODE]
        >>> Code:
            feasible(52)
            
        >>> Output:
            True
            

        [Turn 14 CODE]
        >>> Code:
            def get_solution(m):
                if m % 2 != 0:
                    return None
                V = m//2 + 2
                n = len(types)
                c = np.zeros(n)
                A_eq = np.zeros((3, n), dtype=int)
                b_eq = np.array([V, m, 2*m], dtype=int)
                for i, (a,b) in enumerate(types):
                    A_eq[0,i] = 1
                    A_eq[1,i] = a
                    A_eq[2,i] = b
                bounds = Bounds(0, np.inf)
                integrality = np.ones(n, dtype=int)
                res = milp(c=c, constraints=LinearConstraint(A_eq, b_eq, b_eq), bounds=bounds, integrality=integrality, options={'disp': False})
                if res.success:
                    # round solution
                    sol = np.rint(res.x).astype(int)
                    return sol
                else:
                    return None
            
            sol52 = get_solution(52)
            sol52, sum(sol52)
            
        >>> Output:
            [ 0  0  0  0 20  0  0  0  0  0  0  0  0  0  0  8  0  0  0  0  0  0  0  0
              0  0  0  0  0  0] 28
            

        [Turn 15 CODE]
        >>> Code:
            list(enumerate(types))
            
        >>> Output:
            [(0, (0, 3)), (1, (0, 4)), (2, (1, 2)), (3, (1, 3)), (4, (1, 4)), (5, (2, 1)), (6, (2, 2)), (7, (2, 3)), (8, (3, 0)), (9, (3, 1)), (10, (3, 2)), (11, (3, 3)), (12, (4, 0)), (13, (4, 1)), (14, (4, 2)), (15, (4, 3)), (16, (5, 0)), (17, (5, 1)), (18, (5, 2)), (19, (6, 0)), (20, (6, 1)), (21, (6, 2)), (22, (7, 0)), (23, (7, 1)), (24, (8, 0)), (25, (8, 1)), (26, (9, 0)), (27, (9, 1)), (28, (10, 0)), (29, (11, 0))]
            

        [Turn 16 CODE]
        >>> Code:
            deficit = {}
            for a,b in valid:
                d = 23 - (2*a + 5*b)
                deficit[(a,b)] = d
            sorted(deficit.items(), key=lambda x: x[1])[:10]
            
        >>> Output:
            [((4, 3), 0),
             ((9, 1), 0),
             ((1, 4), 1),
             ((6, 2), 1),
             ((11, 0), 1),
             ((3, 3), 2),
             ((8, 1), 2),
             ((0, 4), 3),
             ((5, 2), 3),
             ((10, 0), 3)]
            

        [Turn 17 CODE]
        >>> Code:
            def min_deficits(m):
                if m % 2 != 0:
                    return None
                V = m//2 + 2
                n = len(types)
                # objective: minimize total deficits
                c = np.array([deficit[t] for t in types], dtype=int)
                # constraints: same as before
                A_eq = np.zeros((3, n), dtype=int)
                b_eq = np.array([V, m, 2*m], dtype=int)
                for i, (a,b) in enumerate(types):
                    A_eq[0,i] = 1
                    A_eq[1,i] = a
                    A_eq[2,i] = b
                bounds = Bounds(0, np.inf)
                integrality = np.ones(n, dtype=int)
                res = milp(c=c, constraints=LinearConstraint(A_eq, b_eq, b_eq), bounds=bounds, integrality=integrality, options={'disp': False})
                if res.success:
                    return int(round(res.fun))
                else:
                    return None
            
            for m in range(2, 94, 2):
                md = min_deficits(m)
                if md is not None:
                    print(m, md, "required D", 46 - m//2)
            
        >>> Output:
            4 44 required D 44
            6 43 required D 43
            8 42 required D 42
            10 41 required D 41
            12 40 required D 40
            14 39 required D 39
            16 38 required D 38
            18 37 required D 37
            20 36 required D 36
            22 35 required D 35
            24 34 required D 34
            26 33 required D 33
            28 32 required D 32
            30 31 required D 31
            32 30 required D 30
            34 29 required D 29
            36 28 required D 28
            38 27 required D 27
            40 26 required D 26
            42 25 required D 25
            44 24 required D 24
            46 23 required D 23
            48 22 required D 22
            50 21 required D 21
            52 20 required D 20
            

        [Turn 18 CODE]
        >>> Code:
            min_deficits(54)
            
        >>> Output:
            None
            

        [Turn 19 CODE]
        >>> Code:
            def antiprism_vertices(n):
                # generate coordinates for regular n-gon top and bottom
                import math, numpy as np
                R = 1.0
                top = [(R*math.cos(2*math.pi*i/n), R*math.sin(2*math.pi*i/n), 0.5) for i in range(n)]
                bottom = [(R*math.cos(2*math.pi*(i+0.5)/n), R*math.sin(2*math.pi*(i+0.5)/n), -0.5) for i in range(n)]
                return top, bottom
            
            def antiprism_faces(n):
                top, bottom = antiprism_vertices(n)
                # side triangles: for each i, connect top i, bottom i, bottom i+1
                faces = []
                for i in range(n):
                    faces.append((('t',i), ('b',i), ('b',(i+1)%n)))  # triangle
                    faces.append((('b',i), ('t',i), ('t',(i+1)%n)))  # other triangle
                return faces
            
            def count_vertex_degrees(n):
                faces = antiprism_faces(n)
                deg = {}
                for f in faces:
                    for v in f:
                        deg[v] = deg.get(v,0)+1
                return deg
            
            deg5 = count_vertex_degrees(5)
            deg5
            
        >>> Output:
            {('t', 0): 3, ('b', 0): 3, ('b', 1): 3, ('t', 1): 3, ('b', 2): 3, ('t', 2): 3, ('b', 3): 3, ('t', 3): 3, ('b', 4): 3, ('t', 4): 3}
            

        [Turn 20 CODE]
        >>> Code:
            import sympy as sp
            ratio = sp.sqrt(1/(2 - sp.sqrt(3)))
            sp.nsimplify(ratio)
            
        >>> Output:
            sqrt(sqrt(3) + 2)
            

        [Turn 21 CODE]
        >>> Code:
            float(sp.sqrt(sp.sqrt(3)+2))
            
        >>> Output:
            1.9318516525781366
            

        [Turn 22 CODE]
        >>> Code:
            def feasible_m_without_other(m):
                if m%2!=0:
                    return False
                max_x = 46 - m//2
                for x in range(0, max_x+1):
                    for y in range(0, m//2+3):  # rough bound
                        if x + y > m//2 + 2:
                            continue
                        if x + 4*y > m:
                            continue
                        if 4*x + 3*y > 2*m:
                            continue
                        # also need equality? Actually we need to be able to fill remaining a,b with other types, but we set other=0, so we need equalities:
                        if x + 4*y != m:
                            continue
                        if 4*x + 3*y != 2*m:
                            continue
                        # deficits: D = x (since each type (1,4) has deficit 1)
                        D = x
                        if D != 46 - m//2:
                            continue
                        return True
                return False
            
            feasible = []
            for m in range(2, 94, 2):
                if feasible_m_without_other(m):
                    feasible.append(m)
            feasible
            
        >>> Output:
            [52]
            

    --- Attempt 31 [WRONG] answer=52 expected=44 temp=0.5 entropy=0.677 ---
        python_calls=18 errors=0 tokens=27370 time=416.1s time_left=183.9s
        source=streaming confidence=1.0 stop=max_turns
        vboxed_checkpoints: turn15=52
        Libraries: from scipy.optimize import linprog, from scipy.optimize import milp, LinearConstraint, Bounds, import itertools, math, sys, numpy as np, math, fractions, collections, itertools, functools, random, statistics, decimal, heapq, os, json, typing, time, sys, math, numpy as np, import numpy as np, math, itertools, sys, collections, fractions, random, time, os, json, typing, warnings, math, numpy as np

        [Turn 1 CODE]
        >>> Code:
            solutions = []
            for a in range(0, 13):
                for b in range(0, 13):
                    if 30*a + 75*b < 360 and a+b>0:
                        solutions.append((a,b,30*a+75*b))
            solutions[:20], len(solutions)
            
        >>> Output:
            [(0, 1, 75), (0, 2, 150), (0, 3, 225), (0, 4, 300), (1, 0, 30), (1, 1, 105), (1, 2, 180), (1, 3, 255), (1, 4, 330), (2, 0, 60), (2, 1, 135), (2, 2, 210), (2, 3, 285), (3, 0, 90), (3, 1, 165), (3, 2, 240), (3, 3, 315), (4, 0, 120), (4, 1, 195), (4, 2, 270)] 35
            

        [Turn 2 CODE]
        >>> Code:
            max_sum = 0
            max_combos = []
            for a in range(0, 100):
                for b in range(0, 100):
                    s = 30*a + 75*b
                    if s < 360 and a+b>0:
                        if s > max_sum:
                            max_sum = s
                            max_combos = [(a,b,s)]
                        elif s == max_sum:
                            max_combos.append((a,b,s))
            max_sum, max_combos[:10]
            
        >>> Output:
            345 [(4, 3, 345), (9, 1, 345)]
            

        [Turn 3 CODE]
        >>> Code:
            valid = []
            for a in range(0, 20):
                for b in range(0, 20):
                    if a+b >= 3 and 30*a + 75*b < 360:
                        valid.append((a,b,30*a+75*b))
            valid[:20], len(valid)
            
        >>> Output:
            [(0, 3, 225), (0, 4, 300), (1, 2, 180), (1, 3, 255), (1, 4, 330), (2, 1, 135), (2, 2, 210), (2, 3, 285), (3, 0, 90), (3, 1, 165), (3, 2, 240), (3, 3, 315), (4, 0, 120), (4, 1, 195), (4, 2, 270), (4, 3, 345), (5, 0, 150), (5, 1, 225), (5, 2, 300), (6, 0, 180)] 30
            

        [Turn 4 CODE]
        >>> Code:
            valid = []
            for a in range(0, 15):
                for b in range(0, 15):
                    if a+b >= 3 and 30*a + 75*b < 360:
                        valid.append((a,b,30*a+75*b))
            valid
            
        >>> Output:
            [(0, 3, 225), (0, 4, 300), (1, 2, 180), (1, 3, 255), (1, 4, 330), (2, 1, 135), (2, 2, 210), (2, 3, 285), (3, 0, 90), (3, 1, 165), (3, 2, 240), (3, 3, 315), (4, 0, 120), (4, 1, 195), (4, 2, 270), (4, 3, 345), (5, 0, 150), (5, 1, 225), (5, 2, 300), (6, 0, 180), (6, 1, 255), (6, 2, 330), (7, 0, 210), (7, 1, 285), (8, 0, 240), (8, 1, 315), (9, 0, 270), (9, 1, 345), (10, 0, 300), (11, 0, 330)]
            

        [Turn 5 CODE]
        >>> Code:
            import itertools, math, sys, numpy as np, math, fractions, collections, itertools, functools, random, statistics, decimal, heapq, os, json, typing, time, sys, math, numpy as np
        >>> Output:
            [WARN] No output. Use print() to see results.

        [Turn 6 CODE]
        >>> Code:
            import numpy as np, math, itertools, sys, collections, fractions, random, time, os, json, typing, warnings, math, numpy as np
        >>> Output:
            [WARN] No output. Use print() to see results.

        [Turn 7 CODE]
        >>> Code:
            from scipy.optimize import milp, LinearConstraint, Bounds
        >>> Output:
            [WARN] No output. Use print() to see results.

        [Turn 8 CODE]
        >>> Code:
            def feasible(m):
                if m % 2 != 0:
                    return False
                V = m//2 + 2
                types = [(a,b) for a,b,_ in valid]  # using earlier valid list (maybe includes all combos)
                n = len(types)
                # variables x_i integer >=0
                # constraints matrix A x = b (equality)
                A = []
                b = []
                # sum x_i = V
                A.append([1]*n)
                b.append(V)
                # sum a_i x_i = m
                A.append([a for a,b in types])
                b.append(m)
                # sum b_i x_i = 2m
                A.append([b for a,b in types])
                b.append(2*m)
                A = np.array(A, dtype=float)
                b = np.array(b, dtype=float)
                # Use milp with equality constraints (LinearConstraint with lb=ub=b)
                lin_con = LinearConstraint(A, b, b)
                # objective can be zero vector (just feasibility)
                c = np.zeros(n)
                # bounds: x_i >=0
                bounds = Bounds(0, np.inf)
                # integrality: all variables integer
                integrality = np.ones(n, dtype=int)
                res = milp(c=c, constraints=lin_con, bounds=bounds, integrality=integrality, options={'presolve':True, 'disp':False})
                return res.success
            
        >>> Output:
            [WARN] No output. Use print() to see results.

        [Turn 9 CODE]
        >>> Code:
            def max_m(limit=200):
                best = 0
                best_m = None
                for m in range(4, limit+1, 2):
                    if feasible(m):
                        best = m
                return best
            
            print(max_m(200))
            
        >>> Output:
            52
            

        [Turn 10 CODE]
        >>> Code:
            print(max_m(500))
            
        >>> Output:
            52
            

        [Turn 11 CODE]
        >>> Code:
            def get_solution(m):
                V = m//2 + 2
                types = [(a,b) for a,b,_ in valid]
                n = len(types)
                A = np.array([[1]*n,
                              [a for a,b in types],
                              [b for a,b in types]], dtype=float)
                b = np.array([V, m, 2*m], dtype=float)
                lin_con = LinearConstraint(A, b, b)
                c = np.zeros(n)
                bounds = Bounds(0, np.inf)
                integrality = np.ones(n, dtype=int)
                res = milp(c=c, constraints=lin_con, bounds=bounds, integrality=integrality, options={'presolve':True, 'disp':False})
                if res.success:
                    x = np.rint(res.x).astype(int)
                    sol = {}
                    for (a,b,_), cnt in zip(valid, x):
                        if cnt>0:
                            sol[(a,b)] = cnt
                    return sol
                else:
                    return None
            
            sol52 = get_solution(52)
            sol52
            
        >>> Output:
            {(1, 4): np.int64(20), (4, 3): np.int64(8)}
            

        [Turn 12 CODE]
        >>> Code:
            from scipy.optimize import linprog
            
            def max_m_lp(limit=200):
                # Variables: x_j for each type j, plus m (scalar)
                # We'll treat m as variable to maximize.
                types = [(a,b) for a,b,_ in valid]
                n = len(types)
                # Variables order: x0...xn-1, m
                c = np.zeros(n+1)
                c[-1] = -1  # maximize m => minimize -m
                # constraints:
                # (1) sum x_j - (m/2 + 2) = 0 => sum x_j - 0.5 m = 2
                A_eq = []
                b_eq = []
                # sum x_j - 0.5 m = 2
                row = [1]*n + [-0.5]
                A_eq.append(row)
                b_eq.append(2)
                # (2) sum a_j x_j - m = 0
                row = [a for a,b in types] + [-1]
                A_eq.append(row)
                b_eq.append(0)
                # (3) sum b_j x_j - 2m = 0
                row = [b for a,b in types] + [-2]
                A_eq.append(row)
                b_eq.append(0)
                # bounds: x_j >=0, m unrestricted? but m>=0.
                bounds = [(0, None)]*n + [(0, None)]
                res = linprog(c, A_eq=np.array(A_eq), b_eq=np.array(b_eq), bounds=bounds, method='highs')
                return res
            
            res = max_m_lp()
            res
            
        >>> Output:
                    message: Optimization terminated successfully. (HiGHS Status 7: Optimal)
                    success: True
                     status: 0
                        fun: -52.0
                          x: [ 0.000e+00  0.000e+00 ...  0.000e+00  5.200e+01]
                        nit: 0
                      lower:  residual: [ 0.000e+00  0.000e+00 ...  0.000e+00
                                          5.200e+01]
                             marginals: [ 8.000e+00  2.000e+00 ...  4.000e+00
                                          0.000e+00]
                      upper:  residual: [       inf        inf ...        inf
                                                inf]
                             marginals: [ 0.000e+00  0.000e+00 ...  0.000e+00
                                          0.000e+00]
                      eqlin:  residual: [ 0.000e+00  0.000e+00  0.000e+00]
                             marginals: [-2.600e+01  2.000e+00  6.000e+00]
                    ineqlin:  residual: []
                             marginals: []
             mip_node_count: 0
             mip_dual_bound: 0.0
                    mip_gap: 0.0
            

        [Turn 13 CODE]
        >>> Code:
            res.x[:30]
            
        >>> Output:
            [ 0.  0.  0.  0. 20.  0.  0.  0.  0.  0.  0.  0.  0.  0.  0.  8.  0.  0.
              0.  0.  0.  0.  0.  0.  0.  0.  0.  0.  0.  0.]
            

        [Turn 14 CODE]
        >>> Code:
            type_list = [(a,b) for a,b,_ in valid]
            list(zip(type_list, res.x[:len(type_list)]))[:20]
            
        >>> Output:
            [((0, 3), np.float64(0.0)), ((0, 4), np.float64(0.0)), ((1, 2), np.float64(0.0)), ((1, 3), np.float64(0.0)), ((1, 4), np.float64(20.0)), ((2, 1), np.float64(0.0)), ((2, 2), np.float64(0.0)), ((2, 3), np.float64(0.0)), ((3, 0), np.float64(0.0)), ((3, 1), np.float64(0.0)), ((3, 2), np.float64(0.0)), ((3, 3), np.float64(0.0)), ((4, 0), np.float64(0.0)), ((4, 1), np.float64(0.0)), ((4, 2), np.float64(0.0)), ((4, 3), np.float64(8.0)), ((5, 0), np.float64(0.0)), ((5, 1), np.float64(0.0)), ((5, 2), np.float64(0.0)), ((6, 0), np.float64(0.0))]
            

        [Turn 15 CODE]
        >>> Code:
            def deficit(a,b):
                return 360 - (30*a + 75*b)
            deficits = {}
            for a,b,_ in valid:
                deficits[(a,b)] = deficit(a,b)
            sorted(set(deficits.values()))
            
        >>> Output:
            [15, 30, 45, 60, 75, 90, 105, 120, 135, 150, 165, 180, 195, 210, 225, 240, 270]
            

        [Turn 16 CODE]
        >>> Code:
            allowed = [(a,b) for a,b,_ in valid]
            [(a,b) for a,b in allowed if a<=3 and b<=5]
            
        >>> Output:
            [(0, 3), (0, 4), (1, 2), (1, 3), (1, 4), (2, 1), (2, 2), (2, 3), (3, 0), (3, 1), (3, 2), (3, 3)]
            

        [Turn 17 CODE]
        >>> Code:
            slack = {}
            for a,b,_ in valid:
                slack[(a,b)] = 23 - (2*a + 5*b)
            sorted(set(slack.values()))
            
        >>> Output:
            [0, 1, 2, 3, 4, 5, 6, 7, 8, 9, 10, 11, 12, 13, 14, 15, 17]
            

        [Turn 18 CODE]
        >>> Code:
            [(a,b) for (a,b),s in slack.items() if s==1]
            
        >>> Output:
            [(1, 4), (6, 2), (11, 0)]
            

    --- Attempt 41 [WRONG] answer=52 expected=44 temp=0.5 entropy=0.683 ---
        python_calls=26 errors=0 tokens=28723 time=427.4s time_left=172.3s
        source=streaming confidence=1.0 stop=max_turns
        Libraries: import itertools, math, import itertools, math, sys, numpy as np, sympy as sp, math, itertools, collections, fractions, random, statistics, decimal, heapq, functools, os, json, re, typing, fractions, collections, itertools, math, sys, numpy as np, import math, import math, sympy as sp, import numpy as np, math, itertools, sys, json, fractions, collections, random, statistics, decimal, heapq, functools, os, re, typing, math, numpy as np, import scipy.optimize as opt, import sympy as sp

        [Turn 1 CODE]
        >>> Code:
            import sympy as sp
            n1, n2 = sp.symbols('n1 n2', integer=True, nonnegative=True)
            sol = sp.solve([sp.Eq(n1 + n2, 48), sp.Eq(9*n1 + 4*n2, 92), sp.Eq(n1 + 3*n2, 184)], [n1, n2])
            sol
            
        >>> Output:
            []
            

        [Turn 2 CODE]
        >>> Code:
            sol = sp.solve([sp.Eq(9*n1 + 4*n2, 92), sp.Eq(n1 + 3*n2, 184)], [n1, n2])
            sol
            
        >>> Output:
            []
            

        [Turn 3 CODE]
        >>> Code:
            sp.solve([sp.Eq(9*n1 + 4*n2, 92), sp.Eq(n1 + 3*n2, 184)], [n1, n2])
            
        >>> Output:
            []
            

        [Turn 4 CODE]
        >>> Code:
            import itertools, math, sys, numpy as np, sympy as sp, math, itertools, collections, fractions, random, statistics, decimal, heapq, functools, os, json, re, typing, fractions, collections, itertools, math, sys, numpy as np
        >>> Output:
            [WARN] No output. Use print() to see results.

        [Turn 5 CODE]
        >>> Code:
            import numpy as np, math, itertools, sys, json, fractions, collections, random, statistics, decimal, heapq, functools, os, re, typing, math, numpy as np
        >>> Output:
            [WARN] No output. Use print() to see results.

        [Turn 6 CODE]
        >>> Code:
            import scipy.optimize as opt
        >>> Output:
            [WARN] No output. Use print() to see results.

        [Turn 7 CODE]
        >>> Code:
            allowed = []
            for a in range(0, 12): # a up to 11
                for b in range(0,5):
                    if a+b>=3 and 2*a+5*b <= 23:
                        allowed.append((a,b))
            allowed
            
        >>> Output:
            [(0, 3), (0, 4), (1, 2), (1, 3), (1, 4), (2, 1), (2, 2), (2, 3), (3, 0), (3, 1), (3, 2), (3, 3), (4, 0), (4, 1), (4, 2), (4, 3), (5, 0), (5, 1), (5, 2), (6, 0), (6, 1), (6, 2), (7, 0), (7, 1), (8, 0), (8, 1), (9, 0), (9, 1), (10, 0), (11, 0)]
            

        [Turn 8 CODE]
        >>> Code:
            def feasible(m):
                if m % 2 != 0:
                    return False
                V = m//2 + 2
                num = len(allowed)
                # objective zero
                c = np.zeros(num)
                # constraints matrix A_eq shape (3, num)
                A_eq = np.zeros((3, num))
                b_eq = np.zeros(3)
                # constraint 0: sum n_i = V
                A_eq[0,:] = 1
                b_eq[0] = V
                # constraint 1: sum a_i n_i = m
                A_eq[1,:] = [a for a,b in allowed]
                b_eq[1] = m
                # constraint 2: sum b_i n_i = 2m
                A_eq[2,:] = [b for a,b in allowed]
                b_eq[2] = 2*m
                # bounds
                bounds = opt.Bounds(0, np.full(num, V))  # each n_i <= V
                integrality = np.ones(num, dtype=int)
                # Use milp
                res = opt.milp(c, constraints=opt.LinearConstraint(A_eq, b_eq, b_eq), bounds=bounds, integrality=integrality, options={'presolve': True, 'disp': False})
                return res.success
            
            # test for some m
            for m in range(2, 100, 2):
                if feasible(m):
                    print(m)
            
        >>> Output:
            4
            6
            8
            10
            12
            14
            16
            18
            20
            22
            24
            26
            28
            30
            32
            34
            36
            38
            40
            42
            44
            46
            48
            50
            52
            

        [Turn 9 CODE]
        >>> Code:
            for m in range(54, 100, 2):
                if feasible(m):
                    print("feasible", m)
            
        >>> Output:
            [WARN] No output. Use print() to see results.

        [Turn 10 CODE]
        >>> Code:
            feasible(54)
            
        >>> Output:
            False
            

        [Turn 11 CODE]
        >>> Code:
            max_feas = 0
            for m in range(2, 200, 2):
                if feasible(m):
                    max_feas = m
            print("max feasible up to 200:", max_feas)
            
        >>> Output:
            max feasible up to 200: 52
            

        [Turn 12 CODE]
        >>> Code:
            import math
            ratio = (math.sqrt(6)-math.sqrt(2))/2
            ratio
            
        >>> Output:
            0.5176380902050414
            

        [Turn 13 CODE]
        >>> Code:
            def get_solution(m):
                if m % 2 != 0:
                    return None
                V = m//2 + 2
                num = len(allowed)
                c = np.zeros(num)
                A_eq = np.zeros((3, num))
                b_eq = np.zeros(3)
                A_eq[0,:] = 1
                b_eq[0] = V
                A_eq[1,:] = [a for a,b in allowed]
                b_eq[1] = m
                A_eq[2,:] = [b for a,b in allowed]
                b_eq[2] = 2*m
                bounds = opt.Bounds(0, np.full(num, V))
                integrality = np.ones(num, dtype=int)
                res = opt.milp(c, constraints=opt.LinearConstraint(A_eq, b_eq, b_eq), bounds=bounds, integrality=integrality, options={'presolve': True, 'disp': False})
                if res.success:
                    return res.x.astype(int)
                else:
                    return None
            
            sol52 = get_solution(52)
            sol52
            
        >>> Output:
            [ 0  0  0  0 20  0  0  0  0  0  0  0  0  0  0  7  0  0  0  0  0  0  0  0
              0  0  0  0  0  0]
            

        [Turn 14 CODE]
        >>> Code:
            list(zip(allowed, sol52))
            
        >>> Output:
            [((0, 3), np.int64(0)), ((0, 4), np.int64(0)), ((1, 2), np.int64(0)), ((1, 3), np.int64(0)), ((1, 4), np.int64(20)), ((2, 1), np.int64(0)), ((2, 2), np.int64(0)), ((2, 3), np.int64(0)), ((3, 0), np.int64(0)), ((3, 1), np.int64(0)), ((3, 2), np.int64(0)), ((3, 3), np.int64(0)), ((4, 0), np.int64(0)), ((4, 1), np.int64(0)), ((4, 2), np.int64(0)), ((4, 3), np.int64(7)), ((5, 0), np.int64(0)), ((5, 1), np.int64(0)), ((5, 2), np.int64(0)), ((6, 0), np.int64(0)), ((6, 1), np.int64(0)), ((6, 2), np.int64(0)), ((7, 0), np.int64(0)), ((7, 1), np.int64(0)), ((8, 0), np.int64(0)), ((8, 1), np.int64(0)), ((9, 0), np.int64(0)), ((9, 1), np.int64(0)), ((10, 0), np.int64(0)), ((11, 0), np.int64(0))]
            

        [Turn 15 CODE]
        >>> Code:
            def check_solution(m, sol):
                V = m//2 + 2
                total_vertices = sum(sol)
                total_a = sum(a*cnt for (a,b),cnt in zip(allowed, sol))
                total_b = sum(b*cnt for (a,b),cnt in zip(allowed, sol))
                return total_vertices, total_a, total_b
            
            check_solution(52, sol52)
            
        >>> Output:
            (np.int64(27), np.int64(48), np.int64(101))
            

        [Turn 16 CODE]
        >>> Code:
            sol = get_solution(52)
            print(sol)
            
        >>> Output:
            [ 0  0  0  0 20  0  0  0  0  0  0  0  0  0  0  7  0  0  0  0  0  0  0  0
              0  0  0  0  0  0]
            

        [Turn 17 CODE]
        >>> Code:
            A_eq = np.zeros((3, len(allowed)))
            b_eq = np.zeros(3)
            V = 52//2 + 2
            A_eq[0,:] = 1
            b_eq[0] = V
            A_eq[1,:] = [a for a,b in allowed]
            b_eq[1] = 52
            A_eq[2,:] = [b for a,b in allowed]
            b_eq[2] = 104
            res = opt.milp(np.zeros(len(allowed)), constraints=opt.LinearConstraint(A_eq, b_eq, b_eq), bounds=opt.Bounds(0, np.full(len(allowed), V)), integrality=np.ones(len(allowed), dtype=int), options={'presolve': True, 'disp': False})
            print(res.success, res.message)
            
        >>> Output:
            True Optimization terminated successfully. (HiGHS Status 7: Optimal)
            

        [Turn 18 CODE]
        >>> Code:
            np.dot(A_eq, sol) - b_eq
            
        >>> Output:
            [-1. -4. -3.]
            

        [Turn 19 CODE]
        >>> Code:
            def feasible_milp(m):
                if m % 2 != 0:
                    return False, None
                V = m//2 + 2
                num = len(allowed)
                c = np.zeros(num)
                A_eq = np.zeros((3, num))
                b_eq = np.zeros(3)
                A_eq[0,:] = 1
                b_eq[0] = V
                A_eq[1,:] = [a for a,b in allowed]
                b_eq[1] = m
                A_eq[2,:] = [b for a,b in allowed]
                b_eq[2] = 2*m
                # Build LinearConstraint with lower=upper=b_eq
                lc = opt.LinearConstraint(A_eq, b_eq, b_eq)
                bounds = opt.Bounds(0, np.full(num, V))
                integrality = np.ones(num, dtype=int)
                res = opt.milp(c, constraints=lc, bounds=bounds, integrality=integrality, options={'presolve': True, 'disp': False})
                return res.success, res
            
            for m in range(2, 60, 2):
                ok, _ = feasible_milp(m)
                if ok:
                    print(m)
            
        >>> Output:
            4
            6
            8
            10
            12
            14
            16
            18
            20
            22
            24
            26
            28
            30
            32
            34
            36
            38
            40
            42
            44
            46
            48
            50
            52
            

        [Turn 20 CODE]
        >>> Code:
            ok, res = feasible_milp(52)
            print(ok)
            print(res.x)
            
        >>> Output:
            True
            [ 0.  0.  0.  0. 20.  0.  0.  0.  0.  0.  0.  0.  0.  0.  0.  8.  0.  0.
              0.  0.  0.  0.  0.  0.  0.  0.  0. -0.  0.  0.]
            

        [Turn 21 CODE]
        >>> Code:
            sol = res.x.astype(int)
            V = 52//2 + 2
            total_vertices = sol.sum()
            total_a = sum(a*cnt for (a,b),cnt in zip(allowed, sol))
            total_b = sum(b*cnt for (a,b),cnt in zip(allowed, sol))
            V, total_vertices, total_a, total_b
            
        >>> Output:
            28 27 48 101
            

        [Turn 22 CODE]
        >>> Code:
            print(sol)
            
        >>> Output:
            [ 0  0  0  0 20  0  0  0  0  0  0  0  0  0  0  7  0  0  0  0  0  0  0  0
              0  0  0  0  0  0]
            

        [Turn 23 CODE]
        >>> Code:
            print(res.x)
            
        >>> Output:
            [ 0.  0.  0.  0. 20.  0.  0.  0.  0.  0.  0.  0.  0.  0.  0.  8.  0.  0.
              0.  0.  0.  0.  0.  0.  0.  0.  0. -0.  0.  0.]
            

        [Turn 24 CODE]
        >>> Code:
            sol_float = res.x
            V = 28
            total_vertices_f = sol_float.sum()
            total_a_f = sum(a*cnt for (a,b),cnt in zip(allowed, sol_float))
            total_b_f = sum(b*cnt for (a,b),cnt in zip(allowed, sol_float))
            total_vertices_f, total_a_f, total_b_f
            
        >>> Output:
            27.999999999999968 51.99999999999968 103.99999999999997
            

        [Turn 25 CODE]
        >>> Code:
            import math, sympy as sp
            float(math.sqrt(2 - math.sqrt(3)))
            
        >>> Output:
            0.5176380902050416
            

        [Turn 26 CODE]
        >>> Code:
            import itertools, math
            
            def max_m_bruteforce(max_m=200):
                max_feas = 0
                best = None
                for m in range(2, max_m+1, 2):
                    V = m//2 + 2
                    # iterate possible x,y up to V
                    feasible = False
                    for x in range(V+1):
                        for y in range(V - x + 1):
                            # remaining vertices count
                            r = V - x - y
                            # max a from remaining vertices: each at most 8
                            max_a_rem = 8 * r
                            # max b from remaining vertices: each at most 4
                            max_b_rem = 4 * r
                            # total a min from remaining vertices: each at least 0? but need degree >=3, so min a maybe 0.
                            # We'll just check if there exists distribution of remaining vertices achieving needed totals.
                            # We need total a = m = 9x + 4y + a_rem, where a_rem between a_min and max_a_rem.
                            a_needed = m - (9*x + 4*y)
                            if a_needed < 0 or a_needed > max_a_rem:
                                continue
                            b_needed = 2*m - (1*x + 3*y)
                            if b_needed < 0 or b_needed > max_b_rem:
                                continue
                            # Also each remaining vertex must satisfy a_i + b_i >=3 and 2a_i+5b_i <=22.
                            # For simplicity, we can assume we can achieve any (a,b) within bounds? Not rigorous.
                            feasible = True
                            break
                        if feasible:
                            break
                    if feasible:
                        max_feas = m
                        best = (m, V, x, y)
                return max_feas, best
            
            max_m_bruteforce(200)
            
        >>> Output:
            (200, (200, 102, 0, 0))
            

    --- Attempt 33 [WRONG] answer=52 expected=44 temp=0.5 entropy=0.699 ---
        python_calls=10 errors=0 tokens=28919 time=429.0s time_left=171.0s
        source=streaming confidence=1.0 stop=max_turns
        Libraries: from scipy.optimize import milp, LinearConstraint, Bounds, import math, import numpy as np, math, itertools, sys, warnings, json, os, random, collections, functools, fractions, decimal, heapq, statistics, time, math, sys, itertools, collections, numpy as np, import scipy, sys, numpy as np, math, itertools, warnings, json, os, random, collections, fractions, decimal, heapq, statistics, import scipy.optimize as opt, numpy as np, math, itertools, sys, warnings, import sympy as sp

        [Turn 1 CODE]
        >>> Code:
            solutions = []
            for x in range(0, 13):  # max 12 maybe
                for y in range(0, 13):
                    if x+y >= 3:
                        if 30*x + 75*y < 360:
                            solutions.append((x,y,30*x+75*y))
            solutions[:20], len(solutions)
            
        >>> Output:
            [(0, 3, 225), (0, 4, 300), (1, 2, 180), (1, 3, 255), (1, 4, 330), (2, 1, 135), (2, 2, 210), (2, 3, 285), (3, 0, 90), (3, 1, 165), (3, 2, 240), (3, 3, 315), (4, 0, 120), (4, 1, 195), (4, 2, 270), (4, 3, 345), (5, 0, 150), (5, 1, 225), (5, 2, 300), (6, 0, 180)] 30
            

        [Turn 2 CODE]
        >>> Code:
            solutions = [(x,y) for x in range(0,13) for y in range(0,13) if x+y>=3 and 30*x+75*y<360]
            solutions, len(solutions)
            
        >>> Output:
            [(0, 3), (0, 4), (1, 2), (1, 3), (1, 4), (2, 1), (2, 2), (2, 3), (3, 0), (3, 1), (3, 2), (3, 3), (4, 0), (4, 1), (4, 2), (4, 3), (5, 0), (5, 1), (5, 2), (6, 0), (6, 1), (6, 2), (7, 0), (7, 1), (8, 0), (8, 1), (9, 0), (9, 1), (10, 0), (11, 0)] 30
            

        [Turn 3 CODE]
        >>> Code:
            import math
            allowed = [(0,3),(0,4),(1,2),(1,3),(1,4),(2,1),(2,2),(2,3),(3,0),(3,1),(3,2),(3,3),(4,0),(4,1),(4,2),(4,3),(5,0),(5,1),(5,2),(6,0),(6,1),(6,2),(7,0),(7,1),(8,0),(8,1),(9,0),(9,1),(10,0),(11,0)]
            deficit = {}
            for x,y in allowed:
                s = 30*x + 75*y
                if s < 360:
                    deficit[(x,y)] = 360 - s
            deficit_sorted = sorted(deficit.items(), key=lambda kv: kv[1])
            deficit_sorted[:10]
            
        >>> Output:
            [((4, 3), 15), ((9, 1), 15), ((1, 4), 30), ((6, 2), 30), ((11, 0), 30), ((3, 3), 45), ((8, 1), 45), ((0, 4), 60), ((5, 2), 60), ((10, 0), 60)]
            

        [Turn 4 CODE]
        >>> Code:
            import sympy as sp
            a,b,m = sp.symbols('a b m', integer=True, nonnegative=True)
            solutions = sp.solve([4*a + 9*b - m,
                                 3*a + b - 2*m,
                                 a + b - (m/2 + 2)], [a,b,m], dict=True)
            solutions
            
        >>> Output:
            []
            

        [Turn 5 CODE]
        >>> Code:
            sol = sp.solve([4*a + 9*b - m,
                                 3*a + b - 2*m,
                                 a + b - (m/2 + 2)], [a,b,m], dict=True, rational=True)
            sol
            
        >>> Output:
            []
            

        [Turn 6 CODE]
        >>> Code:
            import numpy as np, math, itertools, sys, warnings, json, os, random, collections, functools, fractions, decimal, heapq, statistics, time, math, sys, itertools, collections, numpy as np
        >>> Output:
            [WARN] No output. Use print() to see results.

        [Turn 7 CODE]
        >>> Code:
            import scipy.optimize as opt, numpy as np, math, itertools, sys, warnings
        >>> Output:
            [WARN] No output. Use print() to see results.

        [Turn 8 CODE]
        >>> Code:
            import scipy, sys, numpy as np, math, itertools, warnings, json, os, random, collections, fractions, decimal, heapq, statistics
        >>> Output:
            [WARN] No output. Use print() to see results.

        [Turn 9 CODE]
        >>> Code:
            from scipy.optimize import milp, LinearConstraint, Bounds
            
            # Define allowed types list
            allowed = [(0,3),(0,4),(1,2),(1,3),(1,4),(2,1),(2,2),(2,3),(3,0),(3,1),(3,2),(3,3),
                       (4,0),(4,1),(4,2),(4,3),(5,0),(5,1),(5,2),(6,0),(6,1),(6,2),
                       (7,0),(7,1),(8,0),(8,1),(9,0),(9,1),(10,0),(11,0)]
            
            x_vals = np.array([t[0] for t in allowed], dtype=int)
            y_vals = np.array([t[1] for t in allowed], dtype=int)
            
            n = len(allowed)
            
            # Objective: maximize sum x_i N_i -> minimize negative
            c = -x_vals.astype(float)
            
            # Constraints:
            # 2*sum N_i - sum x_i N_i = 4
            A_eq1 = np.concatenate([2*np.ones(n), -x_vals])
            # Actually we need matrix A shape (m, n). We'll create two equality constraints.
            
            A_eq = np.vstack([
                2*np.ones(n) - x_vals,   # 2*sum N_i - sum x_i N_i = 4
                y_vals - 2*x_vals        # sum y_i N_i - 2*sum x_i N_i = 0
            ])
            lb_eq = np.array([4, 0], dtype=float)
            ub_eq = np.array([4, 0], dtype=float)
            
            lin_con = LinearConstraint(A_eq, lb_eq, ub_eq)
            
            # Bounds: N_i >= 0 integer
            bounds = Bounds(0, np.inf)
            
            res = milp(c=c, constraints=lin_con, integrality=np.ones(n), bounds=bounds, options={'presolve': True})
            print(res)
            
        >>> Output:
                    message: Optimization terminated successfully. (HiGHS Status 7: Optimal)
                    success: True
                     status: 0
                        fun: -52.000000000000014
                          x: [ 0.000e+00  0.000e+00 ...  0.000e+00  0.000e+00]
             mip_node_count: 1
             mip_dual_bound: -52.000000000000014
                    mip_gap: 0.0
            

        [Turn 10 CODE]
        >>> Code:
            x_solution = np.round(res.x).astype(int)
            list(zip(allowed, x_solution))
            
        >>> Output:
            [((0, 3), np.int64(0)), ((0, 4), np.int64(0)), ((1, 2), np.int64(0)), ((1, 3), np.int64(0)), ((1, 4), np.int64(20)), ((2, 1), np.int64(0)), ((2, 2), np.int64(0)), ((2, 3), np.int64(0)), ((3, 0), np.int64(0)), ((3, 1), np.int64(0)), ((3, 2), np.int64(0)), ((3, 3), np.int64(0)), ((4, 0), np.int64(0)), ((4, 1), np.int64(0)), ((4, 2), np.int64(0)), ((4, 3), np.int64(8)), ((5, 0), np.int64(0)), ((5, 1), np.int64(0)), ((5, 2), np.int64(0)), ((6, 0), np.int64(0)), ((6, 1), np.int64(0)), ((6, 2), np.int64(0)), ((7, 0), np.int64(0)), ((7, 1), np.int64(0)), ((8, 0), np.int64(0)), ((8, 1), np.int64(0)), ((9, 0), np.int64(0)), ((9, 1), np.int64(0)), ((10, 0), np.int64(0)), ((11, 0), np.int64(0))]
            

    --- Attempt 34 [WRONG] answer=22 expected=44 temp=0.5 entropy=0.563 ---
        python_calls=0 errors=0 tokens=40227 time=500.8s time_left=99.1s
        source=streaming confidence=1.0 stop=max_turns
        vboxed_checkpoints: turn1=22, turn1=22, turn1=22, turn1=22, turn1=22, turn1=22

    --- Attempt 40 [WRONG] answer=48 expected=44 temp=0.5 entropy=0.653 ---
        python_calls=39 errors=2 tokens=43141 time=521.7s time_left=77.9s
        source=streaming confidence=1.0 stop=max_turns
        bells: {'notice': 4, 'urgent': 0, 'code_blocked': 0}
        Libraries: from collections import defaultdict, from scipy.optimize import linprog, from scipy.optimize import milp, LinearConstraint, Bounds, from scipy.spatial import ConvexHull, import itertools, import itertools, math, numpy as np, import numpy as np, import numpy as np, math, itertools, sys, random, time, collections, fractions, math, numpy as np, import numpy as np, math, sys, itertools, collections, fractions, random, math, time, os, json, typing, itertools, functools, decimal, statistics, fractions, collections, itertools, math, numpy as np, import pulp, math, itertools, numpy as np

        [Turn 1 CODE]
        >>> Code:
            import itertools
            
            solutions = []
            for x in range(0, 12): # bound maybe
                for y in range(0, 12):
                    if x+y>=3 and 2*x+5*y <= 23:
                        solutions.append((x,y))
            solutions
            
        >>> Output:
            [(0, 3), (0, 4), (1, 2), (1, 3), (1, 4), (2, 1), (2, 2), (2, 3), (3, 0), (3, 1), (3, 2), (3, 3), (4, 0), (4, 1), (4, 2), (4, 3), (5, 0), (5, 1), (5, 2), (6, 0), (6, 1), (6, 2), (7, 0), (7, 1), (8, 0), (8, 1), (9, 0), (9, 1), (10, 0), (11, 0)]
            

        [Turn 2 CODE]
        >>> Code:
            import itertools
            from collections import defaultdict
            
            allowed = [(0,3),(0,4),(1,2),(1,3),(1,4),(2,1),(2,2),(2,3),(3,0),(3,1),(3,2),(3,3),(4,0),(4,1),(4,2),(4,3),(5,0),(5,1),(5,2),(6,0),(6,1),(6,2),(7,0),(7,1),(8,0),(8,1),(9,0),(9,1),(10,0),(11,0)]
            
            # Use ILP via pulp? Not allowed. We'll brute force with integer linear programming via Python's itertools? Too many combos.
            
            # But we can use simple linear programming with integer constraints using python's MILP from scipy.optimize.milp if available.
            
            import numpy as np, math, sys, itertools, collections, fractions, random, math, time, os, json, typing, itertools, functools, decimal, statistics, fractions, collections, itertools, math, numpy as np
            
        >>> Output:
            [WARN] No output. Use print() to see results.

        [Turn 3 CODE]
        >>> Code:
            from scipy.optimize import milp, LinearConstraint, Bounds
            import numpy as np, math, itertools, sys, random, time, collections, fractions, math, numpy as np
        >>> Output:
            [WARN] No output. Use print() to see results.

        [Turn 4 CODE]
        >>> Code:
            c = np.zeros(len(allowed))  # objective zero (feasibility)
            A_eq = np.array([
                [1]*len(allowed),
                [x for (x,y) in allowed],
                [y for (x,y) in allowed]
            ], dtype=float)
            lb_eq = np.array([48, 92, 184], dtype=float)
            ub_eq = lb_eq.copy()
            
            # integrality constraints: all variables integer
            integrality = np.ones(len(allowed), dtype=int)
            
            res = milp(c=c, constraints=LinearConstraint(A_eq, lb_eq, ub_eq), integrality=integrality, bounds=Bounds(0, np.inf))
            print(res.success)
            
        >>> Output:
            False
            

        [Turn 5 CODE]
        >>> Code:
            def feasible(m):
                V = m//2 + 2
                # set up constraints
                c = np.zeros(len(allowed))
                A_eq = np.array([
                    [1]*len(allowed),
                    [x for (x,y) in allowed],
                    [y for (x,y) in allowed]
                ], dtype=float)
                lb_eq = np.array([V, m, 2*m], dtype=float)
                ub_eq = lb_eq.copy()
                integrality = np.ones(len(allowed), dtype=int)
                res = milp(c=c, constraints=LinearConstraint(A_eq, lb_eq, ub_eq), integrality=integrality, bounds=Bounds(0, np.inf))
                return res.success, res
            
            for m in range(92, 0, -2):
                ok,_ = feasible(m)
                if ok:
                    print("feasible m:", m)
                    break
        >>> Output:
            feasible m: 52
            

        [Turn 6 CODE]
        >>> Code:
            def check_range(start, end, step):
                feas = []
                for m in range(start, end-1, -step):
                    ok,_ = feasible(m)
                    feas.append((m, ok))
                return feas
            
            feas_list = check_range(92, 2, -2)
            feas_list[:20]
            
        >>> Output:
            []
            

        [Turn 7 CODE]
        >>> Code:
            feas = []
            for m in range(92, 0, -2):
                ok,_ = feasible(m)
                feas.append((m, ok))
            feas[:20]
            
        >>> Output:
            [(92, False), (90, False), (88, False), (86, False), (84, False), (82, False), (80, False), (78, False), (76, False), (74, False), (72, False), (70, False), (68, False), (66, False), (64, False), (62, False), (60, False), (58, False), (56, False), (54, False)]
            

        [Turn 8 CODE]
        >>> Code:
            feas[20:40]
            
        >>> Output:
            [(52, True), (50, True), (48, True), (46, True), (44, True), (42, True), (40, True), (38, True), (36, True), (34, True), (32, True), (30, True), (28, True), (26, True), (24, True), (22, True), (20, True), (18, True), (16, True), (14, True)]
            

        [Turn 9 CODE [ERROR]]
        >>> Code:
            import pulp, math, itertools, numpy as np
        >>> Output:
            ---------------------------------------------------------------------------ModuleNotFoundError                       Traceback (most recent call last)/tmp/ipykernel_648/30396103.py in <cell line: 0>()
            ----> 1 import pulp, math, itertools, numpy as np
            ModuleNotFoundError: No module named 'pulp'

        [Turn 10 CODE]
        >>> Code:
            from scipy.optimize import linprog
            
            N = len(allowed)
            # variables: first m, then n_i (N variables)
            c = np.zeros(N+1)
            c[0] = -1  # maximize m => minimize -m
            
            # constraints matrix A_eq (3 equations)
            A_eq = np.zeros((3, N+1))
            b_eq = np.zeros(3)
            
            # Equation 1: 2*sum n_i - m = 4
            A_eq[0, 0] = -1   # coefficient for m
            A_eq[0, 1:] = 2   # coefficient for each n_i
            b_eq[0] = 4
            
            # Equation 2: sum x_i n_i - m = 0
            A_eq[1, 0] = -1
            A_eq[1, 1:] = [x for (x,y) in allowed]
            b_eq[1] = 0
            
            # Equation 3: sum y_i n_i - 2m = 0
            A_eq[2, 0] = -2
            A_eq[2, 1:] = [y for (x,y) in allowed]
            b_eq[2] = 0
            
            bounds = [(0, None)] * (N+1)  # m >=0, n_i >=0
            
            res = linprog(c, A_eq=A_eq, b_eq=b_eq, bounds=bounds, method='highs')
            res.success, -res.fun
            
        >>> Output:
            True 52.0
            

        [Turn 11 CODE]
        >>> Code:
            possible_sums = set()
            for x in range(0, 10):
                for y in range(0, 10):
                    if x+y>=3:
                        s = 30*x + 75*y
                        if s < 360:
                            possible_sums.add(s)
            sorted(possible_sums)[-10:]
            
        >>> Output:
            [210, 225, 240, 255, 270, 285, 300, 315, 330, 345]
            

        [Turn 12 CODE]
        >>> Code:
            def d_val(x,y):
                return 23 - (2*x + 5*y)
            d_vals = {}
            for (x,y) in allowed:
                d_vals[(x,y)] = d_val(x,y)
            sorted(d_vals.items(), key=lambda kv: kv[1])[:10]
            
        >>> Output:
            [((4, 3), 0),
             ((9, 1), 0),
             ((1, 4), 1),
             ((6, 2), 1),
             ((11, 0), 1),
             ((3, 3), 2),
             ((8, 1), 2),
             ((0, 4), 3),
             ((5, 2), 3),
             ((10, 0), 3)]
            

        [Turn 13 CODE]
        >>> Code:
            sorted(set(d_vals.values()))
            
        >>> Output:
            [0, 1, 2, 3, 4, 5, 6, 7, 8, 9, 10, 11, 12, 13, 14, 15, 17]
            

        [Turn 14 CODE]
        >>> Code:
            max(d_vals.values())
            
        >>> Output:
            17
            

        [Turn 15 CODE]
        >>> Code:
            [(xy,d) for xy,d in d_vals.items() if d==17]
            
        >>> Output:
            [((3, 0), 17)]
            

        [Turn 16 CODE]
        >>> Code:
            [(xy,d) for xy,d in d_vals.items() if d>=10]
            
        >>> Output:
            [((1, 2), 11), ((2, 1), 14), ((3, 0), 17), ((3, 1), 12), ((4, 0), 15), ((4, 1), 10), ((5, 0), 13), ((6, 0), 11)]
            

        [Turn 17 CODE]
        >>> Code:
            import numpy as np
            from scipy.optimize import linprog
            
            # variables: y1, y2, y3
            c = np.array([4, 0, 0])  # minimize 4*y1
            # constraints: A_ub * y <= b_ub (since linprog uses <=)
            # We'll convert constraints to <= form.
            
            # Constraint -y1 - y2 - 2*y3 >= 1 -> multiply by -1: y1 + y2 + 2*y3 <= -1
            A_ub = []
            b_ub = []
            
            A_ub.append([1, 1, 2])
            b_ub.append(-1)
            
            # For each (x,y): 2*y1 + x*y2 + y*y3 >= 0 -> - (2*y1 + x*y2 + y*y3) <= 0
            for (x,y) in allowed:
                A_ub.append([-2, -x, -y])
                b_ub.append(0)
            
            A_ub = np.array(A_ub, dtype=float)
            b_ub = np.array(b_ub, dtype=float)
            
            bounds = [(None, None), (None, None), (None, None)]  # unrestricted
            
            res = linprog(c, A_ub=A_ub, b_ub=b_ub, bounds=bounds, method='highs')
            res.success, res.fun
            
        >>> Output:
            True 52.0
            

        [Turn 18 CODE]
        >>> Code:
            res.x
            
        >>> Output:
            [13. -2. -6.]
            

        [Turn 19 CODE]
        >>> Code:
            all(x + 3*y <= 13 for (x,y) in allowed)
            
        >>> Output:
            True
            

        [Turn 20 CODE]
        >>> Code:
            solutions = []
            for x in range(0, 20):
                for y in range(0, 20):
                    if x+3*y == 13 and 2*x+5*y <= 23 and x+y >= 3:
                        solutions.append((x,y))
            solutions
            
        >>> Output:
            [(1, 4), (4, 3)]
            

        [Turn 21 CODE [ERROR]]
        >>> Code:
            import itertools, math, numpy as np
            
            def truncated_cuboctahedron_vertices():
                a = 1
                b = 1 + math.sqrt(2)
                c = 2
                verts = set()
                # permutations of (±a, ±b, 0)
                for signs in itertools.product([1,-1], repeat=2):
                    for perm in set(itertools.permutations([a, b, 0])):
                        v = tuple(signs[i]*perm[i] if perm[i]!=0 else 0 for i in range(3))
                        verts.add(v)
                # permutations of (±c, 0, 0)
                for s in [1,-1]:
                    for perm in set(itertools.permutations([c,0,0])):
                        v = tuple(s*perm[i] if perm[i]!=0 else 0 for i in range(3))
                        verts.add(v)
                return list(verts)
            
            verts = truncated_cuboctahedron_vertices()
            len(verts)
            
        >>> Output:
            ---------------------------------------------------------------------------IndexError                                Traceback (most recent call last)/tmp/ipykernel_648/2074954439.py in <cell line: 0>()
                 18     return list(verts)
                 19 
            ---> 20 verts = truncated_cuboctahedron_vertices()
                 21 print(len(verts))
            /tmp/ipykernel_648/2074954439.py in truncated_cuboctahedron_vertices()
                  9     for signs in itertools.product([1,-1], repeat=2):
                 10         for perm in set(itertools.permutations([a, b, 0])):
            ---> 11             v = tuple(signs[i]*perm[i] if perm[i]!=0 else 0 for i in range(3))
                 12             verts.add(v)
                 13     # permutations of (±c, 0, 0)
            /tmp/ipykernel_648/2074954439.py in <genexpr>(.0)
                  9     for signs in itertools.product([1,-1], repeat=2):
                 10         for perm in set(itertools.permutations([a, b, 0])):
            ---> 11             v = tuple(signs[i]*perm[i] if perm[i]!=0 else 0 for i in range(3))
                 12             verts.add(v)
                 13     # permutations of (±c, 0, 0)
            IndexError: tuple index out of range

        [Turn 22 CODE]
        >>> Code:
            def generate_vertices():
                a = 1.0
                b = 1 + math.sqrt(2)
                c = 2.0
                verts = set()
                # permutations of (±a, ±b, 0)
                for perm in set(itertools.permutations([a,b,0])):
                    for sx in [1,-1]:
                        for sy in [1,-1]:
                            for sz in [1,-1]:
                                # apply signs to each coordinate, but zero stays zero
                                v = (sx*perm[0] if perm[0]!=0 else 0,
                                     sy*perm[1] if perm[1]!=0 else 0,
                                     sz*perm[2] if perm[2]!=0 else 0)
                                verts.add(v)
                # permutations of (±c, 0, 0)
                for perm in set(itertools.permutations([c,0,0])):
                    for s in [1,-1]:
                        v = (s*perm[0] if perm[0]!=0 else 0,
                             s*perm[1] if perm[1]!=0 else 0,
                             s*perm[2] if perm[2]!=0 else 0)
                        verts.add(v)
                return list(verts)
            
            verts = generate_vertices()
            len(verts)
            
        >>> Output:
            30
            

        [Turn 23 CODE]
        >>> Code:
            import itertools, math, numpy as np
            from scipy.spatial import ConvexHull
            
            def truncated_cuboctahedron_vertices(edge=1):
                # Use coordinates from Wikipedia for truncated cuboctahedron with edge length sqrt(2)
                # We'll use scaling later.
                a = 1
                b = 1 + math.sqrt(2)
                c = 2
                verts = []
                # permutations of (±a, ±b, 0)
                for perm in set(itertools.permutations([a,b,0])):
                    for sx in [1,-1]:
                        for sy in [1,-1]:
                            for sz in [1,-1]:
                                v = (sx*perm[0] if perm[0]!=0 else 0,
                                     sy*perm[1] if perm[1]!=0 else 0,
                                     sz*perm[2] if perm[2]!=0 else 0)
                                verts.append(v)
                # permutations of (±c, 0, 0)
                for perm in set(itertools.permutations([c,0,0])):
                    for s in [1,-1]:
                        v = (s*perm[0] if perm[0]!=0 else 0,
                             s*perm[1] if perm[1]!=0 else 0,
                             s*perm[2] if perm[2]!=0 else 0)
                        verts.append(v)
                # Remove duplicates
                verts_unique = list({tuple(v) for v in verts})
                return np.array(verts_unique, dtype=float)
            
            verts = truncated_cuboctahedron_vertices()
            len(verts)
            
        >>> Output:
            30
            

        [Turn 24 CODE]
        >>> Code:
            def disdyakis_dodecahedron_vertices():
                a = 1.0
                b = 2 + math.sqrt(2)
                c = 1 + math.sqrt(2)
                verts = []
                # (±1,±1,±1)
                for sx in [1,-1]:
                    for sy in [1,-1]:
                        for sz in [1,-1]:
                            verts.append((sx*a, sy*a, sz*a))
                # (±b,0,0) permutations
                for perm in set(itertools.permutations([b,0,0])):
                    for s in [1,-1]:
                        v = (s*perm[0] if perm[0]!=0 else 0], 
                             s*perm[1] if perm[1]!=0 else 0,
                             s*perm[2] if perm[2]!=0 else 0)
                        # Actually sign only applied to non-zero coordinate
                        # Let's handle each coordinate individually
               
        >>> Output:
            [WARN] No output. Use print() to see results.

        [Turn 25 CODE]
        >>> Code:
            def disdyakis_dodecahedron_vertices():
                verts = []
                # (±1,±1,±1)
                for sx in [1,-1]:
                    for sy in [1,-1]:
                        for sz in [1,-1]:
                            verts.append((sx, sy, sz))
                # (±b,0,0) permutations
                b = 2 + math.sqrt(2)
                for perm in set(itertools.permutations([b,0,0])):
                    # apply sign to the non-zero coordinate
                    for s in [1,-1]:
                        v = tuple(s*coord if coord!=0 else 0 for coord in perm)
                        verts.append(v)
                # (±c,±c,0) permutations
                c = 1 + math.sqrt(2)
                for perm in set(itertools.permutations([c,c,0])):
                    for sx in [1,-1]:
                        for sy in [1,-1]:
                            v = (sx*perm[0] if perm[0]!=0 else 0,
                                 sy*perm[1] if perm[1]!=0 else 0,
                                 0)  # third coordinate zero
                            verts.append(v)
                # Remove duplicates
                verts_unique = list({tuple(round(coord,10) for coord in v) for v in verts})
                # Actually we need the actual coordinates, not just rounding.
            
        >>> Output:
            [WARN] No output. Use print() to see results.

        [Turn 26 CODE]
        >>> Code:
            def disdyakis_dodecahedron_vertices():
                verts = set()
                # (±1,±1,±1)
                for sx in [1,-1]:
                    for sy in [1,-1]:
                        for sz in [1,-1]:
                            verts.add((sx, sy, sz))
                b = 2 + math.sqrt(2)
                # (±b,0,0) permutations
                for perm in set(itertools.permutations([b,0,0])):
                    for s in [1,-1]:
                        v = tuple(s*coord if coord!=0 else 0 for coord in perm)
                        verts.add(v)
                c = 1 + math.sqrt(2)
                # (±c,±c,0) permutations
                for perm in set(itertools.permutations([c,c,0])):
                    for sx in [1,-1]:
                        for sy in [1,-1]:
                            v = (sx*perm[0] if perm[0]!=0 else 0,
                                 sy*perm[1] if perm[1]!=0 else 0,
                                 0)
                            verts.add(v)
                return np.array(list(verts), dtype=float)
            
            verts = disdyakis_dodecahedron_vertices()
            verts.shape
            
        >>> Output:
            (22, 3)
            

        [Turn 27 CODE]
        >>> Code:
            len(verts)
            
        >>> Output:
            22
            

        [Turn 28 CODE]
        >>> Code:
            verts.tolist()
            
        >>> Output:
            [[-1.0, 1.0, -1.0], [-1.0, 1.0, 1.0], [0.0, -3.414213562373095, 0.0], [1.0, -1.0, 1.0], [1.0, -1.0, -1.0], [-2.414213562373095, 2.414213562373095, 0.0], [2.414213562373095, -2.414213562373095, 0.0], [2.414213562373095, 0.0, 0.0], [0.0, 0.0, -3.414213562373095], [-1.0, -1.0, -1.0], [-1.0, -1.0, 1.0], [-2.414213562373095, 0.0, 0.0], [-2.414213562373095, -2.414213562373095, 0.0], [0.0, 2.414213562373095, 0.0], [0.0, -2.414213562373095, 0.0], [-3.414213562373095, 0.0, 0.0], [3.414213562373095, 0.0, 0.0], [0.0, 0.0, 3.414213562373095], [0.0, 3.414213562373095, 0.0], [1.0, 1.0, -1.0], [2.414213562373095, 2.414213562373095, 0.0], [1.0, 1.0, 1.0]]
            

        [Turn 29 CODE]
        >>> Code:
            def disdyakis_dodecahedron_vertices():
                verts = set()
                # (±1,±1,±1)
                for sx in [1,-1]:
                    for sy in [1,-1]:
                        for sz in [1,-1]:
                            verts.add((sx, sy, sz))
                b = 2 + math.sqrt(2)
                # (±b,0,0) permutations
                for perm in set(itertools.permutations([b,0,0])):
                    for s in [1,-1]:
                        v = tuple(s*coord if coord!=0 else 0 for coord in perm)
                        verts.add(v)
                c = 1 + math.sqrt(2)
                # (±c,±c,0) permutations
                for perm in set(itertools.permutations([c,c,0])):
                    # perm has two c's and one 0; we need signs for each c (could be independent)
                    # Determine indices of non-zero entries
                    idx = [i for i, val in enumerate(perm) if val != 0]
                    # there are two indices
                    for s1 in [1,-1]:
                        for s2 in [1,-1]:
                            v = list(perm)
                            v[idx[0]] = s1 * c
                            v[idx[1]] = s2 * c
                            v = tuple(v)
                            verts.add(v)
                return np.array(list(verts), dtype=float)
            
            verts = disdyakis_dodecahedron_vertices()
            verts.shape
            
        >>> Output:
            (26, 3)
            

        [Turn 30 CODE]
        >>> Code:
            from scipy.spatial import ConvexHull
            hull = ConvexHull(verts)
            len(hull.simplices)
            
        >>> Output:
            32
            

        [Turn 31 CODE]
        >>> Code:
            def feasible_solution(m):
                V = m//2 + 2
                # Use milp to get solution
                c = np.zeros(len(allowed))
                A_eq = np.array([
                    [1]*len(allowed),
                    [x for (x,y) in allowed],
                    [y for (x,y) in allowed]
                ], dtype=float)
                b_eq = np.array([V, m, 2*m], dtype=float)
                integrality = np.ones(len(allowed), dtype=int)
                res = milp(c=c, constraints=LinearConstraint(A_eq, b_eq, b_eq), integrality=integrality, bounds=Bounds(0, np.inf))
                if res.success:
                    n = np.rint(res.x).astype(int)
                    return n
                else:
                    return None
            
            sol48 = feasible_solution(48)
            sol48
            
        >>> Output:
            [ 0  0  0  0 22  0  0  0  0  0  0  0  0  0  0  2  0  0  0  0  0  0  0  0
              0  0  0  2  0  0]
            

        [Turn 32 CODE]
        >>> Code:
            list(enumerate(allowed))
            
        >>> Output:
            [(0, (0, 3)), (1, (0, 4)), (2, (1, 2)), (3, (1, 3)), (4, (1, 4)), (5, (2, 1)), (6, (2, 2)), (7, (2, 3)), (8, (3, 0)), (9, (3, 1)), (10, (3, 2)), (11, (3, 3)), (12, (4, 0)), (13, (4, 1)), (14, (4, 2)), (15, (4, 3)), (16, (5, 0)), (17, (5, 1)), (18, (5, 2)), (19, (6, 0)), (20, (6, 1)), (21, (6, 2)), (22, (7, 0)), (23, (7, 1)), (24, (8, 0)), (25, (8, 1)), (26, (9, 0)), (27, (9, 1)), (28, (10, 0)), (29, (11, 0))]
            

        [Turn 33 CODE]
        >>> Code:
            sol48_nonzero = [(allowed[i], int(round(sol48[i]))) for i in range(len(allowed)) if sol48[i]>0]
            sol48_nonzero
            
        >>> Output:
            [((1, 4), 22), ((4, 3), 2), ((9, 1), 2)]
            

        [Turn 34 CODE]
        >>> Code:
            max_degree = max(x+y for (x,y) in allowed)
            max_degree
            
        >>> Output:
            11
            

        [Turn 35 CODE]
        >>> Code:
            def truncated_cuboctahedron_vertices2():
                a = 1.0
                b = 1 + math.sqrt(2)
                verts = set()
                for signs in itertools.product([1,-1], repeat=3):
                    for perm in set(itertools.permutations([a,b,b])):
                        v = tuple(signs[i]*perm[i] for i in range(3))
                        verts.add(v)
                return np.array(list(verts), dtype=float)
            
            verts2 = truncated_cuboctahedron_vertices2()
            verts2.shape
            
        >>> Output:
            (24, 3)
            

        [Turn 36 CODE]
        >>> Code:
            def feasible_with_degree_limit(m, max_degree):
                V = m//2 + 2
                # Build allowed types with degree <= max_degree
                allowed2 = [(x,y) for (x,y) in allowed if x+y <= max_degree]
                N = len(allowed2)
                c = np.zeros(N)
                A_eq = np.array([
                    [1]*N,
                    [x for (x,y) in allowed2],
                    [y for (x,y) in allowed2]
                ], dtype=float)
                b_eq = np.array([V, m, 2*m], dtype=float)
                integrality = np.ones(N, dtype=int)
                res = milp(c=c, constraints=LinearConstraint(A_eq, b_eq, b_eq), integrality=integrality, bounds=Bounds(0, np.inf))
                return res.success, allowed2, res
            
            ok, allowed2, res = feasible_with_degree_limit(48, 8)
            ok
            
        >>> Output:
            True
            

        [Turn 37 CODE]
        >>> Code:
            sol = res.x
            sol_int = np.rint(sol).astype(int)
            list(zip(allowed2, sol_int))[:20]
            
        >>> Output:
            [((0, 3), np.int64(0)), ((0, 4), np.int64(0)), ((1, 2), np.int64(0)), ((1, 3), np.int64(0)), ((1, 4), np.int64(18)), ((2, 1), np.int64(0)), ((2, 2), np.int64(0)), ((2, 3), np.int64(1)), ((3, 0), np.int64(0)), ((3, 1), np.int64(0)), ((3, 2), np.int64(0)), ((3, 3), np.int64(0)), ((4, 0), np.int64(0)), ((4, 1), np.int64(0)), ((4, 2), np.int64(0)), ((4, 3), np.int64(7)), ((5, 0), np.int64(0)), ((5, 1), np.int64(0)), ((5, 2), np.int64(0)), ((6, 0), np.int64(0))]
            

        [Turn 38 CODE]
        >>> Code:
            sorted(set(x+3*y for (x,y) in allowed))
            
        >>> Output:
            [3, 4, 5, 6, 7, 8, 9, 10, 11, 12, 13]
            

        [Turn 39 CODE]
        >>> Code:
            [(x,y) for (x,y) in allowed if x+3*y==12]
            
        >>> Output:
            [(0, 4), (3, 3), (6, 2), (9, 1)]
            

  Running: 2/3 (67%) | Elapsed: 1350s

──────────────────────────────────────────────────────────────────────
  [4/4] Problem 2b401b | Expected: 59
──────────────────────────────────────────────────────────────────────

Problem: Find all positive integers $n\ge 2$ such that for any positive integer $k$ relatively prime to $n$, $k^2 - 1$ is a multiple of $n$.

Find the sum of all possible values.


============================================================
  WAVE 1: CLASSIFICATION
============================================================
Budget: 100s | Pool left: 5700s | Attempts: 42
Classification failed: Unexpected EOS while waiting for message header to complete

Classification results (41 attempts):
  Attempt 1: a.b.c,x.y.z [medium] (conf=1.0, turns=3, time=82.8s)
  Attempt 2: number_theory.modular_arithmetic.coprime_squares [medium] (conf=1.0, turns=3, time=87.2s)
  Attempt 3: number_theory.modular_arithmetic.order_modulus_selection [medium] (conf=1.0, turns=2, time=39.8s)
  Attempt 4: number_theory.modular_arithmetic.coprime_sums [medium] (conf=1.0, turns=3, time=83.5s)
  Attempt 5: number_theory.modular_arithmetic.coprime_sums [medium] (conf=1.0, turns=3, time=94.3s)
  Attempt 6: number_theory.modular_arithmetic.coprime_sums [medium] (conf=1.0, turns=3, time=80.0s)
  Attempt 7: number_theory.modular.modular_arithmetic.gcd_order_trick,59 [easy] (conf=1.0, turns=2, time=66.3s)
  Attempt 8: number_theory.modular_arithmetic.order_modulus_selection [medium] (conf=1.0, turns=3, time=66.4s)
  Attempt 9: 59,\;_number_theory.modular_arithmetic.order_smallest_prime_trick [medium] (conf=1.0, turns=2, time=76.5s)
  Attempt 10: number_theory.modular_arithmetic.coprime_sums [medium] (conf=1.0, turns=4, time=93.5s)
  Attempt 11: number_theory.modular_arithmetic.gcd_order_trick [medium] (conf=1.0, turns=4, time=95.0s)
  Attempt 12: number_theory.modular_arithmetic.coprime_sums [easy] (conf=1.0, turns=2, time=77.8s)
  Attempt 13: number_theory.modular_arithmetic.orders_primitive_roots [medium] (conf=1.0, turns=3, time=69.6s)
  Attempt 14: number_theory.modular_arithmetic.coprime_condition [medium] (conf=1.0, turns=3, time=86.3s)
  Attempt 15: number_theory.modular_arithmetic.coprime_sums [medium] (conf=1.0, turns=3, time=74.0s)
  Attempt 16: number_theory.modular_arithmetic.coprime_squares [medium] (conf=1.0, turns=3, time=77.3s)
  Attempt 17: number_theory.modular_arithmetic.coprime_squares [medium] (conf=0.7, turns=5, time=98.1s)
  Attempt 18: number_theory.modular_arithmetic.coprime_sums [medium] (conf=1.0, turns=3, time=89.4s)
  Attempt 19: number_theory.modular_arithmetic.coprime_sums [medium] (conf=1.0, turns=3, time=86.3s)
  Attempt 20: number_theory.modular_arithmetic.order_modulus_selection [medium] (conf=0.7, turns=6, time=72.0s)
  Attempt 21: number_theory.modular_arithmetic.order_smallest_prime_trick,59 [medium] (conf=1.0, turns=3, time=82.1s)
  Attempt 22: number_theory.modular_arithmetic.group_exponent [medium] (conf=1.0, turns=3, time=86.6s)
  Attempt 23: number_theory.modular_arithmetic.orders_primitive_roots [medium] (conf=1.0, turns=1, time=40.3s)
  Attempt 24: number_theory.modular_arithmetic.coprime_sums [medium] (conf=1.0, turns=3, time=74.7s)
  Attempt 25: number_theory.modular.gcd_order_trick [medium] (conf=1.0, turns=2, time=46.7s)
  Attempt 26: number_theory.modular_arithmetic [medium] (conf=1.0, turns=2, time=55.7s)
  Attempt 27: number_theory.modular_arithmetic.order_smallest_prime_trick [medium] (conf=1.0, turns=2, time=55.9s)
  Attempt 28: number_theory.modular_arithmetic.order_smallest_prime_trick,59 [medium] (conf=1.0, turns=3, time=91.5s)
  Attempt 29: number_theory.modular_arithmetic.orders_smallest_prime_trick [medium] (conf=1.0, turns=2, time=45.2s)
  Attempt 30: number_theory.modular.gcd_order_trick [medium] (conf=1.0, turns=2, time=27.2s)
  Attempt 31: taxonomy [medium] (conf=1.0, turns=3, time=84.9s)
  Attempt 32: number_theory.modular_arithmetic.coprime_sums [medium] (conf=1.0, turns=3, time=75.3s)
  Attempt 33: number_theory.modular_arithmetic.gcd_order_trick [medium] (conf=1.0, turns=2, time=62.8s)
  Attempt 34: number_theory.modular_arithmetic.coprime_condition [medium] (conf=1.0, turns=3, time=87.8s)
  Attempt 35: number_theory.modular_arithmetic.coprime_sums [medium] (conf=1.0, turns=3, time=85.9s)
  Attempt 37: number_theory.modular_arithmetic.coprime_sums [medium] (conf=1.0, turns=3, time=84.9s)
  Attempt 38: number_theory.modular_arithmetic.coprime_condition [medium] (conf=1.0, turns=3, time=86.6s)
  Attempt 39: number_theory.modular_arithmetic.coprime_sums [medium] (conf=1.0, turns=3, time=82.4s)
  Attempt 40: number_theory.modular_arithmetic.coprime_sums [medium] (conf=1.0, turns=3, time=88.5s)
  Attempt 41: number_theory.modular_arithmetic.gcd_order_trick [medium] (conf=1.0, turns=2, time=64.4s)
  Attempt 42: number_theory.modular_arithmetic.coprime_sums [easy] (conf=1.0, turns=2, time=73.5s)

=== WAVE 1 TAXONOMY VOTES ===
  number_theory.modular_arithmetic.coprime_sums: 15.0 votes <-- SELECTED
  number_theory.modular_arithmetic.order_smallest_prime_trick: 3.0 votes
  number_theory.modular_arithmetic.gcd_order_trick: 3.0 votes
  number_theory.modular_arithmetic.coprime_condition: 3.0 votes
  number_theory.modular_arithmetic.order_modulus_selection: 2.7 votes
=== END VOTES ===


=== DIFFICULTY VOTES: {'medium': 38, 'easy': 3} → MEDIUM ===
Wave 1 result: ['number_theory.modular_arithmetic.coprime_sums'] | Difficulty: medium (W1 cumulative: 401/6000s)

=== WAVE 1 → DB RETRIEVAL  ===
Taxonomies: ['number_theory.modular_arithmetic.coprime_sums']
Total matches: 1
  - egmo_2025_p1 [number_theory.modular_arithmetic.coprime_sums]
Notes: 2370 chars
=== END WAVE 1 RETRIEVAL ===


=== USER PROMPT (6476 chars) ===
[Our IMO expert has given tips and tricks for this problem.]

--- [number_theory.modular_arithmetic.coprime_sums] ---
Triggers: coprime consecutive sums, even numbers, powers of 3
Technique: For N >= 3, let c_1 < c_2 < ... < c_m be integers < N coprime to N. Find all N with gcd(N, c_i + c_{i+1}) != 1 for all consecutive pairs. Answer: N is even OR N is a power of 3.
Question: For positive integer N >= 3, let c_1 < c_2 < ... < c_m be all positive integers less than N and coprime to N. Find all N >= 3 such that gcd(N, c_i + c_{i+1}) != 1 for all 1 <= i <= m-1.
Answer: PROBLEM (EGMO 2025 P1): For positive integer N >= 3, let c_1 < c_2 < ... < c_m be all positive integers less than N and coprime to N. Find all N >= 3 such that gcd(N, c_i + c_{i+1}) != 1 for all 1 <= i <= m-1. ANSWER: All even N and all powers of 3. SOLUTION: (1) If N is even: all c_i are odd (since gcd(c_i, N) = 1 and 2|N forces c_i odd). So c_i + c_{i+1} is even, meaning 2 | gcd(N, c_i + c_{i+1}). Condition satisfied. (2) If N = 3^k: the c_i are the integers from 1 to N-1 not divisible by 3. These alternate: ...,1, 2, 4, 5, 7, 8, ... (pattern: 1 mod 3, 2 mod 3, 1 mod 3, ...). Consecutive pairs sum to 0 mod 3 (1+2=3, 2+4=6, 4+5=9, ...). So 3 | c_i + c_{i+1}, and 3 | N = 3^k. Condition satisfied. (3) For N not even and not a power of 3: let p be an odd prime dividing N with p != 3 (or N odd and not a power of 3). Then the residues coprime to N include consecutive residues r, r+1 with r coprime to N. Their sum = 2r+1 is odd and not divisible by p in general. Construct explicit counterexample. (4) Specifically, if N is odd and has a prime factor p != 3, find c_i, c_{i+1} consecutive with c_i + c_{i+1} coprime to N. TRAP: Verifying the condition for all consecutive pairs is needed; finding one pair that works is insufficient.

[END EXPERT NOTES]

Our IMO expert has also shared his special notes database. If you are stuck or want more hints, query it:
import sqlite3; db = sqlite3.connect("/kaggle/input/aimo3-problem-db/problems.db")
Schema: id, category, topic, subtopic, taxonomy, triggers, technique, question, answer
db.execute("SELECT taxonomy, triggers, technique FROM problems WHERE category=?", (CATEGORY,)).fetchall()
Find the closest match, then read the full approach:
db.execute("SELECT technique, question, answer FROM problems WHERE taxonomy=?", (TAX,)).fetchone()

Find all positive integers $n\ge 2$ such that for any positive integer $k$ relatively prime to $n$, $k^2 - 1$ is a multiple of $n$.

Find the sum of all possible values. You have access to `math`, `numpy`, and `sympy` for:

# Symbolic Computation (sympy):
- Algebraic manipulation and simplification
- Solving equations and systems of equations
- Symbolic differentiation and integration
- Number theory functions (primes, divisors, modular arithmetic)
- Polynomial operations and factorization
- Working with mathematical expressions symbolically

# Numerical Computation (numpy):
- Array operations and linear algebra
- Efficient numerical calculations for large datasets
- Matrix operations and eigenvalue problems
- Statistical computations

# Mathematical Functions (math):
- Standard mathematical functions (trig, log, exp)
- Constants like pi and e
- Basic operations for single values

Best Practices:
- Use sympy for exact symbolic answers when possible
- Use numpy for numerical verification and large-scale computation
- Combine symbolic and numerical approaches: derive symbolically, verify numerically
- Document your computational strategy clearly
- Validate computational results against known cases or theoretical bounds
- For very large exponents (e.g. a^(n!)), use pow(base, exp, mod) or analytical methods — never materialize the full number

# Code Robustness Rules:
- Each code cell must be SELF-CONTAINED: re-import and re-define everything you need. If a previous cell errored, its definitions are LOST.
- Avoid sympy expressions that grow beyond a few hundred characters. If an expression is exploding, switch to numerical methods (numpy) or modular arithmetic.
- For geometry: prefer numpy coordinate models with brute-force verification over pure symbolic or direction-counting approaches.
- For number theory / functional equations: compute small cases first (n=1..20) to find patterns before attempting a proof. Brute-force exploration often reveals the structure.
- For combinatorics counting: always verify no duplicates — check injectivity explicitly.
- If 5+ code cells without progress, STOP and restart with a different approach.
- When using Python, prefer converting sympy expressions to int() before passing to Python builtins like pow(), min(), max().
- Common import: from sympy.ntheory.modular import crt (note: sympy.crt does not exist).
- If a code cell fails, re-import necessary libraries in the next cell.
- sympy.solve() often times out on complex systems. For polynomial systems with > 3 unknowns, prefer numerical methods (scipy fsolve/minimize) or manual algebraic reduction.
- Never call sympy.simplify() or sympy.expand() on expressions involving large binomials or products of many terms. Use float() first to check the numerical value.

# Library Availability:
NOT installed (do NOT import — they WILL fail): pulp, ortools, z3-solver, mip, pyscipopt, pysat, cvxpy, constraint, matplotlib, sklearn.
Do not waste turns trying these libraries or probing with try/except.

Available and recommended:
- sympy, numpy, scipy, networkx, mpmath, math, itertools, functools, fractions, collections, decimal, heapq, random, statistics

Replacements for unavailable optimization/constraint libraries:
- Integer/Binary Linear Programming (replaces pulp, mip, ortools):
  from scipy.optimize import milp, LinearConstraint, Bounds
  import numpy as np
  res = milp(c=c_vec, constraints=LinearConstraint(A, lb, ub),
             integrality=np.ones(n), bounds=Bounds(0, 1))
  # res.success, res.x (solution vector), res.fun (objective value)
- Linear Programming: scipy.optimize.linprog(c, A_ub=A, b_ub=b, method="highs")
- Assignment problems: scipy.optimize.linear_sum_assignment(cost_matrix)
- Graph algorithms (matching, shortest path, components): import networkx as nx
- Constraint satisfaction: encode as ILP via scipy.optimize.milp, or backtracking with pruning
- Number theory: sympy.ntheory or random (Monte Carlo verification)
- Geometry: fractions (exact rational) + sympy, avoid floating point
- Game theory/DP: functools.lru_cache for memoized recursion
=== END USER PROMPT ===

Budget: 450.00 seconds | Deadline: 1772883518.82 | TimeLeft: 15950s | Effort: medium

 Attempt  Response Length  Python Calls  Python Errors  Entropy  Temperature  Answer  Confidence        Source Stop_Reason  Successful_Code  Time_Remaining  Time
       5             1083             2              0    0.439          0.5      59         1.0     streaming   max_turns                2           434.2  15.8
       2             1361             0              0    0.352          0.5      59         1.0     streaming   max_turns                0           429.9  20.1
      24             1359             0              0    0.455          0.5      27         1.0     streaming   max_turns                0           429.5  20.1
      19             1416             2              0    0.408          0.5      59         1.0     streaming   max_turns                2           428.4  21.3
      14             1481             2              0    0.395          0.5      59         1.0     streaming   max_turns                2           427.4  22.4
       4             1507             2              0    0.456          0.5      59         0.7 final_channel   max_turns                2           427.1  22.9
      16             1503             1              0    0.414          0.5      59         1.0     streaming   max_turns                1           427.0  22.8
       9             1516             3              0    0.429          0.5      59         0.7 final_channel   max_turns                3           426.8  23.1
       6             1570             2              0    0.525          0.5      59         1.0     streaming   max_turns                2           426.2  23.8
      23             1695             3              0    0.316          0.5      59         1.0     streaming   max_turns                3           424.2  25.4
       8             1857             2              0    0.343          0.5      59         1.0     streaming   max_turns                2           422.3  27.6
      11             1908             3              0    0.299          0.5      59         1.0     streaming   max_turns                3           421.6  28.3
      17             1946             3              0    0.376          0.5      59         1.0     streaming   max_turns                3           420.9  28.8
      12             1992             4              0    0.329          0.5      59         1.0     streaming   max_turns                4           420.3  29.5
      18             2085             3              0    0.357          0.5      59         1.0     streaming   max_turns                3           419.0  30.7
      21             2181             3              0    0.380          0.5      59         1.0     streaming   max_turns                3           417.6  32.1
       7             2221             4              0    0.423          0.5      59         1.0     streaming   max_turns                4           417.3  32.6
      13             2328             1              0    0.312          0.5      59         1.0     streaming   max_turns                1           416.4  33.5
      10             2359             1              0    0.351          0.5      59         1.0     streaming   max_turns                1           416.2  33.7
       3             2372             4              0    0.341          0.5      59         1.0     streaming   max_turns                4           416.0  34.0
      20             2393             2              0    0.376          0.5      59         1.0     streaming   max_turns                2           415.7  33.9
      22             2448             1              0    0.348          0.5      59         1.0     streaming   max_turns                1           415.4  34.3
      15             2691             6              0    0.386          0.5      59         1.0     streaming   max_turns                6           413.8  35.9
       1             2757             2              0    0.335          0.5      59         1.0     streaming   max_turns                2           413.7  36.3
 Answer  Votes  Score
     59   22.4 60.550
     27    1.0  1.098

Final Answer: 59 (votes: 22.4)


=== RERUN CHECK: top_votes=22.4, threshold=12 ===

  STATUS: CORRECT | Predicted: 59 | Expected: 59 | Time: 136.9s
  Votes: {59: 23, 27: 1} | Answers: 24 | Nones: 0 | Errors: 0

    --- Attempt 5 [CORRECT] answer=59 expected=59 temp=0.5 entropy=0.439 ---
        python_calls=2 errors=0 tokens=1083 time=15.8s time_left=434.2s
        source=streaming confidence=1.0 stop=max_turns
        Libraries: import math

        [Turn 1 CODE]
        >>> Code:
            def works(n):
                import math
                for k in range(1, n):
                    if math.gcd(k, n)==1:
                        if (k*k - 1) % n != 0:
                            return False
                return True
            
            vals = [n for n in range(2,101) if works(n)]
            vals
            
        >>> Output:
            [2, 3, 4, 6, 8, 12, 24]
            

        [Turn 2 CODE]
        >>> Code:
            sum([2,3,4,6,8,12,24])
            
        >>> Output:
            59
            

    --- Attempt 2 [CORRECT] answer=59 expected=59 temp=0.5 entropy=0.352 ---
        python_calls=0 errors=0 tokens=1361 time=20.1s time_left=429.9s
        source=streaming confidence=1.0 stop=max_turns

    --- Attempt 24 [WRONG] answer=27 expected=59 temp=0.5 entropy=0.455 ---
        python_calls=0 errors=0 tokens=1359 time=20.1s time_left=429.5s
        source=streaming confidence=1.0 stop=max_turns

    --- Attempt 19 [CORRECT] answer=59 expected=59 temp=0.5 entropy=0.408 ---
        python_calls=2 errors=0 tokens=1416 time=21.3s time_left=428.4s
        source=streaming confidence=1.0 stop=max_turns
        Libraries: import math

        [Turn 1 CODE]
        >>> Code:
            def works(n):
                for k in range(1,n):
                    if math.gcd(k,n)==1:
                        if (k*k-1)%n!=0:
                            return False
                return True
            
            import math
            vals=[n for n in range(2,101) if works(n)]
            vals[:50]
            
        >>> Output:
            [2, 3, 4, 6, 8, 12, 24]
            

        [Turn 2 CODE]
        >>> Code:
            sum([2,3,4,6,8,12,24])
            
        >>> Output:
            59
            

    --- Attempt 14 [CORRECT] answer=59 expected=59 temp=0.5 entropy=0.395 ---
        python_calls=2 errors=0 tokens=1481 time=22.4s time_left=427.4s
        source=streaming confidence=1.0 stop=max_turns
        Libraries: import math

        [Turn 1 CODE]
        >>> Code:
            sum([2,3,4,6,8,12,24])
            
        >>> Output:
            59
            

        [Turn 2 CODE]
        >>> Code:
            def works(n):
                for k in range(1,n):
                    if math.gcd(k,n)==1:
                        if (k*k-1)%n!=0:
                            return False
                return True
            
            import math
            vals=[n for n in range(2,101) if works(n)]
            vals
            
        >>> Output:
            [2, 3, 4, 6, 8, 12, 24]
            

    --- Attempt 4 [CORRECT] answer=59 expected=59 temp=0.5 entropy=0.456 ---
        python_calls=2 errors=0 tokens=1507 time=22.9s time_left=427.1s
        source=final_channel confidence=0.7 stop=max_turns
        vboxed_checkpoints: turn3=59
        Libraries: import math

        [Turn 1 CODE]
        >>> Code:
            def works(n):
                for k in range(1,n):
                    if math.gcd(k,n)==1:
                        if (k*k-1)%n!=0:
                            return False
                return True
            
            import math
            candidates=[]
            for n in range(2,101):
                if works(n):
                    candidates.append(n)
            candidates[:50]
            
        >>> Output:
            [2, 3, 4, 6, 8, 12, 24]
            

        [Turn 2 CODE]
        >>> Code:
            sum([2,3,4,6,8,12,24])
            
        >>> Output:
            59
            

        [Turn 3 REASONING] (11 chars)
        \Vboxed{59}

    --- Attempt 16 [CORRECT] answer=59 expected=59 temp=0.5 entropy=0.414 ---
        python_calls=1 errors=0 tokens=1503 time=22.8s time_left=427.0s
        source=streaming confidence=1.0 stop=max_turns

        [Turn 1 CODE]
        >>> Code:
            vals = [2,3,4,6,8,12,24]
            sum(vals)
            
        >>> Output:
            59
            

    --- Attempt 9 [CORRECT] answer=59 expected=59 temp=0.5 entropy=0.429 ---
        python_calls=3 errors=0 tokens=1516 time=23.1s time_left=426.8s
        source=final_channel confidence=0.7 stop=max_turns
        vboxed_checkpoints: turn4=59
        Libraries: import math

        [Turn 1 CODE]
        >>> Code:
            def satisfies(n):
                import math
                for k in range(1, n):
                    if math.gcd(k,n)==1:
                        if (k*k -1) % n !=0:
                            return False
                return True
            
            candidates = [2,3,4,6,8,12,24]
            for n in candidates:
                print(n, satisfies(n))
            
        >>> Output:
            2 True
            3 True
            4 True
            6 True
            8 True
            12 True
            24 True
            

        [Turn 2 CODE]
        >>> Code:
            valid = []
            for n in range(2,201):
                if satisfies(n):
                    valid.append(n)
            valid[:50], len(valid)
            
        >>> Output:
            [2, 3, 4, 6, 8, 12, 24] 7
            

        [Turn 3 CODE]
        >>> Code:
            sum([2,3,4,6,8,12,24])
            
        >>> Output:
            59
            

        [Turn 4 REASONING] (11 chars)
        \Vboxed{59}

    --- Attempt 6 [CORRECT] answer=59 expected=59 temp=0.5 entropy=0.525 ---
        python_calls=2 errors=0 tokens=1570 time=23.8s time_left=426.2s
        source=streaming confidence=1.0 stop=max_turns
        Libraries: import math

        [Turn 1 CODE]
        >>> Code:
            def works(n):
                for k in range(1, n):
                    if math.gcd(k, n) == 1:
                        if (k*k - 1) % n != 0:
                            return False
                return True
            
            import math
            vals = [n for n in range(2,101) if works(n)]
            vals
            
        >>> Output:
            [2, 3, 4, 6, 8, 12, 24]
            

        [Turn 2 CODE]
        >>> Code:
            sum([2,3,4,6,8,12,24])
            
        >>> Output:
            59
            

    --- Attempt 23 [CORRECT] answer=59 expected=59 temp=0.5 entropy=0.316 ---
        python_calls=3 errors=0 tokens=1695 time=25.4s time_left=424.2s
        source=streaming confidence=1.0 stop=max_turns
        vboxed_checkpoints: turn4=24
        Libraries: import math

        [Turn 1 CODE]
        >>> Code:
            def good(n):
                for k in range(1, n):
                    if math.gcd(k,n)==1:
                        if (k*k-1)%n!=0:
                            return False
                return True
            
            import math
            good_vals=[n for n in range(2,201) if good(n)]
            good_vals[:50]
            
        >>> Output:
            [2, 3, 4, 6, 8, 12, 24]
            

        [Turn 2 CODE]
        >>> Code:
            good_vals=[n for n in range(2,1000) if good(n)]
            good_vals
            
        >>> Output:
            [2, 3, 4, 6, 8, 12, 24]
            

        [Turn 3 CODE]
        >>> Code:
            sum([2,3,4,6,8,12,24])
            
        >>> Output:
            59
            

    --- Attempt 8 [CORRECT] answer=59 expected=59 temp=0.5 entropy=0.343 ---
        python_calls=2 errors=0 tokens=1857 time=27.6s time_left=422.3s
        source=streaming confidence=1.0 stop=max_turns
        vboxed_checkpoints: turn3=24
        Libraries: import math

        [Turn 1 CODE]
        >>> Code:
            def works(n):
                for k in range(1,n):
                    if math.gcd(k,n)==1:
                        if (k*k-1)%n!=0:
                            return False
                return True
            
            import math
            vals=[n for n in range(2,101) if works(n)]
            vals
            
        >>> Output:
            [2, 3, 4, 6, 8, 12, 24]
            

        [Turn 2 CODE]
        >>> Code:
            sum([2,3,4,6,8,12,24])
            
        >>> Output:
            59
            

    --- Attempt 11 [CORRECT] answer=59 expected=59 temp=0.5 entropy=0.299 ---
        python_calls=3 errors=0 tokens=1908 time=28.3s time_left=421.6s
        source=streaming confidence=1.0 stop=max_turns
        Libraries: import math

        [Turn 1 CODE]
        >>> Code:
            def good(n):
                import math
                for k in range(1, n):
                    if math.gcd(k, n) == 1:
                        if (k*k - 1) % n != 0:
                            return False
                return True
            
            goods = [n for n in range(2, 201) if good(n)]
            goods[:50], len(goods)
            
        >>> Output:
            [2, 3, 4, 6, 8, 12, 24] 7
            

        [Turn 2 CODE]
        >>> Code:
            goods = [n for n in range(2, 1001) if good(n)]
            goods, len(goods)
            
        >>> Output:
            [2, 3, 4, 6, 8, 12, 24] 7
            

        [Turn 3 CODE]
        >>> Code:
            sum([2,3,4,6,8,12,24])
            
        >>> Output:
            59
            

    --- Attempt 17 [CORRECT] answer=59 expected=59 temp=0.5 entropy=0.376 ---
        python_calls=3 errors=0 tokens=1946 time=28.8s time_left=420.9s
        source=streaming confidence=1.0 stop=max_turns
        Libraries: import math

        [Turn 1 CODE]
        >>> Code:
            def works(n):
                for k in range(1, n):
                    if math.gcd(k, n)==1:
                        if (k*k - 1) % n != 0:
                            return False
                return True
            
            import math
            vals = [n for n in range(2,101) if works(n)]
            vals[:50]
            
        >>> Output:
            [2, 3, 4, 6, 8, 12, 24]
            

        [Turn 2 CODE]
        >>> Code:
            [n for n in range(2,301) if works(n)]
            
        >>> Output:
            [2, 3, 4, 6, 8, 12, 24]
            

        [Turn 3 CODE]
        >>> Code:
            sum([2,3,4,6,8,12,24])
            
        >>> Output:
            59
            

    --- Attempt 12 [CORRECT] answer=59 expected=59 temp=0.5 entropy=0.329 ---
        python_calls=4 errors=0 tokens=1992 time=29.5s time_left=420.3s
        source=streaming confidence=1.0 stop=max_turns
        Libraries: import math

        [Turn 1 CODE]
        >>> Code:
            def good(n):
                import math
                for k in range(1, n):
                    if math.gcd(k,n)==1:
                        if (k*k - 1) % n != 0:
                            return False
                return True
            
            good_vals = [n for n in range(2,201) if good(n)]
            good_vals[:50]
            
        >>> Output:
            [2, 3, 4, 6, 8, 12, 24]
            

        [Turn 2 CODE]
        >>> Code:
            good_vals = [n for n in range(2,1000) if good(n)]
            good_vals
            
        >>> Output:
            [2, 3, 4, 6, 8, 12, 24]
            

        [Turn 3 CODE]
        >>> Code:
            good_vals = [n for n in range(2,5001) if good(n)]
            good_vals
            
        >>> Output:
            [2, 3, 4, 6, 8, 12, 24]
            

        [Turn 4 CODE]
        >>> Code:
            sum([2,3,4,6,8,12,24])
            
        >>> Output:
            59
            

    --- Attempt 18 [CORRECT] answer=59 expected=59 temp=0.5 entropy=0.357 ---
        python_calls=3 errors=0 tokens=2085 time=30.7s time_left=419.0s
        source=streaming confidence=1.0 stop=max_turns
        vboxed_checkpoints: turn4=24
        Libraries: import math

        [Turn 1 CODE]
        >>> Code:
            def works(n):
                import math
                for k in range(1, n):
                    if math.gcd(k, n)==1:
                        if (k*k - 1) % n != 0:
                            return False
                return True
            
            candidates = [2,3,4,6,8,12,24]
            for n in candidates:
                print(n, works(n))
            
        >>> Output:
            2 True
            3 True
            4 True
            6 True
            8 True
            12 True
            24 True
            

        [Turn 2 CODE]
        >>> Code:
            vals = [n for n in range(2,201) if works(n)]
            vals[:50], len(vals)
            
        >>> Output:
            [2, 3, 4, 6, 8, 12, 24] 7
            

        [Turn 3 CODE]
        >>> Code:
            sum([2,3,4,6,8,12,24])
            
        >>> Output:
            59
            

    --- Attempt 21 [CORRECT] answer=59 expected=59 temp=0.5 entropy=0.380 ---
        python_calls=3 errors=0 tokens=2181 time=32.1s time_left=417.6s
        source=streaming confidence=1.0 stop=max_turns
        Libraries: import math

        [Turn 1 CODE]
        >>> Code:
            def works(n):
                for k in range(1,n):
                    if math.gcd(k,n)==1:
                        if (k*k-1)%n!=0:
                            return False
                return True
            
            import math
            vals=[n for n in range(2,101) if works(n)]
            vals[:50]
            
        >>> Output:
            [2, 3, 4, 6, 8, 12, 24]
            

        [Turn 2 CODE]
        >>> Code:
            [ n for n in [16,48,32,96] if works(n)]
            
        >>> Output:
            []
            

        [Turn 3 CODE]
        >>> Code:
            sum([2,3,4,6,8,12,24])
            
        >>> Output:
            59
            

    --- Attempt 7 [CORRECT] answer=59 expected=59 temp=0.5 entropy=0.423 ---
        python_calls=4 errors=0 tokens=2221 time=32.6s time_left=417.3s
        source=streaming confidence=1.0 stop=max_turns
        Libraries: import itertools, math, import math

        [Turn 1 CODE]
        >>> Code:
            def works(p,a):
                n = p**a
                for k in range(1, n):
                    if math.gcd(k,n)==1:
                        if (k*k-1)%n !=0:
                            return False
                return True
            
            import math
            for a in range(1,7):
                print(a, works(2,a))
            
        >>> Output:
            1 True
            2 True
            3 True
            4 False
            5 False
            6 False
            

        [Turn 2 CODE]
        >>> Code:
            for a in range(1,6):
                print(a, works(3,a))
            
        >>> Output:
            1 True
            2 False
            3 False
            4 False
            5 False
            

        [Turn 3 CODE]
        >>> Code:
            candidates = [2,4,8,3]
            import itertools, math
            def works_n(n):
                for k in range(1,n):
                    if math.gcd(k,n)==1:
                        if (k*k-1)%n!=0:
                            return False
                return True
            
            vals=[]
            for r in range(1,5):
                for combo in itertools.combinations(candidates,r):
                    n=1
                    for x in combo:
                        n*=x
                    if works_n(n):
                        vals.append(n)
                        print(combo,n)
            print("All found:",sorted(set(vals)))
            
        >>> Output:
            (2,) 2
            (4,) 4
            (8,) 8
            (3,) 3
            (2, 4) 8
            (2, 3) 6
            (4, 3) 12
            (8, 3) 24
            (2, 4, 3) 24
            All found: [2, 3, 4, 6, 8, 12, 24]
            

        [Turn 4 CODE]
        >>> Code:
            sum([2,3,4,6,8,12,24])
            
        >>> Output:
            59
            

    --- Attempt 13 [CORRECT] answer=59 expected=59 temp=0.5 entropy=0.312 ---
        python_calls=1 errors=0 tokens=2328 time=33.5s time_left=416.4s
        source=streaming confidence=1.0 stop=max_turns
        vboxed_checkpoints: turn2=24

        [Turn 1 CODE]
        >>> Code:
            sum([2,3,4,6,8,12,24])
            
        >>> Output:
            59
            

    --- Attempt 10 [CORRECT] answer=59 expected=59 temp=0.5 entropy=0.351 ---
        python_calls=1 errors=0 tokens=2359 time=33.7s time_left=416.2s
        source=streaming confidence=1.0 stop=max_turns

        [Turn 1 CODE]
        >>> Code:
            sum([2,3,4,6,8,12,24])
            
        >>> Output:
            59
            

    --- Attempt 3 [CORRECT] answer=59 expected=59 temp=0.5 entropy=0.341 ---
        python_calls=4 errors=0 tokens=2372 time=34.0s time_left=416.0s
        source=streaming confidence=1.0 stop=max_turns
        Libraries: import math

        [Turn 1 CODE]
        >>> Code:
            def good(n):
                for k in range(1,n):
                    if math.gcd(k,n)==1:
                        if (k*k-1)%n!=0:
                            return False
                return True
            
            import math
            good_vals=[n for n in range(2,201) if good(n)]
            good_vals[:50]
            
        >>> Output:
            [2, 3, 4, 6, 8, 12, 24]
            

        [Turn 2 CODE]
        >>> Code:
            good_vals=[n for n in range(2,501) if good(n)]
            good_vals
            
        >>> Output:
            [2, 3, 4, 6, 8, 12, 24]
            

        [Turn 3 CODE]
        >>> Code:
            sum([2,3,4,6,8,12,24])
            
        >>> Output:
            59
            

        [Turn 4 CODE]
        >>> Code:
            def check_n(n):
                for k in range(1,n):
                    if math.gcd(k,n)==1:
                        if (k*k-1)%n!=0:
                            return False,k
                return True,None
            
            for n in [24]:
                print(check_n(n))
            
        >>> Output:
            (True, None)
            

    --- Attempt 20 [CORRECT] answer=59 expected=59 temp=0.5 entropy=0.376 ---
        python_calls=2 errors=0 tokens=2393 time=33.9s time_left=415.7s
        source=streaming confidence=1.0 stop=max_turns
        Libraries: import math

        [Turn 1 CODE]
        >>> Code:
            sum([2,3,4,6,8,12,24])
            
        >>> Output:
            59
            

        [Turn 2 CODE]
        >>> Code:
            def works(n):
                for k in range(1, n):
                    if math.gcd(k,n)==1:
                        if (k*k-1)%n !=0:
                            return False
                return True
            
            import math
            vals=[n for n in range(2,101) if works(n)]
            vals
            
        >>> Output:
            [2, 3, 4, 6, 8, 12, 24]
            

    --- Attempt 22 [CORRECT] answer=59 expected=59 temp=0.5 entropy=0.348 ---
        python_calls=1 errors=0 tokens=2448 time=34.3s time_left=415.4s
        source=streaming confidence=1.0 stop=max_turns
        Libraries: import math

        [Turn 1 CODE]
        >>> Code:
            def works(n):
                for k in range(1, n):
                    if math.gcd(k, n) == 1:
                        if (k*k - 1) % n != 0:
                            return False
                return True
            
            import math
            vals = [n for n in range(2,201) if works(n)]
            vals
            
        >>> Output:
            [2, 3, 4, 6, 8, 12, 24]
            

    --- Attempt 15 [CORRECT] answer=59 expected=59 temp=0.5 entropy=0.386 ---
        python_calls=6 errors=0 tokens=2691 time=35.9s time_left=413.8s
        source=streaming confidence=1.0 stop=max_turns
        Libraries: import math

        [Turn 1 CODE]
        >>> Code:
            def works(n):
                import math
                for k in range(1,n):
                    if math.gcd(k,n)==1:
                        if (k*k-1)%n!=0:
                            return False
                return True
            
            [works(3), works(9), works(27), works(81)]
            
        >>> Output:
            [True, False, False, False]
            

        [Turn 2 CODE]
        >>> Code:
            [works(6), works(12), works(24), works(8*3), works(8*9)]
            
        >>> Output:
            [True, True, True, True, False]
            

        [Turn 3 CODE]
        >>> Code:
            works(32)
            
        >>> Output:
            False
            

        [Turn 4 CODE]
        >>> Code:
            candidates=[2,3,4,6,8,12,24]
            all(works(n) for n in candidates), [works(n) for n in candidates]
            
        >>> Output:
            True [True, True, True, True, True, True, True]
            

        [Turn 5 CODE]
        >>> Code:
            vals=[n for n in range(2,201) if works(n)]
            vals
            
        >>> Output:
            [2, 3, 4, 6, 8, 12, 24]
            

        [Turn 6 CODE]
        >>> Code:
            sum([2,3,4,6,8,12,24])
            
        >>> Output:
            59
            

    --- Attempt 1 [CORRECT] answer=59 expected=59 temp=0.5 entropy=0.335 ---
        python_calls=2 errors=0 tokens=2757 time=36.3s time_left=413.7s
        source=streaming confidence=1.0 stop=max_turns
        Libraries: import math

        [Turn 1 CODE]
        >>> Code:
            def works(n):
                for k in range(1,n):
                    if math.gcd(k,n)==1:
                        if (k*k -1) % n !=0:
                            return False
                return True
            
            import math
            candidates=[]
            for n in range(2,201):
                if works(n):
                    candidates.append(n)
            candidates[:50], len(candidates)
            
        >>> Output:
            [2, 3, 4, 6, 8, 12, 24] 7
            

        [Turn 2 CODE]
        >>> Code:
            sum([2,3,4,6,8,12,24])
            
        >>> Output:
            59
            

  Running: 3/4 (75%) | Elapsed: 1487s

================================================================================
  BATCH COMPLETE: SET_C — Wave 1 + Wave 2
  Score: 3/4 (75%)
  Time: 1487s
  Timing: min=128s  max=799s  median=422s
================================================================================
  torch GPU stats unavailable: 'torch._C._CudaDeviceProperties' object has no attribute 'total_mem'

================================================================================
  FINAL SUMMARY
================================================================================
  Score: 3/4 (75.0%)
  Total time: 1487s (24.8 min)

  ID       Status       Pred      Exp Votes                    Ans    Errs    Time
  ---      ---           ---      --- ---                      ---    ---      ---
  403988   OK          65537    65537 {65537: 24}              24     0       128s
  3eee67   OK          27290    27290 {27290: 24}              24     11      422s
  dccede   FAIL           22       44 {22: 20, 52: 16, 44: 4.. 45     29      799s
  2b401b   OK             59       59 {59: 23, 27: 1}          24     0       137s

  WRONG ANSWERS (1):
    dccede: predicted 22, expected 44, votes={22: 20, 52: 16, 44: 4, 48: 2, 12: 2, 20: 1}

  Correct answers avg time: 229s

================================================================================
