
=== PROBLEM MANIFEST ===
  Test set: set_d | Total: 1 problems
  IDs: ['dbd2be']
=== END MANIFEST ===

================================================================================
  BATCH: SET_D — Wave 2 only (1 problems)
  GPU mem: 0.0GB alloc / 0.0GB reserved
================================================================================

──────────────────────────────────────────────────────────────────────
  [1/1] Problem dbd2be | Expected: 10
──────────────────────────────────────────────────────────────────────

Problem: Find all ordered triples $(p, a, b)$ of a prime $p > 2$ and positive integers $a, b$ such that $a\le b$ and both $a^{p-1} + b$ and $b^{p-1} + a$ are powers of $p$.

Find the sum of all components in the answer tuple.


=== USER PROMPT (4151 chars) ===
Find all ordered triples $(p, a, b)$ of a prime $p > 2$ and positive integers $a, b$ such that $a\le b$ and both $a^{p-1} + b$ and $b^{p-1} + a$ are powers of $p$.

Find the sum of all components in the answer tuple. You have access to `math`, `numpy`, and `sympy` for:

# Symbolic Computation (sympy):
- Algebraic manipulation and simplification
- Solving equations and systems of equations
- Symbolic differentiation and integration
- Number theory functions (primes, divisors, modular arithmetic)
- Polynomial operations and factorization
- Working with mathematical expressions symbolically

# Numerical Computation (numpy):
- Array operations and linear algebra
- Efficient numerical calculations for large datasets
- Matrix operations and eigenvalue problems
- Statistical computations

# Mathematical Functions (math):
- Standard mathematical functions (trig, log, exp)
- Constants like pi and e
- Basic operations for single values

Best Practices:
- Use sympy for exact symbolic answers when possible
- Use numpy for numerical verification and large-scale computation
- Combine symbolic and numerical approaches: derive symbolically, verify numerically
- Document your computational strategy clearly
- Validate computational results against known cases or theoretical bounds
- For very large exponents (e.g. a^(n!)), use pow(base, exp, mod) or analytical methods — never materialize the full number

# Code Robustness Rules:
- Each code cell must be SELF-CONTAINED: re-import and re-define everything you need. If a previous cell errored, its definitions are LOST.
- Avoid sympy expressions that grow beyond a few hundred characters. If an expression is exploding, switch to numerical methods (numpy) or modular arithmetic.
- For geometry: prefer numpy coordinate models with brute-force verification over pure symbolic or direction-counting approaches.
- For number theory / functional equations: compute small cases first (n=1..20) to find patterns before attempting a proof. Brute-force exploration often reveals the structure.
- For combinatorics counting: always verify no duplicates — check injectivity explicitly.
- If 5+ code cells without progress, STOP and restart with a different approach.
- When using Python, prefer converting sympy expressions to int() before passing to Python builtins like pow(), min(), max().
- Common import: from sympy.ntheory.modular import crt (note: sympy.crt does not exist).
- If a code cell fails, re-import necessary libraries in the next cell.
- sympy.solve() often times out on complex systems. For polynomial systems with > 3 unknowns, prefer numerical methods (scipy fsolve/minimize) or manual algebraic reduction.
- Never call sympy.simplify() or sympy.expand() on expressions involving large binomials or products of many terms. Use float() first to check the numerical value.

# Library Availability:
NOT installed (do NOT import — they WILL fail): pulp, ortools, z3-solver, mip, pyscipopt, pysat, cvxpy, constraint, matplotlib, sklearn.
Do not waste turns trying these libraries or probing with try/except.

Available and recommended:
- sympy, numpy, scipy, networkx, mpmath, math, itertools, functools, fractions, collections, decimal, heapq, random, statistics

Replacements for unavailable optimization/constraint libraries:
- Integer/Binary Linear Programming (replaces pulp, mip, ortools):
  from scipy.optimize import milp, LinearConstraint, Bounds
  import numpy as np
  res = milp(c=c_vec, constraints=LinearConstraint(A, lb, ub),
             integrality=np.ones(n), bounds=Bounds(0, 1))
  # res.success, res.x (solution vector), res.fun (objective value)
- Linear Programming: scipy.optimize.linprog(c, A_ub=A, b_ub=b, method="highs")
- Assignment problems: scipy.optimize.linear_sum_assignment(cost_matrix)
- Graph algorithms (matching, shortest path, components): import networkx as nx
- Constraint satisfaction: encode as ILP via scipy.optimize.milp, or backtracking with pruning
- Number theory: sympy.ntheory or random (Monte Carlo verification)
- Geometry: fractions (exact rational) + sympy, avoid floating point
- Game theory/DP: functools.lru_cache for memoized recursion
=== END USER PROMPT ===

Budget: 450.00 seconds | Deadline: 1772960871.64 | TimeLeft: 17400s | Effort: always-high

  → Att 5 finished (answer=10, 6 turns) — submitting for summarization
  → Att 18 finished (answer=10, 10 turns) — submitting for summarization
  → Att 2 finished (answer=10, 4 turns) — submitting for summarization
  → Att 11 finished (answer=10, 8 turns) — submitting for summarization
  → Att 3 finished (answer=10, 5 turns) — submitting for summarization
  → Att 16 finished (answer=10, 10 turns) — submitting for summarization
  → Att 12 finished (answer=10, 8 turns) — submitting for summarization
  → Att 9 finished (answer=10, 14 turns) — submitting for summarization
  → Att 6 finished (answer=10, 9 turns) — submitting for summarization
  → Att 7 finished (answer=10, 9 turns) — submitting for summarization
  → Att 14 finished (answer=10, 11 turns) — submitting for summarization
  Summ Att 5: raw tail: ...\(p=3\) is \((3,2,5)\).  -------------------------------------------------------------------- ### 7.  Final answer  The unique ordered triple satisfying the conditions is    \[ (p,a,b)=(3,2,5). \]  The problem asks for the sum of all components of the answer tuple:  \[ 3+2+5=10. \]  \[ \boxed{10} \]
  Summ Att 5: OK | answer=10 | 3050→19615 chars | 138.3s
  → Att 13 finished (answer=10, 11 turns) — submitting for summarization
  → Att 10 finished (answer=10, 10 turns) — submitting for summarization
  → Att 4 finished (answer=10, 13 turns) — submitting for summarization
  → Att 8 finished (answer=10, 10 turns) — submitting for summarization
  → Att 19 finished (answer=10, 9 turns) — submitting for summarization
  Summ Att 18: raw tail: ...st be a positive power of \(3\).  Hence no further   solutions occur.  Thus the only ordered triple satisfying the original conditions is    \[ (p,a,b)=(3,2,5). \]  -------------------------------------------------------------------- ### 7.  Required sum  \[ p+a+b = 3+2+5 = 10 . \]  \[ \boxed{10} \]
  Summ Att 18: OK | answer=10 | 2901→28530 chars | 180.9s
  → Att 20 finished (answer=10, 6 turns) — submitting for summarization
  → Att 24 finished (answer=10, 11 turns) — submitting for summarization
  → Att 22 finished (answer=10, 13 turns) — submitting for summarization
  Summ Att 2: raw tail: ... solution for \(p=3\).  -------------------------------------------------------------------- ### 6.  Final answer  The unique ordered triple satisfying the conditions is    \[ \boxed{(p,a,b)=(3,2,5)} . \]  The problem asks for the sum of all components of the answer tuple:  \[ 3+2+5 = \boxed{10}. \]
  Summ Att 2: OK | answer=10 | 1531→23163 chars | 131.1s
  → Att 21 finished (answer=10, 13 turns) — submitting for summarization
  Summ Att 11: raw tail: ...exist.  Therefore the **only ordered triple** with \(a\le b\) is    \[ (p,a,b) = (3,2,5). \]  -------------------------------------------------------------------- ### 5.  Required sum    \[ p+a+b = 3+2+5 = 10 . \]  -------------------------------------------------------------------- \[ \boxed{10} \]
  Summ Att 11: OK | answer=10 | 4287→11833 chars | 56.6s
  → Att 15 finished (answer=10, 16 turns) — submitting for summarization
  → Att 17 finished (answer=10, 19 turns) — submitting for summarization
  → Att 1 finished (answer=10, 26 turns) — submitting for summarization
  Summ Att 16: raw tail: ...------------------------------------------------ ### 6.  The unique solution  The only ordered triple satisfying the original conditions is    \[ \boxed{(p,a,b)=(3,2,5)} . \]  -------------------------------------------------------------------- ### 7.  Required sum  \[ p+a+b = 3+2+5 = \boxed{10}. \]
  Summ Att 16: OK | answer=10 | 4325→23244 chars | 88.9s
  Summ Att 3: raw tail: ...uad 5^{2}+2=27=3^{3}. \]  -------------------------------------------------------------------- ### 7.  Conclusion  The unique ordered triple satisfying the conditions is    \[ \boxed{(p,a,b)=(3,2,5)} . \]  The problem asks for the sum of all components of the answer tuple:  \[ 3+2+5 = \boxed{10}. \]
  Summ Att 3: OK | answer=10 | 2315→26532 chars | 100.4s

=== STREAMING SUMMARIES: collecting 23 summaries ===
R1 finished in 451s | 23 valid answers | 23 summaries submitted
  6/23 already done before collection
  Summ Att 12: raw tail: ...ple \((3,2,5)\) is the **unique** ordered triple satisfying the requirements.  -------------------------------------------------------------------- ### 6.  Required sum  The problem asks for the sum of all components of the solution tuple(s).  There is only one:  \[ 3+2+5 = 10 . \]  \[ \boxed{10} \]
  Summ Att 12: OK | answer=10 | 4369→14361 chars | 35.8s
  Summ Att 9: raw tail: ...}+2=27=3^{3}, \]  so \((p,a,b)=(3,2,5)\) indeed satisfies the original conditions.  -------------------------------------------------------------------- ### 5.  Answer  The only ordered triple is    \[ (p,a,b)=(3,2,5). \]  The required sum of the components is    \[ 3+2+5 = 10 . \]  \[ \boxed{10} \]
  Summ Att 9: OK | answer=10 | 7568→21840 chars | 53.7s (input truncated)
  Summ Att 6: raw tail: ...=3\) the congruences force \(k=1,\;l=2\), hence \((a,b)=(2,5)\).  Therefore the triple    \[ \boxed{(3,2,5)} \]  is the **unique** ordered triple with the required property.  -------------------------------------------------------------------- ### 8.  Required sum  \[ 3+2+5=10 . \]  \[ \boxed{10} \]
  Summ Att 6: OK | answer=10 | 3430→25893 chars | 62.0s
  Summ Att 14: raw tail: ...power of \(3\) for \(u\ge2\).  Hence the only admissible \(u\) is \(1\).  Thus the **unique ordered triple** satisfying the conditions is    \[ (p,a,b)=(3,2,5). \]  -------------------------------------------------------------------- ### 6.  Required sum  \[ p+a+b = 3+2+5 = 10 . \]  \[ \boxed{10} \]
  Summ Att 14: OK | answer=10 | 5171→11264 chars | 28.0s
  Summ Att 7: raw tail: ...ed{(p,a,b)=(3,2,5)} . \]  Both conditions are satisfied:  \[ 2^{2}+5=9=3^{2},\qquad 5^{2}+2=27=3^{3}. \]  -------------------------------------------------------------------- ### 8.  Required sum  The problem asks for the sum of all components of the answer tuple:  \[ 3+2+5=10 . \]  \[ \boxed{10} \]
  Summ Att 7: OK | answer=10 | 6037→30867 chars | 74.9s (input truncated)
  Summ Att 13: raw tail: ...nd indeed    \[ 2^{2}+5=9=3^{2},\qquad 5^{2}+2=27=3^{3}. \]  Thus the **only ordered triple** with \(a\le b\) satisfying the conditions is    \[ (p,a,b)=(3,2,5). \]  -------------------------------------------------------------------- ### 6.  Required sum  \[ p+a+b = 3+2+5 = 10. \]  \[ \boxed{10} \]
  Summ Att 13: OK | answer=10 | 7318→16188 chars | 38.3s (input truncated)
  Summ Att 10: raw tail: ...--------------------------------------------------------- ### 6.  The unique triple  The only ordered triple satisfying all conditions is    \[ (p,a,b)=(3,2,5). \]  -------------------------------------------------------------------- ### 7.  Required sum  \[ p+a+b = 3+2+5 = 10 . \]  \[ \boxed{10} \]
  Summ Att 10: OK | answer=10 | 5234→19475 chars | 47.0s
  Summ Att 4: raw tail: ... \(k\ge3^{2}-u^{2}>0\); a direct check shows that   \(v^{2}-u-2k\) is never a power of \(3\).  Therefore the **only ordered triple** is    \[ (p,a,b)=(3,2,5). \]  -------------------------------------------------------------------- ### 6.  Required sum    \[ p+a+b = 3+2+5 = 10 . \]  \[ \boxed{10} \]
  Summ Att 4: OK | answer=10 | 5372→22131 chars | 53.6s
  Summ Att 8: raw tail: ...-1=5, \] and a direct check shows    \[ 2^{2}+5=9=3^{2},\qquad 5^{2}+2=27=3^{3}. \]  Hence the unique ordered triple satisfying the problem is    \[ (p,a,b)=(3,2,5). \]  -------------------------------------------------------------------- ### 6.  Required sum  \[ p+a+b=3+2+5=10. \]  \[ \boxed{10} \]
  Summ Att 8: OK | answer=10 | 6202→25859 chars | 61.8s (input truncated)
  Summ Att 19: raw tail: ...---------------------- ### 6.  The unique triple  Collecting the results:  \[ (p,a,b) = (3,2,5) \]  is the sole ordered triple satisfying the problem’s conditions.  -------------------------------------------------------------------- ### 7.  Required sum  \[ p+a+b = 3+2+5 = 10 . \]  \[ \boxed{10} \]
  Summ Att 19: OK | answer=10 | 3126→15640 chars | 37.5s
  Summ Att 20: raw tail: ...3\) is    \[ (p,a,b)=(3,2,5). \]  -------------------------------------------------------------------- ### 6.  Answer  The unique ordered triple satisfying the conditions is    \[ \boxed{(3,\,2,\,5)} . \]  The problem asks for the sum of all components of the answer tuple:  \[ 3+2+5 = \boxed{10}. \]
  Summ Att 20: OK | answer=10 | 2511→14423 chars | 35.6s
  Summ Att 24: raw tail: ... above shows that any solution must have \(p=3\) and then forces \(m=1\), hence the triple \((3,2,5)\) is the **only** ordered triple with the required properties.  -------------------------------------------------------------------- ### 7.  Required sum  \[ p+a+b = 3+2+5 = 10 . \]  \[ \boxed{10} \]
  Summ Att 24: OK | answer=10 | 4637→18477 chars | 42.5s
  Summ Att 21: raw tail: ....  -------------------------------------------------------------------- ### 6.  The unique solution  \[ (p,a,b) = (3,2,5). \]  The problem asks for the sum of all components of the answer tuple:  \[ 3+2+5 = 10. \]  -------------------------------------------------------------------- \[ \boxed{10} \]
  Summ Att 21: OK | answer=10 | 3598→11856 chars | 29.2s
  Summary Att 22: failed — TimeoutError: 
  Summ Att 22: raw tail: ...2=27=3^{3}. \]  -------------------------------------------------------------------- ### 6.  The answer  The unique ordered triple satisfying the conditions is    \[ (p,a,b)=(3,2,5). \]  The problem asks for the sum of all components of the answer tuple:  \[ p+a+b = 3+2+5 = 10 . \]  \[ \boxed{10} \]
  Summ Att 22: OK | answer=10 | 6191→28676 chars | 69.2s (input truncated)
  Summ Att 15: raw tail: ...+2=27=3^{3}. \]  Both numbers are indeed powers of the prime \(3\).  -------------------------------------------------------------------- ### 6.  Answer required in the problem  The unique ordered triple is \((p,a,b)=(3,2,5)\).   The sum of all its components is    \[ 3+2+5=10 . \]  \[ \boxed{10} \]
  Summ Att 15: OK | answer=10 | 9050→13910 chars | 33.5s (input truncated)
  Summ Att 1: raw tail: ... unique triple  The only ordered triple satisfying the original conditions is    \[ \boxed{(p,a,b)=(3,2,5)}. \]  -------------------------------------------------------------------- ### 7.  Required sum    The problem asks for the sum of all components of the answer tuple:  \[ 3+2+5 = \boxed{10}. \]
  Summ Att 1: OK | answer=10 | 10922→17008 chars | 40.8s (input truncated)
  Summary Att 17: failed — TimeoutError: 
Summaries: 21/23 collected (waited 396.2s)
  Status: 21 ok, 0 mismatch, 0 skip-short, 0 error
  Avg summarization time: 65.3s | Avg compression ratio: 5.11
=== END STREAMING SUMMARIES ===

 Attempt  Response Length  Python Calls  Python Errors  Entropy  Temperature  Answer  Confidence        Source Stop_Reason  Successful_Code  Time_Remaining  Time
       5             4509             6              1    0.494          0.6      10         1.0     streaming   max_turns                5           376.2  73.7
      18             5094            10              0    0.495          0.6      10         1.0     streaming   max_turns               10           335.1 114.7
       2             7029             4              0    0.474          0.6      10         1.0     streaming   max_turns                4           329.9 120.1
      11             6035             8              0    0.468          0.6      10         1.0     streaming   max_turns                8           316.1 133.8
       3             7672             5              0    0.407          0.6      10         1.0     streaming   max_turns                5           311.8 138.2
      16             8377            10              0    0.522          0.6      10         1.0     streaming   max_turns               10           311.4 138.4
      12            10513             8              0    0.493          0.6      10         1.0     streaming   max_turns                8           275.0 174.9
       9            10686            13              0    0.448          0.6      10         0.7 final_channel   max_turns               13           272.4 177.6
       6            10597             9              0    0.504          0.6      10         1.0     streaming   max_turns                9           262.7 187.3
       7            10566             9              0    0.496          0.6      10         1.0     streaming   max_turns                9           261.2 188.8
      14            12244            11              0    0.503          0.6      10         1.0     streaming   max_turns               11           248.6 201.3
      13            13116            11              1    0.491          0.6      10         1.0     streaming   max_turns               10           236.4 213.5
      10            12571            10              0    0.412          0.6      10         1.0     streaming   max_turns               10           214.5 235.4
       4            16014            13              0    0.496          0.6      10         1.0     streaming   max_turns               13           193.8 256.2
       8            16811            10              2    0.499          0.6      10         1.0     streaming   max_turns                8           179.3 270.7
      19            13531             9              1    0.426          0.6      10         1.0     streaming   max_turns                8           167.3 282.5
      20            18210             6              2    0.506          0.6      10         1.0     streaming   max_turns                4           131.8 317.9
      24            20053            11              1    0.479          0.6      10         1.0     streaming   max_turns               10           130.8 318.9
      22            16559            13              0    0.521          0.6      10         1.0     streaming   max_turns               13           127.7 322.0
      21            19883            13              1    0.471          0.6      10         1.0     streaming   max_turns               12            99.6 350.2
      15            19574            16              6    0.433          0.6      10         1.0     streaming   max_turns               10            57.3 392.5
      17            28536            19              2    0.468          0.6      10         1.0     streaming   max_turns               17            21.6 428.2
       1            27577            25              4    0.424          0.6      10         0.7 final_channel   max_turns               21            16.1 433.9
      23            33801             8              1    0.451          0.6    <NA>         0.0      fallback   max_turns                7            -0.5 450.2
 Answer  Votes  Score
     10     23 48.656

Final Answer: 10 (votes: 23)


=== GENSELECT PHASE: launching dual judges ===
R1 answer: 10 (votes: 23/23)
Competing clusters: 1 ({10: 23})
Time elapsed: 847s | Time left: 16553s
  GPU [before-GenSelect]: alloc=0.0G reserved=0.0G free=85.0G total=85.0G
GenSelect-7B: fewer than 2 competing answers — skipping
GenSelect-120B: fewer than 2 competing answers — skipping
  GPU [after-GenSelect]: alloc=0.0G reserved=0.0G free=85.0G total=85.0G

=== 3-WAY DECISION ===
  majority:       10 (votes: 23/23)
  GenSelect-7B:   None (reasoning: 0 chars)
  GenSelect-120B: None (reasoning: 0 chars)
  GenSelect phase time: 0.0s
  Verdict: SOLE JUDGE — GenSelects inconclusive (1 valid), trusting majority 10
=== END 3-WAY DECISION ===

=== RERUN CHECK: top_votes=23, threshold=8, gs_disagrees=False, should_rerun=False ===

=== PROBLEM COMPLETE ===
Final answer: 10
Path: R1=10(v23) -> FINAL=10
Total time: 846.8s
Summaries: 21/21 clean | total summ time: 1370.7s (overlapped with R1)
Session: 847s elapsed, 16553s remaining, 0 problems left
=== END PROBLEM ===


  STATUS: CORRECT | Predicted: 10 | Expected: 10 | Time: 846.8s
  Votes: {10: 23} | Answers: 23 | Nones: 1 | Errors: 22

    --- Attempt 5 [CORRECT] answer=10 expected=10 temp=0.6 entropy=0.494 ---
        python_calls=6 errors=1 tokens=4509 time=73.7s time_left=376.2s
        source=streaming confidence=1.0 stop=max_turns
        Libraries: import sympy as sp

        [Turn 1 CODE [ERROR]]
        >>> Code:
            import sympy as sp
            
            def find_solutions(p_max=31, m_max=20, n_max=20):
                sols=[]
                for p in sp.primerange(3, p_max+1):
                    for m in range(1, m_max+1):
                        a = p*m - 1
                        for n in range(m, n_max+1):
                            b = p*n - 1
                            if a> b: continue
                            # compute a^{p-1}+b and b^{p-1}+a
                            X = pow(a, p-1) + b
                            Y = pow(b, p-1) + a
                            # check if powers of p
                            if sp.valuation(X, p) == sp.log(X, p) and sp.isprime(p):
                                # but we need X = p^k exactly, i.e., X is a power of p
                                # we can check if X is power of p:
                                if X == p**int(sp.log(X, p)):
                                    # same for Y
                                    if Y == p**int(sp.log(Y, p)):
                                        sols.append((p,a,b))
                return sols
            
            sols = find_solutions(p_max=31, m_max=10, n_max=10)
            sols[:20], len(sols)
            
        >>> Output:
            ---------------------------------------------------------------------------AttributeError                            Traceback (most recent call last)/tmp/ipykernel_729/3268372101.py in <cell line: 0>()
                 22     return sols
                 23 
            ---> 24 sols = find_solutions(p_max=31, m_max=10, n_max=10)
                 25 print(sols[:20], len(sols))
            /tmp/ipykernel_729/3268372101.py in find_solutions(p_max, m_max, n_max)
                 13                 Y = pow(b, p-1) + a
                 14                 # check if powers of p
            ---> 15                 if sp.valuation(X, p) == sp.log(X, p) and sp.isprime(p):
                 16                     # but we need X = p^k exactly, i.e., X is a power of p
                 17                     # we can check if X is power of p:
            AttributeError: module 'sympy' has no attribute 'valuation'

        [Turn 2 CODE]
        >>> Code:
            def is_power_of_p(n,p):
                if n<=0:
                    return False
                while n%p==0:
                    n//=p
                return n==1
            
            def find_solutions(p_max=31, m_max=30, n_max=30):
                sols=[]
                for p in sp.primerange(3, p_max+1):
                    for m in range(1, m_max+1):
                        a = p*m - 1
                        for n in range(m, n_max+1):
                            b = p*n - 1
                            X = pow(a, p-1) + b
                            Y = pow(b, p-1) + a
                            if is_power_of_p(X,p) and is_power_of_p(Y,p):
                                sols.append((p,a,b))
                return sols
            
            sols = find_solutions(p_max=31, m_max=30, n_max=30)
            sols, len(sols)
            
        >>> Output:
            [(3, 2, 5)] 1
            

        [Turn 3 CODE]
        >>> Code:
            sols = find_solutions(p_max=101, m_max=50, n_max=50)
            sols, len(sols)
            
        >>> Output:
            [(3, 2, 5)] 1
            

        [Turn 4 CODE]
        >>> Code:
            def find_solutions_for_p(p, m_max, n_max):
                sols=[]
                for m in range(1, m_max+1):
                    a = p*m - 1
                    for n in range(m, n_max+1):
                        b = p*n - 1
                        X = pow(a, p-1) + b
                        Y = pow(b, p-1) + a
                        if is_power_of_p(X,p) and is_power_of_p(Y,p):
                            sols.append((p,a,b))
                return sols
            
            sols_p3 = find_solutions_for_p(3, 2000, 2000)
            len(sols_p3), sols_p3[:10]
            
        >>> Output:
            1 [(3, 2, 5)]
            

        [Turn 5 CODE]
        >>> Code:
            sols_p5 = find_solutions_for_p(5, 500, 500)
            len(sols_p5), sols_p5[:5]
            
        >>> Output:
            0 []
            

        [Turn 6 CODE]
        >>> Code:
            sols_p7 = find_solutions_for_p(7, 200, 200)
            len(sols_p7)
            
        >>> Output:
            0
            

    --- Attempt 18 [CORRECT] answer=10 expected=10 temp=0.6 entropy=0.495 ---
        python_calls=10 errors=0 tokens=5094 time=114.7s time_left=335.1s
        source=streaming confidence=1.0 stop=max_turns
        Libraries: import sympy as sp

        [Turn 1 CODE]
        >>> Code:
            import sympy as sp
            
            def find_solutions(limit_p=50, limit_a=100, limit_b=100):
                sols=[]
                primes=list(sp.primerange(3, limit_p+1))
                for p in primes:
                    for a in range(1, limit_a+1):
                        for b in range(a, limit_b+1):
                            val1 = a**(p-1)+b
                            val2 = b**(p-1)+a
                            # check if powers of p
                            # compute exponent via log
                            if sp.isprime(p):
                                # check if val1 is p^k
                                if sp.valuation(val1, p) == sp.log(val1, p):
                                    # but need integer exponent
                                    # simpler: check if val1 is power of p
                                    if sp.is_power(val1, p):
                                        # sympy doesn't have is_power; we can loop exponent
                                        pass
            
        >>> Output:
            [WARN] No output. Use print() to see results.

        [Turn 2 CODE]
        >>> Code:
            def is_power_of(val, p):
                if val<1:
                    return False
                while val%p==0:
                    val//=p
                return val==1
            
            def find_solutions(limit_p=50, limit_a=100, limit_b=100):
                sols=[]
                primes=list(sp.primerange(3, limit_p+1))
                for p in primes:
                    for a in range(1, limit_a+1):
                        for b in range(a, limit_b+1):
                            val1 = a**(p-1)+b
                            val2 = b**(p-1)+a
                            if is_power_of(val1, p) and is_power_of(val2, p):
                                sols.append((p,a,b,val1,val2))
                return sols
            
            sols=find_solutions(50,50,50)
            sols[:20], len(sols)
            
        >>> Output:
            [(3, 2, 5, 9, 27)] 1
            

        [Turn 3 CODE]
        >>> Code:
            sols=find_solutions(100,200,200)
            len(sols)
            
        >>> Output:
            1
            

        [Turn 4 CODE]
        >>> Code:
            sols=find_solutions(31,1000,1000)
            len(sols)
            
        >>> Output:
            1
            

        [Turn 5 CODE]
        >>> Code:
            sols=find_solutions(101,2000,2000)
            len(sols)
            
        >>> Output:
            1
            

        [Turn 6 CODE]
        >>> Code:
            def check(p,a,b):
                return is_power_of(a**(p-1)+b,p) and is_power_of(b**(p-1)+a,p)
            
            p=5;a=4;b=369
            check(p,a,b)
            
        >>> Output:
            False
            

        [Turn 7 CODE]
        >>> Code:
            val2=b**(p-1)+a
            val2
            
        >>> Output:
            18539817925
            

        [Turn 8 CODE]
        >>> Code:
            def valuation(val,p):
                e=0
                while val%p==0:
                    val//=p
                    e+=1
                return e, val
            valuation(val2,5)
            
        >>> Output:
            (2, 741592717)
            

        [Turn 9 CODE]
        >>> Code:
            def solutions_p3(limit_t=20, limit_u=200):
                sols=[]
                p=3
                for t in range(1,limit_t+1):
                    for k in range(1,10):
                        u = 3**(k-1) - 3*t*t
                        if u<=0: continue
                        # compute l such that second equation holds
                        # need 3*u*u + t = 3^{l-1}
                        val = 3*u*u + t
                        # check if val is power of 3
                        if is_power_of(val,3):
                            # find exponent l-1
                            l_minus1=0
                            tmp=val
                            while tmp%3==0:
                                tmp//=3
                                l_minus1+=1
                            # l = l_minus1+1
                            a = 3*t
                            b = 3*u
                            # verify original equations
                            if check(3,a,b):
                                sols.append((a,b,k,l_minus1+1))
                return sols
            
            solutions_p3()
            
        >>> Output:
            []
            

        [Turn 10 CODE]
        >>> Code:
            sols=find_solutions(3,5000,5000)
            len(sols), sols[:5]
            
        >>> Output:
            1 [(3, 2, 5, 9, 27)]
            

    --- Attempt 2 [CORRECT] answer=10 expected=10 temp=0.6 entropy=0.474 ---
        python_calls=4 errors=0 tokens=7029 time=120.1s time_left=329.9s
        source=streaming confidence=1.0 stop=max_turns
        Libraries: import sympy as sp

        [Turn 1 CODE]
        >>> Code:
            import sympy as sp
            
            def find_solutions(p_max=50, a_max=200):
                sols=[]
                primes = list(sp.primerange(3, p_max+1))
                for p in primes:
                    for a in range(1, a_max+1):
                        for b in range(a, a_max+1):
                            X = pow(a, p-1) + b
                            Y = pow(b, p-1) + a
                            # check if X and Y are powers of p
                            # i.e., X = p**m for some m>=0
                            # we can check by repeatedly dividing by p
                            def is_power_of_p(n):
                                if n<1:
                                    return False
                                while n%p==0:
                                    n//=p
                                return n==1
                            if is_power_of_p(X) and is_power_of_p(Y):
                                sols.append((p,a,b))
                return sols
            
            sols=find_solutions(p_max=31, a_max=200)
            sols[:20], len(sols)
            
        >>> Output:
            [(3, 2, 5)] 1
            

        [Turn 2 CODE]
        >>> Code:
            sols=find_solutions(p_max=97, a_max=500)
            sols, len(sols)
            
        >>> Output:
            [(3, 2, 5)] 1
            

        [Turn 3 CODE]
        >>> Code:
            sols=find_solutions(p_max=13, a_max=2000)
            sols, len(sols)
            
        >>> Output:
            [(3, 2, 5)] 1
            

        [Turn 4 CODE]
        >>> Code:
            def solutions_p3(limit=20):
                sols=[]
                p=3
                for k in range(1,limit+1):
                    for l in range(k,limit+1):
                        a=3*k-1
                        b=3*l-1
                        X = a**(p-1)+b
                        Y = b**(p-1)+a
                        # check powers of 3
                        def is_pow3(n):
                            while n%3==0:
                                n//=3
                            return n==1
                        if is_pow3(X) and is_pow3(Y):
                            sols.append((p,a,b,k,l,X,Y))
                return sols
            
            solutions_p3(20)
            
        >>> Output:
            [(3, 2, 5, 1, 2, 9, 27)]
            

    --- Attempt 11 [CORRECT] answer=10 expected=10 temp=0.6 entropy=0.468 ---
        python_calls=8 errors=0 tokens=6035 time=133.8s time_left=316.1s
        source=streaming confidence=1.0 stop=max_turns
        vboxed_checkpoints: turn9=10, turn9=10, turn9=10, turn9=10, turn9=10, turn9=10
        Libraries: import sympy as sp

        [Turn 1 CODE]
        >>> Code:
            import sympy as sp
            
            def is_power_of_p(x, p):
                # x positive integer
                # return True if x is p^k for some k>=0
                if x <= 0:
                    return False
                # while divisible by p
                while x % p == 0:
                    x //= p
                return x == 1
            
            def find_solutions(limit_p=100, limit_a=200):
                sols=[]
                primes=list(sp.primerange(3, limit_p+1))
                for p in primes:
                    for a in range(1, limit_a+1):
                        # compute a^{p-1} maybe huge; but we can break early if exceeds some bound? Let's compute using pow with big ints.
                        a_pow = pow(a, p-1)
                        # then b = p^k - a_pow, must be positive integer.
                        # iterate possible k such that p^k > a_pow.
                        # Let's bound k such that p^k <= a_pow + limit_a (since b <= limit_a)
                        # Actually b may be up to limit_a; we can compute b candidate.
                        # We'll loop k up to maybe 10? Let's just compute p^k up to a_pow+limit_a.
                        max_k = 0
                        while pow(p, max_k) <= a_pow + limit_a:
                            max_k += 1
                        for k in range(max_k+1):
                            val = pow(p, k)
                            if val <= a_pow:
                                continue
                            b = val - a_pow
                            if b < a or b > limit_a: # ensure a <= b
                                continue
                            # check second condition
                            b_pow = pow(b, p-1)
                            # need b_pow + a is power of p
                            if is_power_of_p(b_pow + a, p):
                                sols.append((p,a,b))
                return sols
            
            sols=find_solutions(limit_p=50, limit_a=200)
            sols[:20], len(sols)
            
        >>> Output:
            [(3, 2, 5)] 1
            

        [Turn 2 CODE]
        >>> Code:
            sols=find_solutions(limit_p=200, limit_a=2000)
            sols, len(sols)
            
        >>> Output:
            [(3, 2, 5)] 1
            

        [Turn 3 CODE]
        >>> Code:
            sols=find_solutions(limit_p=200, limit_a=5000)
            sols, len(sols)
            
        >>> Output:
            [(3, 2, 5)] 1
            

        [Turn 4 CODE]
        >>> Code:
            def find_solutions_p3(limit_a=200000):
                p=3
                sols=[]
                for a in range(1, limit_a+1):
                    a_sq=a*a
                    # b = 3^k - a^2
                    # compute possible k such that b positive and integer
                    # we can compute k up to where 3^k - a^2 <= limit_a maybe
                    # but b may be larger than limit_a; we can just compute k up to some bound
                    max_k = int((a_sq+limit_a).bit_length()*2)  # not good
                    # Let's just loop k while 3^k - a^2 <= 10*limit_a maybe
                    k=0
                    while True:
                        val=3**k
                        if val > a_sq + 10*limit_a: # break after val far beyond
                            break
                        b = val - a_sq
                        if b>=a and b>0:
                            # check second condition
                            if is_power_of_p(b*b + a, 3):
                                sols.append((3,a,b))
                        k+=1
                return sols
            
            sols3=find_solutions_p3(50000)
            sols3[:10], len(sols3)
            
        >>> Output:
            [(3, 2, 5)] 1
            

        [Turn 5 CODE]
        >>> Code:
            sols3=find_solutions_p3(200000)
            len(sols3)
            
        >>> Output:
            1
            

        [Turn 6 CODE]
        >>> Code:
            def find_solutions_a1(limit_p=200, max_k=10):
                sols=[]
                for p in sp.primerange(3, limit_p+1):
                    for k in range(max_k+1):
                        b = p**k - 1
                        if b < 1:
                            continue
                        # need b^{p-1}+1 is power of p
                        if is_power_of_p(pow(b, p-1) + 1, p):
                            sols.append((p,1,b))
                return sols
            
            find_solutions_a1(200, 10)
            
        >>> Output:
            []
            

        [Turn 7 CODE]
        >>> Code:
            def find_equal_a_b(limit_p=200, limit_a=5000):
                sols=[]
                for p in sp.primerange(3, limit_p+1):
                    for a in range(1, limit_a+1):
                        val = pow(a, p-1) + a
                        if is_power_of_p(val, p):
                            sols.append((p,a,a))
                return sols
            
            find_equal_a_b(200,2000)
            
        >>> Output:
            []
            

        [Turn 8 CODE]
        >>> Code:
            def find_solutions_form(limit_p=200, max_k=20):
                sols=[]
                for p in sp.primerange(3, limit_p+1):
                    for k in range(1, max_k+1):
                        a = k*p - 1
                        a_pow = pow(a, p-1)
                        # compute b = p^alpha - a_pow, must be of form l*p -1
                        # Let's try alpha up to maybe 10
                        for alpha in range(1, 10):
                            val = p**alpha
                            if val <= a_pow:
                                continue
                            b = val - a_pow
                            if b <= 0:
                                continue
                            if (b+1) % p != 0:
                                continue
                            l = (b+1)//p
                            # check second condition
                            if is_power_of_p(pow(b, p-1) + a, p):
                                sols.append((p,a,b))
                return sols
            
            find_solutions_form(200, 20)
            
        >>> Output:
            [(3, 2, 5), (3, 5, 2)]
            

    --- Attempt 3 [CORRECT] answer=10 expected=10 temp=0.6 entropy=0.407 ---
        python_calls=5 errors=0 tokens=7672 time=138.2s time_left=311.8s
        source=streaming confidence=1.0 stop=max_turns
        vboxed_checkpoints: turn6=10, turn6=10, turn6=10, turn6=10, turn6=10, turn6=10, turn6=10
        Libraries: import sympy as sp

        [Turn 1 CODE]
        >>> Code:
            import sympy as sp
            
            def find_solutions(limit_p=50, limit_a=200):
                sols=[]
                primes=list(sp.primerange(3, limit_p+1))
                for p in primes:
                    # bound a,b maybe up to limit_a
                    for a in range(1, limit_a+1):
                        for b in range(a, limit_a+1):
                            X = pow(a, p-1) + b
                            Y = pow(b, p-1) + a
                            # check if powers of p
                            # compute exponent if X is power of p
                            # Use while division
                            def is_power(val):
                                if val<=0:
                                    return False, None
                                exp=0
                                while val%p==0:
                                    val//=p
                                    exp+=1
                                return val==1, exp
                            okX,expX=is_power(X)
                            okY,expY=is_power(Y)
                            if okX and okY:
                                sols.append((p,a,b,expX,expY))
                return sols
            
            sols=find_solutions(limit_p=31, limit_a=100)
            sols[:20], len(sols)
            
        >>> Output:
            [(3, 2, 5, 2, 3)] 1
            

        [Turn 2 CODE]
        >>> Code:
            sols=find_solutions(limit_p=101, limit_a=500)
            sols[:10], len(sols)
            
        >>> Output:
            [(3, 2, 5, 2, 3)] 1
            

        [Turn 3 CODE]
        >>> Code:
            sols=find_solutions(limit_p=31, limit_a=2000)
            len(sols)
            
        >>> Output:
            1
            

        [Turn 4 CODE]
        >>> Code:
            def find_equal(limit_p=101, limit_a=200):
                sols=[]
                for p in sp.primerange(3, limit_p+1):
                    for a in range(1, limit_a+1):
                        b=a
                        X=pow(a,p-1)+b
                        Y=pow(b,p-1)+a
                        okX = X%p==0 and (X//p).bit_length()>0 # not needed
                        # check power
                        def is_pow(val):
                            if val<=0: return False
                            while val%p==0:
                                val//=p
                            return val==1
                        if is_pow(X) and is_pow(Y):
                            sols.append((p,a))
                return sols
            
            find_equal(limit_p=101, limit_a=200)
            
        >>> Output:
            []
            

        [Turn 5 CODE]
        >>> Code:
            def solutions_p3(limit_m=20):
                sols=[]
                p=3
                for m in range(1,limit_m+1):
                    for n in range(m,limit_m+1):
                        X = 3*(3*m*m - 2*m + n)
                        Y = 3*(3*n*n - 2*n + m)
                        # check if powers of 3
                        def is_pow3(val):
                            if val<=0: return False
                            while val%3==0:
                                val//=3
                            return val==1
                        if is_pow3(X) and is_pow3(Y):
                            sols.append((m,n,X,Y))
                return sols
            
            solutions_p3(50)
            
        >>> Output:
            [(1, 2, 9, 27)]
            

    --- Attempt 16 [CORRECT] answer=10 expected=10 temp=0.6 entropy=0.522 ---
        python_calls=10 errors=0 tokens=8377 time=138.4s time_left=311.4s
        source=streaming confidence=1.0 stop=max_turns
        Libraries: import sympy as sp, math, itertools, sys, time, collections, functools, random, math, sys, itertools, collections, fractions, decimal, numpy as np

        [Turn 1 CODE]
        >>> Code:
            import sympy as sp, math, itertools, sys, time, collections, functools, random, math, sys, itertools, collections, fractions, decimal, numpy as np
        >>> Output:
            [WARN] No output. Use print() to see results.

        [Turn 2 CODE]
        >>> Code:
            def is_power_of_p(n, p):
                if n <= 0:
                    return False
                while n % p == 0:
                    n //= p
                return n == 1
            
            def find_solutions(p_max=50, a_max=200, b_max=200):
                sols = []
                primes = list(sp.primerange(3, p_max+1))
                for p in primes:
                    for a in range(1, a_max+1):
                        for b in range(a, b_max+1):
                            v1 = pow(a, p-1) + b
                            v2 = pow(b, p-1) + a
                            if is_power_of_p(v1, p) and is_power_of_p(v2, p):
                                sols.append((p, a, b, v1, v2))
                return sols
            
            sols = find_solutions(p_max=31, a_max=200, b_max=200)
            len(sols)
            
        >>> Output:
            1
            

        [Turn 3 CODE]
        >>> Code:
            sols
            
        >>> Output:
            [(3, 2, 5, 9, 27)]
            

        [Turn 4 CODE]
        >>> Code:
            def find_solutions(p_max=31, a_max=500, b_max=500):
                sols = []
                primes = list(sp.primerange(3, p_max+1))
                for p in primes:
                    for a in range(1, a_max+1):
                        a_pow = pow(a, p-1)
                        # we can bound b because a_pow+b must be p^k. So b must be less than p^{k} - a_pow.
                        # But we don't know k. We'll just iterate b >= a.
                        for b in range(a, b_max+1):
                            v1 = a_pow + b
                            if not is_power_of_p(v1, p):
                                continue
                            v2 = pow(b, p-1) + a
                            if is_power_of_p(v2, p):
                                sols.append((p, a, b))
                return sols
            
            sols = find_solutions(p_max=31, a_max=500, b_max=500)
            sols
            
        >>> Output:
            [(3, 2, 5)]
            

        [Turn 5 CODE]
        >>> Code:
            def find_solutions_caseA(p_max=101, u_max=20, v_max=20):
                sols = []
                for p in sp.primerange(3, p_max+1):
                    for u in range(1, u_max+1):
                        a = p*u - 1
                        for v in range(u, v_max+1):  # ensure a <= b
                            b = p*v - 1
                            if a <= 0 or b <= 0:
                                continue
                            v1 = pow(a, p-1) + b
                            v2 = pow(b, p-1) + a
                            if is_power_of_p(v1, p) and is_power_of_p(v2, p):
                                sols.append((p, a, b))
                return sols
            
            solsA = find_solutions_caseA(p_max=101, u_max=20, v_max=20)
            solsA
            
        >>> Output:
            [(3, 2, 5)]
            

        [Turn 6 CODE]
        >>> Code:
            def find_solutions_caseC(p_max=31, a_max=2000):
                sols = []
                for p in sp.primerange(3, p_max+1):
                    for a in range(p, a_max+1, p):
                        for b in range(a, a_max+1, p):
                            v1 = pow(a, p-1) + b
                            v2 = pow(b, p-1) + a
                            if is_power_of_p(v1, p) and is_power_of_p(v2, p):
                                sols.append((p, a, b))
                return sols
            
            solsC = find_solutions_caseC(p_max=31, a_max=2000)
            solsC[:10], len(solsC)
            
        >>> Output:
            [] 0
            

        [Turn 7 CODE]
        >>> Code:
            def solutions_p3(limit_u=20, limit_v=20):
                sols = []
                p=3
                for u in range(1, limit_u+1):
                    a = p*u -1
                    for v in range(u, limit_v+1):
                        b = p*v -1
                        M = v - 2*u + 3*u*u
                        N = u - 2*v + 3*v*v
                        if M>0 and N>0 and is_power_of_p(M, p) and is_power_of_p(N, p):
                            sols.append((u,v,M,N,a,b))
                return sols
            
            sols3 = solutions_p3(20,20)
            sols3[:10], len(sols3)
            
        >>> Output:
            [(1, 2, 3, 9, 2, 5)] 1
            

        [Turn 8 CODE]
        >>> Code:
            def search_general(p_max=31, u_max=5, v_max=5):
                sols = []
                for p in sp.primerange(3, p_max+1):
                    for u in range(1, u_max+1):
                        a = p*u - 1
                        for v in range(u, v_max+1):
                            b = p*v - 1
                            v1 = pow(a, p-1) + b
                            v2 = pow(b, p-1) + a
                            if is_power_of_p(v1, p) and is_power_of_p(v2, p):
                                sols.append((p, a, b, u, v))
                return sols
            
            search_general(31,5,5)
            
        >>> Output:
            [(3, 2, 5, 1, 2)]
            

        [Turn 9 CODE]
        >>> Code:
            def search_caseC(p, limit):
                sols=[]
                for a in range(p, limit+1, p):
                    for b in range(a, limit+1, p):
                        v1 = pow(a, p-1) + b
                        v2 = pow(b, p-1) + a
                        if is_power_of_p(v1, p) and is_power_of_p(v2, p):
                            sols.append((a,b))
                return sols
            
            search_caseC(3,200)
            
        >>> Output:
            []
            

        [Turn 10 CODE]
        >>> Code:
            def find_solutions_a1(p_max=31, k_max=6):
                sols=[]
                for p in sp.primerange(3, p_max+1):
                    for k in range(1, k_max+1):
                        b = p**k - 1
                        # ensure a <= b (1 <= b)
                        v2 = pow(b, p-1) + 1
                        if is_power_of_p(v2, p):
                            sols.append((p, 1, b, k))
                return sols
            
            find_solutions_a1(31,6)
            
        >>> Output:
            []
            

    --- Attempt 12 [CORRECT] answer=10 expected=10 temp=0.6 entropy=0.493 ---
        python_calls=8 errors=0 tokens=10513 time=174.9s time_left=275.0s
        source=streaming confidence=1.0 stop=max_turns
        Libraries: import sympy as sp

        [Turn 1 CODE]
        >>> Code:
            import sympy as sp
            
            def find_solutions(limit_p=50, limit_a=50):
                sols=[]
                primes=list(sp.primerange(3, limit_p+1))
                for p in primes:
                    for a in range(1, limit_a+1):
                        for b in range(a, limit_a+1):
                            X = pow(a, p-1) + b
                            Y = pow(b, p-1) + a
                            # check if powers of p
                            # compute exponent by checking if X is a power of p
                            # Use while dividing
                            def is_power_of_p(n):
                                if n < p:
                                    return False
                                while n % p == 0:
                                    n //= p
                                return n == 1
                            if is_power_of_p(X) and is_power_of_p(Y):
                                sols.append((p,a,b,X,Y))
                return sols
            
            sols=find_solutions(50,30)
            sols[:20], len(sols)
            
        >>> Output:
            [(3, 2, 5, 9, 27)] 1
            

        [Turn 2 CODE]
        >>> Code:
            def find_solutions(limit_p=31, limit_a=200):
                sols=[]
                primes=list(sp.primerange(3, limit_p+1))
                for p in primes:
                    for a in range(1, limit_a+1):
                        for b in range(a, limit_a+1):
                            X = pow(a, p-1) + b
                            Y = pow(b, p-1) + a
                            # quick check: both X and Y must be divisible by p
                            if X % p != 0 or Y % p != 0:
                                continue
                            # check power
                            def is_power_of_p(n):
                                while n % p == 0:
                                    n //= p
                                return n == 1
                            if is_power_of_p(X) and is_power_of_p(Y):
                                sols.append((p,a,b))
                return sols
            
            sols=find_solutions(31,200)
            sols, len(sols)
            
        >>> Output:
            [(3, 2, 5)] 1
            

        [Turn 3 CODE]
        >>> Code:
            sols=find_solutions(101,50)
            sols, len(sols)
            
        >>> Output:
            [(3, 2, 5)] 1
            

        [Turn 4 CODE]
        >>> Code:
            def find_solutions_p3(limit_a=2000):
                p=3
                sols=[]
                for a in range(1, limit_a+1):
                    for b in range(a, limit_a+1):
                        X = a**2 + b
                        Y = b**2 + a
                        # must be powers of 3
                        def is_power_of_3(n):
                            while n % 3 == 0:
                                n //= 3
                            return n == 1
                        if is_power_of_3(X) and is_power_of_3(Y):
                            sols.append((a,b))
                return sols
            
            sols3=find_solutions_p3(2000)
            len(sols3), sols3[:10]
            
        >>> Output:
            1 [(2, 5)]
            

        [Turn 5 CODE]
        >>> Code:
            def compute_M(p,s):
                return ((p*s - 1)**(p-1) - 1 + p*(p-1)*s)//(p**2)
            
            for p in [3,5,7]:
                for s in range(1,5):
                    print(p,s, compute_M(p,s))
            
        >>> Output:
            3 1 1
            3 2 4
            3 3 9
            3 4 16
            5 1 11
            5 2 264
            5 3 1539
            5 4 5216
            7 1 953
            7 2 98508
            7 3 1306125
            7 4 7906544
            

        [Turn 6 CODE]
        >>> Code:
            def find_solutions_via_s_t(p_max=31, s_max=20, t_max=20):
                sols=[]
                for p in sp.primerange(3, p_max+1):
                    for s in range(1, s_max+1):
                        for t in range(s, t_max+1):
                            a = p*s - 1
                            b = p*t - 1
                            # compute X,Y
                            X = a**(p-1) + b
                            Y = b**(p-1) + a
                            # check powers of p
                            def is_power_of_p(n):
                                while n % p == 0:
                                    n //= p
                                return n == 1
                            if is_power_of_p(X) and is_power_of_p(Y):
                                sols.append((p,a,b))
                return sols
            
            sols = find_solutions_via_s_t(31,10,10)
            sols
            
        >>> Output:
            [(3, 2, 5)]
            

        [Turn 7 CODE]
        >>> Code:
            def find_solutions_s1(p_max=101, t_max=500):
                sols=[]
                for p in sp.primerange(3, p_max+1):
                    s=1
                    a = p*s -1
                    for t in range(s, t_max+1):
                        b = p*t -1
                        X = a**(p-1) + b
                        Y = b**(p-1) + a
                        def is_power_of_p(n):
                            while n%p==0:
                                n//=p
                            return n==1
                        if is_power_of_p(X) and is_power_of_p(Y):
                            sols.append((p,a,b))
                return sols
            
            sols_s1=find_solutions_s1(101,2000)
            sols_s1[:10], len(sols_s1)
            
        >>> Output:
            [(3, 2, 5)] 1
            

        [Turn 8 CODE]
        >>> Code:
            def find_solutions_s_ge2(p_max=31, s_max=5, t_max=2000):
                sols=[]
                for p in sp.primerange(3, p_max+1):
                    for s in range(2, s_max+1):
                        a = p*s -1
                        for t in range(s, t_max+1):
                            b = p*t -1
                            X = a**(p-1) + b
                            Y = b**(p-1) + a
                            def is_power_of_p(n):
                                while n%p==0:
                                    n//=p
                                return n==1
                            if is_power_of_p(X) and is_power_of_p(Y):
                                sols.append((p,a,b))
                return sols
            
            sols_ge2=find_solutions_s_ge2(31,5,500)
            sols_ge2
            
        >>> Output:
            []
            

    --- Attempt 9 [CORRECT] answer=10 expected=10 temp=0.6 entropy=0.448 ---
        python_calls=13 errors=0 tokens=10686 time=177.6s time_left=272.4s
        source=final_channel confidence=0.7 stop=max_turns
        vboxed_checkpoints: turn12=10, turn14=10
        Libraries: import sympy as sp

        [Turn 1 CODE]
        >>> Code:
            import sympy as sp
            
            def find_solutions(limit_p=50, max_a=50, max_b=200, max_k=10):
                sols=[]
                primes = list(sp.primerange(3, limit_p+1))
                for p in primes:
                    # precompute powers of p up to some exponent
                    p_powers = [p**e for e in range(1, max_k+1)]
                    # Use dictionary for quick lookup: value->exponent
                    p_pow_dict = {p**e:e for e in range(1, max_k+1)}
                    for a in range(1, max_a+1):
                        a_term = a**(p-1)
                        # need a_term + b = p^k => b = p^k - a_term
                        # b positive integer, a<=b
                        for k, pk in enumerate(p_powers, start=1):
                            b = pk - a_term
                            if b < a or b <=0:
                                continue
                            # Now check second condition
                            b_term = b**(p-1)
                            # need b_term + a = p^l
                            # compute if b_term + a is a power of p within limit
                            val = b_term + a
                            # check if val is power of p
                            # find exponent l
                            # we can compute using log or repeated division
                            temp = val
                            l=0
                            while temp%p==0:
                                temp//=p
                                l+=1
                            if temp==1 and l>=1:
                                sols.append((p,a,b,k,l))
                return sols
            
            sols = find_solutions(limit_p=31, max_a=20, max_b=5000, max_k=8)
            sols[:20], len(sols)
            
        >>> Output:
            [(3, 2, 5, 2, 3)] 1
            

        [Turn 2 CODE]
        >>> Code:
            sols = find_solutions(limit_p=101, max_a=200, max_b=10000, max_k=12)
            sols, len(sols)
            
        >>> Output:
            [(3, 2, 5, 2, 3)] 1
            

        [Turn 3 CODE]
        >>> Code:
            sols_eq = []
            primes = list(sp.primerange(3, 101))
            for p in primes:
                for a in range(1,500):
                    val = a**(p-1) + a
                    # need val = p^k both ways, but both same condition.
                    # So need a**(p-1)+a = p^k.
                    temp=val
                    l=0
                    while temp%p==0:
                        temp//=p
                        l+=1
                    if temp==1 and l>=1:
                        sols_eq.append((p,a,l))
            sols_eq[:20], len(sols_eq)
            
        >>> Output:
            [] 0
            

        [Turn 4 CODE]
        >>> Code:
            def find_for_p(p, max_a=2000, max_k=12):
                sols=[]
                p_powers = [p**e for e in range(1, max_k+1)]
                for a in range(1, max_a+1):
                    a_term = a**(p-1)
                    for k, pk in enumerate(p_powers, start=1):
                        b = pk - a_term
                        if b < a or b <=0:
                            continue
                        b_term = b**(p-1)
                        val = b_term + a
                        # check power of p
                        temp = val
                        l=0
                        while temp%p==0:
                            temp//=p
                            l+=1
                        if temp==1 and l>=1:
                            sols.append((p,a,b,k,l))
                return sols
            
            sols3 = find_for_p(3, max_a=2000, max_k=12)
            sols3[:10], len(sols3)
            
        >>> Output:
            [(3, 2, 5, 2, 3)] 1
            

        [Turn 5 CODE]
        >>> Code:
            def find_a1(p, max_k=12):
                sols=[]
                for k in range(1, max_k+1):
                    b = p**k - 1
                    # need b^{p-1}+1 = p^l
                    val = b**(p-1) + 1
                    temp=val
                    l=0
                    while temp%p==0:
                        temp//=p
                        l+=1
                    if temp==1 and l>=1:
                        sols.append((p,1,b,k,l))
                return sols
            
            for p in [3,5,7,11,13,17,19,23]:
                print(p, find_a1(p, max_k=10))
            
        >>> Output:
            3 []
            5 []
            7 []
            11 []
            13 []
            17 []
            19 []
            23 []
            

        [Turn 6 CODE]
        >>> Code:
            def solutions_p3(limit_m=50):
                sols=[]
                for m in range(1, limit_m+1):
                    for n in range(m, limit_m+1):
                        U = 3*m*m - 2*m + n
                        V = 3*n*n - 2*n + m
                        # check if U and V are powers of 3
                        def is_pow3(x):
                            if x<=0:
                                return False
                            while x%3==0:
                                x//=3
                            return x==1
                        if is_pow3(U) and is_pow3(V):
                            # compute a,b
                            a = 3*m - 1
                            b = 3*n - 1
                            # compute k,l
                            k = 1 + int(sp.log(U,3))
                            l = 1 + int(sp.log(V,3))
                            sols.append((a,b,m,n,k,l))
                return sols
            
            sols3 = solutions_p3(100)
            sols3[:10], len(sols3)
            
        >>> Output:
            [(2, 5, 1, 2, 2, 3)] 1
            

        [Turn 7 CODE]
        >>> Code:
            def find_solutions_general(p, max_m=20):
                sols=[]
                for m in range(1, max_m+1):
                    for n in range(m, max_m+1):
                        # compute a,b
                        a = p*m - 1
                        b = p*n - 1
                        # compute S = a^{p-1} + b
                        S = pow(a, p-1) + b
                        T = pow(b, p-1) + a
                        # check if powers of p
                        def is_power(val):
                            if val<=0:
                                return False, None
                            e=0
                            while val%p==0:
                                val//=p
                                e+=1
                            return val==1, e
                        ok1, k = is_power(S)
                        ok2, l = is_power(T)
                        if ok1 and ok2:
                            sols.append((p,a,b,m,n,k,l))
                return sols
            
            sols_all=[]
            for p in [5,7,11,13,17,19,23,29,31]:
                sols = find_solutions_general(p, max_m=10)
                if sols:
                    sols_all.extend(sols)
            sols_all
            
        >>> Output:
            []
            

        [Turn 8 CODE]
        >>> Code:
            sols_all=[]
            for p in [5,7,11,13]:
                sols = find_solutions_general(p, max_m=50)
                if sols:
                    sols_all.extend(sols)
            sols_all
            
        >>> Output:
            []
            

        [Turn 9 CODE]
        >>> Code:
            def brute_p(p, max_m=30):
                sols=[]
                for m in range(1, max_m+1):
                    a = p*m - 1
                    for n in range(m, max_m+1):
                        b = p*n - 1
                        S = pow(a, p-1) + b
                        T = pow(b, p-1) + a
                        # check powers
                        def is_pow(val):
                            if val<=0:
                                return False, None
                            e=0
                            while val%p==0:
                                val//=p
                                e+=1
                            return val==1, e
                        ok1,k = is_pow(S)
                        ok2,l = is_pow(T)
                        if ok1 and ok2:
                            sols.append((p,a,b,m,n,k,l))
                return sols
            
            all_sols=[]
            for p in [3,5,7,11,13]:
                sols=brute_p(p, max_m=30)
                if sols:
                    all_sols.extend(sols)
            all_sols
            
        >>> Output:
            [(3, 2, 5, 1, 2, 2, 3)]
            

        [Turn 10 CODE]
        >>> Code:
            all_sols=[]
            for p in [5,7,11,13]:
                sols=brute_p(p, max_m=100)
                if sols:
                    print(p, sols[:5])
                    all_sols.extend(sols)
            len(all_sols)
            
        >>> Output:
            0
            

        [Turn 11 CODE]
        >>> Code:
            for p in [17,19,23,29]:
                sols=brute_p(p, max_m=60)
                print(p, len(sols))
            
        >>> Output:
            17 0
            19 0
            23 0
            29 0
            

        [Turn 12 CODE]
        >>> Code:
            def find_a1_up_to(p_max=100, k_max=8):
                sols=[]
                for p in sp.primerange(3, p_max+1):
                    for k in range(1, k_max+1):
                        b = p**k - 1
                        # check b positive
                        if b <= 0:
                            continue
                        val = b**(p-1) + 1
                        # check power of p
                        temp=val
                        while temp%p==0:
                            temp//=p
                        if temp==1:
                            # find exponent l
                            l=0
                            tmp=val
                            while tmp%p==0:
                                tmp//=p
                                l+=1
                            sols.append((p,1,b,k,l))
                return sols
            
            sols_a1=find_a1_up_to(200, k_max=10)
            sols_a1[:10], len(sols_a1)
            
        >>> Output:
            [] 0
            

        [Turn 13 CODE]
        >>> Code:
            def search_small_a(p_max=100, a_max=10, k_max=8):
                sols=[]
                for p in sp.primerange(3, p_max+1):
                    for a in range(1, a_max+1):
                        a_term = a**(p-1)
                        for k in range(1, k_max+1):
                            b = p**k - a_term
                            if b < a or b <=0:
                                continue
                            # second condition
                            val = b**(p-1) + a
                            # check power of p
                            temp=val
                            while temp%p==0:
                                temp//=p
                            if temp==1:
                                # find exponent l
                                l=0
                                tmp=val
                                while tmp%p==0:
                                    tmp//=p
                                    l+=1
                                sols.append((p,a,b,k,l))
                return sols
            
            sols_small = search_small_a(p_max=100, a_max=10, k_max=10)
            sols_small[:10], len(sols_small)
            
        >>> Output:
            [(3, 2, 5, 2, 3)] 1
            

        [Turn 14 REASONING] (11 chars)
        \Vboxed{10}

    --- Attempt 6 [CORRECT] answer=10 expected=10 temp=0.6 entropy=0.504 ---
        python_calls=9 errors=0 tokens=10597 time=187.3s time_left=262.7s
        source=streaming confidence=1.0 stop=max_turns
        Libraries: import sympy as sp

        [Turn 1 CODE]
        >>> Code:
            import sympy as sp
            
            def find_solutions(limit_p=50, limit_a=500):
                sols = []
                primes = list(sp.primerange(3, limit_p+1))
                for p in primes:
                    # bound for a,b maybe up to limit_a
                    for a in range(1, limit_a+1):
                        for b in range(a, limit_a+1):
                            X = pow(a, p-1) + b
                            Y = pow(b, p-1) + a
                            # check if both are powers of p
                            # compute p-adic valuation
                            def is_power_of_p(n):
                                if n <= 0:
                                    return False
                                # while n % p == 0:
                                #    n //= p
                                # return n == 1
                                # using sympy:
                                return sp.isprime(p) and sp.is_power(n, p) # maybe not correct
                            # Use while loop
                            def is_power_of_p2(n):
                                if n < 1:
                                    return False
                                while n % p == 0:
                                    n //= p
                                return n == 1
                            if is_power_of_p2(X) and is_power_of_p2(Y):
                                sols.append((p,a,b))
                return sols
            
            sols = find_solutions(50, 200)
            sols[:20], len(sols)
            
        >>> Output:
            [(3, 2, 5)] 1
            

        [Turn 2 CODE]
        >>> Code:
            sols = find_solutions(100, 1000)
            sols, len(sols)
            
        >>> Output:
            [(3, 2, 5)] 1
            

        [Turn 3 CODE]
        >>> Code:
            def find_solutions_kl(limit_p=50, max_k=10, max_l=10):
                sols = []
                for p in sp.primerange(3, limit_p+1):
                    for k in range(1, max_k+1):
                        a = k*p - 1
                        for l in range(k, max_l+1):
                            b = l*p - 1
                            X = pow(a, p-1) + b
                            Y = pow(b, p-1) + a
                            def is_power_of_p(n):
                                while n % p == 0:
                                    n //= p
                                return n == 1
                            if is_power_of_p(X) and is_power_of_p(Y):
                                sols.append((p,a,b,k,l))
                return sols
            
            sols = find_solutions_kl(100, 20, 20)
            sols
            
        >>> Output:
            [(3, 2, 5, 1, 2)]
            

        [Turn 4 CODE]
        >>> Code:
            sols = find_solutions_kl(13, 200, 200)
            sols[:10], len(sols)
            
        >>> Output:
            [(3, 2, 5, 1, 2)] 1
            

        [Turn 5 CODE]
        >>> Code:
            def find_solutions_kl_big(limit_p=50, max_k=500, max_l=500):
                sols=[]
                for p in sp.primerange(3, limit_p+1):
                    for k in range(1, max_k+1):
                        a = k*p - 1
                        for l in range(k, max_l+1):
                            b = l*p - 1
                            X = pow(a, p-1) + b
                            Y = pow(b, p-1) + a
                            def is_power_of_p(n):
                                while n % p == 0:
                                    n //= p
                                return n == 1
                            if is_power_of_p(X) and is_power_of_p(Y):
                                sols.append((p,k,l))
                return sols
            
            sols = find_solutions_kl_big(31, 200, 200)
            sols[:10], len(sols)
            
        >>> Output:
            [(3, 1, 2)] 1
            

        [Turn 6 CODE]
        >>> Code:
            sols = find_solutions_kl_big(13, 2000, 2000)
            len(sols)
            
        >>> Output:
            1
            

        [Turn 7 CODE]
        >>> Code:
            def find_solutions_for_p(p, max_k=500):
                sols=[]
                for k in range(1, max_k+1):
                    a = k*p - 1
                    for l in range(k, max_k+1):
                        b = l*p - 1
                        X = pow(a, p-1) + b
                        Y = pow(b, p-1) + a
                        def is_power_of_p(n):
                            while n % p == 0:
                                n //= p
                            return n == 1
                        if is_power_of_p(X) and is_power_of_p(Y):
                            sols.append((k,l))
                return sols
            
            sols5 = find_solutions_for_p(5, 200)
            sols5[:10], len(sols5)
            
        >>> Output:
            [] 0
            

        [Turn 8 CODE]
        >>> Code:
            sols5 = find_solutions_for_p(5, 2000)
            len(sols5)
            
        >>> Output:
            0
            

        [Turn 9 CODE]
        >>> Code:
            sols7 = find_solutions_for_p(7, 500)
            len(sols7)
            
        >>> Output:
            0
            

    --- Attempt 7 [CORRECT] answer=10 expected=10 temp=0.6 entropy=0.496 ---
        python_calls=9 errors=0 tokens=10566 time=188.8s time_left=261.2s
        source=streaming confidence=1.0 stop=max_turns
        vboxed_checkpoints: turn10=10, turn10=10, turn10=10, turn10=10, turn10=10, turn10=10, turn10=10, turn10=10, turn10=10, turn10=10, turn10=10, turn10=10, turn10=10
        Libraries: import sympy as sp

        [Turn 1 CODE]
        >>> Code:
            import sympy as sp
            
            def find_solutions(limit_p=100, limit_a=50):
                sols = []
                primes = list(sp.primerange(3, limit_p+1))
                for p in primes:
                    # bound for a,b: we can set max exponent maybe p-1? Actually we need to bound a,b.
                    # Let's set a,b up to limit_a for now.
                    for a in range(1, limit_a+1):
                        for b in range(a, limit_a+1):
                            # compute a^{p-1}+b, b^{p-1}+a
                            val1 = pow(a, p-1) + b
                            val2 = pow(b, p-1) + a
                            # check if both are powers of p
                            # Determine if val is p^k for integer k>=1
                            if val1 % p != 0 or val2 % p != 0:
                                continue
                            # compute k by repeated division
                            def is_power(val):
                                k=0
                                while val%p==0:
                                    val//=p
                                    k+=1
                                return (val==1, k)
                            ok1,k1 = is_power(val1)
                            ok2,k2 = is_power(val2)
                            if ok1 and ok2:
                                sols.append((p,a,b,k1,k2))
                return sols
            
            sols = find_solutions(limit_p=50, limit_a=30)
            len(sols), sols[:20]
            
        >>> Output:
            1 [(3, 2, 5, 2, 3)]
            

        [Turn 2 CODE]
        >>> Code:
            sols = find_solutions(limit_p=200, limit_a=200)
            len(sols)
            
        >>> Output:
            1
            

        [Turn 3 CODE]
        >>> Code:
            def find_solutions_for_p(p, max_a):
                sols=[]
                for a in range(1, max_a+1):
                    for b in range(a, max_a+1):
                        val1=pow(a,p-1)+b
                        val2=pow(b,p-1)+a
                        if val1%p!=0 or val2%p!=0:
                            continue
                        def is_power(val):
                            while val%p==0:
                                val//=p
                            return val==1
                        if is_power(val1) and is_power(val2):
                            sols.append((a,b))
                return sols
            
            for p in [3,5,7,11,13]:
                sols=find_solutions_for_p(p,5000)
                print(p,len(sols))
            
        >>> Output:
            3 1
            5 0
            7 0
            11 0
            13 0
            

        [Turn 4 CODE]
        >>> Code:
            def find_solutions_p3(limit):
                p=3
                sols=[]
                for a in range(1, limit+1):
                    a2=a*a
                    # we need a2 + b = 3^m, so b = 3^m - a2
                    # Since b >= a, we can bound m such that 3^m - a2 >= a.
                    # Let's compute possible m up to some bound.
                    # We'll just brute loop b.
                    for b in range(a, limit+1):
                        if a2 + b != 0 and (a2+b) % 3 ==0:
                            val1=a2+b
                            # check power of 3
                            v=val1
                            while v%3==0:
                                v//=3
                            if v!=1:
                                continue
                            # check other condition
                            if (b*b + a) % 3 !=0:
                                continue
                            v2=b*b + a
                            while v2%3==0:
                                v2//=3
                            if v2==1:
                                sols.append((a,b))
                return sols
            
            sols=find_solutions_p3(2000)
            sols[:10], len(sols)
            
        >>> Output:
            [(2, 5)] 1
            

        [Turn 5 CODE]
        >>> Code:
            def search(limit_p, max_a):
                sols=[]
                for p in sp.primerange(3, limit_p+1):
                    for a in range(1, max_a+1):
                        # compute a^{p-1}
                        a_pow = pow(a, p-1)
                        # b must be p^m - a_pow, for some m such that b positive.
                        # Let's bound m up to maybe 10? Because a_pow grows quickly.
                        # We'll just loop b up to max_a also.
                        for b in range(a, max_a+1):
                            b_pow=pow(b, p-1)
                            if (a_pow + b) % p !=0 or (b_pow + a) % p !=0:
                                continue
                            # check powers
                            def is_power(val):
                                while val%p==0:
                                    val//=p
                                return val==1
                            if is_power(a_pow+b) and is_power(b_pow+a):
                                sols.append((p,a,b))
                return sols
            
            sols=search(200,100)
            sols
            
        >>> Output:
            [(3, 2, 5)]
            

        [Turn 6 CODE]
        >>> Code:
            def solutions_p3(limit_a):
                sols=[]
                p=3
                # precompute powers of 3 up to maybe large enough
                max_pow=30  # 3^30 ~ 2e14
                powers=[3**i for i in range(1,max_pow+1)]
                for a in range(1, limit_a+1):
                    a2=a*a
                    for m,val in enumerate(powers, start=1):
                        if val <= a2:
                            continue
                        b = val - a2
                        if b < a:
                            continue
                        # check b^2 + a is power of 3
                        val2 = b*b + a
                        # check if power of 3
                        tmp=val2
                        while tmp%3==0:
                            tmp//=3
                        if tmp==1:
                            sols.append((a,b,m))
                return sols
            
            sols=solutions_p3(100000)
            len(sols), sols[:10]
            
        >>> Output:
            1 [(2, 5, 2)]
            

        [Turn 7 CODE]
        >>> Code:
            def test_a1(limit_p=200, max_m=10):
                sols=[]
                for p in sp.primerange(3, limit_p+1):
                    for m in range(1, max_m+1):
                        b = p**m - 1
                        if b < 1:
                            continue
                        # check condition b^{p-1}+1 is power of p
                        val = pow(b, p-1) + 1
                        # check if power of p
                        tmp = val
                        while tmp % p == 0:
                            tmp //= p
                        if tmp == 1:
                            sols.append((p,1,b,m))
                return sols
            
            test_a1()
            
        >>> Output:
            []
            

        [Turn 8 CODE]
        >>> Code:
            def test_a_pminus1(limit_p=200, max_m=6):
                sols=[]
                for p in sp.primerange(3, limit_p+1):
                    a = p-1
                    a_pow = pow(a, p-1)
                    for m in range(1, max_m+1):
                        b = p**m - a_pow
                        if b < a:
                            continue
                        # check second condition
                        val = pow(b, p-1) + a
                        tmp = val
                        while tmp % p == 0:
                            tmp //= p
                        if tmp == 1:
                            sols.append((p,a,b,m))
                return sols
            
            test_a_pminus1()
            
        >>> Output:
            [(3, 2, 5, 2)]
            

        [Turn 9 CODE]
        >>> Code:
            def test_a_multiple(limit_p=200, max_k=10, max_m=6):
                sols=[]
                for p in sp.primerange(3, limit_p+1):
                    for k in range(1, max_k+1):
                        a = p*k
                        a_pow = pow(a, p-1)
                        for m in range(1, max_m+1):
                            b = p**m - a_pow
                            if b < a:
                                continue
                            # check second condition
                            val = pow(b, p-1) + a
                            tmp = val
                            while tmp % p == 0:
                                tmp //= p
                            if tmp == 1:
                                sols.append((p,a,b,m))
                return sols
            
            test_a_multiple()
            
        >>> Output:
            []
            

    --- Attempt 14 [CORRECT] answer=10 expected=10 temp=0.6 entropy=0.503 ---
        python_calls=11 errors=0 tokens=12244 time=201.3s time_left=248.6s
        source=streaming confidence=1.0 stop=max_turns
        vboxed_checkpoints: turn7=10, turn7=10, turn7=10, turn7=10
        Libraries: import sympy as sp

        [Turn 1 CODE]
        >>> Code:
            import sympy as sp
            
            def is_power_of(n, p):
                # return exponent if n is power of p, else None
                if n <= 0:
                    return None
                exp = 0
                while n % p == 0:
                    n //= p
                    exp += 1
                if n == 1:
                    return exp
                else:
                    return None
            
            def find_solutions(limit_p=50, limit_u=20, limit_v=20):
                sols = []
                primes = list(sp.primerange(3, limit_p+1))
                for p in primes:
                    for u in range(1, limit_u+1):
                        a = p*u - 1
                        for v in range(u, limit_v+1):  # ensure a<=b => u<=v
                            b = p*v - 1
                            # compute a^{p-1}+b and b^{p-1}+a
                            val1 = pow(a, p-1) + b
                            val2 = pow(b, p-1) + a
                            e1 = is_power_of(val1, p)
                            e2 = is_power_of(val2, p)
                            if e1 is not None and e2 is not None:
                                sols.append((p, a, b, e1, e2, u, v))
                return sols
            
            sols = find_solutions(limit_p=50, limit_u=10, limit_v=10)
            len(sols), sols[:20]
            
        >>> Output:
            1 [(3, 2, 5, 2, 3, 1, 2)]
            

        [Turn 2 CODE]
        >>> Code:
            sols = find_solutions(limit_p=13, limit_u=100, limit_v=100)
            len(sols)
            
        >>> Output:
            1
            

        [Turn 3 CODE]
        >>> Code:
            sols = find_solutions(limit_p=31, limit_u=50, limit_v=50)
            len(sols)
            
        >>> Output:
            1
            

        [Turn 4 CODE]
        >>> Code:
            def find_equal_solutions(limit_p=50, limit_u=30):
                sols = []
                for p in sp.primerange(3, limit_p+1):
                    for u in range(1, limit_u+1):
                        a = p*u - 1
                        b = a
                        val1 = pow(a, p-1) + b
                        val2 = pow(b, p-1) + a
                        e1 = is_power_of(val1, p)
                        e2 = is_power_of(val2, p)
                        if e1 is not None and e2 is not None:
                            sols.append((p, a, b, e1, e2, u))
                return sols
            
            eq_sols = find_equal_solutions(limit_p=31, limit_u=200)
            eq_sols[:10], len(eq_sols)
            
        >>> Output:
            [] 0
            

        [Turn 5 CODE]
        >>> Code:
            def find_solutions_via_uv(limit_p=31, max_k=10):
                sols = []
                for p in sp.primerange(3, limit_p+1):
                    # compute T(u) function
                    def T(u):
                        total = 0
                        for i in range(2, p):
                            coeff = sp.binomial(p-1, i) * ((-1)**i) * (p**(i-2)) * (u**i)
                            total += coeff
                        return total
                    # precompute T values for u up to maybe p*max_k
                    max_u = p*max_k
                    T_cache = {u: int(T(u)) for u in range(1, max_u+1)}
                    for k in range(1, max_k+1):
                        for u in range(1, p*k):  # u positive, less than p*k (since v = p*k - u >0)
                            v = p*k - u
                            if u > v:  # enforce a<=b i.e., u<=v
                                continue
                            # compute a,b
                            a = p*u - 1
                            b = p*v - 1
                            # compute a^{p-1}+b and b^{p-1}+a
                            val1 = pow(a, p-1) + b
                            val2 = pow(b, p-1) + a
                            e1 = is_power_of(val1, p)
                            e2 = is_power_of(val2, p)
                            if e1 is not None and e2 is not None:
                                sols.append((p, a, b, e1, e2, u, v, k))
                return sols
            
            sols_uv = find_solutions_via_uv(limit_p=31, max_k=10)
            sols_uv[:10], len(sols_uv)
            
        >>> Output:
            [(3, 2, 5, 2, 3, 1, 2, 1)] 1
            

        [Turn 6 CODE]
        >>> Code:
            sols_uv = find_solutions_via_uv(limit_p=31, max_k=20)
            len(sols_uv)
            
        >>> Output:
            1
            

        [Turn 7 CODE]
        >>> Code:
            def compute_T(p, u):
                total = 0
                for i in range(2, p):
                    total += (-1)**i * sp.binomial(p-1, i) * (p**(i-2)) * (u**i)
                return int(total)
            
            for p in [3,5,7,11]:
                print("p=",p)
                for u in range(1,6):
                    print(u, compute_T(p,u))
                print()
            
        >>> Output:
            p= 3
            1 1
            2 4
            3 9
            4 16
            5 25
            
            p= 5
            1 11
            2 264
            3 1539
            4 5216
            5 13275
            
            p= 7
            1 953
            2 98508
            3 1306125
            4 7906544
            5 31526625
            
            p= 11
            1 82644629
            2 137850256020
            3 9304957907793
            4 178607291845328
            5 1742417514586125
            
            

        [Turn 8 CODE]
        >>> Code:
            def find_m2(p):
                sols = []
                for u in range(1,10):
                    a = p*u -1
                    for v in range(u,10):
                        b = p*v -1
                        if pow(a, p-1) + b == p**2:
                            if pow(b, p-1) + a == p**2: # both must be p^2? Actually m=n=2 maybe not required.
                                sols.append((a,b))
                return sols
            
            find_m2(5)
            
        >>> Output:
            []
            

        [Turn 9 CODE]
        >>> Code:
            def find_solutions_m2(limit_p=31, max_u=20):
                sols = []
                for p in sp.primerange(3, limit_p+1):
                    for u in range(1, max_u+1):
                        a = p*u -1
                        for v in range(u, max_u+1):
                            b = p*v -1
                            val1 = pow(a, p-1) + b
                            e1 = is_power_of(val1, p)
                            if e1 != 2:
                                continue
                            val2 = pow(b, p-1) + a
                            e2 = is_power_of(val2, p)
                            if e2 is not None:
                                sols.append((p,a,b,e1,e2))
                return sols
            
            find_solutions_m2(31, 30)
            
        >>> Output:
            [(3, 2, 5, 2, 3)]
            

        [Turn 10 CODE]
        >>> Code:
            def brute(limit_p=13, max_a=200):
                sols = []
                for p in sp.primerange(3, limit_p+1):
                    for a in range(1, max_a+1):
                        for b in range(a, max_a+1):
                            val1 = pow(a, p-1) + b
                            if not is_power_of(val1, p):
                                continue
                            val2 = pow(b, p-1) + a
                            if not is_power_of(val2, p):
                                continue
                            sols.append((p, a, b, is_power_of(val1,p), is_power_of(val2,p)))
                return sols
            
            brute_sols = brute(limit_p=13, max_a=200)
            brute_sols
            
        >>> Output:
            [(3, 2, 5, 2, 3)]
            

        [Turn 11 CODE]
        >>> Code:
            brute_sols = brute(limit_p=13, max_a=500)
            len(brute_sols)
            
        >>> Output:
            1
            

    --- Attempt 13 [CORRECT] answer=10 expected=10 temp=0.6 entropy=0.491 ---
        python_calls=11 errors=1 tokens=13116 time=213.5s time_left=236.4s
        source=streaming confidence=1.0 stop=max_turns
        Libraries: import sympy as sp, math, itertools, sys, time, functools, collections, math, random, decimal, fractions, itertools, collections, math, sys, itertools

        [Turn 1 CODE]
        >>> Code:
            import sympy as sp, math, itertools, sys, time, functools, collections, math, random, decimal, fractions, itertools, collections, math, sys, itertools
        >>> Output:
            [WARN] No output. Use print() to see results.

        [Turn 2 CODE]
        >>> Code:
            def find_solutions(p_max=50, a_max=200, b_max=200):
                sols = []
                primes = list(sp.primerange(3, p_max+1))
                for p in primes:
                    for a in range(1, a_max+1):
                        for b in range(a, b_max+1):
                            # compute a^{p-1}+b and b^{p-1}+a
                            val1 = pow(a, p-1) + b
                            val2 = pow(b, p-1) + a
                            # check if both are powers of p
                            # define function to check if n is power of p (including p^0=1)
                            def is_power_of_p(n):
                                if n < 1:
                                    return False
                                # while n%p==0
                                while n % p == 0:
                                    n //= p
                                return n == 1
                            if is_power_of_p(val1) and is_power_of_p(val2):
                                sols.append((p,a,b,val1,val2))
                return sols
            
            sols = find_solutions(p_max=31, a_max=200, b_max=200)
            len(sols), sols[:20]
            
        >>> Output:
            1 [(3, 2, 5, 9, 27)]
            

        [Turn 3 CODE]
        >>> Code:
            def find_solutions_case1(p_max=31, A_max=20, B_max=20):
                sols = []
                for p in sp.primerange(3, p_max+1):
                    for A in range(1, A_max+1):
                        a = p*A
                        for B in range(A, B_max+1): # a <= b -> pA <= pB => A <= B
                            b = p*B
                            val1 = pow(a, p-1) + b
                            val2 = pow(b, p-1) + a
                            # check if powers of p
                            def is_power_of_p(n):
                                while n % p == 0:
                                    n //= p
                                return n == 1
                            if is_power_of_p(val1) and is_power_of_p(val2):
                                sols.append((p,a,b))
                return sols
            
            find_solutions_case1(p_max=31, A_max=10, B_max=10)
            
        >>> Output:
            []
            

        [Turn 4 CODE]
        >>> Code:
            def find_solutions_AB(p_max=101, A_max=10, B_max=10):
                sols = []
                for p in sp.primerange(3, p_max+1):
                    for A in range(1, A_max+1):
                        a = p*A - 1
                        for B in range(A, B_max+1):
                            b = p*B - 1
                            val1 = pow(a, p-1) + b
                            val2 = pow(b, p-1) + a
                            # check if powers of p
                            def is_power_of_p(n):
                                while n % p == 0:
                                    n //= p
                                return n == 1
                            if is_power_of_p(val1) and is_power_of_p(val2):
                                sols.append((p,a,b))
                return sols
            
            find_solutions_AB(p_max=101, A_max=5, B_max=5)
            
        >>> Output:
            [(3, 2, 5)]
            

        [Turn 5 CODE]
        >>> Code:
            sols = find_solutions_AB(p_max=31, A_max=20, B_max=20)
            sols
            
        >>> Output:
            [(3, 2, 5)]
            

        [Turn 6 CODE]
        >>> Code:
            def find_solutions_AB_case1(p_max=31, A_max=20, B_max=20):
                sols = []
                for p in sp.primerange(3, p_max+1):
                    for A in range(1, A_max+1):
                        a = p*A
                        for B in range(A, B_max+1):
                            b = p*B
                            val1 = pow(a, p-1) + b
                            val2 = pow(b, p-1) + a
                            def is_power_of_p(n):
                                while n % p == 0:
                                    n //= p
                                return n == 1
                            if is_power_of_p(val1) and is_power_of_p(val2):
                                sols.append((p,a,b))
                return sols
            
            find_solutions_AB_case1(p_max=31, A_max=20, B_max=20)
            
        >>> Output:
            []
            

        [Turn 7 CODE]
        >>> Code:
            def C_of_A(p,A):
                total=0
                for i in range(2,p):
                    coeff = sp.binomial(p-1,i) * ((-1)**i) * (p**(i-2)) * (A**i)
                    total += coeff
                return total
            
            for p in [3,5,7,11]:
                for A in range(1,6):
                    print(p,A,C_of_A(p,A))
                print()
            
        >>> Output:
            3 1 1
            3 2 4
            3 3 9
            3 4 16
            3 5 25
            
            5 1 11
            5 2 264
            5 3 1539
            5 4 5216
            5 5 13275
            
            7 1 953
            7 2 98508
            7 3 1306125
            7 4 7906544
            7 5 31526625
            
            11 1 82644629
            11 2 137850256020
            11 3 9304957907793
            11 4 178607291845328
            11 5 1742417514586125
            
            

        [Turn 8 CODE]
        >>> Code:
            def is_power_of(n, p):
                if n < 1:
                    return False
                while n % p == 0:
                    n //= p
                return n == 1
            
            def find_candidates(p_max=31, A_max=10):
                cand = []
                for p in sp.primerange(3, p_max+1):
                    for A in range(1, A_max+1):
                        for B in range(A, A_max+1):
                            if (A+B) % p != 0:
                                continue
                            t = (A+B)//p
                            C_A = C_of_A(p,A)
                            C_B = C_of_A(p,B)
                            valA = C_A + (t - A)
                            valB = C_B + (t - B)
                            if is_power_of(valA, p) and is_power_of(valB, p):
                                cand.append((p,A,B,valA,valB))
                return cand
            
            candidates = find_candidates(p_max=31, A_max=10)
            candidates
            
        >>> Output:
            [(3, 1, 2, 1, 3)]
            

        [Turn 9 CODE]
        >>> Code:
            def find_solutions_AB_extended(p_max=13, A_max=50, B_max=50):
                sols = []
                for p in sp.primerange(3, p_max+1):
                    for A in range(1, A_max+1):
                        a = p*A - 1
                        for B in range(A, B_max+1):
                            b = p*B - 1
                            val1 = pow(a, p-1) + b
                            val2 = pow(b, p-1) + a
                            def is_power_of_p(n):
                                while n % p == 0:
                                    n //= p
                                return n == 1
                            if is_power_of_p(val1) and is_power_of_p(val2):
                                sols.append((p,a,b))
                return sols
            
            find_solutions_AB_extended(p_max=13, A_max=50, B_max=50)
            
        >>> Output:
            [(3, 2, 5)]
            

        [Turn 10 CODE [ERROR]]
        >>> Code:
            def find_solutions_case1_extended(p_max=13, A_max=30, B_max=30):
                sols = []
                for p in sp.primerange(3, p_max+1):
                    for A in range(1, A_max+1):
                        a = p*A
                        for B in range(A, B_max+1):
                            b = p*B
                            val1 = pow(a, p-1) + b
                            val2 = pow(b, p-1) + a
                            def is_power_of_p(n):
                                while n % p == 0:
                                    n //= p
                                return n == 1
                            if is_power_of_p(val1) and is_power_of_power(val2):
                                sols.append((p,a,b))
                return sols
            
            # define helper
            def is_power_of_power(n,p):
                while n % p == 0:
                    n //= p
                return n == 1
            
            find_solutions_case1_extended(p_max=13, A_max=30, B_max=30)
            
        >>> Output:
            ---------------------------------------------------------------------------TypeError                                 Traceback (most recent call last)/tmp/ipykernel_737/4201079557.py in <cell line: 0>()
                 22     return n == 1
                 23 
            ---> 24 find_solutions_case1_extended(p_max=13, A_max=30, B_max=30)
            /tmp/ipykernel_737/4201079557.py in find_solutions_case1_extended(p_max, A_max, B_max)
                 12                         n //= p
                 13                     return n == 1
            ---> 14                 if is_power_of_p(val1) and is_power_of_power(val2):
                 15                     sols.append((p,a,b))
                 16     return sols
            TypeError: is_power_of_power() missing 1 required positional argument: 'p'

        [Turn 11 CODE]
        >>> Code:
            def find_solutions_case1_extended(p_max=13, A_max=30, B_max=30):
                sols = []
                for p in sp.primerange(3, p_max+1):
                    for A in range(1, A_max+1):
                        a = p*A
                        for B in range(A, B_max+1):
                            b = p*B
                            val1 = pow(a, p-1) + b
                            val2 = pow(b, p-1) + a
                            def is_power_of_p(n):
                                while n % p == 0:
                                    n //= p
                                return n == 1
                            if is_power_of_p(val1) and is_power_of_p(val2):
                                sols.append((p,a,b))
                return sols
            
            find_solutions_case1_extended(p_max=13, A_max=30, B_max=30)
            
        >>> Output:
            []
            

    --- Attempt 10 [CORRECT] answer=10 expected=10 temp=0.6 entropy=0.412 ---
        python_calls=10 errors=0 tokens=12571 time=235.4s time_left=214.5s
        source=streaming confidence=1.0 stop=max_turns
        vboxed_checkpoints: turn11=10, turn11=10, turn11=10, turn11=10, turn11=10, turn11=10, turn11=10, turn11=10, turn11=10, turn11=10
        Libraries: import sympy as sp

        [Turn 1 CODE]
        >>> Code:
            import sympy as sp
            
            def find_solutions(limit_p=50, limit_a=200):
                sols=[]
                primes = list(sp.primerange(3, limit_p+1))
                for p in primes:
                    for a in range(1, limit_a+1):
                        for b in range(a, limit_a+1):
                            X = pow(a, p-1) + b
                            Y = pow(b, p-1) + a
                            # check if X and Y are powers of p
                            # compute p-adic valuation: if X is p^m
                            # Use while loop
                            def is_power_of_p(n):
                                if n<=0:
                                    return False
                                while n%p==0:
                                    n//=p
                                return n==1
                            if is_power_of_p(X) and is_power_of_p(Y):
                                sols.append((p,a,b))
                return sols
            
            sols = find_solutions(limit_p=31, limit_a=50)
            sols[:20], len(sols)
            
        >>> Output:
            [(3, 2, 5)] 1
            

        [Turn 2 CODE]
        >>> Code:
            sols = find_solutions(limit_p=101, limit_a=200)
            sols, len(sols)
            
        >>> Output:
            [(3, 2, 5)] 1
            

        [Turn 3 CODE]
        >>> Code:
            sols = find_solutions(limit_p=101, limit_a=500)
            sols, len(sols)
            
        >>> Output:
            [(3, 2, 5)] 1
            

        [Turn 4 CODE]
        >>> Code:
            def find_solutions(limit_p=200, limit_a=100):
                sols=[]
                primes = list(sp.primerange(3, limit_p+1))
                for p in primes:
                    for a in range(1, limit_a+1):
                        for b in range(a, limit_a+1):
                            X = pow(a, p-1) + b
                            Y = pow(b, p-1) + a
                            # quick check: if X%p !=0 then cannot be p^m for m>=1 unless X==1 (p^0)
                            # but X>1, so must be divisible by p.
                            if X % p != 0 or Y % p != 0:
                                continue
                            # check power
                            def is_power_of_p(n):
                                while n%p==0:
                                    n//=p
                                return n==1
                            if is_power_of_p(X) and is_power_of_p(Y):
                                sols.append((p,a,b))
                return sols
            
            sols = find_solutions(limit_p=200, limit_a=100)
            sols, len(sols)
            
        >>> Output:
            [(3, 2, 5)] 1
            

        [Turn 5 CODE]
        >>> Code:
            sols = find_solutions(limit_p=31, limit_a=1000)
            sols, len(sols)
            
        >>> Output:
            [(3, 2, 5)] 1
            

        [Turn 6 CODE]
        >>> Code:
            sols = find_solutions(limit_p=31, limit_a=2000)
            sols, len(sols)
            
        >>> Output:
            [(3, 2, 5)] 1
            

        [Turn 7 CODE]
        >>> Code:
            sols = find_solutions(limit_p=101, limit_a=2000)
            sols, len(sols)
            
        >>> Output:
            [(3, 2, 5)] 1
            

        [Turn 8 CODE]
        >>> Code:
            def compute_M(p, alpha):
                # K = ((p*alpha - 1)**(p-1) - 1)//p
                a = p*alpha - 1
                K = (a**(p-1) - 1)//p
                M = (K - (p-1)*alpha)//p
                return M
            
            def compute_N(p, beta):
                b = p*beta - 1
                L = (b**(p-1) - 1)//p
                N = (L - (p-1)*beta)//p
                return N
            
            def search_case(limit_p=31, max_alpha=20, max_k=10):
                sols=[]
                for p in sp.primerange(3, limit_p+1):
                    for alpha in range(1, max_alpha+1):
                        for k in range(0, max_k+1):
                            beta = alpha + k*p
                            # compute M,N
                            M = compute_M(p, alpha)
                            N = compute_N(p, beta)
                            # Now need integers m,n such that:
                            # alpha + k + M = p^{m-2}
                            # alpha + k*(p-1) + N = p^{n-2}
                            lhs1 = alpha + k + M
                            lhs2 = alpha + k*(p-1) + N
                            # check if lhs1 and lhs2 are powers of p (including 1)
                            def is_power_of_p(val):
                                if val<=0:
                                    return False
                                while val%p==0:
                                    val//=p
                                return val==1
                            if is_power_of_p(lhs1) and is_power_of_p(lhs2):
                                # compute m,n
                                m = 2
                                while p**(m-2) < lhs1:
                                    m+=1
                                n = 2
                                while p**(n-2) < lhs2:
                                    n+=1
                                # verify original equations
                                a = p*alpha - 1
                                b = p*beta - 1
                                X = a**(p-1) + b
                                Y = b**(p-1) + a
                                if X == p**m and Y == p**n:
                                    sols.append((p, a, b, m, n))
                return sols
            
            search_case(limit_p=31, max_alpha=20, max_k=5)
            
        >>> Output:
            []
            

        [Turn 9 CODE]
        >>> Code:
            def find_solutions_divisible(limit_p=50, limit_a=200):
                sols=[]
                for p in sp.primerange(3, limit_p+1):
                    for a1 in range(1, limit_a//p +1):
                        a = p*a1
                        for b1 in range(a1, limit_a//p +1):
                            b = p*b1
                            X = a**(p-1) + b
                            Y = b**(p-1) + a
                            def is_power_of_p(n):
                                while n%p==0:
                                    n//=p
                                return n==1
                            if is_power_of_p(X) and is_power_of_p(Y):
                                sols.append((p,a,b))
                return sols
            
            find_solutions_divisible(limit_p=31, limit_a=200)
            
        >>> Output:
            []
            

        [Turn 10 CODE]
        >>> Code:
            def find_solutions_mixed(limit_p=31, limit_a=200):
                sols=[]
                for p in sp.primerange(3, limit_p+1):
                    for a in range(1, limit_a+1):
                        for b in range(a, limit_a+1):
                            if (a%p==0) ^ (b%p==0): # exactly one divisible
                                X = a**(p-1) + b
                                Y = b**(p-1) + a
                                def is_power_of_p(n):
                                    while n%p==0:
                                        n//=p
                                    return n==1
                                if is_power_of_p(X) and is_power_of_p(Y):
                                    sols.append((p,a,b))
                return sols
            
            find_solutions_mixed(limit_p=31, limit_a=200)
            
        >>> Output:
            []
            

    --- Attempt 4 [CORRECT] answer=10 expected=10 temp=0.6 entropy=0.496 ---
        python_calls=13 errors=0 tokens=16014 time=256.2s time_left=193.8s
        source=streaming confidence=1.0 stop=max_turns
        Libraries: import math, itertools

        [Turn 1 CODE]
        >>> Code:
            import math, itertools
            
            def is_power_of_p(x, p):
                # returns exponent if x is power of p (>=1), else None
                if x < p:
                    return None
                exp = 0
                while x % p == 0:
                    x //= p
                    exp += 1
                return exp if x == 1 else None
            
            def find_solutions(limit_a=200, limit_p=50):
                sols = []
                primes = [p for p in range(3, limit_p+1) if all(p%q for q in range(2,int(p**0.5)+1))]
                for p in primes:
                    for a in range(1, limit_a+1):
                        for b in range(a, limit_a+1):
                            x = pow(a, p-1) + b
                            y = pow(b, p-1) + a
                            expx = is_power_of_p(x, p)
                            expy = is_power_of_p(y, p)
                            if expx is not None and expy is not None:
                                sols.append((p,a,b,expx,expy))
                return sols
            
            sols = find_solutions(limit_a=200, limit_p=31)
            sols[:20], len(sols)
            
        >>> Output:
            [(3, 2, 5, 2, 3)] 1
            

        [Turn 2 CODE]
        >>> Code:
            def find_solutions2(max_p=101, max_a=20):
                sols = []
                primes = [p for p in range(3, max_p+1) if all(p%q for q in range(2,int(p**0.5)+1))]
                for p in primes:
                    for a in range(1, max_a+1):
                        for b in range(a, max_a+1):
                            x = pow(a, p-1) + b
                            y = pow(b, p-1) + a
                            if is_power_of_p(x,p) and is_power_of_p(y,p):
                                sols.append((p,a,b))
                return sols
            
            sols2 = find_solutions2(101, 20)
            sols2, len(sols2)
            
        >>> Output:
            [(3, 2, 5)] 1
            

        [Turn 3 CODE]
        >>> Code:
            def find_solutions_uv(max_p=101, max_u=10, max_v=10):
                sols=[]
                primes=[p for p in range(3,max_p+1) if all(p%q for q in range(2,int(p**0.5)+1))]
                for p in primes:
                    for u in range(1,max_u+1):
                        a = p*u - 1
                        for v in range(u, max_v+1):  # ensure a<=b => u<=v
                            b = p*v - 1
                            x = pow(a, p-1) + b
                            y = pow(b, p-1) + a
                            if is_power_of_p(x,p) and is_power_of_p(y,p):
                                sols.append((p,a,b,u,v,is_power_of_p(x,p), is_power_of_p(y,p)))
                return sols
            
            sols_uv = find_solutions_uv(101, 10, 10)
            sols_uv[:10], len(sols_uv)
            
        >>> Output:
            [(3, 2, 5, 1, 2, 2, 3)] 1
            

        [Turn 4 CODE]
        >>> Code:
            def find_solutions_big(limit_p=13, limit_ab=1000):
                sols=[]
                primes=[p for p in range(3,limit_p+1) if all(p%q for q in range(2,int(p**0.5)+1))]
                for p in primes:
                    for a in range(1,limit_ab+1):
                        for b in range(a, limit_ab+1):
                            x=pow(a,p-1)+b
                            y=pow(b,p-1)+a
                            if is_power_of_p(x,p) and is_power_of_p(y,p):
                                sols.append((p,a,b))
                return sols
            
            sols_big=find_solutions_big(13, 1000)
            sols_big[:10], len(sols_big)
            
        >>> Output:
            [(3, 2, 5)] 1
            

        [Turn 5 CODE]
        >>> Code:
            def find_solutions_param(max_p=101, max_s=5, max_k=5):
                sols=[]
                primes=[p for p in range(3,max_p+1) if all(p%q for q in range(2,int(p**0.5)+1))]
                for p in primes:
                    for s in range(0,max_s+1):
                        a = p**(s+1) - 1
                        u = p**s
                        for k in range(0,max_k+1):
                            v = (p-1)*u + p*k
                            b = p*v - 1
                            if a> b: 
                                continue
                            x = pow(a, p-1) + b
                            y = pow(b, p-1) + a
                            if is_power_of_p(x,p) and is_power_of_p(y,p):
                                sols.append((p,a,b,s,k,is_power_of_p(x,p), is_power_of_p(y,p)))
                return sols
            
            sols_param = find_solutions_param(101,5,5)
            sols_param[:10], len(sols_param)
            
        >>> Output:
            [(3, 2, 5, 0, 0, 2, 3)] 1
            

        [Turn 6 CODE]
        >>> Code:
            def find_equal(limit_p=101, limit_a=200):
                sols=[]
                primes=[p for p in range(3,limit_p+1) if all(p%q for q in range(2,int(p**0.5)+1))]
                for p in primes:
                    for a in range(1,limit_a+1):
                        x = pow(a,p-1) + a
                        if is_power_of_p(x,p):
                            sols.append((p,a))
                return sols
            
            find_equal(101,200)[:20], len(find_equal(101,200))
            
        >>> Output:
            [] 0
            

        [Turn 7 CODE]
        >>> Code:
            def test_s_case(p, s, max_m=10):
                u = p**s
                a = p*u - 1  # = p^{s+1} -1
                sols=[]
                for m in range(2, max_m+1):
                    # compute v from earlier condition: v = (p-1)u + p*k, but we derived for s≥1, we need v ≡ (p-1)u (mod p)
                    # Let's search k small
                    for k in range(0,5):
                        v = (p-1)*u + p*k
                        b = p*v - 1
                        if a> b: continue
                        if is_power_of_p(pow(a,p-1)+b,p) and is_power_of_p(pow(b,p-1)+a,p):
                            sols.append((a,b,m,k))
                return sols
            
            test_s_case(3,1,10)
            
        >>> Output:
            []
            

        [Turn 8 CODE]
        >>> Code:
            def find_s1_solution(p, max_m=10):
                sols=[]
                a = p**2 -1  # s=1 => a = p^{2} -1
                for m in range(2, max_m+1):
                    # we need b such that a^{p-1}+b = p^m
                    # compute b = p^m - a^{p-1}
                    b = p**m - pow(a, p-1)
                    if b <=0: continue
                    # need b ≡ -1 mod p (since b = p*v -1)
                    if (b+1) % p != 0: continue
                    # also need b^{p-1}+a = power of p
                    if is_power_of_p(pow(b, p-1) + a, p):
                        v = (b+1)//p
                        sols.append((a,b,m,v))
                return sols
            
            find_s1_solution(3, max_m=10)
            
        >>> Output:
            []
            

        [Turn 9 CODE]
        >>> Code:
            find_s1_solution(3, max_m=20)
            
        >>> Output:
            []
            

        [Turn 10 CODE]
        >>> Code:
            find_s1_solution(5, max_m=15)
            
        >>> Output:
            []
            

        [Turn 11 CODE]
        >>> Code:
            def w_mod_p(p):
                w = ((p-1)**(p-1) - 1)//p
                return w % p
            
            for p in [3,5,7,11,13,17]:
                print(p, w_mod_p(p))
            
        >>> Output:
            3 1
            5 1
            7 1
            11 1
            13 1
            17 1
            

        [Turn 12 CODE]
        >>> Code:
            for p in [19,23,29,31,37,41,43,47]:
                print(p, w_mod_p(p))
            
        >>> Output:
            19 1
            23 1
            29 1
            31 1
            37 1
            41 1
            43 1
            47 1
            

        [Turn 13 CODE]
        >>> Code:
            def k0(p):
                w = ((p-1)**(p-1) - 1)//p
                return (w-1)//p
            
            for p in [3,5,7,11,13]:
                print(p, k0(p))
            
        >>> Output:
            3 0
            5 10
            7 952
            11 82644628
            13 52757990818
            

    --- Attempt 8 [CORRECT] answer=10 expected=10 temp=0.6 entropy=0.499 ---
        python_calls=10 errors=2 tokens=16811 time=270.7s time_left=179.3s
        source=streaming confidence=1.0 stop=max_turns
        vboxed_checkpoints: turn11=10
        Libraries: import sympy as sp

        [Turn 1 CODE [ERROR]]
        >>> Code:
            import sympy as sp
            
            def find_solutions(limit_p=50, limit_a=200):
                sols = []
                primes = list(sp.primerange(3, limit_p+1))
                for p in primes:
                    for a in range(1, limit_a+1):
                        for b in range(a, limit_a+1):
                            # compute a^{p-1}+b and b^{p-1}+a
                            val1 = pow(a, p-1) + b
                            val2 = pow(b, p-1) + a
                            # check if both are powers of p
                            # quick check: if not divisible by p, skip
                            if val1 % p != 0 or val2 % p != 0:
                                continue
                            # compute log base p
                            # check if val is p^k
                            # use while division
                            def is_power_of_p(x):
                                while x % p == 0:
                                    x //= p
                                return x == 1
                            if is_power_of_p(val1) and is_power_of_p(val2):
                                # compute exponents
                                m = sp.valuation(val1, p)
                                n = sp.valuation(val2, p)
                                sols.append((p, a, b, m, n))
                return sols
            
            sols = find_solutions(100, 200)
            len(sols)
            
        >>> Output:
            ---------------------------------------------------------------------------AttributeError                            Traceback (most recent call last)/tmp/ipykernel_647/1434940866.py in <cell line: 0>()
                 28     return sols
                 29 
            ---> 30 sols = find_solutions(100, 200)
                 31 print(len(sols))
            /tmp/ipykernel_647/1434940866.py in find_solutions(limit_p, limit_a)
                 23                 if is_power_of_p(val1) and is_power_of_p(val2):
                 24                     # compute exponents
            ---> 25                     m = sp.valuation(val1, p)
                 26                     n = sp.valuation(val2, p)
                 27                     sols.append((p, a, b, m, n))
            AttributeError: module 'sympy' has no attribute 'valuation'

        [Turn 2 CODE]
        >>> Code:
            def valuation(x, p):
                e = 0
                while x % p == 0:
                    x //= p
                    e += 1
                return e
            
            def find_solutions(limit_p=100, limit_a=200):
                sols = []
                primes = list(sp.primerange(3, limit_p+1))
                for p in primes:
                    for a in range(1, limit_a+1):
                        for b in range(a, limit_a+1):
                            val1 = pow(a, p-1) + b
                            val2 = pow(b, p-1) + a
                            if val1 % p != 0 or val2 % p != 0:
                                continue
                            if all(pow(p, valuation(v, p)) == v for v in (val1, val2)):
                                m = valuation(val1, p)
                                n = valuation(val2, p)
                                sols.append((p, a, b, m, n))
                return sols
            
            sols = find_solutions(100, 200)
            len(sols)
            
        >>> Output:
            1
            

        [Turn 3 CODE]
        >>> Code:
            sols[:10]
            
        >>> Output:
            [(3, 2, 5, 2, 3)]
            

        [Turn 4 CODE]
        >>> Code:
            sols = find_solutions(200, 500)
            sols
            
        >>> Output:
            [(3, 2, 5, 2, 3)]
            

        [Turn 5 CODE [ERROR]]
        >>> Code:
            def find_solutions_k_l(limit_p=100, max_k=20):
                sols = []
                for p in sp.primerange(3, limit_p+1):
                    for k in range(1, max_k+1):
                        a = k*p - 1
                        for l in range(k, max_k+1):
                            b = l*p - 1
                            # compute
                            val1 = pow(a, p-1) + b
                            val2 = pow(b, p-1) + a
                            # check powers of p
                            def is_power(x):
                                while x % p == 0:
                                    x //= p
                                return x == 1
                            if is_power(val1) and is_power(val2):
                                sols.append((p,k,l,a,b,sp.valuation(val1,p),sp.valuation(val2,p)))
                return sols
            
            sols_k_l = find_solutions_k_l(100, 20)
            sols_k_l[:10]
            
        >>> Output:
            ---------------------------------------------------------------------------AttributeError                            Traceback (most recent call last)/tmp/ipykernel_647/297246320.py in <cell line: 0>()
                 18     return sols
                 19 
            ---> 20 sols_k_l = find_solutions_k_l(100, 20)
                 21 print(sols_k_l[:10])
            /tmp/ipykernel_647/297246320.py in find_solutions_k_l(limit_p, max_k)
                 15                     return x == 1
                 16                 if is_power(val1) and is_power(val2):
            ---> 17                     sols.append((p,k,l,a,b,sp.valuation(val1,p),sp.valuation(val2,p)))
                 18     return sols
                 19 
            AttributeError: module 'sympy' has no attribute 'valuation'

        [Turn 6 CODE]
        >>> Code:
            def valuation(x,p):
                e=0
                while x%p==0:
                    x//=p
                    e+=1
                return e
            
            def find_solutions_k_l(limit_p=100, max_k=20):
                sols=[]
                for p in sp.primerange(3, limit_p+1):
                    for k in range(1, max_k+1):
                        a=k*p-1
                        for l in range(k, max_k+1):
                            b=l*p-1
                            val1=pow(a,p-1)+b
                            val2=pow(b,p-1)+a
                            if val1%p!=0 or val2%p!=0:
                                continue
                            if all(pow(p,valuation(v,p))==v for v in (val1,val2)):
                                sols.append((p,k,l,a,b,valuation(val1,p),valuation(val2,p)))
                return sols
            
            sols_k_l=find_solutions_k_l(100,20)
            sols_k_l
            
        >>> Output:
            [(3, 1, 2, 2, 5, 2, 3)]
            

        [Turn 7 CODE]
        >>> Code:
            def compute_T(k,p):
                T=0
                for i in range(2,p):
                    coeff = sp.binomial(p-1,i)
                    sign = (-1)**(p-1-i)
                    T += sign * coeff * (k**i) * (p**(i-2))
                return T
            
            def compute_Tprime(l,p):
                return compute_T(l,p)
            
            # test for p=3, k=1
            print(compute_T(1,3))
            
        >>> Output:
            1
            

        [Turn 8 CODE]
        >>> Code:
            print(compute_T(2,3))
            
        >>> Output:
            4
            

        [Turn 9 CODE]
        >>> Code:
            def find_solutions_k_s(limit_p=200, max_k=20, max_s=20):
                sols=[]
                for p in sp.primerange(3, limit_p+1):
                    for k in range(1, max_k+1):
                        for s in range(0, max_s+1):
                            l = (p-1)*k + p*s
                            a = k*p - 1
                            b = l*p - 1
                            # compute values
                            val1 = pow(a, p-1) + b
                            val2 = pow(b, p-1) + a
                            # check powers of p
                            if val1%p!=0 or val2%p!=0:
                                continue
                            if all(pow(p,valuation(v,p))==v for v in (val1,val2)):
                                sols.append((p,k,s,a,b,valuation(val1,p),valuation(val2,p)))
                return sols
            
            sols_ks = find_solutions_k_s(200,20,20)
            sols_ks
            
        >>> Output:
            [(3, 1, 0, 2, 5, 2, 3)]
            

        [Turn 10 CODE]
        >>> Code:
            def compute_T(k,p):
                T=0
                for i in range(2,p):
                    coeff = sp.binomial(p-1,i)
                    sign = (-1)**(p-1-i)
                    T += sign * coeff * (k**i) * (p**(i-2))
                return T
            
            for p in [5,7,11]:
                for k in [1,2]:
                    print(p,k,compute_T(k,p))
            
        >>> Output:
            5 1 11
            5 2 264
            7 1 953
            7 2 98508
            11 1 82644629
            11 2 137850256020
            

    --- Attempt 19 [CORRECT] answer=10 expected=10 temp=0.6 entropy=0.426 ---
        python_calls=9 errors=1 tokens=13531 time=282.5s time_left=167.3s
        source=streaming confidence=1.0 stop=max_turns
        Libraries: import sympy as sp

        [Turn 1 CODE]
        >>> Code:
            import sympy as sp
            
            def find_solutions(limit_p=50, limit_a=200):
                sols=[]
                primes=list(sp.primerange(3, limit_p+1))
                for p in primes:
                    # compute max exponent maybe to avoid overflow
                    # We'll compute a^{p-1}+b and b^{p-1}+a and check if they are powers of p.
                    for a in range(1, limit_a+1):
                        for b in range(a, limit_a+1):
                            X = pow(a, p-1) + b
                            Y = pow(b, p-1) + a
                            # check if X and Y are powers of p
                            # compute p-adic valuation
                            def is_power_of_p(n):
                                if n<=0:
                                    return False
                                # while n%p==0: n//=p
                                # return n==1
                                # faster: use sympy's integer_log?
                                k=0
                                while n%p==0:
                                    n//=p
                                    k+=1
                                return n==1
                            if is_power_of_p(X) and is_power_of_p(Y):
                                sols.append((p,a,b))
                return sols
            
            sols=find_solutions(50,200)
            sols[:20], len(sols)
            
        >>> Output:
            [(3, 2, 5)] 1
            

        [Turn 2 CODE]
        >>> Code:
            sols=find_solutions(100,500)
            sols, len(sols)
            
        >>> Output:
            [(3, 2, 5)] 1
            

        [Turn 3 CODE]
        >>> Code:
            sols=find_solutions(31,2000)
            sols, len(sols)
            
        >>> Output:
            [(3, 2, 5)] 1
            

        [Turn 4 CODE [ERROR]]
        >>> Code:
            sols=find_solutions(101,2000)
            sols, len(sols)
            
        >>> Output:
            [ERROR] Execution timed out after 30 seconds

        [Turn 5 CODE]
        >>> Code:
            def is_power_of_p(n,p):
                if n<=0: return False
                while n%p==0:
                    n//=p
                return n==1
            
            def find_solutions(limit_p=50, max_a=2000):
                sols=[]
                for p in sp.primerange(3, limit_p+1):
                    for a in range(1, max_a+1):
                        # compute a^{p-1} maybe huge, but we can early break if too large?
                        # We'll compute using pow with big ints.
                        a_pow = pow(a, p-1)
                        for b in range(a, max_a+1):
                            X = a_pow + b
                            if not is_power_of_p(X,p):
                                continue
                            Y = pow(b, p-1) + a
                            if is_power_of_p(Y,p):
                                sols.append((p,a,b))
                return sols
            
            sols=find_solutions(31,2000)
            sols[:10], len(sols)
            
        >>> Output:
            [(3, 2, 5)] 1
            

        [Turn 6 CODE]
        >>> Code:
            sols=find_solutions(61,500)
            sols, len(sols)
            
        >>> Output:
            [(3, 2, 5)] 1
            

        [Turn 7 CODE]
        >>> Code:
            def find_solutions_p3(limit_a=20000):
                p=3
                sols=[]
                for a in range(1, limit_a+1):
                    for b in range(a, limit_a+1):
                        X = a**(p-1) + b
                        Y = b**(p-1) + a
                        if is_power_of_p(X,p) and is_power_of_p(Y,p):
                            sols.append((a,b))
                return sols
            
            sols3=find_solutions_p3(2000)
            sols3[:10], len(sols3)
            
        >>> Output:
            [(2, 5)] 1
            

        [Turn 8 CODE]
        >>> Code:
            sols3=find_solutions_p3(20000)
            len(sols3)
            
        >>> Output:
            1
            

        [Turn 9 CODE]
        >>> Code:
            def find_solutions_general(limit_p=101, max_a=200):
                sols=[]
                for p in sp.primerange(3, limit_p+1):
                    for a in range(1, max_a+1):
                        a_pow = pow(a, p-1)
                        for b in range(a, max_a+1):
                            X = a_pow + b
                            if not is_power_of_p(X,p):
                                continue
                            Y = pow(b, p-1) + a
                            if is_power_of_p(Y,p):
                                sols.append((p,a,b))
                return sols
            
            sols=find_solutions_general(101,200)
            sols
            
        >>> Output:
            [(3, 2, 5)]
            

    --- Attempt 20 [CORRECT] answer=10 expected=10 temp=0.6 entropy=0.506 ---
        python_calls=6 errors=2 tokens=18210 time=317.9s time_left=131.8s
        source=streaming confidence=1.0 stop=max_turns
        vboxed_checkpoints: turn6=10, turn6=10, turn6=10, turn6=10, turn6=10, turn6=10, turn6=10, turn6=10, turn6=10, turn6=10, turn6=10, turn6=10, turn6=10, turn6=10, turn6=10, turn6=10, turn6=10, turn6=10, turn6=10, turn6=10, turn6=10, turn6=10
        Libraries: import math, itertools, sympy as sp, import sympy as sp

        [Turn 1 CODE]
        >>> Code:
            import sympy as sp
            
            def find_solutions(limit_p=50, limit_a=200, limit_b=200):
                sols=[]
                primes=[p for p in sp.primerange(3, limit_p+1)]
                for p in primes:
                    for a in range(1, limit_a+1):
                        for b in range(a, limit_b+1):
                            e1 = pow(a, p-1) + b
                            e2 = pow(b, p-1) + a
                            # check if both are powers of p
                            # power of p means e is p**k for some integer k>=1
                            # we can test by while dividing by p
                            def is_power_of_p(x):
                                if x<1:
                                    return False
                                while x%p==0:
                                    x//=p
                                return x==1
                            if is_power_of_p(e1) and is_power_of_p(e2):
                                sols.append((p,a,b))
                return sols
            
            sols=find_solutions(limit_p=50, limit_a=100, limit_b=100)
            sols[:20], len(sols)
            
        >>> Output:
            [(3, 2, 5)] 1
            

        [Turn 2 CODE]
        >>> Code:
            sols=find_solutions(limit_p=100, limit_a=500, limit_b=500)
            sols, len(sols)
            
        >>> Output:
            [(3, 2, 5)] 1
            

        [Turn 3 CODE [ERROR]]
        >>> Code:
            sols=find_solutions(limit_p=200, limit_a=2000, limit_b=2000)
            sols, len(sols)
            
        >>> Output:
            [ERROR] Execution timed out after 30 seconds

        [Turn 4 CODE [ERROR]]
        >>> Code:
            sols=find_solutions(limit_p=50, limit_a=2000, limit_b=2000)
            len(sols)
            
        >>> Output:
            ---------------------------------------------------------------------------NameError                                 Traceback (most recent call last)/tmp/ipykernel_2015/1180960477.py in <cell line: 0>()
            ----> 1 sols=find_solutions(limit_p=50, limit_a=2000, limit_b=2000)
                  2 print(len(sols))
            NameError: name 'find_solutions' is not defined

        [Turn 5 CODE]
        >>> Code:
            import math, itertools, sympy as sp
            
            def is_power_of_p(x, p):
                if x < 1:
                    return False
                while x % p == 0:
                    x //= p
                return x == 1
            
            def search(limit_p=50, max_k=10, max_l=10):
                sols=[]
                for p in sp.primerange(3, limit_p+1):
                    for k in range(0, max_k+1):
                        a = p*k - 1
                        if a <=0: continue
                        for l in range(k, max_l+1):  # enforce a <= b => pk-1 <= pl-1 => k <= l
                            b = p*l - 1
                            if b <=0: continue
                            if is_power_of_p(pow(a, p-1)+b, p) and is_power_of_p(pow(b, p-1)+a, p):
                                sols.append((p,a,b,k,l))
                return sols
            
            sols=search(limit_p=50, max_k=20, max_l=20)
            sols
            
        >>> Output:
            [(3, 2, 5, 1, 2)]
            

        [Turn 6 CODE]
        >>> Code:
            def compute_Q(p,k):
                Q=0
                for i in range(2,p):
                    Q += (-1)**i * sp.binomial(p-1,i) * (p**(i-2)) * (k**i)
                return Q
            
            for p in [5,7,11]:
                print(p, compute_Q(p,1))
            
        >>> Output:
            5 11
            7 953
            11 82644629
            

    --- Attempt 24 [CORRECT] answer=10 expected=10 temp=0.6 entropy=0.479 ---
        python_calls=11 errors=1 tokens=20053 time=318.9s time_left=130.8s
        source=streaming confidence=1.0 stop=max_turns
        vboxed_checkpoints: turn8=10, turn8=10, turn8=10, turn8=10, turn8=10, turn8=10, turn8=10, turn8=10, turn8=10, turn8=10, turn10=10, turn10=10, turn10=10, turn10=10, turn10=10, turn10=10, turn10=10, turn10=10, turn10=10, turn10=10, turn10=10, turn10=10, turn10=10, turn10=10, turn10=10, turn10=10
        Libraries: import sympy as sp

        [Turn 1 CODE [ERROR]]
        >>> Code:
            import sympy as sp
            
            def is_power_of_p(n, p):
                if n < 1:
                    return False
                while n % p == 0:
                    n //= p
                return n == 1
            
            def find_solutions(limit_p=50, limit_a=200):
                sols = []
                primes = list(sp.primerange(3, limit_p+1))
                for p in primes:
                    for a in range(1, limit_a+1):
                        for b in range(a, limit_a+1):
                            n1 = pow(a, p-1) + b
                            n2 = pow(b, p-1) + a
                            if is_power_of_p(n1, p) and is_power_of_p(n2, p):
                                # compute exponents
                                k = sp.valuation(n1, p)  # exponent of p in factorization
                                l = sp.valuation(n2, p)
                                sols.append((p,a,b,k,l))
                return sols
            
            sols = find_solutions(limit_p=31, limit_a=50)
            sols[:20], len(sols)
            
        >>> Output:
            ---------------------------------------------------------------------------AttributeError                            Traceback (most recent call last)/tmp/ipykernel_629/162253664.py in <cell line: 0>()
                 23     return sols
                 24 
            ---> 25 sols = find_solutions(limit_p=31, limit_a=50)
                 26 print(sols[:20], len(sols))
            /tmp/ipykernel_629/162253664.py in find_solutions(limit_p, limit_a)
                 18                 if is_power_of_p(n1, p) and is_power_of_p(n2, p):
                 19                     # compute exponents
            ---> 20                     k = sp.valuation(n1, p)  # exponent of p in factorization
                 21                     l = sp.valuation(n2, p)
                 22                     sols.append((p,a,b,k,l))
            AttributeError: module 'sympy' has no attribute 'valuation'

        [Turn 2 CODE]
        >>> Code:
            def exponent_of_p(n, p):
                e = 0
                while n % p == 0:
                    n //= p
                    e += 1
                return e
            
            def find_solutions(limit_p=50, limit_a=200):
                sols = []
                primes = list(sp.primerange(3, limit_p+1))
                for p in primes:
                    for a in range(1, limit_a+1):
                        for b in range(a, limit_a+1):
                            n1 = pow(a, p-1) + b
                            n2 = pow(b, p-1) + a
                            if is_power_of_p(n1, p) and is_power_of_p(n2, p):
                                k = exponent_of_p(n1, p)
                                l = exponent_of_p(n2, p)
                                sols.append((p,a,b,k,l))
                return sols
            
            sols = find_solutions(limit_p=31, limit_a=50)
            sols, len(sols)
            
        >>> Output:
            [(3, 2, 5, 2, 3)] 1
            

        [Turn 3 CODE]
        >>> Code:
            sols = find_solutions(limit_p=31, limit_a=200)
            sols, len(sols)
            
        >>> Output:
            [(3, 2, 5, 2, 3)] 1
            

        [Turn 4 CODE]
        >>> Code:
            sols = find_solutions(limit_p=101, limit_a=200)
            sols, len(sols)
            
        >>> Output:
            [(3, 2, 5, 2, 3)] 1
            

        [Turn 5 CODE]
        >>> Code:
            sols = find_solutions(limit_p=101, limit_a=500)
            sols, len(sols)
            
        >>> Output:
            [(3, 2, 5, 2, 3)] 1
            

        [Turn 6 CODE]
        >>> Code:
            def find_solutions_p3(limit_a=2000):
                p=3
                sols=[]
                for a in range(1, limit_a+1):
                    for b in range(a, limit_a+1):
                        n1=a*a+b
                        n2=b*b+a
                        if is_power_of_p(n1,p) and is_power_of_p(n2,p):
                            k=exponent_of_p(n1,p)
                            l=exponent_of_p(n2,p)
                            sols.append((a,b,k,l))
                return sols
            
            sols3=find_solutions_p3(500)
            sols3[:20], len(sols3)
            
        >>> Output:
            [(2, 5, 2, 3)] 1
            

        [Turn 7 CODE]
        >>> Code:
            sols3=find_solutions_p3(5000)
            len(sols3)
            
        >>> Output:
            1
            

        [Turn 8 CODE]
        >>> Code:
            def compute_C(p,m):
                C=0
                for i in range(2,p):
                    term = sp.binomial(p-1,i) * (p*m)**i * (-1)**(p-1-i)
                    # factor out p^2
                    C += term // (p**2)  # integer division
                return C
            
            def find_solutions_via_mn(limit_p=31, limit_mn=20):
                sols=[]
                for p in sp.primerange(3, limit_p+1):
                    for m in range(1, limit_mn+1):
                        a = p*m-1
                        for n in range(m, limit_mn+1): # ensure a<=b => m<=n
                            b = p*n-1
                            # compute a^{p-1}+b
                            n1 = pow(a, p-1) + b
                            n2 = pow(b, p-1) + a
                            if is_power_of_p(n1,p) and is_power_of_p(n2,p):
                                sols.append((p,m,n,a,b))
                return sols
            
            sols_mn = find_solutions_via_mn(limit_p=31, limit_mn=20)
            sols_mn[:10], len(sols_mn)
            
        >>> Output:
            [(3, 1, 2, 2, 5)] 1
            

        [Turn 9 CODE]
        >>> Code:
            def compute_D(p,n):
                D=0
                for i in range(2,p):
                    term = sp.binomial(p-1,i) * (p*n)**i * (-1)**(p-1-i)
                    D += term // (p**2)
                return D
            
            for p in [5,7,11]:
                print(p, compute_D(p,2))
            
        >>> Output:
            5 264
            7 98508
            11 137850256020
            

        [Turn 10 CODE]
        >>> Code:
            sols_mn_3=[]
            for m in range(0,10):
                for n in range(m,10):
                    lhs1 = 3*m*m + 4*m + n + 2
                    lhs2 = 3*n*n + 4*n + m + 2
                    if lhs1 in [1,3,9,27,81,243,729]:
                        if lhs2 in [1,3,9,27,81,243,729]:
                            sols_mn_3.append((m,n,lhs1,lhs2))
            sols_mn_3
            
        >>> Output:
            [(0, 1, 3, 9)]
            

        [Turn 11 CODE]
        >>> Code:
            solutions=[]
            for m in range(0,5):
                n = 79 - 3*m*m - 4*m
                if n>=m:
                    lhs2 = 3*n*n + 4*n + m + 2
                    if lhs2 in [1,3,9,27,81,243,729,2187]:
                        solutions.append((m,n,lhs2))
            solutions
            
        >>> Output:
            []
            

    --- Attempt 22 [CORRECT] answer=10 expected=10 temp=0.6 entropy=0.521 ---
        python_calls=13 errors=0 tokens=16559 time=322.0s time_left=127.7s
        source=streaming confidence=1.0 stop=max_turns
        Libraries: import sympy as sp

        [Turn 1 CODE]
        >>> Code:
            import sympy as sp
            
            def find_solutions(limit_a=200, limit_b=200, limit_p=50):
                sols=[]
                primes=[p for p in sp.primerange(3, limit_p+1)]
                for p in primes:
                    for a in range(1, limit_a+1):
                        for b in range(a, limit_b+1):
                            # compute a^(p-1)+b and b^(p-1)+a
                            x=pow(a, p-1)+b
                            y=pow(b, p-1)+a
                            # check if powers of p
                            # compute log base p integer?
                            if x%p!=0 or y%p!=0:
                                continue
                            # check if x is power of p
                            # use while division
                            def is_power(val):
                                while val%p==0:
                                    val//=p
                                return val==1
                            if is_power(x) and is_power(y):
                                sols.append((p,a,b))
                return sols
            
            sols=find_solutions(200,200,50)
            sols[:20], len(sols)
            
        >>> Output:
            [(3, 2, 5)] 1
            

        [Turn 2 CODE]
        >>> Code:
            sols=find_solutions(1000,1000,200)
            len(sols), sols[:10]
            
        >>> Output:
            1 [(3, 2, 5)]
            

        [Turn 3 CODE]
        >>> Code:
            sols=find_solutions(500,500,500)
            len(sols), sols[:10]
            
        >>> Output:
            1 [(3, 2, 5)]
            

        [Turn 4 CODE]
        >>> Code:
            def compute_A(p,u):
                A=0
                for k in range(2,p):
                    term = (-1)**k * sp.binomial(p-1,k) * p**(k-2) * u**k
                    A+=term
                return sp.simplify(A)
            
            for p in [3,5,7]:
                for u in range(1,5):
                    print(p,u, compute_A(p,u))
            
        >>> Output:
            3 1 1
            3 2 4
            3 3 9
            3 4 16
            5 1 11
            5 2 264
            5 3 1539
            5 4 5216
            7 1 953
            7 2 98508
            7 3 1306125
            7 4 7906544
            

        [Turn 5 CODE]
        >>> Code:
            def find_solutions_limit(p_max=50, a_max=5000, b_max=5000):
                sols=[]
                for p in sp.primerange(3, p_max+1):
                    for a in range(1, a_max+1):
                        # compute a^(p-1) maybe huge; if exceeds p**10 maybe break? We'll compute pow with limit.
                        # Use pow with large exponent may be huge but Python can handle big ints.
                        a_pow = pow(a, p-1)
                        # Since a_pow grows fast, we can break when a_pow > p**10 maybe? Not necessary.
                        for b in range(a, b_max+1):
                            x = a_pow + b
                            if x % p != 0:
                                continue
                            # check power of p
                            def is_power(val):
                                while val % p == 0:
                                    val //= p
                                return val == 1
                            if not is_power(x):
                                continue
                            y = pow(b, p-1) + a
                            if y % p != 0:
                                continue
                            if not is_power(y):
                                continue
                            sols.append((p,a,b))
                return sols
            
            sols=find_solutions_limit(31,2000,2000)
            sols[:10], len(sols)
            
        >>> Output:
            [(3, 2, 5)] 1
            

        [Turn 6 CODE]
        >>> Code:
            sols=find_solutions_limit(13,10000,10000)
            len(sols)
            
        >>> Output:
            1
            

        [Turn 7 CODE]
        >>> Code:
            def compute_A(p,u):
                A=0
                for k in range(2,p):
                    A+= (-1)**k * sp.binomial(p-1,k) * p**(k-2) * u**k
                return int(A)
            
            def possible_u(p, max_u=20):
                res=[]
                for u in range(1,max_u+1):
                    A=compute_A(p,u)
                    # compute k-u maybe small? k unknown; but we can compute minimal k-u? k = (u+v)/p >= u/p? Not helpful.
                    res.append((u,A))
                return res
            
            for p in [3,5,7,11]:
                print(p, possible_u(p,10)[:5])
            
        >>> Output:
            3 [(1, 1), (2, 4), (3, 9), (4, 16), (5, 25)]
            5 [(1, 11), (2, 264), (3, 1539), (4, 5216), (5, 13275)]
            7 [(1, 953), (2, 98508), (3, 1306125), (4, 7906544), (5, 31526625)]
            11 [(1, 82644629), (2, 137850256020), (3, 9304957907793), (4, 178607291845328), (5, 1742417514586125)]
            

        [Turn 8 CODE]
        >>> Code:
            def find_candidate_u(p, max_u=20):
                cand=[]
                for u in range(1,max_u+1):
                    A=compute_A(p,u)
                    # possible k-u ranges from -(some) to 0 maybe. Since k-u = (v - (p-1)u)/p, and v >= u, but v <=? Not bounded.
                    # However magnitude of k-u cannot exceed u? Let's bound: v >= u, so S=v-(p-1)u >= u-(p-1)u = -(p-2)u.
                    # So S >= -(p-2)u => k-u = S/p >= -(p-2)u/p > -u.
                    # So k-u > -u.
                    # So k-u in (-u,0] integer.
                    for delta in range(-u+1,1): # possible values of k-u
                        if A + delta <=0: continue
                        # check if A+delta is power of p
                        val=A+delta
                        while val%p==0:
                            val//=p
                        if val==1:
                            cand.append((u,delta,A))
                return cand
            
            for p in [3,5,7,11,13]:
                print(p, find_candidate_u(p,10))
            
        >>> Output:
            3 [(1, 0, 1), (2, -1, 4), (3, 0, 9), (9, 0, 81)]
            5 []
            7 []
            11 []
            13 []
            

        [Turn 9 CODE]
        >>> Code:
            def solutions_p3(limit_u=100):
                sols=[]
                p=3
                for u in range(1,limit_u+1):
                    for v in range(u,limit_u+1):
                        if (u+v)%3!=0:
                            continue
                        k=(u+v)//3
                        lhs1 = u*u + k - u
                        lhs2 = v*v + u - 2*k
                        # check powers of 3
                        def is_pow3(x):
                            if x<=0:
                                return False
                            while x%3==0:
                                x//=3
                            return x==1
                        if is_pow3(lhs1) and is_pow3(lhs2):
                            sols.append((u,v,k,lhs1,lhs2))
                return sols
            
            sols3=solutions_p3(200)
            len(sols3), sols3[:20]
            
        >>> Output:
            1 [(1, 2, 1, 1, 3)]
            

        [Turn 10 CODE]
        >>> Code:
            def A_u1(p):
                return ((p-1)**(p-1) - 1 + p*(p-1)) // (p**2)  # integer division? Should be exact.
            for p in [5,7,11,13,17]:
                print(p, A_u1(p))
            
        >>> Output:
            5 11
            7 953
            11 82644629
            13 52757990819
            17 63829564268891183
            

        [Turn 11 CODE]
        >>> Code:
            def find_u_candidates(p, max_u=50):
                cand=[]
                for u in range(1,max_u+1):
                    A=compute_A(p,u)
                    for d in range(0,u):
                        val=A-d
                        if val<=0: continue
                        # check if val is power of p
                        tmp=val
                        while tmp%p==0:
                            tmp//=p
                        if tmp==1:
                            cand.append((u,d,val))
                return cand
            
            for p in [5,7,11,13]:
                print(p, find_u_candidates(p,30)[:10])
            
        >>> Output:
            5 []
            7 []
            11 []
            13 []
            

        [Turn 12 CODE]
        >>> Code:
            for p in [5,7,11]:
                cand=find_u_candidates(p,200)
                print(p, len(cand))
            
        >>> Output:
            5 0
            7 0
            11 0
            

        [Turn 13 CODE]
        >>> Code:
            def brute_p(p, limit):
                sols=[]
                for a in range(p, limit+1, p):
                    for b in range(a, limit+1, p):
                        if pow(a, p-1)+b == 0:
                            continue
                        x=pow(a, p-1)+b
                        y=pow(b, p-1)+a
                        def is_power(val):
                            while val%p==0:
                                val//=p
                            return val==1
                        if is_power(x) and is_power(y):
                            sols.append((a,b))
                return sols
            
            print(brute_p(3,200))
            
        >>> Output:
            []
            

    --- Attempt 21 [CORRECT] answer=10 expected=10 temp=0.6 entropy=0.471 ---
        python_calls=13 errors=1 tokens=19883 time=350.2s time_left=99.6s
        source=streaming confidence=1.0 stop=max_turns
        vboxed_checkpoints: turn14=10, turn14=10, turn14=10, turn14=10, turn14=10
        Libraries: import sympy as sp

        [Turn 1 CODE]
        >>> Code:
            import sympy as sp
            
            def find_solutions(limit_p=50, limit_a=200):
                sols = []
                primes = list(sp.primerange(3, limit_p+1))
                for p in primes:
                    for a in range(1, limit_a+1):
                        for b in range(a, limit_a+1):
                            e1 = pow(a, p-1) + b
                            e2 = pow(b, p-1) + a
                            # check if both are powers of p
                            # compute v_p
                            def is_power_of_p(x):
                                # return exponent if power, else None
                                if x <= 0:
                                    return None
                                k = 0
                                while x % p == 0:
                                    x //= p
                                    k += 1
                                if x == 1:
                                    return k
                                else:
                                    return None
                            k1 = is_power_of_p(e1)
                            k2 = is_power_of_p(e2)
                            if k1 is not None and k2 is not None:
                                sols.append((p, a, b, k1, k2))
                return sols
            
            sols = find_solutions(limit_p=100, limit_a=100)
            sols[:20], len(sols)
            
        >>> Output:
            [(3, 2, 5, 2, 3)] 1
            

        [Turn 2 CODE]
        >>> Code:
            sols = find_solutions(limit_p=200, limit_a=500)
            sols[:10], len(sols)
            
        >>> Output:
            [(3, 2, 5, 2, 3)] 1
            

        [Turn 3 CODE]
        >>> Code:
            sols = find_solutions(limit_p=50, limit_a=2000)
            len(sols)
            
        >>> Output:
            1
            

        [Turn 4 CODE [ERROR]]
        >>> Code:
            sols = find_solutions(limit_p=200, limit_a=2000)
            len(sols)
            
        >>> Output:
            [ERROR] Execution timed out after 30 seconds

        [Turn 5 CODE]
        >>> Code:
            def is_power_of_p(x, p):
                if x <= 0:
                    return False
                while x % p == 0:
                    x //= p
                return x == 1
            
            def find_solutions_bruteforce(p_max, a_max):
                sols = []
                for p in sp.primerange(3, p_max+1):
                    for a in range(1, a_max+1):
                        for b in range(a, a_max+1):
                            e1 = pow(a, p-1) + b
                            e2 = pow(b, p-1) + a
                            if is_power_of_p(e1, p) and is_power_of_p(e2, p):
                                sols.append((p, a, b))
                return sols
            
            sols = find_solutions_bruteforce(13, 500)
            sols
            
        >>> Output:
            [(3, 2, 5)]
            

        [Turn 6 CODE]
        >>> Code:
            sols = find_solutions_bruteforce(13, 2000)
            sols
            
        >>> Output:
            [(3, 2, 5)]
            

        [Turn 7 CODE]
        >>> Code:
            sols = find_solutions_bruteforce(31, 200)
            sols
            
        >>> Output:
            [(3, 2, 5)]
            

        [Turn 8 CODE]
        >>> Code:
            def test_a_fixed(p, a, max_m=6):
                sols=[]
                for m in range(1, max_m+1):
                    b = pow(p,m) - pow(a,p-1)
                    if b<=0:
                        continue
                    e2 = pow(b, p-1) + a
                    if is_power_of_p(e2, p):
                        sols.append((p,a,b,m))
                return sols
            
            for p in [5,7,11,13]:
                print(p, test_a_fixed(p,2,6))
            
        >>> Output:
            5 []
            7 []
            11 []
            13 []
            

        [Turn 9 CODE]
        >>> Code:
            p=5
            a=4
            b=369
            e1 = a**(p-1)+b
            e2 = b**(p-1)+a
            e1, e2
            
        >>> Output:
            625 18539817925
            

        [Turn 10 CODE]
        >>> Code:
            def is_power_of_p_exp(x,p):
                if x<=0: return False
                exp=0
                while x%p==0:
                    x//=p
                    exp+=1
                return x==1,exp
            
            is_power_of_p_exp(e2,5)
            
        >>> Output:
            (False, 2)
            

        [Turn 11 CODE]
        >>> Code:
            import sympy as sp
            sp.factorint(e2)
            
        >>> Output:
            {5: 2, 17: 1, 5417: 1, 8053: 1}
            

        [Turn 12 CODE]
        >>> Code:
            def compute_Q(u,p):
                # compute Q such that (p*u -1)^{p-1} = 1 - (p-1)*p*u + p**2 * Q
                a = p*u - 1
                lhs = pow(a, p-1)
                Q = (lhs - 1 + (p-1)*p*u) // (p**2)
                return Q
            
            p=5
            u=1
            v=74
            Q_u = compute_Q(u,p)
            Q_v = compute_Q(v,p)
            Q_u, Q_v
            
        >>> Output:
            11 741592776
            

        [Turn 13 CODE]
        >>> Code:
            def find_solutions_uv(p_max, u_max):
                sols = []
                for p in sp.primerange(3, p_max+1):
                    for u in range(1, u_max+1):
                        a = p*u - 1
                        for v in range(u, u_max+1):  # ensure a <= b => u <= v
                            b = p*v - 1
                            e1 = pow(a, p-1) + b
                            e2 = pow(b, p-1) + a
                            if is_power_of_p(e1, p) and is_power_of_p(e2, p):
                                sols.append((p, a, b, u, v))
                return sols
            
            sols = find_solutions_uv(31, 20)
            sols
            
        >>> Output:
            [(3, 2, 5, 1, 2)]
            

    --- Attempt 15 [CORRECT] answer=10 expected=10 temp=0.6 entropy=0.433 ---
        python_calls=16 errors=6 tokens=19574 time=392.5s time_left=57.3s
        source=streaming confidence=1.0 stop=max_turns
        vboxed_checkpoints: turn17=10, turn17=10, turn17=10, turn17=10, turn17=10, turn17=10
        bells: {'notice': 3, 'urgent': 0, 'code_blocked': 0}
        Libraries: import sympy as sp

        [Turn 1 CODE]
        >>> Code:
            import sympy as sp
            
            def find_solutions(limit_p=50, limit_mn=10):
                sols=[]
                for p in sp.primerange(3, limit_p+1):
                    for m in range(1, limit_mn+1):
                        a = p*m - 1
                        for n in range(m, limit_mn+1): # a <= b
                            b = p*n - 1
                            # compute a^{p-1}+b, b^{p-1}+a
                            X = pow(a, p-1) + b
                            Y = pow(b, p-1) + a
                            # check if powers of p
                            if sp.isprime(p):
                                # check if X is power of p
                                if X>0 and sp.log(X, p).is_integer:
                                    if Y>0 and sp.log(Y, p).is_integer:
                                        sols.append((p,a,b,X,Y))
                return sols
            
            sols=find_solutions(50,5)
            sols[:20], len(sols)
            
        >>> Output:
            [(3, 2, 5, 9, 27)] 1
            

        [Turn 2 CODE]
        >>> Code:
            sols=find_solutions(100,20)
            len(sols), sols[:10]
            
        >>> Output:
            1 [(3, 2, 5, 9, 27)]
            

        [Turn 3 CODE [ERROR]]
        >>> Code:
            sols=find_solutions(200,100)
            len(sols)
            
        >>> Output:
            [ERROR] Execution timed out after 30 seconds

        [Turn 4 CODE [ERROR]]
        >>> Code:
            def compute_S_T(p,m,n):
                # a = p*m -1, b = p*n -1
                # compute S = n + (p-1) + p*U where U = sum_{i=2}^{p-1} binom(p-1,i) * (-p*m)^{i-1} / p
                # Let's compute directly using formula: S = ( (p*m-1)**(p-1) + (p*n-1) ) // p
                a = p*m - 1
                b = p*n - 1
                S = (a**(p-1) + b) // p
                T = (b**(p-1) + a) // p
                return S, T
            
            def find_small(p_max=20, m_max=10):
                sols=[]
                for p in sp.primerange(3,p_max+1):
                    for m in range(1,m_max+1):
                        for n in range(m,m_max+1):
                            a=p*m-1
                            b=p*n-1
                            X = a**(p-1)+b
                            Y = b**(p-1)+a
                            if X%p==0 and Y%p==0:
                                # compute S,T
                                S,T = compute_S_T(p,m,n)
                                # check if X and Y are powers of p
                                if sp.is_power(X, p) and sp.is_power(Y, p):
                                    sols.append((p,m,n,a,b,X,Y,S,T))
                return sols
            
            sols=find_small(20,10)
            sols
            
        >>> Output:
            ---------------------------------------------------------------------------AttributeError                            Traceback (most recent call last)/tmp/ipykernel_2142/1186748544.py in <cell line: 0>()
                 26     return sols
                 27 
            ---> 28 sols=find_small(20,10)
                 29 print(sols)
            /tmp/ipykernel_2142/1186748544.py in find_small(p_max, m_max)
                 22                     S,T = compute_S_T(p,m,n)
                 23                     # check if X and Y are powers of p
            ---> 24                     if sp.is_power(X, p) and sp.is_power(Y, p):
                 25                         sols.append((p,m,n,a,b,X,Y,S,T))
                 26     return sols
            AttributeError: module 'sympy' has no attribute 'is_power'

        [Turn 5 CODE]
        >>> Code:
            def is_power_of(n, p):
                if n < 1:
                    return False
                while n % p == 0:
                    n //= p
                return n == 1
            
            def find_small(p_max=20, m_max=10):
                sols=[]
                for p in sp.primerange(3,p_max+1):
                    for m in range(1,m_max+1):
                        for n in range(m,m_max+1):
                            a=p*m-1
                            b=p*n-1
                            X = a**(p-1)+b
                            Y = b**(p-1)+a
                            if is_power_of(X,p) and is_power_of(Y,p):
                                S,T = compute_S_T(p,m,n)
                                sols.append((p,m,n,a,b,X,Y,S,T))
                return sols
            
            sols=find_small(20,10)
            sols
            
        >>> Output:
            [(3, 1, 2, 2, 5, 9, 27, 3, 9)]
            

        [Turn 6 CODE]
        >>> Code:
            def find_solutions_limit(p_max=13, a_max=5000):
                sols=[]
                for p in sp.primerange(3,p_max+1):
                    for a in range(1,a_max+1):
                        # compute a^{p-1}
                        ap = pow(a, p-1)
                        # b must satisfy a^{p-1}+b = p^k => b = p^k - a^{p-1}
                        # So b must be positive integer, and also b^{p-1}+a must be power of p.
                        # Let's try k up to some bound where p^k > ap + a_max maybe.
                        # We'll just iterate b up to a_max as well.
                        for b in range(a, a_max+1):
                            X = ap + b
                            if not is_power_of(X,p):
                                continue
                            Y = pow(b, p-1) + a
                            if is_power_of(Y,p):
                                sols.append((p,a,b,X,Y))
                return sols
            
            sols=find_solutions_limit(13,2000)
            len(sols), sols[:10]
            
        >>> Output:
            1 [(3, 2, 5, 9, 27)]
            

        [Turn 7 CODE]
        >>> Code:
            def find_solutions(p_max=31, a_max=5000, k_max=10):
                sols=[]
                for p in sp.primerange(3, p_max+1):
                    for a in range(1, a_max+1):
                        ap = pow(a, p-1)
                        # minimal k such that p^k > ap (since b positive)
                        k_start = 1
                        while pow(p, k_start) <= ap:
                            k_start += 1
                        for k in range(k_start, k_start + k_max):
                            X = pow(p, k)
                            b = X - ap
                            if b < a:  # need a <= b
                                continue
                            # b positive integer automatically
                            # check second condition
                            Y = pow(b, p-1) + a
                            if is_power_of(Y, p):
                                sols.append((p,a,b,k,Y))
                return sols
            
            sols=find_solutions(31,2000,8)
            sols[:10], len(sols)
            
        >>> Output:
            [(3, 2, 5, 2, 27)] 1
            

        [Turn 8 CODE]
        >>> Code:
            sols=find_solutions(31,20000,12)
            len(sols)
            
        >>> Output:
            1
            

        [Turn 9 CODE [ERROR]]
        >>> Code:
            sols=find_solutions(101,50000,15)
            sols[:5], len(sols)
            
        >>> Output:
            [ERROR] Execution timed out after 30 seconds

        [Turn 10 CODE [ERROR]]
        >>> Code:
            sols=find_solutions(101,2000,12)
            sols, len(sols)
            
        >>> Output:
            ---------------------------------------------------------------------------NameError                                 Traceback (most recent call last)/tmp/ipykernel_2311/1977530744.py in <cell line: 0>()
            ----> 1 sols=find_solutions(101,2000,12)
                  2 print(sols, len(sols))
            NameError: name 'find_solutions' is not defined

        [Turn 11 CODE [ERROR]]
        >>> Code:
            def is_power_of(n, p):
                if n < 1:
                    return False
                while n % p == 0:
                    n //= p
                return n == 1
            
            def find_solutions(p_max=101, a_max=2000, k_extra=12):
                sols=[]
                for p in sp.primerange(3, p_max+1):
                    for a in range(1, a_max+1):
                        ap = pow(a, p-1)
                        # find smallest k such that p^k > ap
                        k = 1
                        while pow(p, k) <= ap:
                            k += 1
                        # try a range of k values
                        for kk in range(k, k + k_extra):
                            X = pow(p, kk)
                            b = X - ap
                            if b < a:
                                continue
                            Y = pow(b, p-1) + a
                            if is_power_of(Y, p):
                                sols.append((p,a,b,kk,Y))
                return sols
            
            sols=find_solutions(101,2000,10)
            sols, len(sols)
            
        >>> Output:
            [ERROR] Execution timed out after 30 seconds

        [Turn 12 CODE [ERROR]]
        >>> Code:
            sols=find_solutions(31,20000,10)
            len(sols)
            
        >>> Output:
            ---------------------------------------------------------------------------NameError                                 Traceback (most recent call last)/tmp/ipykernel_2353/3791534294.py in <cell line: 0>()
            ----> 1 sols=find_solutions(31,20000,10)
                  2 print(len(sols))
            NameError: name 'find_solutions' is not defined

        [Turn 13 CODE]
        >>> Code:
            def is_power_of(n, p):
                if n < 1:
                    return False
                while n % p == 0:
                    n //= p
                return n == 1
            
            def find_solutions(p_max, a_max, k_extra):
                sols=[]
                for p in sp.primerange(3, p_max+1):
                    for a in range(1, a_max+1):
                        ap = pow(a, p-1)
                        # find minimal k where p^k > ap
                        k = 1
                        while pow(p, k) <= ap:
                            k += 1
                        for kk in range(k, k + k_extra):
                            X = pow(p, kk)
                            b = X - ap
                            if b < a:
                                continue
                            Y = pow(b, p-1) + a
                            if is_power_of(Y, p):
                                sols.append((p,a,b,kk,Y))
                return sols
            
            sols=find_solutions(31,10000,8)
            len(sols)
            
        >>> Output:
            1
            

        [Turn 14 CODE]
        >>> Code:
            def test_m1(p, max_n=200):
                solutions=[]
                m=1
                a=p*m-1
                for n in range(m, max_n+1):
                    if (m+n)%p!=0:
                        continue
                    b=p*n-1
                    X = a**(p-1)+b
                    if not is_power_of(X,p):
                        continue
                    Y = b**(p-1)+a
                    if is_power_of(Y,p):
                        solutions.append((p,a,b,X,Y))
                return solutions
            
            for p in [3,5,7,11,13]:
                print(p, test_m1(p,200))
            
        >>> Output:
            3 [(3, 2, 5, 9, 27)]
            5 []
            7 []
            11 []
            13 []
            

        [Turn 15 CODE]
        >>> Code:
            def search_t1(p_max=101):
                sols=[]
                for p in sp.primerange(3, p_max+1):
                    for m in range(1, p//2 + 1):
                        n = p - m
                        a = p*m - 1
                        b = p*n - 1
                        if a > b:
                            continue
                        X = pow(a, p-1) + b
                        if not is_power_of(X, p):
                            continue
                        Y = pow(b, p-1) + a
                        if is_power_of(Y, p):
                            sols.append((p,a,b))
                return sols
            
            sols_t1=search_t1(101)
            sols_t1
            
        >>> Output:
            [(3, 2, 5)]
            

        [Turn 16 CODE]
        >>> Code:
            def search_general(p_max=61, t_max=5):
                sols=[]
                for p in sp.primerange(3, p_max+1):
                    for t in range(1, t_max+1):
                        # m from 1 to floor(p*t/2)
                        for m in range(1, (p*t)//2 + 1):
                            n = p*t - m
                            if m > n:
                                continue
                            a = p*m - 1
                            b = p*n - 1
                            X = pow(a, p-1) + b
                            if not is_power_of(X, p):
                                continue
                            Y = pow(b, p-1) + a
                            if is_power_of(Y, p):
                                sols.append((p,a,b,t,m,n))
                return sols
            
            sols_general = search_general(61,5)
            sols_general
            
        >>> Output:
            [(3, 2, 5, 1, 1, 2)]
            

    --- Attempt 17 [CORRECT] answer=10 expected=10 temp=0.6 entropy=0.468 ---
        python_calls=19 errors=2 tokens=28536 time=428.2s time_left=21.6s
        source=streaming confidence=1.0 stop=max_turns
        bells: {'notice': 2, 'urgent': 2, 'code_blocked': 0}
        Libraries: from sympy.ntheory import factor_, import sympy as sp

        [Turn 1 CODE [ERROR]]
        >>> Code:
            import sympy as sp
            
            def find_solutions(limit_a=200, limit_b=200, max_exp=10):
                sols = []
                primes = list(sp.primerange(3, 50))
                for p in primes:
                    for a in range(1, limit_a+1):
                        for b in range(a, limit_b+1):
                            # compute a^(p-1)+b, b^(p-1)+a
                            val1 = pow(a, p-1) + b
                            val2 = pow(b, p-1) + a
                            # check if both are powers of p
                            # compute log base p integer?
                            # check if val is p**k for some integer k
                            # we can use while dividing
                            def is_power_of_p(x):
                                if x <= 0:
                                    return False
                                while x % p == 0:
                                    x //= p
                                return x == 1
                            if is_power_of_p(val1) and is_power_of_p(val2):
                                # find exponents
                                k1 = sp.valuation(val1, p)
                                k2 = sp.valuation(val2, p)
                                sols.append((p,a,b,k1,k2))
                return sols
            
            sols = find_solutions(limit_a=200, limit_b=200)
            sols[:20], len(sols)
            
        >>> Output:
            ---------------------------------------------------------------------------AttributeError                            Traceback (most recent call last)/tmp/ipykernel_726/3688379486.py in <cell line: 0>()
                 27     return sols
                 28 
            ---> 29 sols = find_solutions(limit_a=200, limit_b=200)
                 30 print(sols[:20], len(sols))
            /tmp/ipykernel_726/3688379486.py in find_solutions(limit_a, limit_b, max_exp)
                 22                 if is_power_of_p(val1) and is_power_of_p(val2):
                 23                     # find exponents
            ---> 24                     k1 = sp.valuation(val1, p)
                 25                     k2 = sp.valuation(val2, p)
                 26                     sols.append((p,a,b,k1,k2))
            AttributeError: module 'sympy' has no attribute 'valuation'

        [Turn 2 CODE]
        >>> Code:
            from sympy.ntheory import factor_
            def v_p(x,p):
                return factor_.multiplicity(p,x)
            
            def find_solutions(limit_a=200, limit_b=200):
                sols = []
                primes = list(sp.primerange(3, 50))
                for p in primes:
                    for a in range(1, limit_a+1):
                        for b in range(a, limit_b+1):
                            val1 = pow(a, p-1) + b
                            val2 = pow(b, p-1) + a
                            def is_power_of_p(x):
                                if x <= 0:
                                    return False
                                while x % p == 0:
                                    x //= p
                                return x == 1
                            if is_power_of_p(val1) and is_power_of_p(val2):
                                k1 = v_p(val1, p)
                                k2 = v_p(val2, p)
                                sols.append((p,a,b,k1,k2))
                return sols
            
            sols = find_solutions(limit_a=200, limit_b=200)
            sols[:20], len(sols)
            
        >>> Output:
            [(3, 2, 5, 2, 3)] 1
            

        [Turn 3 CODE]
        >>> Code:
            sols = find_solutions(limit_a=1000, limit_b=1000)
            sols[:10], len(sols)
            
        >>> Output:
            [(3, 2, 5, 2, 3)] 1
            

        [Turn 4 CODE]
        >>> Code:
            def find_solutions_big(limit_a, limit_b, p_max):
                sols = []
                primes = list(sp.primerange(3, p_max+1))
                for p in primes:
                    for a in range(1, limit_a+1):
                        for b in range(a, limit_b+1):
                            val1 = pow(a, p-1) + b
                            val2 = pow(b, p-1) + a
                            # quick check: if val1 or val2 not divisible by p, skip
                            if val1 % p != 0 or val2 % p != 0:
                                continue
                            # check powers
                            def is_power_of_p(x):
                                while x % p == 0:
                                    x //= p
                                return x == 1
                            if is_power_of_p(val1) and is_power_of_p(val2):
                                k1 = v_p(val1, p)
                                k2 = v_p(val2, p)
                                sols.append((p,a,b,k1,k2))
                return sols
            
            sols = find_solutions_big(2000,2000, 31)
            sols[:10], len(sols)
            
        >>> Output:
            [(3, 2, 5, 2, 3)] 1
            

        [Turn 5 CODE [ERROR]]
        >>> Code:
            sols = find_solutions_big(10000,10000, 13)
            sols, len(sols)
            
        >>> Output:
            [ERROR] Execution timed out after 30 seconds

        [Turn 6 CODE]
        >>> Code:
            def find_for_p(p, limit):
                sols = []
                for a in range(1, limit+1):
                    for b in range(a, limit+1):
                        val1 = pow(a, p-1) + b
                        val2 = pow(b, p-1) + a
                        if val1 % p != 0 or val2 % p != 0:
                            continue
                        def is_power_of_p(x):
                            while x % p == 0:
                                x //= p
                            return x == 1
                        if is_power_of_p(val1) and is_power_of_p(val2):
                            sols.append((a,b))
                return sols
            
            for p in [3,5,7,11,13,17]:
                sols = find_for_p(p, 2000)
                print(p, sols[:5], len(sols))
            
        >>> Output:
            3 [(2, 5)] 1
            5 [] 0
            7 [] 0
            11 [] 0
            13 [] 0
            17 [] 0
            

        [Turn 7 CODE]
        >>> Code:
            def T1(p,k):
                s=0
                for i in range(2,p):
                    s += (-1)**i * sp.binomial(p-1,i) * (p**(i-2)) * (k**i)
                return s
            
            def U1(p,l):
                return T1(p,l)
            
            for p in [3,5,7,11]:
                for k in range(1,6):
                    print(p,k,T1(p,k))
                print()
            
        >>> Output:
            3 1 1
            3 2 4
            3 3 9
            3 4 16
            3 5 25
            
            5 1 11
            5 2 264
            5 3 1539
            5 4 5216
            5 5 13275
            
            7 1 953
            7 2 98508
            7 3 1306125
            7 4 7906544
            7 5 31526625
            
            11 1 82644629
            11 2 137850256020
            11 3 9304957907793
            11 4 178607291845328
            11 5 1742417514586125
            
            

        [Turn 8 CODE]
        >>> Code:
            def find_solutions_kl(p, maxk):
                sols = []
                for k in range(1, maxk+1):
                    for l in range(k, maxk+1):
                        if (k + l) % p != 0:
                            continue
                        a = p*k - 1
                        b = p*l - 1
                        val1 = pow(a, p-1) + b
                        val2 = pow(b, p-1) + a
                        # check powers of p
                        def is_power(x):
                            while x % p == 0:
                                x //= p
                            return x == 1
                        if is_power(val1) and is_power(val2):
                            sols.append((k,l))
                return sols
            
            for p in [3,5,7,11,13]:
                sols = find_solutions_kl(p, 200)
                print(p, sols)
            
        >>> Output:
            3 [(1, 2)]
            5 []
            7 []
            11 []
            13 []
            

        [Turn 9 CODE]
        >>> Code:
            def T1_minus_k(p,k):
                return T1(p,k) - k
            
            for p in [3,5,7,11]:
                for k in range(1,10):
                    print(p,k,T1(p,k), T1(p,k)-k)
                print()
            
        >>> Output:
            3 1 1 0
            3 2 4 2
            3 3 9 6
            3 4 16 12
            3 5 25 20
            3 6 36 30
            3 7 49 42
            3 8 64 56
            3 9 81 72
            
            5 1 11 10
            5 2 264 262
            5 3 1539 1536
            5 4 5216 5212
            5 5 13275 13270
            5 6 28296 28290
            5 7 53459 53452
            5 8 92544 92536
            5 9 149931 149922
            
            7 1 953 952
            7 2 98508 98506
            7 3 1306125 1306122
            7 4 7906544 7906540
            7 5 31526625 31526620
            7 6 96940908 96940902
            7 7 249603893 249603886
            7 8 564911040 564911032
            7 9 1159188489 1159188480
            
            11 1 82644629 82644628
            11 2 137850256020 137850256018
            11 3 9304957907793 9304957907790
            11 4 178607291845328 178607291845324
            11 5 1742417514586125 1742417514586120
            11 6 11126234169114804 11126234169114798
            11 7 53131313490412745 53131313490412738
            11 8 205308606769781568 205308606769781560
            11 9 675266782551691653 675266782551691644
            
            

        [Turn 10 CODE]
        >>> Code:
            def solutions_p3(limit_k=100, limit_s=100):
                sols=[]
                for k in range(1, limit_k+1):
                    for s in range(1, limit_s+1):
                        # compute l
                        l = 3*s - k
                        if l < k: # ensure a <= b (k <= l)
                            continue
                        # compute a,b
                        a = 3*k - 1
                        b = 3*l - 1
                        # compute powers
                        val1 = a**2 + b
                        val2 = b**2 + a
                        # check if powers of 3
                        def is_power(x):
                            while x % 3 == 0:
                                x //= 3
                            return x == 1
                        if is_power(val1) and is_power(val2):
                            sols.append((k,s,l,a,b,val1,val2))
                return sols
            
            sols3 = solutions_p3(100,100)
            len(sols3), sols3[:5]
            
        >>> Output:
            1 [(1, 1, 2, 2, 5, 9, 27)]
            

        [Turn 11 CODE]
        >>> Code:
            def T1_k1(p):
                return T1(p,1)
            for p in [3,5,7,11,13,17,19]:
                print(p, T1_k1(p))
            
        >>> Output:
            3 1
            5 11
            7 953
            11 82644629
            13 52757990819
            17 63829564268891183
            19 108992820153176004365
            

        [Turn 12 CODE]
        >>> Code:
            def find_solutions_kl_limit(p, max_k):
                sols=[]
                for k in range(1, max_k+1):
                    # compute possible l values: l >= k, l ≡ -k (mod p)
                    # l = p*t - k for t integer >= ceil((k+1)/p) maybe
                    # ensure l >= k
                    t_start = (k + k + p - 1)//p  # minimal t such that l >= k? Actually l = p*t - k >= k => p*t >= 2k => t >= ceil(2k/p)
                    t_start = (2*k + p - 1)//p
                    for t in range(t_start, (max_k + k)//p + 2):  # ensure l not exceed max_k
                        l = p*t - k
                        if l < k or l > max_k:
                            continue
                        a = p*k - 1
                        b = p*l - 1
                        val1 = pow(a, p-1) + b
                        val2 = pow(b, p-1) + a
                        # quick check divisibility by p
                        if val1 % p != 0 or val2 % p != 0:
                            continue
                        # check powers
                        def is_power(x):
                            while x % p == 0:
                                x //= p
                            return x == 1
                        if is_power(val1) and is_power(val2):
                            sols.append((k,l,a,b,val1,val2))
                return sols
            
            for p in [5,7,11]:
                sols = find_solutions_kl_limit(p, 2000)
                print(p, len(sols))
            
        >>> Output:
            5 0
            7 0
            11 0
            

        [Turn 13 CODE]
        >>> Code:
            sols5 = find_solutions_kl_limit(5, 10000)
            len(sols5)
            
        >>> Output:
            0
            

        [Turn 14 CODE]
        >>> Code:
            def check_p5_candidate(k,l,m):
                p=5
                a = p*k - 1
                b = p*l - 1
                val1 = a**(p-1) + b
                # compute m from val1
                # compute n from second equation
                val2 = b**(p-1) + a
                # check if both powers
                def is_power(x):
                    e=0
                    while x%p==0:
                        x//=p
                        e+=1
                    return x==1, e
                pow1, e1 = is_power(val1)
                pow2, e2 = is_power(val2)
                return pow1, e1, pow2, e2, val1, val2
            
            # try k=1, m=4 => s=15 => l=74
            print(check_p5_candidate(1,74,4))
            
        >>> Output:
            (True, 4, False, 2, 625, 18539817925)
            

        [Turn 15 CODE]
        >>> Code:
            def p_adic_valuation(x,p):
                v=0
                while x%p==0:
                    x//=p
                    v+=1
                return v, x
            val2 = pow(5*74-1,4) + (5*1-1)
            p_adic_valuation(val2,5)
            
        >>> Output:
            (2, 741592717)
            

        [Turn 16 CODE]
        >>> Code:
            import sympy as sp
            
            k,m,n = sp.symbols('k m n', integer=True, positive=True)
            l_expr = 3**(m-1) - 3*k**2 + 2*k
            eq = sp.Eq(3*l_expr**2 - 2*l_expr + k, 3**(n-1))
            sp.simplify(eq)
            
        >>> Output:
            Eq(3**(n - 1), -2*3**(m - 1) + 6*k**2 - 3*k + (3**m - 9*k**2 + 6*k)**2/3)
            

        [Turn 17 CODE]
        >>> Code:
            def find_solutions_p3(limit_a):
                sols=[]
                p=3
                for a in range(1, limit_a+1):
                    val1 = a**2 + 0  # placeholder
                    # compute b from a^2 + b = 3^m
                    # we can iterate m
                    # but easier: brute b up to limit maybe
                return None
            
        >>> Output:
            [WARN] No output. Use print() to see results.

        [Turn 18 CODE]
        >>> Code:
            def find_solutions_p3(limit):
                sols=[]
                p=3
                for a in range(1, limit+1):
                    for b in range(a, limit+1):
                        val1 = a**2 + b
                        val2 = b**2 + a
                        # check powers of 3
                        def is_power3(x):
                            while x % 3 == 0 and x>0:
                                x //= 3
                            return x == 1
                        if is_power3(val1) and is_power3(val2):
                            sols.append((a,b,val1,val2))
                return sols
            
            sols = find_solutions_p3(2000)
            sols[:10], len(sols)
            
        >>> Output:
            [(2, 5, 9, 27)] 1
            

        [Turn 19 CODE]
        >>> Code:
            def find_solutions_p3_fast(limit_a):
                sols=[]
                p=3
                # precompute powers of 3 up to some bound
                max_val = (limit_a**2) + limit_a  # rough bound for b
                powers = []
                m=0
                while 3**m <= max_val*10:  # generous
                    powers.append(3**m)
                    m+=1
                for a in range(1, limit_a+1):
                    a2 = a*a
                    for val1 in powers:
                        if val1 <= a2:
                            continue
                        b = val1 - a2
                        if b < a:
                            continue
                        # check second condition
                        val2 = b*b + a
                        # check if power of 3
                        x = val2
                        while x % 3 == 0 and x>0:
                            x //= 3
                        if x == 1:
                            sols.append((a,b,val1,val2))
                return sols
            
            sols = find_solutions_p3_fast(100000)
            len(sols)
            
        >>> Output:
            1
            

    --- Attempt 1 [CORRECT] answer=10 expected=10 temp=0.6 entropy=0.424 ---
        python_calls=25 errors=4 tokens=27577 time=433.9s time_left=16.1s
        source=final_channel confidence=0.7 stop=max_turns
        vboxed_checkpoints: turn26=10
        bells: {'notice': 5, 'urgent': 1, 'code_blocked': 0}
        Libraries: from sympy import factorint, import sympy as sp

        [Turn 1 CODE]
        >>> Code:
            import sympy as sp
            
            def is_power_of_p(n, p):
                # returns exponent if n is p^k, else None
                if n <= 0:
                    return None
                k = 0
                while n % p == 0:
                    n //= p
                    k += 1
                if n == 1:
                    return k
                else:
                    return None
            
            solutions = []
            max_p = 50
            max_a = 200
            for p in sp.primerange(3, max_p+1):
                for a in range(1, max_a+1):
                    for b in range(a, max_a+1):  # a <= b
                        X = pow(a, p-1) + b
                        k = is_power_of_p(X, p)
                        if k is None:
                            continue
                        Y = pow(b, p-1) + a
                        l = is_power_of_p(Y, p)
                        if l is None:
                            continue
                        solutions.append((p,a,b,k,l))
            solutions[:20], len(solutions)
            
        >>> Output:
            [(3, 2, 5, 2, 3)] 1
            

        [Turn 2 CODE]
        >>> Code:
            solutions = []
            max_p = 31
            max_a = 1000
            for p in sp.primerange(3, max_p+1):
                for a in range(1, max_a+1):
                    for b in range(a, max_a+1):
                        X = pow(a, p-1) + b
                        if not sp.isprime(p):
                            continue
                        k = is_power_of_p(X, p)
                        if k is None:
                            continue
                        Y = pow(b, p-1) + a
                        l = is_power_of_p(Y, p)
                        if l is None:
                            continue
                        solutions.append((p,a,b,k,l))
            solutions[:10], len(solutions)
            
        >>> Output:
            [(3, 2, 5, 2, 3)] 1
            

        [Turn 3 CODE]
        >>> Code:
            def find_solutions(limit_a, limit_b, max_p):
                sols = []
                for p in sp.primerange(3, max_p+1):
                    for a in range(1, limit_a+1):
                        for b in range(a, limit_b+1):
                            X = pow(a, p-1) + b
                            k = is_power_of_p(X, p)
                            if k is None:
                                continue
                            Y = pow(b, p-1) + a
                            l = is_power_of_p(Y, p)
                            if l is None:
                                continue
                            sols.append((p,a,b,k,l))
                return sols
            
            sols = find_solutions(2000, 2000, 13)
            sols, len(sols)
            
        >>> Output:
            [(3, 2, 5, 2, 3)] 1
            

        [Turn 4 CODE]
        >>> Code:
            sols = find_solutions(5000, 5000, 11)
            sols, len(sols)
            
        >>> Output:
            [(3, 2, 5, 2, 3)] 1
            

        [Turn 5 CODE [ERROR]]
        >>> Code:
            import sympy as sp
            
            def v_p_of_X(p, u, w):
                # v = (p-1)*u + p*w
                v = (p-1)*u + p*w
                A = p*u - 1
                B = p*v - 1
                X = pow(A, p-1) + B
                return sp.valuation(X, p)
            
            def test(p, max_u=10, max_w=10):
                res = {}
                for u in range(1, max_u+1):
                    for w in range(-5, 6):
                        k = v_p_of_X(p, u, w)
                        if k not in res:
                            res[k] = 0
                        res[k] += 1
                return res
            
            for p in [3,5,7,11]:
                print(p, test(p, max_u=5))
            
        >>> Output:
            ---------------------------------------------------------------------------AttributeError                            Traceback (most recent call last)/tmp/ipykernel_675/3083953408.py in <cell line: 0>()
                 20 
                 21 for p in [3,5,7,11]:
            ---> 22     print(p, test(p, max_u=5))
            /tmp/ipykernel_675/3083953408.py in test(p, max_u, max_w)
                 13     for u in range(1, max_u+1):
                 14         for w in range(-5, 6):
            ---> 15             k = v_p_of_X(p, u, w)
                 16             if k not in res:
                 17                 res[k] = 0
            /tmp/ipykernel_675/3083953408.py in v_p_of_X(p, u, w)
                  7     B = p*v - 1
                  8     X = pow(A, p-1) + B
            ----> 9     return sp.valuation(X, p)
                 10 
                 11 def test(p, max_u=10, max_w=10):
            AttributeError: module 'sympy' has no attribute 'valuation'

        [Turn 6 CODE [ERROR]]
        >>> Code:
            from sympy import factorint
            
            def v_p_of_X(p, u, w):
                v = (p-1)*u + p*w
                A = p*u - 1
                B = p*v - 1
                X = pow(A, p-1) + B
                # compute exponent of p
                cnt = 0
                while X % p == 0:
                    X //= p
                    cnt += 1
                return cnt
            
            def test(p, max_u=5):
                res = {}
                for u in range(1, max_u+1):
                    for w in range(-5, 6):
                        k = v_p_of_X(p, u, w)
                        res.setdefault(k,0)
                        res[k]+=1
                return res
            
            for p in [3,5,7,11]:
                print(p, test(p))
            
        >>> Output:
            [ERROR] Execution timed out after 30 seconds

        [Turn 7 CODE [ERROR]]
        >>> Code:
            def v_p_of_X(p, u, w):
                v = (p-1)*u + p*w
                A = p*u - 1
                B = p*v - 1
                X = pow(A, p-1) + B
                cnt = 0
                while X % p == 0:
                    X //= p
                    cnt += 1
                return cnt
            
            def test(p, max_u=5, w_range=range(-3,4)):
                res = {}
                for u in range(1, max_u+1):
                    for w in w_range:
                        k = v_p_of_X(p, u, w)
                        res[k] = res.get(k,0)+1
                return res
            
            for p in [3,5,7,11]:
                print(p, test(p))
            
        >>> Output:
            [ERROR] Execution timed out after 30 seconds

        [Turn 8 CODE]
        >>> Code:
            p=3
            u=1
            w=0
            v = (p-1)*u + p*w
            A = p*u - 1
            B = p*v - 1
            X = pow(A, p-1) + B
            X, A, B
            
        >>> Output:
            9 2 5
            

        [Turn 9 CODE]
        >>> Code:
            def compute_vals(p, max_u=10, max_w=10):
                data = {}
                for u in range(1, max_u+1):
                    for w in range(-max_w, max_w+1):
                        v = (p-1)*u + p*w
                        if v <= 0: 
                            continue
                        A = p*u - 1
                        B = p*v - 1
                        X = pow(A, p-1) + B
                        cnt = 0
                        while X % p == 0:
                            X //= p
                            cnt += 1
                        data[(u,w)] = cnt
                return data
            
            data3 = compute_vals(3, max_u=10, max_w=5)
            data3
            
        >>> Output:
            {(1, 0): 2, (1, 1): 2, (1, 2): 3, (1, 3): 2, (1, 4): 2, (1, 5): 3, (2, -1): 3, (2, 0): 2, (2, 1): 2, (2, 2): 3, (2, 3): 2, (2, 4): 2, (2, 5): 4, (3, -1): 2, (3, 0): 4, (3, 1): 2, (3, 2): 2, (3, 3): 3, (3, 4): 2, (3, 5): 2, (4, -2): 2, (4, -1): 3, (4, 0): 2, (4, 1): 2, (4, 2): 4, (4, 3): 2, (4, 4): 2, (4, 5): 3, (5, -3): 2, (5, -2): 2, (5, -1): 3, (5, 0): 2, (5, 1): 2, (5, 2): 5, (5, 3): 2, (5, 4): 2, (5, 5): 3, (6, -3): 3, (6, -2): 2, (6, -1): 2, (6, 0): 4, (6, 1): 2, (6, 2): 2, (6, 3): 3, (6, 4): 2, (6, 5): 2, (7, -4): 4, (7, -3): 2, (7, -2): 2, (7, -1): 3, (7, 0): 2, (7, 1): 2, (7, 2): 3, (7, 3): 2, (7, 4): 2, (7, 5): 5, (8, -5): 2, (8, -4): 3, (8, -3): 2, (8, -2): 2, (8, -1): 4, (8, 0): 2, (8, 1): 2, (8, 2): 3, (8, 3): 2, (8, 4): 2, (8, 5): 3, (9, -5): 2, (9, -4): 2, (9, -3): 3, (9, -2): 2, (9, -1): 2, (9, 0): 6, (9, 1): 2, (9, 2): 2, (9, 3): 3, (9, 4): 2, (9, 5): 2, (10, -5): 2, (10, -4): 3, (10, -3): 2, (10, -2): 2, (10, -1): 4, (10, 0): 2, (10, 1): 2, (10, 2): 3, (10, 3): 2, (10, 4): 2, (10, 5): 3}
            

        [Turn 10 CODE]
        >>> Code:
            def compute_T(p, u, v):
                A = p*u - 1
                B = p*v - 1
                X = pow(A, p-1) + B
                # compute T = (X // p)
                return X // p
            
            p=3; u=1; v=2
            print(compute_T(p,u,v))
            
        >>> Output:
            3
            

        [Turn 11 CODE [ERROR]]
        >>> Code:
            def find_param_solutions(p, max_u=20, t_range=range(-10,11)):
                sols=[]
                for u in range(1, max_u+1):
                    a = p*u - 1
                    for t in t_range:
                        v = (p-1)*u + p*t
                        if v <= 0:
                            continue
                        b = p*v - 1
                        if a > b: # need a <= b
                            continue
                        X = pow(a, p-1) + b
                        Y = pow(b, p-1) + a
                        if is_power_of_p(X,p) is not None and is_power_of_p(Y,p) is not None:
                            sols.append((p,a,b))
                return sols
            
            print(find_param_solutions(3, max_u=10, t_range=range(-5,6)))
            
        >>> Output:
            ---------------------------------------------------------------------------NameError                                 Traceback (most recent call last)/tmp/ipykernel_2269/2922072067.py in <cell line: 0>()
                 16     return sols
                 17 
            ---> 18 print(find_param_solutions(3, max_u=10, t_range=range(-5,6)))
            /tmp/ipykernel_2269/2922072067.py in find_param_solutions(p, max_u, t_range)
                 12             X = pow(a, p-1) + b
                 13             Y = pow(b, p-1) + a
            ---> 14             if is_power_of_p(X,p) is not None and is_power_of_p(Y,p) is not None:
                 15                 sols.append((p,a,b))
                 16     return sols
            NameError: name 'is_power_of_p' is not defined

        [Turn 12 CODE]
        >>> Code:
            def is_power_of_p(n, p):
                if n <= 0:
                    return None
                cnt = 0
                while n % p == 0:
                    n //= p
                    cnt += 1
                if n == 1:
                    return cnt
                return None
            
            print(find_param_solutions(3, max_u=10, t_range=range(-5,6)))
            
        >>> Output:
            [(3, 2, 5)]
            

        [Turn 13 CODE]
        >>> Code:
            print(find_param_solutions(5, max_u=10, t_range=range(-5,6)))
            
        >>> Output:
            []
            

        [Turn 14 CODE]
        >>> Code:
            print(find_param_solutions(5, max_u=30, t_range=range(-20,21)))
            
        >>> Output:
            []
            

        [Turn 15 CODE]
        >>> Code:
            def find_param_solutions2(p, max_u=50, max_t=50):
                sols=[]
                for u in range(1, max_u+1):
                    a = p*u - 1
                    for t in range(1, max_t+1):
                        v = p*t - u
                        if v <= 0:
                            continue
                        b = p*v - 1
                        if a > b:
                            continue
                        X = pow(a, p-1) + b
                        Y = pow(b, p-1) + a
                        if is_power_of_p(X,p) is not None and is_power_of_p(Y,p) is not None:
                            sols.append((p,a,b))
                return sols
            
            print(find_param_solutions2(3, max_u=20, max_t=20))
            
        >>> Output:
            [(3, 2, 5)]
            

        [Turn 16 CODE]
        >>> Code:
            print(find_param_solutions2(5, max_u=20, max_t=20))
            
        >>> Output:
            []
            

        [Turn 17 CODE]
        >>> Code:
            print(find_param_solutions2(7, max_u=20, max_t=20))
            
        >>> Output:
            []
            

        [Turn 18 CODE]
        >>> Code:
            print(find_param_solutions2(5, max_u=200, max_t=200))
            
        >>> Output:
            []
            

        [Turn 19 CODE]
        >>> Code:
            print(find_param_solutions2(11, max_u=200, max_t=200))
            
        >>> Output:
            []
            

        [Turn 20 CODE]
        >>> Code:
            def solutions_a_fixed(a, max_p=100, max_k=10):
                sols=[]
                for p in sp.primerange(3, max_p+1):
                    # compute possible k such that b positive
                    for k in range(2, max_k+1):
                        b = pow(p, k) - pow(a, p-1)
                        if b <= 0:
                            continue
                        # need a <= b
                        if a > b:
                            continue
                        # check second condition
                        Y = pow(b, p-1) + a
                        if is_power_of_p(Y, p) is not None:
                            sols.append((p,a,b,k,is_power_of_p(Y,p)))
                return sols
            
            sols_a2 = solutions_a_fixed(2, max_p=200, max_k=10)
            sols_a2[:10], len(sols_a2)
            
        >>> Output:
            [(3, 2, 5, 2, 3)] 1
            

        [Turn 21 CODE]
        >>> Code:
            sols_a2 = solutions_a_fixed(2, max_p=200, max_k=20)
            sols_a2, len(sols_a2)
            
        >>> Output:
            [(3, 2, 5, 2, 3)] 1
            

        [Turn 22 CODE]
        >>> Code:
            sols_a3 = solutions_a_fixed(3, max_p=200, max_k=20)
            sols_a3, len(sols_a3)
            
        >>> Output:
            [] 0
            

        [Turn 23 CODE]
        >>> Code:
            sols_a4 = solutions_a_fixed(4, max_p=200, max_k=20)
            sols_a4, len(sols_a4)
            
        >>> Output:
            [] 0
            

        [Turn 24 CODE]
        >>> Code:
            def find_solutions_bruteforce(max_p=50, max_a=50, max_k=10):
                sols=[]
                for p in sp.primerange(3, max_p+1):
                    for a in range(2, max_a+1):
                        for k in range(2, max_k+1):
                            b = pow(p, k) - pow(a, p-1)
                            if b <= 0:
                                continue
                            if a > b:
                                continue
                            # check second condition
                            Y = pow(b, p-1) + a
                            if is_power_of_p(Y, p) is not None:
                                sols.append((p,a,b,k,is_power_of_p(Y,p)))
                return sols
            
            sols = find_solutions_bruteforce(50, 50, 8)
            sols, len(sols)
            
        >>> Output:
            [(3, 2, 5, 2, 3)] 1
            

        [Turn 25 CODE]
        >>> Code:
            def search_pt(p_max=100, u_max=20, t_max=20):
                sols=[]
                for p in sp.primerange(3, p_max+1):
                    for u in range(1, u_max+1):
                        a = p*u - 1
                        for t in range(1, t_max+1):
                            v = p*t - u
                            if v <= 0:
                                continue
                            b = p*v - 1
                            if a > b:
                                continue
                            X = pow(a, p-1) + b
                            if is_power_of_p(X, p) is None:
                                continue
                            Y = pow(b, p-1) + a
                            if is_power_of_p(Y, p) is None:
                                continue
                            sols.append((p,a,b))
                return sols
            
            sols = search_pt(100, 20, 20)
            sols, len(sols)
            
        >>> Output:
            [(3, 2, 5)] 1
            

        [Turn 26 REASONING] (11 chars)
        \Vboxed{10}

    --- Attempt 23 [NONE] answer=None expected=10 temp=0.6 entropy=0.451 ---
        python_calls=8 errors=1 tokens=33801 time=450.2s time_left=-0.5s
        source=fallback confidence=0.0 stop=max_turns
        Libraries: import sympy as sp, math, itertools, sys, time, functools, collections, math, random, itertools, fractions, decimal, statistics, numpy as np, sys, math, sympy as sp

        [Turn 1 CODE [ERROR]]
        >>> Code:
            import sympy as sp, math, itertools, sys, time, functools, collections, math, random, itertools, fractions, decimal, statistics, numpy as np, sys, math, sympy as sp
            def find_solutions(limit_p=50, limit_a=200):
                sols=[]
                for p in list(sp.primerange(3, limit_p+1)):
                    # compute max exponent? We'll just search a,b up to limit_a
                    for a in range(1, limit_a+1):
                        for b in range(a, limit_a+1):
                            # compute a^(p-1)+b
                            val1 = pow(a, p-1) + b
                            # check if power of p
                            # find exponent if any
                            # quick check: val1 must be divisible by p
                            if val1 % p != 0:
                                continue
                            # compute exponent
                            e1 = sp.valuation(val1, p)  # exponent of p in factorization
                            if p**e1 != val1:
                                continue
                            val2 = pow(b, p-1) + a
                            if val2 % p != 0:
                                continue
                            e2 = sp.valuation(val2, p)
                            if p**e2 != val2:
                                continue
                            sols.append((p,a,b,e1,e2))
                return sols
            
            sols=find_solutions(limit_p=100, limit_a=200)
            len(sols), sols[:20]
            
        >>> Output:
            ---------------------------------------------------------------------------AttributeError                            Traceback (most recent call last)/tmp/ipykernel_635/656388216.py in <cell line: 0>()
                 26     return sols
                 27 
            ---> 28 sols=find_solutions(limit_p=100, limit_a=200)
                 29 print(len(sols), sols[:20])
            /tmp/ipykernel_635/656388216.py in find_solutions(limit_p, limit_a)
                 14                     continue
                 15                 # compute exponent
            ---> 16                 e1 = sp.valuation(val1, p)  # exponent of p in factorization
                 17                 if p**e1 != val1:
                 18                     continue
            AttributeError: module 'sympy' has no attribute 'valuation'

        [Turn 2 CODE]
        >>> Code:
            def p_adic_valuation(n, p):
                e=0
                while n%p==0:
                    n//=p
                    e+=1
                return e
            
            def find_solutions(limit_p=100, limit_a=200):
                sols=[]
                for p in list(sp.primerange(3, limit_p+1)):
                    for a in range(1, limit_a+1):
                        for b in range(a, limit_a+1):
                            val1 = pow(a, p-1) + b
                            if val1%p!=0:
                                continue
                            e1 = p_adic_valuation(val1, p)
                            if p**e1 != val1:
                                continue
                            val2 = pow(b, p-1) + a
                            if val2%p!=0:
                                continue
                            e2 = p_adic_valuation(val2, p)
                            if p**e2 != val2:
                                continue
                            sols.append((p,a,b,e1,e2))
                return sols
            
            sols=find_solutions(limit_p=100, limit_a=200)
            len(sols)
            
        >>> Output:
            1
            

        [Turn 3 CODE]
        >>> Code:
            sols
            
        >>> Output:
            [(3, 2, 5, 2, 3)]
            

        [Turn 4 CODE]
        >>> Code:
            def find_solutions(limit_p=200, limit_a=500):
                sols=[]
                for p in list(sp.primerange(3, limit_p+1)):
                    for a in range(1, limit_a+1):
                        # compute a^{p-1} quickly; may be huge but Python can handle.
                        a_pow = pow(a, p-1)
                        # Since b must be >= a, we can compute b from condition that a_pow + b is power of p.
                        # Let's compute possible b values: b = p^e - a_pow, with e >=1, and b >= a.
                        # But we can also loop b.
                        for b in range(a, limit_a+1):
                            val1 = a_pow + b
                            if val1 % p != 0:
                                continue
                            e1 = p_adic_valuation(val1, p)
                            if p**e1 != val1:
                                continue
                            val2 = pow(b, p-1) + a
                            if val2 % p != 0:
                                continue
                            e2 = p_adic_valuation(val2, p)
                            if p**e2 != val2:
                                continue
                            sols.append((p,a,b,e1,e2))
                return sols
            
            sols2=find_solutions(limit_p=200, limit_a=500)
            len(sols2), sols2[:10]
            
        >>> Output:
            1 [(3, 2, 5, 2, 3)]
            

        [Turn 5 CODE]
        >>> Code:
            def find_solutions_mn(limit_p=200, limit_a=500, m_target=None, n_target=None):
                sols=[]
                for p in list(sp.primerange(3, limit_p+1)):
                    for a in range(1, limit_a+1):
                        for b in range(a, limit_a+1):
                            val1 = pow(a, p-1) + b
                            if val1%p!=0:
                                continue
                            e1 = p_adic_valuation(val1, p)
                            if p**e1 != val1:
                                continue
                            if m_target is not None and e1!=m_target:
                                continue
                            val2 = pow(b, p-1) + a
                            if val2%p!=0:
                                continue
                            e2 = p_adic_valuation(val2, p)
                            if p**e2 != val2:
                                continue
                            if n_target is not None and e2!=n_target:
                                continue
                            sols.append((p,a,b,e1,e2))
                return sols
            
            sols_m2 = find_solutions_mn(limit_p=200, limit_a=500, m_target=2, n_target=2)
            len(sols_m2), sols_m2[:10]
            
        >>> Output:
            0 []
            

        [Turn 6 CODE]
        >>> Code:
            sols_m2_any = find_solutions_mn(limit_p=200, limit_a=500, m_target=2)
            len(sols_m2_any), sols_m2_any[:20]
            
        >>> Output:
            1 [(3, 2, 5, 2, 3)]
            

        [Turn 7 CODE]
        >>> Code:
            sols_n2_any = find_solutions_mn(limit_p=200, limit_a=500, n_target=2)
            len(sols_n2_any), sols_n2_any[:20]
            
        >>> Output:
            0 []
            

        [Turn 8 CODE]
        >>> Code:
            def check_solution(p,a,b):
                val1 = pow(a, p-1) + b
                val2 = pow(b, p-1) + a
                e1 = p_adic_valuation(val1, p)
                e2 = p_adic_valuation(val2, p)
                return val1==p**e1 and val2==p**e2
            
            p=5
            a=4
            m=4
            v=5**(m-1)-51
            b=5*v-1
            a,b,check_solution(p,a,b)
            
        >>> Output:
            4 369 False
            

        [Turn 9 REASONING] (47619 chars)
        It fails.

Thus u=1 leads only to p=3 solution.

Now consider u≥2.

If u≥2, then a = p*u - 1 ≥ 2p - 1. Then a^{p-1} is at least (2p-1)^{p-1}.

We can try to bound m.

Since a^{p-1} + b = p^{m}, we have a^{p-1} < p^{m}.

Thus (2p-1)^{p-1} < p^{m}.

Take logs: (p-1) * log(2p-1) < m * log p.

Thus m > (p-1) * log(2p-1) / log p.

For p≥5, compute lower bound.

Let's compute for p=5: (p-1)=4, log(2p-1)=log(9) ≈ 2.197, log p = log 5 ≈ 1.609. So m > 4 * 2.197 / 1.609 ≈ 5.46. So m≥6. That's okay.

But we also have that m must be at least 2. So not restrictive.

But we also have condition that S = v - (p-1) u + p R' = p^{m-1}. Since u,v are at least 1, and pR' is multiple of p, the term v - (p-1) u must be congruent to 0 mod p (since m-1≥2). So v ≡ (p-1) u (mod p). Since u, v are multiples of p (as we earlier derived for m≥2), we have u = p*u1, v = p*v1. Thus a = p^2*u1 - 1, b = p^2*v1 - 1.

Now a is at least p^2 - 1. For p≥3, that's at least 8. Then a^{p-1} is huge: (p^2 - 1)^{p-1} ≈ p^{2(p-1)}. Then the exponent m must be at least 2(p-1). Indeed, because a^{p-1} ≈ p^{2(p-1)}. So m is large.

But then we also have that v1 and u1 must be multiples of p again if m≥3? Let's examine.

If m≥3, then S = p^{m-1} with m-1≥2, so S is divisible by p^2, which forces v - (p-1) u to be divisible by p^2 as well (since the other term pR' is divisible by p^2). So v - (p-1) u ≡ 0 (mod p^2). Since v = p*v1, u = p*u1, we get p*v1 - (p-1) p*u1 = p (v1 - (p-1) u1) ≡ 0 (mod p^2) => v1 - (p-1) u1 ≡ 0 (mod p). So again u1, v1 multiples of p.

Thus we get infinite descent: If m≥3, then u, v multiples of p^2, leading to a,b ≡ -1 mod p^3, etc.

Thus for any solution, we must have at least one of m,n equal to 2 (so exponent 2). Because otherwise both exponents ≥3 leading to infinite descent, impossible.

Thus at least one exponent is 2. Let's suppose m=2 (a^{p-1}+b = p^2). Then S = p^{m-1} = p^1, so S = p. So we have:

v - (p-1) u + p R' = p.

Thus v - (p-1) u = p (1 - R').

Since R' is integer, we can write v - (p-1) u = p * k, where k = 1 - R'.

Thus v = (p-1) u + p k.

Since v ≥ u (since b≥a), we have (p-1) u + p k ≥ u => (p-2) u + p k ≥ 0. Since p≥3, p-2≥1, so u positive. This holds for any k≥ - (p-2) u / p, which is not restrictive.

Now we also have that S = p, so v_p(S) = 1, meaning S not divisible by p^2. Thus the term v - (p-1) u + p R' = p, with R' integer, and the sum is exactly p, not multiple of p^2. Since pR' is divisible by p, we can combine: v - (p-1) u must be congruent to p (mod p^2). Because pR' could be any multiple of p. So v - (p-1) u ≡ p (mod p^2). That is, v - (p-1) u = p + p^2 t for some integer t (maybe negative). So we can write:

v = (p-1) u + p + p^2 t.

Now we also have the expression for the other equation: b^{p-1} + a = p^{n}. Let's compute its p-adic valuation.

We have S' = u - (p-1) v + p R''. Since v expressed in terms of u, we can substitute.

Compute u - (p-1) v = u - (p-1)[ (p-1) u + p + p^2 t ] = u - (p-1)^2 u - (p-1) p - (p-1) p^2 t.

Simplify: (p-1)^2 = p^2 - 2p + 1. So u - (p^2 - 2p + 1) u = u - p^2 u + 2p u - u = -p^2 u + 2p u.

Thus u - (p-1) v = -p^2 u + 2p u - (p-1) p - (p-1) p^2 t.

Factor p: = p[ -p u + 2 u - (p-1) - (p-1) p t ].

Thus u - (p-1) v = p * [ -p u + 2 u - (p-1) - (p-1) p t ].

Now S' = u - (p-1) v + p R'' = p * [ -p u + 2 u - (p-1) - (p-1) p t + R'' ].

Thus S' is divisible by p. So v_p(b^{p-1}+a) = 1 + v_p( S' ). Since S' = p * something, we have at least exponent 2.

Thus n ≥ 2.

Now we need S' to be a power of p: S' = p^{n-1}.

Thus the bracket inside must be p^{n-2}. Let's denote:

W = -p u + 2 u - (p-1) - (p-1) p t + R''.

Thus p^{n-2} = W.

Now R'' is from higher order terms in expansion of b^{p-1}. We need to compute R'' similar to R' but with v.

Recall that in expansion, we had:

b^{p-1} = Σ_{i=0}^{p-1} (-1)^i C(p-1,i) (p*v)^i.

Thus after cancellation constant term, we got b^{p-1}+a = p * [ v - (p-1) u + Σ_{i=2}^{p-1} ... ]? Wait earlier we derived general formula: For a^{p-1}+b = p * [ v - (p-1) u + Σ_{i=2}^{p-1} (-1)^i C(p-1,i) (p*u)^{i-1} ].

Thus for b^{p-1}+a, we have p * [ u - (p-1) v + Σ_{i=2}^{p-1} (-1)^i C(p-1,i) (p*v)^{i-1} ].

Thus R' = Σ_{i=2}^{p-1} (-1)^i C(p-1,i) (p*u)^{i-1} / p? Wait we defined S = v - (p-1) u + p R', where R' = Σ_{i=2}^{p-1} (-1)^i C(p-1,i) (p*u)^{i-1} / p? Let's compute precisely.

From earlier: a^{p-1}+b = p * [ v - (p-1) u + Σ_{i=2}^{p-1} (-1)^i C(p-1,i) (p*u)^{i-1} ].

Thus define:

R' = Σ_{i=2}^{p-1} (-1)^i C(p-1,i) (p*u)^{i-1}.

Thus S = v - (p-1) u + R'.

Similarly, for b^{p-1}+a, we have:

S' = u - (p-1) v + R'', where R'' = Σ_{i=2}^{p-1} (-1)^i C(p-1,i) (p*v)^{i-1}.

Thus our earlier expression with p factor was mis-specified: Actually the factor p is already outside, and R' includes powers of p^{i-1}.

Thus S = v - (p-1) u + R', where R' is divisible by p^2 (since each term i≥2 includes (p*u)^{i-1} which has at least p^{i-1} with i-1 ≥1, i.e., at least p). Wait (p*u)^{i-1} includes p^{i-1}, for i=2 gives p^{1} * u^{1}, so factor p^1. So each term in R' has at least one factor p. However coefficient C(p-1,i) may also have p factor? Not necessarily. But overall R' is divisible by p (since i≥2). Let's compute: For i=2, term = (-1)^2 C(p-1,2) (p*u)^{1} = C(p-1,2) p*u. Since C(p-1,2) = (p-1)(p-2)/2, which is not divisible by p (since numerator not multiple of p). So term includes exactly one factor p. For i=3, term includes p^2, etc. So overall R' is divisible by p but not necessarily p^2.

Thus S = v - (p-1) u + p * K, where K integer (maybe includes contributions from higher i). So earlier we had pR' but actually R' already contains factor p. So we can rewrite:

S = v - (p-1) u + p * K, where K = Σ_{i=2}^{p-1} (-1)^i C(p-1,i) (p*u)^{i-2} u^{? Actually (p*u)^{i-1} = p^{i-1} u^{i-1}. Factor p: = p * p^{i-2} u^{i-1}. So K = Σ_{i=2}^{p-1} (-1)^i C(p-1,i) p^{i-2} u^{i-1}.

Thus K is integer.

Thus S = v - (p-1) u + p K.

Similarly, S' = u - (p-1) v + p K', where K' = Σ_{i=2}^{p-1} (-1)^i C(p-1,i) p^{i-2} v^{i-1}.

Thus we have:

v - (p-1) u + p K = p^{m-1}   (Eq1)
u - (p-1) v + p K' = p^{n-1}   (Eq2)

Now K and K' are integers, possibly large.

Now we can attempt to bound K and K' relative to u,v.

Since K = Σ_{i=2}^{p-1} (-1)^i C(p-1,i) p^{i-2} u^{i-1}. For i=2 term: (-1)^2 C(p-1,2) p^{0} u^{1} = C(p-1,2) u. So K = C(p-1,2) u + higher terms with factor p (since i≥3 gives p^{i-2} ≥ p). So K ≡ C(p-1,2) u (mod p). Since C(p-1,2) = (p-1)(p-2)/2 ≡ (-1)(-2)/2 = 1 (mod p) because (p-1) ≡ -1, (p-2) ≡ -2, product = 2, divided by 2 => 1 mod p. Indeed (p-1)(p-2)/2 ≡ 1 (mod p). Let's verify: For p odd, (p-1)(p-2) = p^2 - 3p + 2 ≡ 2 (mod p). Dividing by 2 yields 1 mod p (since 2 invertible mod p). So C(p-1,2) ≡ 1 (mod p).

Thus K ≡ u (mod p). Similarly, K' ≡ v (mod p).

Thus we can write:

K = u + p * L, for some integer L.
K' = v + p * L', for some integer L'.

Now plug into Eq1:

v - (p-1) u + p (u + p L) = v - (p-1) u + p u + p^2 L = v - (p-1) u + p u + p^2 L = v - (p-1) u + p u + p^2 L = v - (p-1) u + p u = v - (p-1) u + p u = v - (p-1) u + p u = v - (p-1) u + p u = v - (p-1) u + p u = v - (p-1) u + p u = v - (p-1) u + p u = v - (p-1) u + p u = v - (p-1) u + p u = v - (p-1) u + p u = v - (p-1) u + p u = v - (p-1) u + p u = v - (p-1) u + p u = v - (p-1) u + p u = v - (p-1) u + p u = v - (p-1) u + p u = v - (p-1) u + p u.

Simplify: - (p-1) u + p u = u. So expression becomes v + u + p^2 L.

Thus Eq1 reduces to:

v + u + p^2 L = p^{m-1}.

Similarly Eq2: u - (p-1) v + p (v + p L') = u - (p-1) v + p v + p^2 L' = u - (p-1) v + p v = u + v + p^2 L'.

Thus Eq2 becomes:

u + v + p^2 L' = p^{n-1}.

Thus both equations give same left-hand side (u+v) plus a multiple of p^2 equals a power of p.

Thus we have:

u + v + p^2 L = p^{m-1}   (1')
u + v + p^2 L' = p^{n-1}   (2')

Now note that L and L' are integers (could be negative). Since m-1 and n-1 are exponents of p.

Thus we have two powers of p that differ by a multiple of p^2:

p^{m-1} - p^{n-1} = p^2 (L - L').

Thus p^{min(m-1, n-1)} (p^{|m-n|} - 1) = p^2 * (L - L').

Thus the left side is divisible by p^{min(m-1, n-1)}. Since RHS is divisible by p^2, we must have min(m-1, n-1) ≥ 2, i.e., both m,n ≥ 3? Wait if min(m-1, n-1) = 1 (i.e., one of m,n = 2), then left side divisible by p^1, RHS divisible by p^2, which forces extra p factor on left side, requiring p divides (p^{|m-n|} - 1). Since p does not divide p^{k} - 1 unless k=0 (mod p-1). But maybe possible.

Let's analyze case m=2 (i.e., m-1=1). Then p^{m-1}=p. Equation (1') gives u+v + p^2 L = p. So u+v = p - p^2 L. Since u,v positive, L must be 0 or negative. If L=0, then u+v = p. Since u,v positive integers, possibilities: u+v = p. Also note that u ≤ v (since a ≤ b). So u ≤ v, u+v = p. So u from 1 to floor(p/2). Also recall that u = (a+1)/p, and a = p*u - 1. Since a positive, u≥1.

Now we also need Eq2: u+v + p^2 L' = p^{n-1}. Since u+v = p, we have p + p^2 L' = p^{n-1}. So p^{n-1} = p (1 + p L'). So p^{n-2} = 1 + p L'.

Thus p^{n-2} ≡ 1 (mod p). Since p^{n-2} ≡ 0 mod p if n-2≥1, else if n-2=0 => n=2. But n≥2. So if n≥3, then left side divisible by p, RHS ≡ 1 (mod p), impossible. Therefore n must be 2 as well? Wait n=2 gives n-2=0 => p^{0}=1, and equation becomes 1 = 1 + p L' => p L' = 0 => L'=0. So n=2, L'=0. So both m=n=2. But we previously found no solutions with both exponents 2. Let's verify if this leads to contradictions.

Thus case m=2 forces n=2, but we found no solutions. So m cannot be 2? But we have solution with m=2, n=3. Wait we derived that if m=2, then u+v = p - p^2 L. For our solution (p=3, u=1, v=2). Let's compute L: u+v = 3, p=3, so L=0. Indeed L=0. Then Eq2: u+v + p^2 L' = p^{n-1}. So 3 + 9 L' = 3^{n-1}. For n=3, RHS = 3^{2}=9. So 3 + 9 L' = 9 => 9 L' = 6 => L' = 2/3 not integer. Something inconsistent. Let's compute again: For our solution, p=3, a=2 => u = (a+1)/p = (2+1)/3 = 1. b=5 => v = (5+1)/3 = 2. So u+v = 3.

Now compute K and L: K = Σ_{i=2}^{p-1} ... For p=3, the sum only includes i=2 term (since p-1=2). So K = C(2,2) * (p*u)^{1} = 1 * (3*u) = 3*u = 3. Wait compute: C(p-1,2) = C(2,2) = 1. (p*u)^{i-1} = (3*u)^{1} = 3*u. So K = 3*u = 3. Indeed K = 3. Then S = v - (p-1) u + K = v - 2*u + 3 = 2 - 2*1 + 3 = 3. So S = 3 = p^{m-1} => p^{m-1}=3 => m-1=1 => m=2. Good.

Now K = u + p L => Since K = 3, u=1, p=3, we have 3 = 1 + 3 L => L = 2/3? Wait 1 + 3L = 3 => 3L = 2 => L = 2/3 not integer. So our earlier representation K = u + p L is not correct for p=3? Let's compute K modulo p: K ≡ u (mod p) indeed: K = 3 ≡ 0 (mod 3), u=1 ≡ 1 (mod 3). Not congruent! So earlier claim that K ≡ u (mod p) is false for p=3? Let's check the congruence for general p: K = Σ_{i=2}^{p-1} (-1)^i C(p-1,i) p^{i-2} u^{i-1}. For i=2 term: coefficient = C(p-1,2) p^{0} u^{1} = C(p-1,2) u. Since C(p-1,2) ≡ 1 (mod p). So term ≡ u (mod p). For i≥3, each term includes factor p^{i-2} with i-2 ≥1, so divisible by p. Hence K ≡ u (mod p). So K ≡ u (mod p). For p=3, C(2,2)=1, so term ≡ u (mod 3). u=1, so term ≡1. So K ≡1 (mod 3). But K=3 ≡0 (mod 3). So something off: maybe sign? For i=2, (-1)^i = (-1)^2 = 1. So term = C(2,2) * p^{0} * u^{1} = 1 * 1 * u = u = 1. So K = 1 + contributions from i≥3. But for p=3, there is no i≥3 (since p-1=2). So K = 1. But earlier we computed K = 3*u = 3. Let's re-evaluate formula.

We might have mis-defined K. Let's recompute from scratch for p=3.

Original expression: a^{p-1}+b = a^{2}+b.

We have a = p*u - 1 = 3*u - 1.

Compute a^{2} = (3u-1)^2 = 9u^2 - 6u + 1.

Add b = 3v - 1 => total = 9u^2 - 6u + 1 + 3v - 1 = 9u^2 - 6u + 3v.

Factor 3: = 3 (3u^2 - 2u + v). So S = 3u^2 - 2u + v.

Thus S = v - 2u + 3u^2. Indeed earlier we wrote S = v - (p-1) u + Σ_{i=2}^{p-1} (-1)^i C(p-1,i) (p*u)^{i-1}. For p=3, the sum i=2 only: (-1)^2 C(2,2) (p*u)^{1} = 1 * 1 * (3u) = 3u. So S = v - 2u + 3u. But that's v + u, not v - 2u + 3u = v + u. Wait compute: v - (p-1)u = v - 2u. Then + term 3u gives v + u. But we derived S = v - 2u + 3u^2, not v + u. So discrepancy: The term from expansion is not 3u but 3u^2. Let's compute correctly.

Our earlier formula for term i=2: (-1)^i C(p-1,i) (p*u)^{i-1} = (-1)^2 C(p-1,2) (p*u)^{1} = C(p-1,2) * p*u. For p=3, C(2,2)=1, so term = 3*u = 3u, not 3u^2. But actual expansion gave term 3u^2 (since 9u^2). Let's check expansion: (p*u - 1)^{p-1} = (3u - 1)^2 = 9u^2 - 6u + 1. The term -6u corresponds to i=1 term: -C(2,1) * (3u) = -2 * 3u = -6u. The constant term 1 corresponds to i=0. The term 9u^2 corresponds to i=2 term: C(2,2) * (3u)^2 = 1 * 9u^2 = 9u^2. Indeed, i=2 term is (p*u)^{2} (since exponent i = 2). Wait earlier we wrote (p*u)^{i-1}, but that seems off: In binomial expansion, (p*u - 1)^{p-1} = Σ_{i=0}^{p-1} C(p-1,i) (p*u)^{i} (-1)^{p-1-i} = Σ_{i=0}^{p-1} (-1)^{p-1-i} C(p-1,i) (p*u)^{i}. Since p-1 even, (-1)^{p-1-i} = (-1)^i. So term is (-1)^i C(p-1,i) (p*u)^{i}.

Thus term i=2 is (+) C(p-1,2) (p*u)^2 = C(p-1,2) p^2 u^2. Not p*u. So earlier we mistakenly had exponent i-1.

Thus correct expression:

a^{p-1} = Σ_{i=0}^{p-1} (-1)^i C(p-1,i) (p*u)^i.

Thus a^{p-1} + b = Σ_{i=0}^{p-1} (-1)^i C(p-1,i) (p*u)^i + (p*v - 1).

Constant term i=0: 1. So 1 + (p*v - 1) = p*v. So sum becomes p*v + Σ_{i=1}^{p-1} (-1)^i C(p-1,i) (p*u)^i.

Factor p: = p * [ v + Σ_{i=1}^{p-1} (-1)^i C(p-1,i) (p*u)^{i-1} ].

Thus S = v + Σ_{i=1}^{p-1} (-1)^i C(p-1,i) (p*u)^{i-1}.

Now note i=1 term: (-1)^1 C(p-1,1) (p*u)^{0} = - (p-1) * 1 = -(p-1). So S = v - (p-1) + Σ_{i=2}^{p-1} (-1)^i C(p-1,i) (p*u)^{i-1}.

Thus earlier we missed the - (p-1) term (not multiplied by u). Indeed.

Thus correct expression:

S = v - (p-1) + Σ_{i=2}^{p-1} (-1)^i C(p-1,i) (p*u)^{i-1}.

Now for p=3, this gives:

S = v - 2 + Σ_{i=2}^{2} (-1)^i C(2,i) (3*u)^{i-1}.

i=2 term: (-1)^2 C(2,2) (3*u)^{1} = 1 * 1 * 3u = 3u.

Thus S = v - 2 + 3u = v + (3u - 2). For u=1, v=2, we get S = 2 + (3 -2)=3. Good.

Thus S = v - (p-1) + p*u*C(p-1,2) + higher terms.

Now we can rewrite S = v - (p-1) + p*u*C(p-1,2) + p^2 * something.

Since C(p-1,2) = (p-1)(p-2)/2 ≡ 1 (mod p). So term p*u*C(p-1,2) ≡ p*u (mod p^2). So S ≡ v - (p-1) + p*u (mod p^2). So S ≡ v + p*u - (p-1) (mod p^2).

Now we can define:

S = v - (p-1) + p*u*C(p-1,2) + p^2 * K1.

Thus S = v - (p-1) + p*u*C(p-1,2) + p^2 K1.

Similarly, for the other equation:

S' = u - (p-1) + p*v*C(p-1,2) + p^2 K2.

Now we set:

S = p^{m-1}
S' = p^{n-1}

Now we can analyze.

Let’s denote C = C(p-1,2) = (p-1)(p-2)/2.

Thus:

v - (p-1) + p*u*C + p^2 K1 = p^{m-1}   (Eq1')
u - (p-1) + p*v*C + p^2 K2 = p^{n-1}   (Eq2')

Now we can consider modulo p: Since p^{m-1} ≡ 0 (mod p) for m≥2. So left side must be divisible by p. Let's check modulo p:

v - (p-1) + p*u*C ≡ v - (p-1) (mod p) because p*u*C ≡ 0 (mod p). So we need v - (p-1) ≡ 0 (mod p). Hence v ≡ (p-1) (mod p). Since v is integer between 1 and ... Actually v is positive integer; v ≡ -1 mod p. So v = p*t - 1 for some t. But recall v = (b+1)/p. Since b = p*v - 1, we have b = p*(p*t - 1) - 1 = p^2*t - p - 1. This suggests that v itself is congruent to -1 mod p, i.e., v = p*t - 1.

Similarly, from Eq2', we get u ≡ (p-1) (mod p) => u ≡ -1 mod p. So u = p*s - 1 for some s.

Thus u and v themselves are congruent to -1 mod p. So u = p*u1 - 1, v = p*v1 - 1.

Thus a = p*u - 1 = p*(p*u1 - 1) - 1 = p^2*u1 - p - 1.

But earlier we had a = p*u - 1 = p*(p*u1 - 1) - 1 = p^2*u1 - p - 1. Indeed.

Thus a ≡ -1 mod p^2? Let's compute a mod p^2: a = p^2*u1 - p - 1 ≡ -p - 1 (mod p^2). That's not necessarily -1 mod p^2. For p=3, a=2 => a ≡ 2 (mod 9), which is -7 mod 9, not -1. So maybe not.

But we derived that u ≡ -1 mod p, which implies u = p*u1 - 1.

Now plug back into Eq1' expression.

Compute v - (p-1) = (p*v1 - 1) - (p-1) = p*v1 - p = p (v1 - 1).

Similarly p*u*C = p*(p*u1 - 1)*C = p^2*u1*C - p*C.

Thus Eq1' becomes:

p (v1 - 1) + (p^2*u1*C - p*C) + p^2 K1 = p^{m-1}.

Group p terms: p [ (v1 - 1) - C + p*u1*C + p K1 ]? Wait factor p:

p (v1 - 1) - p*C + p^2*u1*C + p^2 K1 = p [ (v1 - 1) - C + p*u1*C + p K1 ].

Thus p^{m-1} = p * M, where M = (v1 - 1) - C + p*u1*C + p K1.

Thus p^{m-2} = M.

Thus M must be a power of p (including possibly 1). So M = p^{m-2}.

Now M = (v1 - 1) - C + p*u1*C + p K1.

Since C ≡ 1 (mod p), we can write C = 1 + p*C', where C' = (C-1)/p is integer.

Compute C = (p-1)(p-2)/2 = (p^2 - 3p + 2)/2 = (p^2)/2 - (3p)/2 + 1. For odd p, p^2 is odd, dividing by 2 yields fraction? Actually C is integer because product of two consecutive even numbers? Let's compute for p=3: C=1. For p=5: C= (4*3)/2=6. For p=7: C= (6*5)/2=15. So C = (p-1)(p-2)/2.

Now C ≡ 1 (mod p). Indeed (p-1)(p-2) ≡ (-1)(-2) = 2 (mod p). Dividing by 2 yields 1 (mod p). So C = 1 + p*C', where C' = ((p-1)(p-2)/2 - 1)/p = ((p-1)(p-2) - 2)/ (2p) = (p^2 - 3p + 2 - 2) / (2p) = (p^2 - 3p) / (2p) = (p - 3)/2. So C' = (p-3)/2. Indeed for p=5, C' = (5-3)/2 = 1, C = 1 + 5*1 = 6, correct. For p=7, C' = (7-3)/2 = 2, C = 1 + 7*2 = 15, correct.

Thus C = 1 + p * ((p-3)/2).

Now plug into M:

M = (v1 - 1) - (1 + p*C') + p*u1*(1 + p*C') + p K1
   = (v1 - 1) - 1 - p*C' + p*u1 + p^2*u1*C' + p K1
   = v1 - 2 - p*C' + p*u1 + p^2*u1*C' + p K1.

Simplify: M = v1 - 2 + p*u1 - p*C' + p^2*u1*C' + p K1.

Now note that p*K1 is multiple of p. So modulo p, M ≡ v1 - 2 + p*u1 - p*C' ≡ v1 - 2 (mod p). Since p*u1 and p*C' vanish modulo p.

Thus M ≡ v1 - 2 (mod p). Since M = p^{m-2}, which is 0 mod p if m-2≥1, else 1 if m-2=0 (i.e., m=2). So we have two possibilities:

- If m=2, then M = 1, which is not divisible by p, so we require v1 - 2 ≡ 1 (mod p) => v1 ≡ 3 (mod p). Since v1 is positive integer.

- If m≥3, then M divisible by p, so we require v1 - 2 ≡ 0 (mod p) => v1 ≡ 2 (mod p).

Thus we have two cases.

Similarly, from Eq2' we would get analogous condition on u1.

Now recall that u = p*u1 - 1, v = p*v1 - 1, and u ≤ v.

Now examine case m=2 (our solution). Then M=1, and we have v1 ≡ 3 (mod p). Since v1 is integer, minimal positive solution is v1 = 3 (if p>3, then 3 not congruent to 3 mod p? Actually v1 ≡ 3 mod p, so v1 = 3 + p*t. Since v1 positive. Let's compute for p=3: v1 ≡ 3 mod 3 => v1 ≡ 0 mod 3. So v1 = 3*t. Minimal v1=3. Indeed for our solution, p=3, v = p*v1 - 1 = 3*3 - 1 = 8? Wait our solution has v = (b+1)/p = (5+1)/3 = 2. So v1 =? Since v = p*v1 - 1 => 2 = 3*v1 - 1 => 3*v1 = 3 => v1 =1. So not 3. Something inconsistent.

Our derived condition may be flawed due to algebra errors.

Let's step back and approach differently: Use computational search to hypothesize that only solution is (3,2,5). Then we can attempt to prove uniqueness.

Observations:

- a ≡ b ≡ -1 (mod p). So a = p*u - 1, b = p*v - 1.

- Since a ≤ b, u ≤ v.

- Compute a^{p-1}+b = p^{m}.

We can try to bound u and v using inequalities.

Since a = p*u - 1 < p*u, we have a^{p-1} < (p*u)^{p-1} = p^{p-1} u^{p-1}.

Thus p^{m} = a^{p-1}+b < p^{p-1} u^{p-1} + p*v.

Thus p^{m} < p^{p-1} u^{p-1} + p*v.

Similarly, a^{p-1} > (p*u - p)^{p-1} = p^{p-1} (u-1)^{p-1} (since p*u - p = p (u-1)). So

p^{m} = a^{p-1}+b > p^{p-1} (u-1)^{p-1}.

Thus

p^{p-1} (u-1)^{p-1} < p^{m} < p^{p-1} u^{p-1} + p*v.

Thus m is close to (p-1) + (p-1) log_p(u). For small u (u=1), we have lower bound p^{p-1}*0? Actually (u-1)=0 => lower bound 0, not helpful. So u=1 case is special.

Thus for u≥2, we have (u-1)≥1, so p^{p-1} ≤ p^{m}. Thus m ≥ p-1. So exponent m is at least p-1 for u≥2.

Similarly for n.

Now consider u=1 (i.e., a = p - 1). This is the case we previously analyzed leading to p=3.

Now consider u≥2. Then m ≥ p-1 ≥ 4 (since p≥5). Similarly n ≥ p-1.

Now consider the expression for S = v - (p-1) + p*u*C + p^2 K1 = p^{m-1}.

Since m-1 ≥ p-2 ≥ 3 (for p≥5). So left side must be divisible by p^3. Let's examine modulo p^2:

S ≡ v - (p-1) + p*u*C (mod p^2). Since p^2 K1 term vanishes modulo p^2.

Now p*u*C = p*u*(1 + p*C') = p*u + p^2*u*C'.

Thus modulo p^2, S ≡ v - (p-1) + p*u (mod p^2).

Thus S ≡ v + p*u - (p-1) (mod p^2).

Since S is divisible by p^{m-1} with m-1 ≥ 3, S is divisible by p^3, thus also by p^2. Therefore we must have:

v + p*u - (p-1) ≡ 0 (mod p^2).

Similarly from Eq2' we get:

u + p*v - (p-1) ≡ 0 (mod p^2).

Thus we have a system:

v + p*u ≡ p-1 (mod p^2)   (A)
u + p*v ≡ p-1 (mod p^2)   (B)

Subtract (A) - (B): (v - u) + p*(u - v) ≡ 0 (mod p^2) => (v - u)(1 - p) ≡ 0 (mod p^2). Since 1 - p ≡ - (p-1) not divisible by p (since p is odd >2). So we can divide by (1-p) which is invertible modulo p^2 (since gcd(p, 1-p)=1). Thus we get v - u ≡ 0 (mod p^2). So v ≡ u (mod p^2). Since u ≤ v, we have v = u + p^2 * t for some t ≥ 0.

Now plug back into (A): (u + p^2 t) + p*u ≡ p-1 (mod p^2) => u + p*u + p^2 t ≡ p-1 (mod p^2). Since p^2 t ≡ 0 (mod p^2), we get u(1 + p) ≡ p-1 (mod p^2).

Thus u (p+1) ≡ p-1 (mod p^2).

Now compute modular inverse of (p+1) modulo p^2. Since gcd(p+1, p^2) = 1 (as p+1 not divisible by p). So invertible.

Thus u ≡ (p-1)*(p+1)^{-1} (mod p^2).

We can compute (p+1)^{-1} modulo p^2 using expansion: Since (p+1)*(p-1) = p^2 - 1 ≡ -1 (mod p^2). So (p+1)^{-1} ≡ -(p-1) (mod p^2). Indeed because (p+1)*( -(p-1) ) = -(p^2 - 1) ≡ 1 (mod p^2). Let's verify: (p+1)*(p-1) = p^2 - 1 ≡ -1 (mod p^2). So multiply both sides by -1: (p+1)* (-(p-1)) ≡ 1 (mod p^2). So inverse of (p+1) is -(p-1) modulo p^2.

Thus u ≡ (p-1) * (-(p-1)) ≡ -(p-1)^2 (mod p^2). Compute -(p-1)^2 = -(p^2 - 2p + 1) = -p^2 + 2p - 1 ≡ 2p - 1 (mod p^2). Since -p^2 ≡ 0 mod p^2.

Thus u ≡ 2p - 1 (mod p^2). Since 0 ≤ u < p^2? Actually u positive integer, could be less than p^2 or larger.

But u ≡ 2p - 1 (mod p^2). The smallest positive solution is u = 2p - 1 (since 2p-1 < p^2 for p≥3). So u = 2p - 1 + p^2 * s for some s≥0.

Now recall u = (a+1)/p. Since a = p*u - 1, we have a = p*(2p - 1 + p^2 s) - 1 = 2p^2 - p - 1 + p^3 s.

Similarly v = u + p^2 t = 2p - 1 + p^2 s + p^2 t = 2p - 1 + p^2 (s + t).

Thus b = p*v - 1 = p*(2p - 1 + p^2 (s + t)) - 1 = 2p^2 - p - 1 + p^3 (s + t).

Thus a and b have same leading terms: a = 2p^2 - p - 1 + p^3 s, b = 2p^2 - p - 1 + p^3 (s + t). So a,b are large (order p^2). But recall that we assumed u≥2. Indeed u = 2p - 1 + p^2 s is at least 2p - 1 ≥ 5 for p≥3. So indeed u≥2.

Now compute a^{p-1} + b. Since a ≈ 2p^2, a^{p-1} is roughly (2p^2)^{p-1} = 2^{p-1} p^{2(p-1)}. This is huge, exponent roughly 2(p-1) plus log_p(2^{p-1}) which is less than p-1. So total exponent m ≈ 2(p-1) + something. But earlier we derived that m must be at least p-1, but could be larger.

Now we need to verify if such a,b could satisfy the equations. Let's test with p=3, using u = 2p -1 = 5. Then a = p*u -1 = 3*5 -1 = 14. b would be similar with t maybe 0: v = u =5 => b = 14 also (since t=0). But we need a ≤ b, okay. Let's test (p=3, a=14, b=14). Compute a^{2}+b = 14^2+14=196+14=210, not a power of 3. So fails.

Thus the congruence conditions derived from modulo p^2 are necessary but not sufficient.

Nevertheless, we can attempt to show that for u≥2, the equations cannot hold due to size mismatch.

Let's attempt to prove that for p≥5, no solutions.

Suppose p≥5, u≥2.

We have lower bound: a^{p-1} ≥ (p*u - 1)^{p-1} > (p*u - p)^{p-1} = p^{p-1} (u-1)^{p-1}.

Since u≥2, (u-1)≥1, so a^{p-1} ≥ p^{p-1}.

Thus a^{p-1} + b ≥ p^{p-1} + (p*v - 1) > p^{p-1}.

Thus m ≥ p-1.

Similarly, b^{p-1} + a ≥ p^{p-1}.

Now consider the ratio of the two expressions.

Let’s consider a^{p-1}+b and b^{p-1}+a. Since a ≤ b, we have a^{p-1} ≤ b^{p-1}, and b ≥ a. So a^{p-1}+b ≤ b^{p-1}+b.

But not helpful.

Maybe we can use monotonicity: For u≥2, a is at least 2p-1. Let's compute a^{p-1} modulo p^3 perhaps to get contradictions.

But perhaps easier: Use inequality to bound m and n and then compare.

Since a ≤ b, we have a^{p-1} ≤ b^{p-1}. Then

p^{m} = a^{p-1}+b ≤ b^{p-1}+b = b^{p-1}+b.

But b^{p-1}+b = (b^{p-1}+a) + (b - a) = p^{n} + (b - a).

Thus p^{m} ≤ p^{n} + (b - a). Since b - a < b ≤ p*v - 1.

If n < m, then p^{m} - p^{n} = (b - a) < p*v.

But p^{m} - p^{n} = p^{n} (p^{m-n} - 1) ≥ p^{n} (p - 1) (since m-n ≥ 1). So

p^{n} (p - 1) ≤ p*v => p^{n-1} (p - 1) ≤ v.

Since v ≈ (b+1)/p, which is O(p^{?}) but maybe not large enough.

If n is large, left side grows quickly.

Similarly, if m = n, then we have a^{p-1}+b = b^{p-1}+a => a^{p-1} - a = b^{p-1} - b => (a-1)(a^{p-2}+...+1) = (b-1)(b^{p-2}+...+1). Since a ≤ b, maybe equality forces a=b. Let's examine.

If a = b, then equations become a^{p-1}+a = p^{k}. So a^{p-1} + a = a (a^{p-2}+1) = p^{k}. Since a not divisible by p (a ≡ -1 mod p), we have a and p coprime, so a^{p-2}+1 must be power of p. But a ≡ -1 mod p => a = p*u - 1. Then a^{p-2}+1 ≡ (-1)^{p-2}+1 ≡ 1+1 = 2 (mod p) (since p odd, p-2 even). So a^{p-2}+1 ≡ 2 mod p, not divisible by p. Thus cannot be power of p unless p=2 (excluded). So a=b cannot be solution.

Thus m ≠ n.

Assume m < n (since a^{p-1}+b ≤ b^{p-1}+a). So m ≤ n.

If m < n, then p^{m} < p^{n}. Then we have difference: p^{n} - p^{m} = (b^{p-1}+a) - (a^{p-1}+b) = (b^{p-1} - a^{p-1}) + (a - b) = (b^{p-1} - a^{p-1}) - (b - a). Since b ≥ a, b^{p-1} - a^{p-1} ≥ (b - a) * something? Not trivial.

But we can bound p^{n} - p^{m} = p^{m} (p^{n-m} - 1) ≥ p^{m} (p - 1). On the other hand, p^{n} - p^{m} = (b^{p-1} - a^{p-1}) - (b - a) ≤ b^{p-1} - a^{p-1}.

Thus p^{m} (p - 1) ≤ b^{p-1} - a^{p-1}.

Now b^{p-1} - a^{p-1} = (b - a) * (b^{p-2} + b^{p-3} a + ... + a^{p-2}) (by factorization of difference of powers). Since b - a ≥ 0.

Thus p^{m} (p - 1) ≤ (b - a) * (b^{p-2} + ... + a^{p-2}) ≤ (b - a) * (p-1) * b^{p-2} (since there are p-1 terms each ≤ b^{p-2}). So we get:

p^{m} ≤ (b - a) * b^{p-2}.

But b - a ≤ b, so p^{m} ≤ b^{p-1}. However b^{p-1} + a = p^{n} > p^{m}, so p^{m} < p^{n} ≤ b^{p-1} + a < b^{p-1} + b = b^{p-1} + b.

Thus p^{m} < b^{p-1} + b.

But we already have p^{m} = a^{p-1} + b ≤ b^{p-1} + b, consistent.

Not helpful.

Maybe we can apply LTE to compute v_p(b^{p-1} - a^{p-1}) given that a ≡ b ≡ -1 mod p. Since a ≡ b (mod p), we have v_p(b^{p-1} - a^{p-1}) = v_p(b - a) + v_p(p-1) (by LTE for difference of powers when p divides b - a). However p does not divide b - a necessarily; but since both a,b ≡ -1 (mod p), their difference is multiple of p: a - b ≡ 0 (mod p). Indeed a ≡ b (mod p) both ≡ -1, so a - b divisible by p. So we can apply LTE: For odd prime p, v_p(b^{p-1} - a^{p-1}) = v_p(b - a) + v_p(p-1). Since p does not divide (p-1), v_p(p-1)=0. So v_p(b^{p-1} - a^{p-1}) = v_p(b - a). Good.

Thus the p-adic valuation of difference of the two large terms equals the valuation of b - a.

Now consider difference of the two power-of-p expressions:

p^{n} - p^{m} = (b^{p-1}+a) - (a^{p-1}+b) = (b^{p-1} - a^{p-1}) + (a - b) = (b^{p-1} - a^{p-1}) - (b - a).

Since b - a is divisible by p, and b^{p-1} - a^{p-1} is also divisible by p (by LTE). So the RHS is divisible by p. Let's compute its p-adic valuation.

Let d = b - a = p^{t} * d0 where p ∤ d0 (t ≥ 1). Then v_p(b - a) = t.

Then v_p(b^{p-1} - a^{p-1}) = t (by LTE). So both terms have valuation t.

Thus we can write:

b^{p-1} - a^{p-1} = p^{t} * X, where X not divisible by p.

Similarly, b - a = p^{t} * d0.

Thus RHS = p^{t} (X - d0). Since X ≡ something mod p (not 0), we have X - d0 could be divisible by p or not. But we can compute valuation of RHS: v_p(p^{n} - p^{m}) = min( n, m) + v_p( p^{|n-m|} - 1 )? Actually p^{n} - p^{m} = p^{m} (p^{n-m} - 1). Since n > m, v_p(p^{n} - p^{m}) = m + v_p(p^{n-m} - 1). Since p^{n-m} - 1 is not divisible by p (as p does not divide p^{k} - 1), so v_p(p^{n-m} - 1) = 0. Therefore v_p(p^{n} - p^{m}) = m.

Thus the p-adic valuation of RHS equals m.

Thus we have:

v_p( (b^{p-1} - a^{p-1}) - (b - a) ) = m.

But we have both terms have valuation t, so the difference may have higher valuation if they cancel modulo p^{t+1}. However we can bound:

Let Y = X - d0. Since X ≡ something mod p, d0 is not divisible by p. So Y may be divisible by p or not.

Thus v_p(RHS) = t + v_p(Y). This must equal m.

Thus m = t + v_p(Y). Since m ≥ 2, we have t ≤ m.

Now we also have from first equation: a^{p-1}+b = p^{m}. Since a^{p-1} ≡ 1 (mod p), we have b ≡ -1 (mod p). So b = p*v - 1, a = p*u - 1. Then b - a = p(v - u). So t = 1 + v_p(v - u). Since b - a is multiple of p, at least p^1.

Thus t ≥ 1.

Now we can attempt to bound t.

If v - u is not divisible by p, then t = 1. Then m = 1 + v_p(Y). Since m≥2, we need v_p(Y) ≥ 1, i.e., Y divisible by p. That means X ≡ d0 (mod p). Since X = (b^{p-1} - a^{p-1}) / p^{t} and d0 = (b - a) / p^{t}. For t=1, we have X = (b^{p-1} - a^{p-1}) / p, d0 = (b - a)/p.

Now we can compute X modulo p using LTE? Actually we have b^{p-1} - a^{p-1} = (b - a) * (b^{p-2} + ... + a^{p-2}). So X = (b - a)/p * (b^{p-2} + ... + a^{p-2}) = d0 * S, where S = b^{p-2} + ... + a^{p-2}. So X ≡ d0 * S (mod p). Since d0 not divisible by p, we need S ≡ 1 (mod p) for X ≡ d0 (mod p). Let's compute S modulo p.

Since a ≡ b ≡ -1 (mod p), each term a^{k} ≡ (-1)^{k} (mod p). Since p-2 is odd? For p odd, p-2 is odd (since p odd, subtract 2 gives odd). For p=3, p-2=1. For p=5, p-2=3 (odd). So the exponents in S range from 0 to p-2? Actually S = b^{p-2} + b^{p-3} a + ... + a^{p-2}. There are p-1 terms. Since each term is product of powers of a and b, each term ≡ (-1)^{something} (mod p). The sum may be congruent to something.

But perhaps we can compute S modulo p using known identity: (b^{p-1} - a^{p-1})/(b - a) ≡ (p-1) (-1)^{p-2} (mod p) = (p-1) * (-1)^{p-2} = (p-1) * (-1) (since p-2 odd) = -(p-1) ≡ 1 (mod p). Indeed, by derivative of x^{p-1} at x = -1? Let's test: For any integer x ≡ -1 mod p, we have x^{p-1} ≡ 1 mod p. The polynomial f(x) = x^{p-1} - 1 has derivative f'(x) = (p-1) x^{p-2}. At x = -1, f'(-1) = (p-1) (-1)^{p-2} = (p-1) * (-1) (since p-2 odd) = -(p-1) ≡ 1 (mod p) because -(p-1) ≡ 1 (mod p). So the factor (b^{p-1} - a^{p-1})/(b - a) evaluated at a ≡ b ≡ -1 is congruent to 1 mod p. Since the quotient is a polynomial with integer coefficients, its value at a,b both congruent to -1 mod p is congruent to its value at -1 modulo p, which is 1. Thus S ≡ 1 (mod p). Good! So S ≡ 1 mod p.

Thus X = d0 * S ≡ d0 (mod p). Therefore X - d0 ≡ 0 (mod p). So Y = X - d0 is divisible by p. Hence v_p(Y) ≥ 1.

Thus for t=1, we have m = 1 + v_p(Y) ≥ 2, consistent. Moreover, v_p(Y) may be exactly 1 unless further cancellation.

Thus m = 2 if v_p(Y) = 1. That matches our solution where m=2. Could m be larger? Possibly if Y divisible by higher powers of p.

Now we need to examine the possibility of m > 2 when t=1. That would require Y divisible by p^{k} for k≥2. That would require more congruences, maybe impossible.

Similarly, if v - u is divisible by p, then t≥2, leading to larger m.

Thus we can try to analyze using LTE and expansions to show that the only possible solution is when t=1, m=2, and n=3 with p=3.

Let's attempt to compute more concretely using p-adic valuations.

Let d = b - a = p^{t} * d0, with p ∤ d0.

We have:

a^{p-1} + b = p^{m}
b^{p-1} + a = p^{n}

Subtract:

(b^{p-1} - a^{p-1}) + (a - b) = p^{n} - p^{m} = p^{m} (p^{n-m} - 1).

Thus:

(b^{p-1} - a^{p-1}) - d = p^{m} (p^{n-m} - 1).

But b^{p-1} - a^{p-1} = d * S, where S = (b^{p-2} + b^{p-3} a + ... + a^{p-2}) (p-1 terms). So

d * (S - 1) = p^{m} (p^{n-m} - 1).

Since d = p^{t} d0, we have:

p^{t} d0 (S - 1) = p^{m} (p^{n-m} - 1).

Thus

p^{t} (S - 1) = p^{m} (p^{n-m} - 1) / d0.

Since d0 is not divisible by p, RHS must be integer, so p^{t} divides RHS.

Now note that p^{n-m} - 1 is not divisible by p. So RHS has p-adic valuation exactly m. Therefore we have t = m. So t = m.

Thus the p-adic valuation of b - a equals m.

Thus b - a = p^{m} * d0, with d0 not divisible by p.

Thus b - a is at least p^{m}.

Now recall that a^{p-1} + b = p^{m}. Since b = a + p^{m} d0, we have:

a^{p-1} + a + p^{m} d0 = p^{m}.

Thus a^{p-1} + a = p^{m} (1 - d0).

Since d0 is positive integer not divisible by p, and a^{p-1} + a > 0, we need 1 - d0 > 0? Actually RHS must be positive. So 1 - d0 > 0 => d0 = 0? Not possible. Wait we misarranged sign.

Let's compute: b = a + p^{t} d0, with t=m. So b = a + p^{m} d0.

Plug into first equation: a^{p-1} + b = a^{p-1} + a + p^{m} d0 = p^{m}.

Thus a^{p-1} + a = p^{m} (1 - d0). Since left side positive, RHS must be positive, so 1 - d0 > 0 => d0 = 0, impossible (d0 positive). Therefore our assumption leads to contradiction unless we made sign error: Actually b = a + p^{t} d0, with b > a, so d0 > 0. Then a^{p-1} + b = a^{p-1} + a + p^{t} d0 = p^{m}. Since t=m, we have a^{p-1} + a + p^{m} d0 = p^{m} => a^{p-1} + a = p^{m} (1 - d0). Since RHS must be non-negative, we need d0 ≤ 1. Since d0 positive integer not divisible by p, the only possibility is d0 = 1. Then RHS = 0, so a^{p-1} + a = 0, impossible. Wait if d0=1, then RHS = 0, giving a^{p-1}+a=0, impossible. So something contradictory.

Thus our earlier equation for difference might have sign wrong.

Let's recompute:

We have:

p^{n} - p^{m} = (b^{p-1} + a) - (a^{p-1} + b) = (b^{p-1} - a^{p-1}) + (a - b) = (b^{p-1} - a^{p-1}) - (b - a).

Thus:

p^{m} (p^{n-m} - 1) = (b^{p-1} - a^{p-1}) - (b - a).

Now factor (b^{p-1} - a^{p-1}) = (b - a) * S, where S = sum of terms as earlier.

Thus RHS = (b - a) * (S - 1).

Thus:

p^{m} (p^{n-m} - 1) = (b - a) * (S - 1).

Now b - a = p^{t} d0.

Thus:

p^{m} (p^{n-m} - 1) = p^{t} d0 (S - 1).

Since p does not divide (p^{n-m} - 1) (as p ∤ p^{k} - 1), the p-adic valuation of LHS is exactly m.

Thus t = m (since RHS has factor p^{t}). So indeed t = m.

Thus b - a = p^{m} d0.

Now substitute back into first equation: a^{p-1} + b = p^{m}.

Thus a^{p-1} + a + p^{m} d0 = p^{m} => a^{p-1} + a = p^{m} (1 - d0).

Since a^{p-1}+a > 0, we must have 1 - d0 > 0, i.e., d0 = 0, which is impossible. Therefore our assumption that m < n leads to contradiction? Wait we assumed n > m. Let's see.

We derived t = m, which implies b - a is at least p^{m}. Since a^{p-1} is roughly p^{(p-1) * something}, but p^{m} may be relatively small. However the equation a^{p-1}+b = p^{m} implies b = p^{m} - a^{p-1}. Since a^{p-1} is positive and likely larger than p^{m} for large a, but maybe not.

But from b - a = p^{m} d0, we have b = a + p^{m} d0. Plug into a^{p-1} + b = a^{p-1} + a + p^{m} d0 = p^{m}. Rearranged: a^{p-1} + a = p^{m} (1 - d0). Since RHS non-negative, we need d0 ≤ 1. Since d0 positive integer not divisible by p, d0 = 1. Then RHS = 0, giving a^{p-1} + a = 0, impossible. Therefore our assumption that n > m leads to contradiction, unless we made sign error earlier in the equation for difference.

Let's double-check the sign: Starting from original equations:

(1) a^{p-1} + b = p^{m}
(2) b^{p-1} + a = p^{n}

Subtract (2) - (1): (b^{p-1} + a) - (a^{p-1} + b) = p^{n} - p^{m}.

Left side = b^{p-1} - a^{p-1} + (a - b) = (b^{p-1} - a^{p-1}) - (b - a). Yes.

Thus p^{n} - p^{m} = (b^{p-1} - a^{p-1}) - (b - a). Good.

Now factor RHS: (b - a) * (S) - (b - a) = (b - a) (S - 1). So correct.

Thus p^{n} - p^{m} = (b - a) (S - 1).

Now note that S = (b^{p-2} + b^{p-3} a + ... + a^{p-2}) has p-1 terms, each ≡ (-1)^{something} ≡ -1? Wait exponent parity: For each term, the total exponent of -1 is (p-2) + ...? Actually each term is product of some powers of a and b. Since a ≡ b ≡ -1 (mod p), each term ≡ (-1)^{p-2} = -1 (since p-2 odd). So each term ≡ -1 mod p. There are p-1 terms, so S ≡ -(p-1) ≡ 1 (mod p) (since -(p-1) ≡ 1). So S ≡ 1 (mod p). Good.

Thus S - 1 is divisible by p.

Thus RHS is divisible by p * (b - a). Since b - a is also divisible by p (as a ≡ b mod p), RHS divisible by p^2.

Thus LHS = p^{n} - p^{m} must be divisible by p^2. Since n > m, LHS = p^{m} (p^{n-m} - 1). The factor (p^{n-m} - 1) is not divisible by p, so the p-adic valuation of LHS is exactly m. Therefore we must have m ≥ 2. That's consistent. Also we have that RHS has factor p * (b - a). Since b - a is divisible by p^{t}, RHS has at least p^{t+1}. So m = t+1? Wait RHS = (b - a) (S - 1). Since S - 1 is divisible by p, let v_p(S - 1) = s ≥ 1. Then v_p(RHS) = t + s. Thus m = t + s.

Thus t = v_p(b - a). Since b - a is multiple of p, t ≥ 1.

Thus m = t + s, where s = v_p(S - 1) ≥ 1.

Now we can compute s. Since S = (b^{p-1} - a^{p-1})/(b - a). We can apply LTE to compute v_p(S - 1). Note that S ≡ 1 (mod p). So S - 1 divisible by p. Let's compute v_p(S - 1) using expansions.

Recall S = (b^{p-1} - a^{p-1})/(b - a). Using LTE, v_p(b^{p-1} - a^{p-1}) = v_p(b - a) + v_p(p-1) = t (since v_p(p-1)=0). Thus v_p(S) = v_p(b^{p-1} - a^{p-1}) - v_p(b - a) = t - t = 0. So S is not divisible by p? Wait we just said S ≡ 1 (mod p), so indeed v_p(S) = 0, consistent. So v_p(S - 1) = at least 1, but could be larger.

Thus s = v_p(S - 1) is at least 1, maybe more.

Now we have m = t + s, with t ≥ 1, s ≥ 1.

Similarly, we can consider the other equation? But maybe we can use this relation to bound possibilities.

Now we also have from first equation: a^{p-1} + b = p^{m}. Since a^{p-1} ≡ 1 (mod p), we have b ≡ -1 (mod p). So b = p*v - 1. Similarly a = p*u - 1.

Now compute b - a = p(v - u). So t = 1 + v_p(v - u). So t = 1 + w, where w = v_p(v - u) ≥ 0.

Thus m = t + s = 1 + w + s.

Now we need to compute s = v_p(S - 1). Since S = (b^{p-1} - a^{p-1})/(b - a). Using series expansion maybe we can compute S - 1 in terms of a,b.

We can write:

b^{p-1} - a^{p-1} = (b - a) * (a^{p-2} + a^{p-3} b + ... + b^{p-2}) = (b - a) * S.

Thus S = (b^{p-1} - a^{p-1})/(b - a). Since a,b ≡ -1 mod p, we can consider writing a = -1 + p*u, b = -1 + p*v.

Let’s expand S modulo p^2 maybe.

We can attempt to compute S using series.

Let’s define x = -1 + p*u, y = -1 + p*v.

Compute y^{p-1} - x^{p-1}.

We can expand using binomial series: y^{p-1} = Σ_{i=0}^{p-1} (-1)^i C(p-1,i) (p*v)^i.

Similarly for x.

Thus difference:

y^{p-1} - x^{p-1} = Σ_{i=1}^{p-1} (-1)^i C(p-1,i) p^{i} (v^{i} - u^{i}).

Factor p: = p Σ_{i=1}^{p-1} (-1)^i C(p-1,i) p^{i-1} (v^{i} - u^{i}).

Now b - a = p (v - u). So

S = (y^{p-1} - x^{p-1}) / (p (v - u)) = Σ_{i=1}^{p-1} (-1)^i C(p-1,i) p^{i-1} (v^{i} - u^{i}) / (v - u).

Now we can factor (v^{i} - u^{i}) = (v - u) * (v^{i-1} + v^{i-2} u + ... + u^{i-1}). Cancel (v - u):

S = Σ_{i=1}^{p-1} (-1)^i C(p-1,i) p^{i-1} * (v^{i-1} + v^{i-2} u + ... + u^{i-1}).

Thus S = Σ_{i=1}^{p-1} (-1)^i C(p-1,i) p^{i-1} * T_i, where T_i = sum_{j=0}^{i-1} v^{i-1-j} u^{j}.

Now for i=1: term = (-1)^1 C(p-1,1) p^{0} * T_1, where T_1 = sum_{j=0}^{0} v^{0} u^{0} = 1. So term = - (p-1) * 1 = -(p-1).

For i=2: term = (+) C(p-1,2) p^{1} * (v + u). Since T_2 = v + u.

Thus S = -(p-1) + C(p-1,2) p (v + u) + higher terms with p^{i-1} for i≥3 (i.e., at least p^2).

Thus modulo p^2, we have:

S ≡ -(p-1) + C(p-1,2) p (v + u) (mod p^2).

Recall C(p-1,2) = (p-1)(p-2)/2 = 1 + p * ((p-3)/2). So C(p-1,2) p = p * (1 + p*((p-3)/2)) = p + p^2 * ((p-3)/2). Thus modulo p^2, C(p-1,2) p ≡ p (mod p^2).

Thus S ≡ -(p-1) + p (v + u) (mod p^2).

Now compute S - 1 ≡ -(p-1) - 1 + p (v + u) = -p + p (v + u) = p (v + u - 1) (mod p^2).

Thus v_p(S - 1) = 1 + v_p(v + u - 1). Since S - 1 is divisible by p, and the next factor is v + u - 1.

Thus s = 1 + v_p(v + u - 1). Good!

Thus s = 1 + w', where w' = v_p(v + u - 1) ≥ 0.

Now recall m = t + s = (1 + w) + (1 + w') = 2 + w + w'.

Thus m ≥ 2, with equality iff w = w' = 0 (i.e., v - u not divisible by p, and v + u - 1 not divisible by p). That is, v - u ≠ 0 (mod p) and v + u ≠ 1 (mod p). Since v,u positive, v+u -1 ≡ 0 mod p would be special.

Thus the minimal exponent m=2 occurs when both w = w' = 0.

Similarly, we can compute n similarly? Let's compute n using symmetry: swapping u and v. Since n corresponds to exponent for b^{p-1} + a, we can similarly find n = 2 + w' + w'' where w'' = v_p(u + v - 1) same as w' (since symmetric). Wait expression for n will involve similar parameters: n = 2 + w + w' as well? Let's compute.

By symmetry, n = 2 + w + w', same as m? Actually m depends on (v - u) and (v + u - 1). n depends on (u - v) and (u + v - 1). Since v - u = -(u - v). Their p-adic valuations are same (since absolute value). So w = v_p(v - u) = v_p(u - v). Also w' = v_p(v + u - 1) same. So both m and n equal 2 + w + w'.

Thus m = n! Wait but earlier we observed that in solution m=2, n=3, not equal. Let's compute w,w' for that solution.

For p=3, a=2, b=5 => u = (a+1)/p = 1, v = (b+1)/p = 2.

Compute v - u = 1 => w = v_p(1) = 0 (since p=3 does not divide 1). Compute v + u - 1 = 1 + 2 - 1 = 2 => w' = v_p(2) = 0 (since p=3). Thus m = 2 + 0 + 0 = 2, matches. Similarly n = 2 + 0 + 0 = 2? But actual n=3. Something off. Let's compute n using same formula but maybe n = 2 + w + w'' where w'' = v_p(u + v - 1) same as w', giving n=2. Contradiction.

Thus our derived expression for m may be missing extra contribution from the term p^{m} (p^{n-m} - 1) factor? Wait we derived m = t + s, where t = v_p(b - a) = 1 + w, s = v_p(S - 1) = 1 + w'. So m = 2 + w + w'. Good.

Now for the solution, w=0, w'=0, giving m=2. That's correct.

Now what about n? We can similarly derive n = t' + s', where t' = v_p(a - b) = t (since a - b = -(b - a) same valuation), and s' = v_p(S' - 1), where S' = (a^{p-1} - b^{p-1})/(a - b) = same as S (since numerator sign changes). Actually S' = (a^{p-1} - b^{p-1})/(a - b) = S as well (since both numerator and denominator change sign). So S' = S. Therefore s' = s. Thus n = t + s = m. So n must equal m, contradicting solution where n=3.

Thus our derivation that n = m must be flawed; perhaps the expression for n is different because we used p^{n} - p^{m} = (b - a) (S - 1) where we assumed n > m. If n > m, then the valuation of LHS is m (since p^{n} - p^{m} = p^{m}(p^{n-m} - 1) with p^{n-m} - 1 not divisible by p). So v_p(LHS) = m. Thus we get m = t + s. That's consistent. But n may be larger; we have not derived expression for n directly.

Thus n is not determined by this relation; we only have that n > m (or possibly n=m). So we need to analyze n separately.

Thus we have derived that m = 2 + w + w' where w = v_p(v - u), w' = v_p(v + u - 1). Since m ≥ 2.

Now we can try to bound n.

From the second equation: b^{p-1} + a = p^{n}. Using similar reasoning, we can express n = 2 + w + w', same as m? Wait we can compute n analogously by swapping roles of a and b, i.e., using u and v swapped. That gives n = 2 + v_p(u - v) + v_p(u + v - 1) = 2 + w + w', same as m. So n must equal m. But we have a counterexample where n=3, m=2. So there must be a mistake: The formula for exponent derived from m = t + s may not be symmetric because we used the difference equation which involves both exponents. For n, we would need to consider difference p^{n} - p^{m} again, but that yields same relation. So perhaps the formula for n is not derived directly; we need to compute n using similar expansion for b^{p-1} + a = p^{n}.

Let's compute n directly using the same method as we did for m.

We have b^{p-1} + a = p^{n}.

Plug b = p*v - 1, a = p*u - 1.

Compute b^{p-1} + a = (p*v - 1)^{p-1} + (p*u - 1) = p * [ u - (p-1) + Σ_{i=2}^{p-1} (-1)^i C(p-1,i) (p*v)^{i-1} ].

Thus define S_b = u - (p-1) + Σ_{i=2}^{p-1} (-1)^i C(p-1,i) (p*v)^{i-1}.

Thus p^{n-1} = S_b.

Now similar to earlier, we can write:

S_b = u - (p-1) + p*v*C + p^2 * K2 (where C = C(p-1,2) as before). So modulo p^2:

S_b ≡ u - (p-1) + p*v*C (mod p^2) ≡ u - (p-1) + p*v (mod p^2) (since C ≡ 1 mod p). So

S_b ≡ u - (p-1) + p*v (mod p^2) = u + p*v - (p-1).

Thus S_b ≡ u + p*v - (p-1) (mod p^2). This is similar to earlier expression for S (which was v - (p-1) + p*u*C ≡ v + p*u - (p-1) (mod p^2)). So they are symmetric.

Thus we can define similar parameters: t' = v_p(a - b) = t (same), and s' = v_p( (u + p*v - (p-1)) - 1 )? Wait we need to compute v_p(S_b - 1) similarly.

Compute S_b - 1 = (u - (p-1) + p*v*C + p^2 K2) - 1 = (u - (p-1) - 1) + p*v*C + p^2 K2 = (u - p) + p*v*C + p^2 K2.

Now note that u - p = p*u1 - 1 - p = p*u1 - (p+1). Not convenient.

Alternatively, we can use the earlier derived formula for m in terms of u and v: m = 2 + v_p(v - u) + v_p(v + u - 1). Since the problem is symmetric, we expect n = 2 + v_p(v - u) + v_p(v + u - 1) as well, i.e., n = m. But the solution contradicts this, so perhaps our derived formula for m is not symmetric; maybe we made mistake in deriving s = 1 + v_p(v + u - 1). Let's verify by computing for the solution (p=3, u=1, v=2). Compute S = (b^{p-1} - a^{p-1})/(b - a). For p=3, a=2, b=5. Compute S: (5^{2} - 2^{2})/(5 - 2) = (25 - 4)/3 = 21/3 = 7. Then S - 1 = 6, v_3(6) = 1, since 6 = 3 * 2, v_3 = 1. So s = 1, which matches formula s = 1 + v_p(v + u - 1) = 1 + v_3(1+2-1=2) = 1 + 0 = 1. Good.

Now compute t = v_p(b - a) = v_3(3) = 1. So m = t + s = 2, matches.

Now compute n directly: n = v_p(b^{p-1}+a) = v_3(5^{2}+2) = v_3(27) = 3. So n=3.

Now compute analogous parameters for n: we need to write b^{p-1} + a = p^{n}. Using same method: b^{p-1} + a = p * (u - (p-1) + p*v*C + p^2 K2). So n-1 = v_p( u - (p-1) + p*v*C + p^2 K2 ). Let's compute for our numbers: u=1, v=2, p=3, C=1.

Compute expression: u - (p-1) + p*v*C = 1 - 2 + 3*2 = 1 - 2 + 6 = 5. So S_b = 5 + p^2 K2. Since K2 from higher terms i≥3, but for p=3, there are no i≥3 (since p-1=2). So K2 = 0. Thus S_b = 5. Then n-1 = v_3(5) = 0? Wait 5 not divisible by 3, but we know n=3, so something inconsistent. Let's recompute: b^{p-1} + a = 5^{2} + 2 = 27 = 3^3. So p * S_b = 27 => S_b = 9. Indeed 27 / 3 = 9. So S_b = 9. Our formula gave 5, missing something.

Let's compute S_b using formula: S_b = u - (p-1) + Σ_{i=2}^{p-1} (-1)^i C(p-1,i) (p*v)^{i-1}.

For p=3, sum over i=2 only: i=2 term = (+) C(2,2) (p*v)^{1} = 1 * (3*2) = 6. So S_b = u - (p-1) + 6 = 1 - 2 + 6 = 5. Wait we get 5, but actual S_b should be 9. Something wrong: Did we miss factor? Let's recompute the derivation.

We have b^{p-1} + a = (p*v - 1)^{p-1} + (p*u - 1).

Expand (p*v - 1)^{p-1} = Σ_{i=0}^{p-1} (-1)^i C(p-1,i) (p*v)^i.

Add a = p*u - 1.

Thus sum = Σ_{i=0}^{p-1} (-1)^i C(p-1,i) (p*v)^i + p*u - 1.

Constant term i=0 is 1. So 1 + p*u - 1 = p*u. So we have p*u + Σ_{i=1}^{p-1} (-1)^i C(p-1,i) (p*v)^i.

Factor p: = p * [ u + Σ_{i=1}^{p-1} (-1)^i C(p-1,i) (p*v)^{i-1} ].

Thus S_b = u + Σ_{i=1}^{p-1} (-1)^i C(p-1,i) (p*v)^{i-1}.

Now the sum includes i=1 term: (-1)^1 C(p-1,1) (p*v)^{0} = - (p-1) * 1 = -(p-1). So S_b = u - (p-1) + Σ_{i=2}^{p-1} (-1)^i C(p-1,i) (p*v)^{i-1}.

That's what we used. For p=3, i runs up to 2, so sum over i=2 only: term = (+) C(2,2) (p*v)^{1} = 1 * (3*2) = 6. So S_b = u - (p-1) + 6 = 1 - 2 + 6 = 5. But we expected S_b = 9. Let's compute directly using formula: b^{p-1} + a = 5^{2} + 2 = 27. Dividing by p=3 gives S_b = 9. So our derived expression yields 5, which is wrong. Let's check the expansion again: (p*v - 1)^{p-1} for p=3, v=2: (6 - 1)^{2} = 5^{2} = 25. Expand using binomial: (6 - 1)^{2} = 6^2 - 2*6*1 + 1 = 36 - 12 + 1 = 25. Indeed.

Now using formula Σ_{i=0}^{2} (-1)^i C(2,i) (6)^i:

i=0: 1
i=1: -2 * 6 = -12
i=2: +1 * 36 = 36
Sum = 1 -12 + 36 = 25. Good.

Now add a = p*u - 1 = 3*1 - 1 = 2.

Thus total = 25 + 2 = 27.

Now factor p: 27 = 3 * 9. So S_b = 9.

Now compute S_b using our derived expression: u + Σ_{i=1}^{2} (-1)^i C(2,i) (6)^{i-1}.

i=1 term: -2 * (6)^{0} = -2.
i=2 term: +1 * (6)^{1} = 6.
Thus S_b = u - 2 + 6 = 1 - 2 + 6 = 5. That's not 9. So we missed something: The factorization of p from constant term may be off. Let's recompute factorization:

We have total = Σ_{i=0}^{p-1} (-1)^i C(p-1,i) (p*v)^i + (p*u - 1).

Combine constant terms: i=0 term is 1. So total = 1 + Σ_{i=1}^{p-1} (-1)^i C(p-1,i) (p*v)^i + p*u - 1 = p*u + Σ_{i=1}^{p-1} (-1)^i C(p-1,i) (p*v)^i.

Now factor p from the sum? The sum terms each have factor (p*v)^i, which includes p^i. For i=1 term, factor p^1. So each term is divisible by p. So we can factor p from the sum: Σ_{i=1}^{p-1} (-1)^i C(p-1,i) (p*v)^i = p * Σ_{i=1}^{p-1} (-1)^i C(p-1,i) (p*v)^{i-1}.

Thus total = p*u + p * Σ_{i=1}^{p-1} (-1)^i C(p-1,i) (p*v)^{i-1} = p * [ u + Σ_{i=1}^{p-1} (-1)^i C(p-1,i) (p*v)^{i-1} ].

Thus S_b = u + Σ_{

  Running: 1/1 (100%) | Elapsed: 847s

================================================================================
  BATCH COMPLETE: SET_D — Wave 2 only
  Score: 1/1 (100%)
  Time: 847s
  Timing: min=847s  max=847s  median=847s
================================================================================
  GPU 0: 0.0GB alloc / 0.0GB reserved / 85.0GB total

================================================================================
  FINAL SUMMARY
================================================================================
  Score: 1/1 (100.0%)
  Total time: 847s (14.1 min)

  ID       Status       Pred      Exp Votes                    Ans    Errs    Time
  ---      ---           ---      --- ---                      ---    ---      ---
  dbd2be   OK             10       10 {10: 23}                 23     22      847s

  Correct answers avg time: 847s

================================================================================
