problem_id,attempt_num,answer,is_none,is_correct,entropy,temperature,code_calls,errors,tokens,time_s,num_turns,reasoning_chars,code_chars,output_chars,libraries
2e2ccb,7,1186,0,0,0.562,0.3,0,0,8001,129.8,0,0,0,0,
2e2ccb,6,876,0,1,0.63,0.3,3,0,8688,143.0,3,0,841,8,import sympy as sp
2e2ccb,18,,1,0,0.666,0.5,0,0,8824,145.4,1,0,0,0,
2e2ccb,20,876,0,1,0.654,0.5,2,0,9207,152.7,2,0,206,5,import sympy as sp
2e2ccb,23,876,0,1,0.695,0.7,8,0,8851,171.1,8,0,3282,126,"import networkx as nx, import sympy as sp"
2e2ccb,12,876,0,1,0.668,0.5,17,3,16333,282.2,17,0,6517,5113,"from collections import defaultdict, deque, from sympy.ntheory import residue_ntheory, import random, math, sympy, import sympy"
2e2ccb,4,876,0,1,0.613,0.3,8,3,17562,305.7,8,0,7179,3167,"from collections import defaultdict, import networkx as nx, import sympy as sp, import sys"
2e2ccb,1,0,0,0,0.643,0.1,22,1,17414,374.2,23,0,7354,665,"from collections import defaultdict, from functools import lru_cache, import math, sys, import sympy as sp"
2e2ccb,5,0,0,0,0.579,0.3,22,5,18958,374.2,23,0,8463,4691,"from sympy import carmichael, factorint, from sympy import factorint, from sympy.ntheory import carmichael, import inspect, pkgutil, sys, import math, import math, itertools, sys, random, time, collections, functools, math, import sympy, import sympy as sp, inspect, pkgutil, sys, importlib, types, itertools, math, collections, functools, random, decimal, fractions, statistics, numpy as np, sympy, import sympy as sp, inspect, sys, pkgutil, importlib, math, itertools, collections, functools, random, decimal, fractions, statistics, numpy as np, sympy, import sympy.ntheory.residue_ntheory as rn"
2e2ccb,15,882,0,0,0.659,0.5,23,1,19180,384.4,24,0,6209,580,"from collections import Counter, import math, import math, sys, time, import sympy as sp"
2e2ccb,24,876,0,1,0.698,0.7,16,2,19359,386.4,16,0,15971,2810,"from collections import defaultdict, Counter, from functools import lru_cache, import math, import sympy as sp"
2e2ccb,3,0,0,0,0.657,0.3,30,2,19495,391.9,31,0,7074,3309,"import math, sympy as sp, import networkx as nx, math, sympy as sp, import sympy as sp"
2e2ccb,21,876,0,1,0.654,0.6,39,2,21703,396.8,40,0,7489,4343,"from collections import Counter, from networkx.algorithms import isomorphism, import math, import networkx as nx, math, sympy as sp, itertools, sys, collections, random, time, math, functools, numpy as np, import sympy as sp"
2e2ccb,16,886,0,0,0.603,0.5,44,1,21018,398.2,44,0,14142,1363,"from collections import Counter, import math, import math, itertools, sys, time, random, math"
2e2ccb,19,,1,0,0.663,0.5,9,1,22428,398.6,9,0,6042,1074,"from collections import Counter, from sympy import factorint, import math, import math, sys, itertools, collections, random, time, functools, math"
2e2ccb,9,,1,0,0.664,0.4,15,0,21247,400.1,15,0,9146,1659,"from collections import defaultdict, from functools import lru_cache, from sympy import factorint, primerange, import math"
2e2ccb,13,,1,0,0.621,0.5,37,5,19438,400.2,38,0,8402,4184,"from collections import Counter, from sympy import carmichael, import inspect, sympy.ntheory as nt, import sympy, import sympy as sp"
2e2ccb,22,,1,0,0.614,0.6,49,6,19306,400.1,50,0,10021,7305,"from sympy.functions import carmichael, from sympy.ntheory import carmichael, from sympy.ntheory import carmichael as carm, import inspect, sympy, import math, import math, sympy as sp, import sympy as sp, import sympy.functions as sf, import sympy.ntheory as nt, import sympy.ntheory.residue_ntheory as rn"
2e2ccb,10,1186,0,0,0.631,0.4,13,1,22403,400.5,13,0,4866,934,"from sympy import factorint, import math, import sympy as sp"
2e2ccb,14,,1,0,0.667,0.5,28,2,18057,400.5,29,0,4975,1074,"import math, sympy as sp, itertools, random, time, sys, collections, math, import sympy as sp, import sympy as sp, math, sys, time, import time"
2e2ccb,2,,1,0,0.531,0.2,0,0,22601,401.1,1,0,0,0,
2e2ccb,11,876,0,1,0.672,0.5,19,3,20367,401.0,20,0,11636,1417,"import math, import math, sys, itertools, collections, sympy as sp, import random, math, sys, time, import sympy as sp, import sympy as sp, math, random, itertools, collections, sys, time, math"
2e2ccb,17,,1,0,0.626,0.5,23,0,22059,401.0,23,0,17139,541,"import itertools, math, import math, import math, sympy as sp"
2e2ccb,8,,1,0,0.599,0.3,21,3,20768,416.0,21,0,7095,4655,"from functools import reduce, from math import gcd, import sympy as sp"
4e5a01,10,,1,0,0.709,0.4,0,0,5443,89.2,1,0,0,0,
4e5a01,20,355,0,0,0.705,0.5,8,1,8479,147.5,9,0,2827,434,"import itertools, math, sys, random, collections, functools, numpy as np, sympy as sp, itertools, math, sys, random, import itertools, numpy as np, random, math, sys, collections, itertools, time, functools, math, numpy as np, import math, import numpy as np, import sympy as sp"
4e5a01,15,355,0,0,0.799,0.5,4,0,14853,270.2,4,0,1841,32,"import itertools, import math"
4e5a01,23,343,0,1,0.742,0.7,2,0,16116,293.3,3,0,841,98,
4e5a01,2,343,0,1,0.69,0.2,6,1,18198,340.1,6,0,4247,666,"from scipy.optimize import milp, LinearConstraint, Bounds, import itertools, math, numpy as np, import itertools, math, sys, random, collections, functools, itertools, numpy as np, sympy as sp, math, sys, time, itertools, collections, fractions, itertools"
4e5a01,5,343,0,1,0.615,0.3,25,3,16241,341.1,25,0,12725,5987,"from scipy.optimize import LinearConstraint, Bounds, milp, import inspect, textwrap, scipy.optimize as opt, sys, numpy as np, import itertools, import itertools, math, random, sys, numpy as np, collections, functools, math, itertools, sys, os, json, import itertools, numpy as np, math, sys, random, collections, itertools, functools, math, sys, os, json, import numpy as np, import numpy as np, itertools, math, sys, random, collections, functools, os, json, math, sys, import scipy.optimize as opt"
4e5a01,13,342,0,0,0.689,0.5,10,2,17362,348.7,10,0,9046,2699,"from scipy.optimize import milp, LinearConstraint, Bounds, import itertools, import itertools, math, sys, numpy as np, time, os, random, collections, itertools, math, sys, import itertools, math, sys, random, time, collections, functools, itertools, numpy as np, math, sys, os, hashlib, import numpy as np"
4e5a01,14,352,0,0,0.716,0.5,10,0,20347,372.8,11,0,5090,3816,"import itertools, import numpy as np"
4e5a01,21,25,0,0,0.707,0.6,8,2,15400,376.0,9,0,4982,353,"import itertools, math, import itertools, math, time, sys, functools, collections, random, itertools, math, sys, time, os, typing, itertools, math, sys, time, import random, import random, itertools, math, time"
4e5a01,22,343,0,1,0.687,0.6,21,0,20493,378.8,21,0,12192,1510,"from itertools import combinations, from itertools import product, import itertools, import itertools, math, sys, random, functools, collections, itertools, time, numpy as np, sys, math, itertools, collections, random"
4e5a01,7,343,0,1,0.673,0.3,6,2,19319,384.5,7,0,5367,677,"import heapq, import itertools, import random, math"
4e5a01,16,343,0,1,0.706,0.5,12,0,21132,387.5,13,0,9624,2254,"import itertools, import itertools, numpy as np, math, sys, random, itertools, collections, functools, fractions, decimal, sympy as sp, math, numpy as np, import random"
4e5a01,18,349,0,0,0.634,0.5,26,4,17039,388.7,27,0,15838,2339,"from scipy.optimize import milp, LinearConstraint, Bounds, import itertools, import numpy as np, import numpy as np, math, itertools, random, sys, time, math, collections, functools, fractions, decimal, heapq, statistics, typing, os, json, hashlib, itertools, math, sys, math, import random, time, math, itertools, numpy as np, sys, collections, heapq, functools, statistics, math, os, json, hashlib, typing, fractions, decimal, copy, import sympy as sp"
4e5a01,11,355,0,0,0.756,0.5,15,2,18757,393.5,15,0,8885,593,"from scipy.optimize import milp, LinearConstraint, Bounds, import itertools, math, random, sys, time, collections, functools, fractions, decimal, heapq, statistics, numpy as np, sympy as sp, import math, import numpy as np, math, itertools, random, sys, time, collections, functools, fractions, heapq, statistics, decimal, sympy as sp, import sympy as sp"
4e5a01,1,,1,0,0.667,0.1,18,3,19981,396.3,18,0,8571,3327,"import itertools, math, sys, random, time, collections, functools, itertools, numpy as np, sympy as sp, math, sys, itertools, collections, random, import numpy as np, import sympy as sp"
4e5a01,9,181,0,0,0.657,0.4,21,3,20164,396.8,22,0,22031,5091,"from collections import defaultdict, import inspect, textwrap, scipy.optimize as opt, sys, numpy as np, math, itertools, import itertools, math, random, sys, time, collections, functools, fractions, decimal, heapq, statistics, typing, math, numpy as np, itertools, sys, math, import itertools, math, sys, numpy as np, scipy.optimize as opt, itertools, math, random"
4e5a01,19,,1,0,0.654,0.5,26,7,17988,398.7,26,0,15341,5926,"import itertools, import itertools, math, sys, random, collections, functools, numpy as np, sympy as sp, itertools, math, sys, random, import random, itertools, math, time, sys, itertools, random, import sympy as sp"
4e5a01,3,181,0,0,0.612,0.3,12,5,18817,399.7,13,0,17884,2170,"from scipy.optimize import milp, LinearConstraint, Bounds, import itertools, import itertools, random, math, time, import numpy as np"
4e5a01,8,361,0,0,0.694,0.3,24,3,17645,400.1,24,0,12868,1498,"from itertools import combinations, from math import comb, from scipy.optimize import milp, LinearConstraint, Bounds, import itertools, import math, itertools, sys, random, collections, itertools, math, time, functools, fractions, decimal, heapq, statistics, json, os, re, hashlib, typing, inspect, textwrap, string, pprint, numbers, fractions, itertools, math, random, import numpy as np, import numpy as np, math, itertools, random, sys, time, collections, functools, fractions, decimal, heapq, statistics, os, re, hashlib, typing, inspect, textwrap, pprint, numbers, json, string, math, random, import numpy as np, random, math, itertools, sys, time, import random"
4e5a01,6,,1,0,0.715,0.3,12,1,20419,400.9,13,0,8512,2227,import sympy as sp
4e5a01,24,,1,0,0.716,0.7,8,4,16995,400.9,9,0,9941,1255,"from collections import deque, import itertools, import math, import sympy as sp"
4e5a01,12,,1,0,0.714,0.5,17,0,21323,401.8,18,0,11259,8004,"import itertools, collections, import itertools, math, sys, random, collections, functools, copy, os, json, time, fractions, decimal, hashlib, string, typing, numbers, inspect, textwrap, re, itertools, math, numpy as np, sympy as sp, import numpy as np, itertools, math, sys, random, collections, fractions, decimal, itertools, math, numpy as np, import random, import sympy as sp"
4e5a01,17,,1,0,0.71,0.5,15,1,18609,404.0,15,0,13879,1619,"from itertools import product, import itertools, math, numpy as np, sys, random, collections, functools, itertools, math, sys, os, time, json"
4e5a01,4,,1,0,0.654,0.3,16,1,21519,424.2,16,0,10656,2209,import itertools
b70a49,11,170,0,1,0.548,0.5,5,0,1569,25.4,5,0,709,883,"import math, itertools, sympy as sp"
b70a49,6,170,0,1,0.597,0.3,5,0,2258,37.1,5,0,899,289,import math
b70a49,4,170,0,1,0.707,0.3,3,0,2316,37.8,3,0,264,216,
b70a49,23,170,0,1,0.639,0.7,5,0,2389,39.3,5,0,1055,413,import math
b70a49,22,170,0,1,0.572,0.6,6,0,2443,40.4,6,0,846,603,
b70a49,7,170,0,1,0.528,0.3,5,0,2642,43.8,5,0,824,275,import math
b70a49,20,170,0,1,0.576,0.5,6,0,2945,49.4,6,0,1043,501,"from sympy.ntheory.modular import crt, import math"
b70a49,16,170,0,1,0.572,0.5,7,0,3045,51.4,7,0,879,247,import math
b70a49,1,170,0,1,0.493,0.1,6,0,3201,53.4,6,0,879,238,import math
b70a49,5,170,0,1,0.512,0.3,7,0,3187,53.5,7,0,1107,458,"import heapq, import math"
b70a49,15,170,0,1,0.586,0.5,6,0,3278,54.6,6,0,876,274,import math
b70a49,10,170,0,1,0.686,0.4,3,0,3392,56.0,3,0,718,474,
b70a49,17,170,0,1,0.612,0.5,7,0,3399,56.3,7,0,946,559,"import heapq, import math"
b70a49,21,170,0,1,0.506,0.6,2,0,3420,56.3,2,0,479,290,
b70a49,19,170,0,1,0.594,0.5,10,0,3435,57.1,10,0,1153,443,import math
b70a49,24,170,0,1,0.52,0.7,10,0,3619,59.6,10,0,781,317,import sympy as sp
b70a49,13,,1,0,0.492,0.5,4,0,3693,60.3,5,0,910,308,"import math, itertools"
b70a49,9,6170,0,0,0.568,0.4,5,0,3895,62.2,5,0,804,376,import math
b70a49,2,170,0,1,0.408,0.2,5,0,4075,63.9,5,0,993,305,"from sympy.ntheory.modular import crt as symcrt, import math"
b70a49,3,170,0,1,0.543,0.3,4,0,4205,65.0,4,0,453,323,import math
b70a49,18,170,0,1,0.594,0.5,7,1,4278,65.8,7,0,861,973,"from sympy.ntheory.modular import crt, import math, itertools, sys, sympy as sp"
b70a49,14,170,0,1,0.536,0.5,4,0,4311,66.0,4,0,1083,499,import itertools
b70a49,8,170,0,1,0.536,0.3,6,0,4375,66.5,6,0,1280,313,"import heapq, import math"
b70a49,12,170,0,1,0.585,0.5,8,0,4445,66.8,8,0,1163,490,"import heapq, import math"
485d27,10,29,0,1,0.765,0.4,1,0,9095,150.9,1,0,144,53,
485d27,5,16,0,0,0.75,0.3,5,0,9808,165.1,5,0,2149,300,
485d27,1,9,0,0,0.779,0.1,4,0,10151,171.5,4,0,1599,208,
485d27,18,29,0,1,0.761,0.5,4,0,10648,181.8,4,0,2620,168,import itertools
485d27,20,30,0,0,0.798,0.5,3,0,11444,197.0,3,0,613,204,
485d27,24,22,0,0,0.798,0.7,3,0,11900,205.8,3,0,121,37,import sympy as sp
485d27,8,3,0,0,0.653,0.3,12,0,11547,211.9,12,0,4583,670,"from scipy.optimize import milp, LinearConstraint, Bounds, import itertools, math, sys, numpy as np, random, time, math, collections, itertools, sys, os, json, fractions, functools, heapq, decimal, statistics, typing, math, import math, import numpy as np, math, itertools, sys, time, random, collections, functools, heapq, decimal, statistics, typing, os, json, fractions, math, import scipy.optimize as opt"
485d27,19,,1,0,0.771,0.5,6,0,12684,218.6,7,0,1123,194,"import math, import sympy as sp"
485d27,7,29,0,1,0.751,0.3,9,0,12718,219.9,9,0,2493,94,import numpy as np
485d27,15,22,0,0,0.81,0.5,7,0,13180,226.9,7,0,5192,278,"from scipy.optimize import milp, LinearConstraint, Bounds, import itertools, math, collections, sys, random, time, functools, math, itertools, collections, sys, os, json, math, import itertools, math, sys, numpy as np, math, random, time, collections, itertools, math, sys, os, json, math"
485d27,14,29,0,1,0.808,0.5,1,0,13406,229.2,1,0,622,35,
485d27,21,29,0,1,0.774,0.6,9,0,13595,233.4,9,0,3803,992,"from functools import lru_cache, import itertools"
485d27,6,30,0,0,0.68,0.3,10,2,13461,261.5,10,0,4692,2401,"from scipy.optimize import milp, LinearConstraint, Bounds, import itertools, math, sys, time, numpy as np, math, collections, random, functools, fractions, decimal, heapq, statistics, sympy as sp, itertools, math, sys, time, numpy as np, import numpy as np, math, itertools, sys, time, random, collections, functools, fractions, decimal, heapq, statistics"
485d27,22,1,0,0,0.796,0.6,5,0,15590,264.1,5,0,1294,171,import itertools
485d27,2,22,0,0,0.662,0.2,19,1,15747,284.8,20,0,9173,3849,"import inspect, textwrap, sys, scipy.optimize as opt, import itertools, math, sys, time, random, collections, functools, fractions, decimal, heapq, statistics, import numpy as np, math, itertools, sys, time, random, import scipy.optimize as opt"
485d27,17,29,0,1,0.676,0.5,19,4,13185,289.6,19,0,7499,3501,"from scipy.optimize import milp, LinearConstraint, Bounds, import itertools, import itertools, math, sys, time, numpy as np, math, collections, random, itertools, sys, math, numpy as np, import numpy as np, import numpy as np, math, itertools, sys, time, import scipy, sys, numpy as np, math, itertools, collections, random, os, json, math, numpy as np"
485d27,9,29,0,1,0.663,0.4,18,1,17193,290.9,18,0,10464,3365,"from scipy.optimize import milp, LinearConstraint, Bounds, import itertools, math, sys, random, collections, time, json, os, math, sys, import numpy as np, math, itertools, sys, time, json, os, math, random, collections, fractions, decimal"
485d27,13,1,0,0,0.73,0.5,8,0,20212,313.3,8,0,2288,78,"import itertools, import math, sympy as sp"
485d27,3,,1,0,0.582,0.3,16,4,18206,327.5,17,0,9406,2004,from itertools import product
485d27,12,29,0,1,0.766,0.5,16,5,13571,334.8,16,0,5862,927,"from scipy.optimize import milp, LinearConstraint, Bounds, import itertools, import itertools, math, sys, random, collections, time, numpy as np, math, sys, itertools, collections, random, time, math, import numpy as np, import numpy as np, math, itertools, collections, random, time, sys, os, math, import numpy as np, time"
485d27,11,29,0,1,0.733,0.5,15,2,24855,354.3,15,0,9056,901,import itertools
485d27,16,30,0,0,0.725,0.5,14,7,17024,374.4,15,0,7193,2744,"from scipy.optimize import Bounds, LinearConstraint, milp, from scipy.optimize import milp, LinearConstraint, Bounds, import itertools, import itertools, math, sys, numpy as np, math, random, time, collections, itertools, functools, fractions, decimal, heapq, statistics, os, json, typing, sys, math, numpy as np, import numpy as np, import numpy as np, math, itertools, sys, random, time, collections, functools, fractions, decimal, heapq, statistics, os, json, typing, math, import numpy as np, scipy.sparse as sp, import scipy.sparse as sp, import time, sys, math, numpy as np, scipy.sparse as sp, itertools, random, os, json, typing, collections, fractions, decimal, heapq, statistics, math, numpy as np"
485d27,23,,1,0,0.649,0.7,17,2,21918,399.8,18,0,7768,630,"import itertools, import sympy as sp"
485d27,4,30,0,0,0.676,0.3,18,3,20377,401.1,19,0,8077,1495,"from scipy.optimize import milp, LinearConstraint, Bounds, import itertools, math, sys, time, random, collections, math, numpy as np, itertools, sys, math, import numpy as np, itertools, math, sys, time, import numpy as np, math, itertools, import numpy as np, math, itertools, sys, time, random, collections, math, numpy as np"
c9a608,4,,1,0,0.661,0.3,1,0,8403,134.5,2,0,764,92,
c9a608,20,637,0,0,0.764,0.5,3,0,15569,272.9,4,0,285,23,from fractions import Fraction
c9a608,23,,1,0,0.677,0.7,5,0,16906,300.7,6,0,3092,171,"import fractions, math, import itertools"
c9a608,6,11,0,1,0.641,0.3,9,0,17681,317.6,10,0,3745,558,"from collections import Counter, from fractions import Fraction"
c9a608,24,11,0,1,0.684,0.7,6,0,18651,337.3,6,0,2346,320,"from collections import Counter, from fractions import Fraction, import itertools"
c9a608,7,11,0,1,0.679,0.3,10,0,18915,343.4,10,0,3112,246,"from fractions import Fraction, import itertools, import itertools, math"
c9a608,9,11,0,1,0.674,0.4,18,1,20085,370.9,18,0,7666,1304,"from collections import Counter, from fractions import Fraction, from functools import lru_cache, import itertools, math, import sys"
c9a608,17,11,0,1,0.627,0.5,24,0,20047,371.4,24,0,8201,720,"from collections import Counter, import itertools, collections, math, random, sys, time, functools, itertools, math, collections, heapq"
c9a608,5,11,0,1,0.683,0.3,6,0,20635,378.0,7,0,3986,163,"import itertools, math"
c9a608,3,11,0,1,0.645,0.3,8,0,20762,387.0,8,0,6110,169,"import itertools, math, sys, time, functools, collections, random, math, sys, time, itertools, collections, functools, math, sys"
c9a608,14,11,0,1,0.72,0.5,10,0,19998,388.8,10,0,4600,315,"from collections import Counter, from fractions import Fraction, from functools import lru_cache"
c9a608,1,11,0,1,0.648,0.1,14,2,21320,390.4,14,0,4528,1717,"from collections import Counter, from fractions import Fraction, from functools import lru_cache, import itertools, math"
c9a608,18,,1,0,0.633,0.5,9,0,21682,396.6,9,0,6242,382,"from fractions import Fraction, from functools import lru_cache, from itertools import product, combinations, import itertools, math, collections, sys, random, time, functools, math, itertools, fractions, sys, collections, math"
c9a608,10,,1,0,0.58,0.4,14,6,18433,397.4,14,0,14132,2431,"from collections import Counter, from scipy.optimize import milp, LinearConstraint, Bounds, import itertools, math, import itertools, math, numpy as np, sys, math, collections, random, time, json, os, typing, fractions, decimal, heapq, statistics, functools, itertools, collections, math, numpy as np, import numpy as np, math, itertools"
c9a608,16,,1,0,0.669,0.5,12,2,20047,397.4,12,0,6727,1448,"from collections import Counter, from fractions import Fraction, from functools import lru_cache, import itertools, math"
c9a608,12,,1,0,0.714,0.5,15,0,21709,400.3,16,0,4367,650,"import itertools, collections, math, sys, random, time, functools, math, itertools, collections, sys, math, import random, itertools, collections, math, sys, time, functools, math, itertools, collections, sys"
c9a608,19,11,0,1,0.688,0.5,7,0,21819,400.6,8,0,3823,306,"from collections import Counter, from fractions import Fraction, import itertools"
c9a608,2,,1,0,0.7,0.2,4,0,21871,401.0,5,0,2734,218,"from fractions import Fraction, from functools import lru_cache, import itertools, import math, fractions, sys, itertools, collections, random, math, sympy as sp"
c9a608,15,,1,0,0.688,0.5,5,0,21830,400.8,6,0,2481,211,"import itertools, math"
c9a608,13,,1,0,0.645,0.5,6,0,21875,401.1,7,0,4423,119,"from fractions import Fraction, from functools import lru_cache"
c9a608,8,,1,0,0.716,0.3,3,0,21869,401.2,4,0,1826,266,"from fractions import Fraction, import itertools"
c9a608,21,3,0,0,0.711,0.6,11,0,21844,401.1,12,0,3519,526,"from collections import Counter, from fractions import Fraction, import itertools, collections, import itertools, math, import math"
c9a608,22,,1,0,0.709,0.6,11,1,21873,401.4,11,0,4988,1090,"from fractions import Fraction, import itertools, import itertools, math, import sys"
c9a608,11,,1,0,0.649,0.5,10,1,20238,401.5,11,0,6902,319,"import itertools, math, import math, itertools"
25e584,8,2,0,0,0.454,0.3,12,2,6863,154.5,12,0,4638,1196,"import random, math, import random, math, numpy as np, import random, math, sympy as sp, import sympy as sp, import sympy as sp, random, math, itertools, sys, numpy as np, mpmath as mp"
25e584,14,2,0,0,0.46,0.5,15,4,6079,211.7,15,0,4355,3016,"import numpy as np, math, random, sympy as sp, import random, math, numpy as np, import sympy as sp, import sympy as sp, random, math, itertools, sys, numpy as np, time, warnings, itertools, math, random, sys, os, json, collections, fractions, decimal, fractions, math, import sympy as sp, random, math, numpy as np"
25e584,23,2,0,0,0.609,0.7,32,7,9508,218.3,32,0,6310,13143,"import mpmath as mp, import numpy as np, math, cmath, itertools, random, sys, collections, fractions, decimal, math, sympy as sp, import numpy as np, math, random, import random, math, numpy as np, itertools, sys, time, math, sympy as sp, numpy.linalg as la, numpy.random as npr, import sympy as sp"
25e584,1,2,0,0,0.661,0.1,14,2,10314,222.3,14,0,2618,4165,"import random, math, itertools, numpy as np, sympy as sp, sys, math, time, itertools, collections, fractions, decimal, functools, heapq, statistics, random, math, numpy as np, import random, math, numpy as np, import sympy as sp"
25e584,21,8,0,1,0.506,0.6,18,4,8437,224.5,18,0,4133,3048,"import numpy as np, math, import random, math, itertools, sys, numpy as np, math, cmath, time, itertools, collections, fractions, decimal, statistics, functools, sympy as sp, sys, math, random, itertools, numpy as np, import sympy as sp"
25e584,22,8,0,1,0.688,0.6,24,5,11975,265.7,24,0,5964,8162,"import numpy as np, math, random, itertools, sympy as sp, sys, math, collections, itertools, numpy as np, import random, math, numpy as np, import random, math, numpy as np, sympy as sp, itertools, sys, time, collections, math, warnings, itertools, numpy as np, import sympy as sp, import sympy as sp, random, math, itertools, sys, numpy as np, warnings, sympy, import sympy as sp, random, math, numpy as np, sys, itertools, warnings, time, collections, math, numpy as np"
25e584,17,8,0,1,0.592,0.5,27,3,12257,292.3,27,0,5692,6441,"import math, import random, math, numpy as np, import random, sympy as sp, math, numpy as np, itertools, sys, time, warnings, mpmath as mp, import sympy as sp, import sympy as sp, random, math, numpy as np, itertools, sys, time, warnings, math, mpmath as mp"
25e584,10,2,0,0,0.522,0.4,33,5,15128,336.0,33,0,10478,8043,"import itertools, import mpmath as mp, import numpy as np, math, import numpy as np, math, cmath, random, sys, itertools, time, collections, math, import numpy as np, math, itertools, random, sys, math, time, collections, itertools, numpy as np, import numpy as np, math, itertools, sys, random, time, collections, math, numpy as np, import numpy as np, math, random, itertools, sys, time, collections, math, numpy as np, import numpy as np, math, sympy as sp, itertools, random, sys, time, collections, math, numpy as np, import random, math, import random, math, itertools, sys, numpy as np, sympy as sp, math, itertools, time, sys, fractions, collections, functools, decimal, heapq, random, statistics, import random, math, numpy as np, import random, math, numpy as np, itertools, sys, math, numpy as np, time, collections, math, import sympy as sp"
25e584,7,8,0,1,0.556,0.3,29,6,14817,371.3,29,0,6370,8481,"import math, import numpy as np, math, import random, math, itertools, numpy as np, import random, math, numpy as np, itertools, sys, time, math, sympy as sp, import sympy as sp, import sympy as sp, random, math, numpy as np, itertools, sys, time, collections, math, warnings, itertools, os, json, fractions, decimal, fractions, math, random, sys, numpy as np"
25e584,2,8,0,1,0.596,0.2,52,4,17605,372.7,53,0,13330,13667,"import numpy as np, math, itertools, random, sys, time, math, import random, math, itertools, sys, time, numpy as np, sympy as sp, math, itertools, collections, fractions, decimal, heapq, random, statistics, import random, math, numpy as np, sympy as sp, itertools, sys, time, math, collections, fractions, decimal, heapq, statistics, import random, math, numpy as np, sys, time, import random, math, numpy as np, sys, time, math, import sympy as sp, import sympy as sp, numpy as np, math, itertools, random, sys, time, import sympy as sp, random, math, itertools, numpy as np, sys, time, math"
25e584,9,8,0,1,0.554,0.4,41,6,17397,380.2,41,0,11106,9597,"import mpmath as mp, import numpy as np, math, itertools, random, sympy as sp, mpmath as mp, import random, math, numpy as np, import sympy as sp, import sympy as sp, itertools, math, random, numpy as np, sys, sympy, import sympy as sp, random, math, itertools, numpy as np, sys, time, math, warnings, sympy"
25e584,20,5,0,0,0.586,0.5,51,4,18765,380.8,52,0,10025,10884,"import numpy as np, math, cmath, sys, sympy as sp, import numpy as np, math, random, sys, itertools, time, math, numpy as np, import numpy as np, math, sympy as sp, itertools, sys, random, math, import random, math, itertools, sys, numpy as np, sympy as sp, math, itertools, random, sys, numpy as np, import random, math, numpy as np, sys, itertools, math, import random, math, numpy as np, sys, itertools, math, time, import random, math, numpy as np, sys, math, itertools, random, sys, import random, math, numpy as np, sys, math, itertools, random, sys, numpy as np, import sympy as sp, import sympy as sp, math, numpy as np, itertools, sys, import sympy as sp, numpy as np, math, itertools, sys, random, import sympy as sp, random, math, numpy as np, itertools, sys, time, math"
25e584,19,2,0,0,0.602,0.5,44,5,16071,382.9,44,0,10258,7490,"import numpy as np, math, itertools, sys, random, math, sympy as sp, time, warnings, import random, math, numpy as np, import random, math, numpy as np, itertools, sys, time, sympy as sp, math, numpy as np, import random, math, numpy as np, sympy as sp, itertools, sys, time, math, import random, math, numpy as np, sympy as sp, itertools, sys, time, math, numpy as np, import sympy as sp, itertools, math, random, sys, numpy as np, time, itertools, collections, fractions, math, sys, os, json, import sympy as sp, math, random, itertools, sys, time, import sympy as sp, numpy as np, math, itertools, sys, random, time, import sympy as sp, numpy as np, math, random, itertools, sys, time, import sympy as sp, numpy as np, random, math, sys, itertools, time, warnings, math"
25e584,4,,1,0,0.545,0.3,44,7,16242,383.4,45,0,10536,8174,"from decimal import Decimal, getcontext, import numpy as np, math, random, itertools, sys, math, import numpy as np, math, random, sys, import numpy as np, math, random, sys, itertools, time, math, import numpy as np, random, math, sympy as sp, itertools, sys, math, random, import random, math, numpy as np, itertools, sys, math, time, collections, fractions, decimal, statistics, functools, itertools, sympy as sp, sys, math, random, numpy as np, import random, math, numpy as np, sys, math, itertools, collections, fractions, decimal, statistics, functools, sympy as sp, time, import random, math, numpy as np, sys, math, itertools, collections, fractions, decimal, statistics, functools, sympy as sp, time, random, math, import random, math, numpy as np, sys, time, math, import random, sympy as sp, import sympy as sp, import sympy as sp, random, math, itertools, sys, numpy as np"
25e584,16,2,0,0,0.556,0.5,45,9,15113,385.5,46,0,10371,6987,"import numpy as np, math, sympy as sp, itertools, random, sys, math, numpy as np, import random, math, itertools, numpy as np, sys, sympy as sp, math, itertools, random, numpy as np, import random, math, numpy as np, import random, math, numpy as np, itertools, sys, time, math, sympy as sp, import random, math, numpy as np, sys, math, itertools, sympy as sp, time, collections, fractions, decimal, heapq, statistics, import random, math, numpy as np, sys, time, itertools, sympy as sp, import random, math, numpy as np, sys, time, math, itertools, sympy as sp, import sympy as sp, import sympy as sp, math, numpy as np, random, sys, itertools, time, math"
25e584,5,2,0,0,0.556,0.3,53,9,17140,388.7,53,0,16422,11765,"import mpmath as mp, import mpmath as mp, math, import mpmath as mp, math, numpy as np, import numpy as np, math, import numpy as np, math, random, sympy as sp, itertools, sys, time, mpmath as mp, import random, math, itertools, sys, time, numpy as np, sympy as sp, import random, math, numpy as np, import sympy as sp, import sympy as sp, numpy as np, math, random, itertools, sys, time, mpmath as mp"
25e584,12,8,0,1,0.582,0.5,53,10,16722,388.8,53,0,9520,14701,"import numpy as np, import numpy as np, math, itertools, random, sympy as sp, import random, math, itertools, numpy as np, sys, sympy as sp, time, math, itertools, random, numpy as np, import random, math, numpy as np, import random, math, numpy as np, sys, time, itertools, math, import random, math, numpy as np, sys, time, itertools, sympy as sp, math, random, import random, math, sympy as sp, import sympy as sp, import sympy as sp, math, random, numpy as np"
25e584,11,,1,0,0.545,0.5,41,7,17381,395.7,41,0,12218,8841,"import numpy as np, math, itertools, sys, sympy as sp, random, time, math, warnings, itertools, numpy as np, import numpy as np, math, sympy as sp, itertools, random, cmath, sys, warnings, math, collections, itertools, random, numpy as np, import random, math, import sympy as sp, import sympy as sp, math, numpy as np, import sympy as sp, random, math, itertools, sys, numpy as np, warnings, time, itertools, math, random, sys, sympy, import sympy as sp, random, math, numpy as np, itertools, sys, time, warnings, math, collections, itertools, random, import sympy as sp, random, math, numpy as np, sys, itertools, time, warnings, math"
25e584,15,,1,0,0.616,0.5,42,4,20905,397.1,42,0,11114,9517,"import numpy as np, math, itertools, random, sys, time, math, import numpy as np, sympy as sp, math, itertools, sys, random, time, collections, math, numpy as np, import random, math, numpy as np, import random, math, numpy as np, itertools, sys, math, sympy as sp, time, collections, fractions, decimal, itertools, math, random, numpy as np, import random, math, sympy as sp, import sympy as sp, import sympy as sp, itertools, math, sys, sympy"
25e584,6,,1,0,0.598,0.3,38,13,11548,399.4,38,0,10727,16592,"import numpy as np, import numpy as np, math, import numpy as np, sympy as sp, math, random, import random, import random, math, itertools, numpy as np, sys, math, sympy as sp, itertools, time, collections, fractions, decimal, functools, heapq, statistics, import random, math, numpy as np, import random, numpy as np, math, sympy as sp, import sympy as sp, import sympy as sp, random, math, itertools, numpy as np, import sympy as sp, random, numpy as np, math"
25e584,24,,1,0,0.535,0.7,37,7,17267,399.9,39,0,11371,12614,"from mpmath import mp, mpf, sqrt, nsum, nprod, nstr, import numpy as np, math, random, sys, itertools, time, math, numpy as np, import random, math, numpy as np, import sympy as sp, import sympy as sp, math, random, numpy as np, import sympy as sp, random, math, itertools, sys, numpy as np, itertools, math, sympy, import sympy as sp, random, math, itertools, sys, numpy as np, time, warnings, sympy, import sympy as sp, random, math, numpy as np"
25e584,13,,1,0,0.598,0.5,33,8,16684,402.0,33,0,11283,9824,"import numpy as np, random, math, sympy as sp, itertools, sys, math, sympy as sp, import random, math, import random, math, itertools, numpy as np, sys, math, sympy as sp, itertools, random, math, numpy as np, import random, math, numpy as np, import random, math, numpy as np, sys, math, itertools, sympy as sp, random, math, import random, math, sympy as sp, import sympy as sp, import sympy as sp, math, random, itertools, numpy as np, sys, math, sympy as sp, import sympy as sp, random, math, numpy as np"
25e584,18,,1,0,0.611,0.5,55,3,17362,404.0,55,0,12935,6839,"from sympy import nsolve, Matrix, import mpmath as mp, import mpmath as mp, math, numpy as np, random, sys, itertools, time, import mpmath as mp, math, random, sys, numpy as np, import numpy as np, math, random, itertools, sys, time, math, import numpy as np, math, sympy as sp, random, sys, itertools, time, import random, math, itertools, sys, numpy as np, sympy as sp, math, itertools, random, sys, time, collections, math, numpy as np, import random, math, numpy as np, sympy as sp, itertools, sys, time, math, import random, math, numpy as np, sympy as sp, itertools, sys, time, math, collections, import random, math, numpy as np, sympy as sp, mpmath as mp, sys, itertools, time, import random, math, numpy as np, sys, time"
25e584,3,,1,0,0.579,0.3,52,5,18628,415.4,52,0,13971,14528,"import numpy as np, math, import numpy as np, math, cmath, itertools, sys, random, mpmath as mp, import numpy as np, math, cmath, sys, random, itertools, time, mpmath as mp, import numpy as np, math, sympy as sp, itertools, random, sys, mpmath as mp, import random, math, import random, math, itertools, numpy as np, import sympy as sp, import sympy as sp, math, random, numpy as np, mpmath as mp, import sympy as sp, random, math, itertools, numpy as np, sys, time, mpmath as mp, import sympy as sp, random, math, numpy as np"
06788e,11,9,0,1,0.515,0.5,1,0,3319,50.0,1,0,344,204,import math
06788e,22,9,0,1,0.551,0.6,3,0,3488,53.0,3,0,846,112,import math
06788e,7,9,0,1,0.464,0.3,3,0,3574,54.6,3,0,659,149,"from fractions import Fraction, import math"
06788e,15,9,0,1,0.529,0.5,4,0,3626,55.6,4,0,586,693,import math
06788e,18,9,0,1,0.543,0.5,4,0,3627,55.6,4,0,560,197,import math
06788e,1,9,0,1,0.506,0.1,5,0,3843,59.5,5,0,816,128,"import numpy as np, import sympy as sp"
06788e,19,9,0,1,0.473,0.5,4,0,4347,68.9,4,0,1297,48,"from fractions import Fraction, import math"
06788e,23,9,0,1,0.537,0.7,1,0,4481,71.1,1,0,336,73,import math
06788e,17,9,0,1,0.53,0.5,4,0,4569,72.7,4,0,1235,483,import math
06788e,4,9,0,1,0.557,0.3,6,0,4776,75.5,6,0,1332,1383,"from fractions import Fraction, import math"
06788e,24,9,0,1,0.465,0.7,1,0,4850,76.3,1,0,384,196,import math
06788e,8,9,0,1,0.487,0.3,4,0,5236,82.1,4,0,824,2215,import math
06788e,12,9,0,1,0.524,0.5,2,0,5337,83.6,2,0,660,121,import math
06788e,5,9,0,1,0.592,0.3,1,0,5532,86.1,1,0,369,80,import math
06788e,9,9,0,1,0.487,0.4,7,0,5794,90.6,7,0,1642,609,"from fractions import Fraction, import math"
06788e,2,9,0,1,0.455,0.2,3,0,6074,93.9,3,0,998,301,"from fractions import Fraction, import math"
06788e,6,9,0,1,0.482,0.3,2,0,6481,98.0,2,0,452,115,import math
06788e,20,9,0,1,0.461,0.5,3,0,6476,98.0,3,0,670,156,import math
06788e,21,9,0,1,0.545,0.6,4,0,6965,102.8,4,0,869,176,import math
06788e,3,9,0,1,0.436,0.3,7,0,7592,108.4,7,0,1321,506,"from fractions import Fraction, import math"
06788e,10,9,0,1,0.489,0.4,9,1,8114,112.6,9,0,1985,1866,"from fractions import Fraction, import math, import random"
06788e,16,9,0,1,0.549,0.5,10,0,9185,121.1,10,0,1851,633,"from fractions import Fraction, import math"
06788e,13,9,0,1,0.497,0.5,13,0,9164,121.1,13,0,1930,708,"from fractions import Fraction, import sympy as sp"
06788e,14,9,0,1,0.446,0.5,5,0,9961,124.8,5,0,1066,1857,"from fractions import Fraction, import math"
c4d8d5,22,454,0,1,0.668,0.6,2,0,3993,62.4,2,0,178,32,from fractions import Fraction
c4d8d5,16,454,0,1,0.626,0.5,0,0,4601,72.8,0,0,0,0,
c4d8d5,5,454,0,1,0.699,0.3,0,0,5001,79.8,0,0,0,0,
c4d8d5,10,454,0,1,0.71,0.4,0,0,4993,80.0,0,0,0,0,
c4d8d5,4,454,0,1,0.646,0.3,2,0,4437,80.5,2,0,603,99,"import random, math, itertools, sys, time, numpy as np, math, random, itertools, sys, time, math, numpy as np, import random, math, numpy as np"
c4d8d5,11,454,0,1,0.61,0.5,6,0,5279,86.0,6,0,2396,675,"import math, random, itertools, sys, numpy as np, sympy as sp, math, time, itertools, random, import numpy as np, math, random, import numpy as np, math, random, scipy.optimize as opt, import scipy.optimize as opt"
c4d8d5,19,454,0,1,0.688,0.5,3,0,5646,91.5,3,0,370,217,"import fractions, math, import random, math, sys, itertools, numpy as np, time, math, sys, random, itertools, collections, fractions, decimal, math, numpy as np"
c4d8d5,17,454,0,1,0.558,0.5,3,0,5896,95.1,3,0,214,88,from fractions import Fraction
c4d8d5,1,454,0,1,0.611,0.1,3,0,5964,96.0,3,0,331,178,"from fractions import Fraction, import itertools"
c4d8d5,24,454,0,1,0.675,0.7,3,0,6293,102.7,3,0,894,137,"from fractions import Fraction, import random, math"
c4d8d5,18,454,0,1,0.712,0.5,2,0,6505,103.8,2,0,169,20,from fractions import Fraction
c4d8d5,13,454,0,1,0.661,0.5,3,0,6302,106.9,3,0,1576,327,"import random, math, sys, itertools, numpy as np, time, math, itertools, random, sys, math, numpy as np"
c4d8d5,3,454,0,1,0.565,0.3,2,0,6924,118.4,2,0,656,125,"import random, math, numpy as np, import random, math, numpy as np, itertools, sys, time, math, random, numpy as np"
c4d8d5,9,454,0,1,0.595,0.4,3,0,7350,118.4,3,0,2125,550,"from math import sqrt, from scipy.optimize import minimize, import itertools, math, import numpy as np, import random, math, numpy as np"
c4d8d5,23,454,0,1,0.609,0.7,4,0,7830,122.0,4,0,1008,337,"import itertools, import sympy as sp"
c4d8d5,15,454,0,1,0.64,0.5,2,0,8873,132.6,2,0,1428,146,"from fractions import Fraction, import random, math, sys, time, itertools, numpy as np"
c4d8d5,8,454,0,1,0.629,0.3,3,0,9541,139.9,3,0,1278,230,"from fractions import Fraction, import random, math, itertools, numpy as np, sys, time, math, random, itertools, numpy as np, import random, math, numpy as np"
c4d8d5,12,454,0,1,0.683,0.5,4,0,11090,162.8,4,0,1593,180,"from fractions import Fraction, import random, math, itertools, numpy as np, sys, time, math, random, itertools, numpy as np"
c4d8d5,20,454,0,1,0.562,0.5,11,0,10903,163.3,11,0,7681,1478,"from math import sqrt, from scipy.optimize import minimize, from scipy.optimize import minimize, NonlinearConstraint, Bounds, import numpy as np, math, random, import numpy as np, math, random, sys, itertools, time, import random, math, numpy as np, itertools, sys, time, math, random, numpy as np"
c4d8d5,6,454,0,1,0.602,0.3,7,0,13173,177.5,7,0,2684,304,"from fractions import Fraction, import math, itertools, random, sys, numpy as np, math, itertools, random, sys, time, math, import random, math, import sympy as sp"
c4d8d5,14,454,0,1,0.614,0.5,2,0,13262,181.0,2,0,1007,123,"import random, math, import random, math, sys, itertools, numpy as np, time, math, sys, itertools, random, numpy as np"
c4d8d5,21,454,0,1,0.585,0.6,12,0,13217,186.1,12,0,5080,590,"from fractions import Fraction, import math, fractions, decimal, sys, itertools, collections, functools, random, statistics, sympy as sp, import random, math, itertools, sys, numpy as np, math, time, itertools, fractions, decimal, sympy as sp, itertools, math, random, numpy as np, import random, math, numpy as np, sys, time, itertools, math, random, numpy as np, import random, math, sys, numpy as np, itertools, math, time, bisect, collections, fractions, decimal, sympy as sp"
c4d8d5,7,454,0,1,0.591,0.3,9,1,11047,189.9,9,0,5337,832,"from fractions import Fraction, from math import sin, cos, acos, pi, from scipy.optimize import minimize, import math, import numpy as np, math, random, sys, time, import random, math, import random, math, sys, numpy as np, itertools, time, math, random"
c4d8d5,2,454,0,1,0.504,0.2,21,4,12435,285.6,21,0,9993,4978,"import itertools, math, import random, math, itertools, sys, numpy as np, math, time, itertools, random, sys, math, numpy as np, import random, math, numpy as np, import random, numpy as np, math, itertools, sys, time, import sympy as sp"
390c3a,9,121,0,1,0.443,0.4,0,0,198,2.9,0,0,0,0,
390c3a,5,121,0,1,0.449,0.3,0,0,243,3.5,0,0,0,0,
390c3a,6,121,0,1,0.498,0.3,0,0,295,4.3,0,0,0,0,
390c3a,3,121,0,1,0.528,0.3,1,0,339,5.1,1,0,149,34,import sympy as sp
390c3a,17,121,0,1,0.563,0.5,0,0,329,5.0,0,0,0,0,
390c3a,7,121,0,1,0.529,0.3,0,0,349,5.4,0,0,0,0,
390c3a,19,121,0,1,0.436,0.5,1,0,337,5.2,1,0,298,24,import sympy as sp
390c3a,2,121,0,1,0.593,0.2,0,0,381,6.0,0,0,0,0,
390c3a,14,121,0,1,0.591,0.5,0,0,387,6.0,0,0,0,0,
390c3a,1,121,0,1,0.488,0.1,1,0,403,6.1,1,0,163,24,import sympy as sp
390c3a,8,121,0,1,0.527,0.3,1,0,388,6.1,1,0,151,34,import sympy as sp
390c3a,15,121,0,1,0.527,0.5,1,0,384,6.1,1,0,223,24,import sympy as sp
390c3a,24,121,0,1,0.634,0.7,0,0,384,5.9,0,0,0,0,
390c3a,12,121,0,1,0.642,0.5,0,0,401,6.2,0,0,0,0,
390c3a,13,121,0,1,0.609,0.5,0,0,401,6.2,0,0,0,0,
390c3a,16,121,0,1,0.609,0.5,0,0,401,6.2,0,0,0,0,
390c3a,22,121,0,1,0.648,0.6,0,0,401,6.2,0,0,0,0,
390c3a,10,121,0,1,0.529,0.4,1,0,424,6.6,1,0,240,44,import sympy as sp
390c3a,11,121,0,1,0.555,0.5,1,0,460,6.9,1,0,234,24,import sympy as sp
390c3a,4,121,0,1,0.561,0.3,1,0,473,7.0,1,0,162,26,import sympy as sp
390c3a,23,121,0,1,0.61,0.7,0,0,481,6.8,0,0,0,0,
390c3a,20,121,0,1,0.638,0.5,1,0,572,7.6,1,0,202,44,import sympy as sp
390c3a,18,121,0,1,0.577,0.5,1,0,626,8.0,1,0,188,34,import sympy as sp
390c3a,21,121,0,1,0.63,0.6,1,0,868,9.2,1,0,228,136,import sympy as sp
8a8e73,11,6,0,1,0.467,0.5,3,0,2863,47.8,3,0,394,172,"import numpy as np, import sympy as sp, math, mpmath as mp"
8a8e73,9,6,0,1,0.456,0.4,7,0,3078,52.1,7,0,1380,466,"import random, math, import sympy as sp, math, mpmath as mp"
8a8e73,23,6,0,1,0.555,0.7,8,0,3577,61.0,8,0,1496,1206,"from fractions import Fraction, import random, math, import sympy as sp, import sympy as sp, math, mpmath as mp"
8a8e73,4,6,0,1,0.518,0.3,5,0,4143,70.5,5,0,1001,172,"import math, sympy as sp, itertools, numpy as np, fractions, sys, random, decimal, collections, functools, statistics, cmath, mpmath as mp, import random, math"
8a8e73,3,6,0,1,0.531,0.3,7,0,4181,71.8,7,0,1408,729,"import random, math, import sympy as sp, math, mpmath as mp"
8a8e73,12,6,0,1,0.505,0.5,15,1,4368,76.7,15,0,1580,3403,"import sympy as sp, math, mpmath as mp"
8a8e73,6,6,0,1,0.414,0.3,6,0,4531,78.7,6,0,1484,438,"import random, math, itertools, sys, numpy as np, sympy as sp, time, math, random, itertools, sys, numpy as np, import sympy as sp, math, numpy as np, mpmath as mp"
8a8e73,8,6,0,1,0.492,0.3,8,0,4938,85.3,8,0,1218,407,"import math, sympy as sp, mpmath as mp, import random, math, import sympy as sp"
8a8e73,22,6,0,1,0.532,0.6,7,0,4918,84.9,7,0,1189,266,"import random, math, import sympy as sp, math, mpmath as mp"
8a8e73,14,6,0,1,0.475,0.5,12,2,4890,85.2,12,0,1601,4771,"import numpy as np, math, import sympy as sp, math, mpmath as mp"
8a8e73,17,6,0,1,0.487,0.5,7,0,5159,88.7,7,0,1353,236,"import random, math, import sympy as sp, math, itertools, numpy as np, mpmath as mp"
8a8e73,1,6,0,1,0.515,0.1,12,0,5458,94.0,12,0,1953,2060,"from fractions import Fraction, import random, math, import sympy as sp, math, mpmath as mp"
8a8e73,16,6,0,1,0.496,0.5,7,0,5739,97.5,7,0,1488,392,"import random, math, import sympy as sp, math, mpmath as mp"
8a8e73,24,6,0,1,0.501,0.7,9,0,5802,98.3,9,0,2161,359,"import random, math, import sympy as sp, math, itertools, numpy as np, mpmath as mp"
8a8e73,18,6,0,1,0.49,0.5,18,0,5846,100.2,18,0,2359,3260,"from sympy import real_root, import math, sympy as sp, numpy as np, itertools, fractions, decimal, sys, random, collections, functools, statistics, math, cmath, mpmath as mp, import numpy as np, math, import random, math, itertools, sys, numpy as np, time, math, sympy as sp, import sympy as sp"
8a8e73,15,6,0,1,0.503,0.5,10,0,6955,114.7,10,0,1562,276,"from fractions import Fraction, import math, sympy as sp, mpmath as mp, import math, sympy as sp, numpy as np, itertools, sys, fractions, decimal, random, statistics, math, cmath, collections, functools, itertools, fractions, decimal, itertools, import mpmath as mp, import random, math"
8a8e73,10,6,0,1,0.544,0.4,18,2,7000,116.3,18,0,2485,2313,"from fractions import Fraction, from sympy import real_root, simplify, import random, math, import sympy as sp, import sympy as sp, math, mpmath as mp"
8a8e73,21,6,0,1,0.483,0.6,14,0,7815,123.6,14,0,2811,766,"from fractions import Fraction, import numpy as np, import random, math, import sympy as sp, math, numpy as np, itertools, sys, mpmath as mp"
8a8e73,2,6,0,1,0.483,0.2,20,2,8031,127.4,20,0,1624,11236,"from fractions import Fraction, from sympy import nsimplify, Rational, sqrt, import mpmath as mp, import sympy as sp, math, mpmath as mp"
8a8e73,20,6,0,1,0.482,0.5,11,0,8753,132.8,11,0,2008,9541,"import math, sympy as sp, numpy as np, itertools, fractions, sys, decimal, random, statistics, collections, functools, math, cmath, mpmath as mp, import numpy as np, math, import random, math"
8a8e73,19,6,0,1,0.521,0.5,19,0,8788,133.2,19,0,2048,950,"import random, math, import sympy as sp, math, mpmath as mp"
8a8e73,5,6,0,1,0.514,0.3,24,2,9512,140.0,24,0,2403,2894,"import sympy as sp, math, numpy as np, itertools, sys, mpmath as mp"
8a8e73,7,6,0,1,0.447,0.3,21,0,9962,142.3,21,0,1886,384,"from fractions import Fraction, import math, import math, sympy as sp, import random, math, import sympy as sp, import sympy as sp, math, mpmath as mp"
8a8e73,13,6,0,1,0.481,0.5,27,1,14292,165.3,27,0,3853,4457,"from sympy import nsimplify, Rational, import fractions, math, import mpmath as mp, import numpy as np, math, mpmath as mp, import random, math, import sympy as sp, math, sys, itertools, sympy"
11e9a1,6,103,0,1,0.571,0.3,0,0,401,5.7,0,0,0,0,
11e9a1,3,103,0,1,0.556,0.3,0,0,401,5.7,0,0,0,0,
11e9a1,1,103,0,1,0.555,0.1,0,0,401,5.7,0,0,0,0,
11e9a1,2,103,0,1,0.506,0.2,0,0,401,5.7,0,0,0,0,
11e9a1,14,103,0,1,0.543,0.5,0,0,401,5.6,0,0,0,0,
11e9a1,12,103,0,1,0.5,0.5,0,0,401,5.7,0,0,0,0,
11e9a1,20,103,0,1,0.662,0.5,0,0,401,5.6,0,0,0,0,
11e9a1,23,103,0,1,0.453,0.7,1,0,439,6.3,1,0,53,50,
11e9a1,8,103,0,1,0.448,0.3,0,0,470,6.7,0,0,0,0,
11e9a1,13,103,0,1,0.64,0.5,0,0,488,6.8,0,0,0,0,
11e9a1,7,103,0,1,0.521,0.3,0,0,494,7.0,0,0,0,0,
11e9a1,5,103,0,1,0.486,0.3,0,0,504,7.1,0,0,0,0,
11e9a1,24,103,0,1,0.558,0.7,0,0,491,6.9,0,0,0,0,
11e9a1,15,103,0,1,0.662,0.5,0,0,506,7.1,0,0,0,0,
11e9a1,10,103,0,1,0.652,0.4,0,0,511,7.2,0,0,0,0,
11e9a1,11,103,0,1,0.498,0.5,0,0,512,7.2,0,0,0,0,
11e9a1,4,103,0,1,0.569,0.3,1,0,525,7.4,1,0,126,3,
11e9a1,18,103,0,1,0.706,0.5,0,0,532,7.4,0,0,0,0,
11e9a1,22,103,0,1,0.666,0.6,0,0,560,7.6,0,0,0,0,
11e9a1,16,103,0,1,0.535,0.5,0,0,580,7.8,0,0,0,0,
11e9a1,19,103,0,1,0.57,0.5,0,0,601,8.0,0,0,0,0,
11e9a1,21,103,0,1,0.69,0.6,0,0,601,8.0,0,0,0,0,
11e9a1,17,103,0,1,0.643,0.5,0,0,601,8.0,0,0,0,0,
11e9a1,9,103,0,1,0.526,0.4,1,0,623,8.2,1,0,126,117,
17fb59,24,2234,0,1,0.523,0.7,2,0,4245,68.2,2,0,978,194,"import random, math"
17fb59,20,2234,0,1,0.57,0.5,2,0,4850,80.0,2,0,862,106,"import random, math, itertools, numpy as np"
17fb59,3,2234,0,1,0.608,0.3,3,0,4936,80.5,3,0,1298,347,"import numpy as np, import random, math, numpy as np"
17fb59,2,2234,0,1,0.469,0.2,3,0,5698,94.4,3,0,1880,117,"from itertools import product, import numpy as np, import random, math"
17fb59,22,2234,0,1,0.477,0.6,3,0,5603,94.1,3,0,842,70,"import random, math, itertools, numpy as np"
17fb59,11,2234,0,1,0.496,0.5,4,0,6154,102.1,5,0,1820,221,"import numpy as np, import random, math, numpy as np"
17fb59,21,,1,0,0.559,0.6,4,0,6371,105.9,5,0,1481,324,"import numpy as np, import random, math, numpy as np"
17fb59,18,4467,0,0,0.531,0.5,3,0,6504,107.8,4,0,1287,114,"import numpy as np, math, itertools, sys, sympy as sp, fractions, random, math, cmath, time, collections, itertools, functools, decimal, fractions, math, numpy as np, import random, math, numpy as np"
17fb59,1,2234,0,1,0.527,0.1,7,0,7108,117.7,7,0,3406,587,"from scipy.optimize import linprog, import numpy as np, math, itertools, sys, random, time, collections, fractions, decimal, math, sys, os, json, typing, itertools, functools, fractions, collections, math, random, import random, math, import sympy as sp"
17fb59,19,2234,0,1,0.483,0.5,6,0,7709,125.8,6,0,2327,1040,"import random, math, numpy as np, import sympy as sp"
17fb59,7,2234,0,1,0.507,0.3,4,0,7863,128.9,4,0,1956,509,import numpy as np
17fb59,8,2234,0,1,0.521,0.3,3,0,7915,129.5,4,0,2187,172,"import numpy as np, import random, math, numpy as np"
17fb59,6,2234,0,1,0.519,0.3,12,1,7777,133.1,12,0,3774,3408,"import numpy as np, import numpy as np, math, cmath, sys, mpmath as mp, import sympy as sp"
17fb59,4,2234,0,1,0.494,0.3,10,0,8430,136.6,11,0,2877,548,"import itertools, math, sys, numpy as np, scipy.optimize as opt, warnings, time, random, collections, fractions, decimal, math, sympy as sp, import numpy as np, random, math, sys, time, itertools, collections, fractions, decimal, sympy as sp, scipy.optimize as opt"
17fb59,10,2234,0,1,0.485,0.4,12,1,8999,145.8,12,0,7525,1446,"from scipy.optimize import linprog, import itertools, math, sys, random, numpy as np, math, fractions, collections, itertools, functools, decimal, heapq, statistics, sympy as sp, sys, math, random, import numpy as np, math, itertools, random, sys, math, fractions, collections, heapq, statistics, sympy as sp, import random, math, numpy as np, import sympy as sp"
17fb59,13,2234,0,1,0.56,0.5,6,0,10514,166.6,6,0,4647,1471,"from scipy.optimize import linprog, import itertools, math, random, sys, numpy as np, math, fractions, itertools, collections, functools, decimal, statistics, import numpy as np"
17fb59,16,2234,0,1,0.501,0.5,8,0,8994,167.7,8,0,2786,264,"import numpy as np, random, math, sys, time, itertools, math, random, numpy as np, import random, math, itertools, numpy as np"
17fb59,14,2234,0,1,0.481,0.5,7,1,10805,169.7,7,0,3509,899,"import numpy as np, itertools, math, random, sys, time, math, fractions, collections, itertools, functools, decimal, statistics, fractions, itertools, import numpy as np, math, itertools, random, sys, time, math, fractions, collections, itertools, functools, decimal, statistics, import scipy.optimize as opt"
17fb59,15,2234,0,1,0.539,0.5,10,0,10843,171.9,10,0,5529,2520,"from scipy.optimize import linprog, import numpy as np, math, itertools, sys, random, time, collections, fractions, functools, decimal, heapq, statistics, sympy as sp, math, numpy as np, import numpy as np, random, math, time, sys, itertools, math, numpy as np, import random, math, numpy as np"
17fb59,5,2234,0,1,0.523,0.3,10,1,9847,177.6,11,0,3741,992,"from math import sin, pi, import itertools, math, random, sys, numpy as np, import math, fractions, decimal, sys, itertools, numpy as np, sympy as sp, import math, itertools, numpy as np, import numpy as np, math, scipy.optimize as opt"
17fb59,23,,1,0,0.57,0.7,18,1,13003,189.4,19,0,4816,2121,"import itertools, numpy as np, math, import numpy as np, import random, itertools, math"
17fb59,12,2234,0,1,0.549,0.5,9,0,13775,195.3,9,0,3876,1703,"import itertools, math, sys, numpy as np, scipy.optimize as opt, warnings, time, random, math, sympy as sp, import numpy as np, import random, math, numpy as np"
17fb59,17,2234,0,1,0.533,0.5,20,2,16706,213.4,20,0,8833,5966,"import numpy as np, import numpy as np, math, cmath, itertools, sys, decimal, fractions, random, mpmath as mp, import numpy as np, math, itertools, sys, random, math, fractions, collections, functools, decimal, heapq, statistics, itertools, math, sympy as sp, numpy.linalg as la, math, sys, os, json, typing, time, warnings, itertools, math, numpy as np, scipy.optimize as opt, import sympy as sp"
17fb59,9,2234,0,1,0.498,0.4,22,0,16959,216.4,22,0,6834,1339,"import numpy as np, import numpy.fft as fft, import random, math, numpy as np, import random, numpy as np, math"
eee8f4,4,,1,0,0.63,0.3,8,0,4470,70.6,9,0,951,268,"from fractions import Fraction, import math, import random, math"
eee8f4,16,,1,0,0.569,0.5,7,0,4936,78.2,8,0,231,132,import sympy as sp
eee8f4,9,,1,0,0.569,0.4,13,0,4730,80.2,14,0,1860,273,"from fractions import Fraction, import math, import numpy as np, random, math, itertools, sys, time, fractions, math, numpy as np, import random, math, itertools, sys, numpy as np, sympy as sp, math, itertools, fractions, collections, decimal, heapq, random, statistics"
eee8f4,3,,1,0,0.593,0.3,5,0,5099,81.1,6,0,844,94,"from fractions import Fraction, import math, import math, fractions, sympy as sp, sys, itertools, collections, random, decimal, fractions, math, numpy as np, itertools, functools, statistics, heapq, json, os, re, typing, inspect, import random, math"
eee8f4,22,,1,0,0.57,0.6,6,0,5111,81.8,7,0,990,88,"import math, fractions, sympy as sp, import random, math"
eee8f4,19,,1,0,0.496,0.5,9,0,5256,84.6,10,0,1355,350,"from fractions import Fraction, import math, import numpy as np, math, itertools, random, sys, sympy as sp, itertools, math, fractions, collections, decimal, functools, statistics, import sympy as sp"
eee8f4,6,,1,0,0.514,0.3,5,0,6290,98.3,6,0,220,72,"from fractions import Fraction, import math"
eee8f4,23,,1,0,0.538,0.7,11,0,6121,99.0,12,0,2080,263,"import math, fractions, sympy as sp, import math, itertools, fractions, sys, random, numpy as np, itertools, math, sys, time, math, fractions, itertools, numpy as np, import random, math, import sympy as sp"
eee8f4,21,,1,0,0.568,0.6,7,0,6531,102.2,8,0,1603,895,"from fractions import Fraction, import math, import math, fractions, sympy as sp, sys, itertools, collections, random, decimal, numpy as np, math, fractions, itertools, functools, statistics, heapq, pprint, json, os, re, string, hashlib, typing, inspect, import random, math"
eee8f4,10,,1,0,0.487,0.4,6,0,6918,111.9,7,0,849,229,"import itertools, math, random, numpy as np, sys, time, math, itertools, random, numpy as np, import math"
eee8f4,15,,1,0,0.622,0.5,13,0,7173,112.9,14,0,1482,330,"from fractions import Fraction, import math, import random, math, import sympy as sp"
eee8f4,14,,1,0,0.551,0.5,6,0,7711,119.3,7,0,1513,198,"from fractions import Fraction, import math, import random, math"
eee8f4,12,,1,0,0.447,0.5,15,0,6776,122.6,16,0,3493,1748,"import math, import numpy as np, itertools, math, random, sys, time, math, fractions, itertools, collections, functools, decimal, sympy as sp, numpy.linalg as la, import sympy as sp"
eee8f4,2,,1,0,0.531,0.2,9,0,7404,127.1,10,0,1259,275,"import itertools, math, random, numpy as np, import math, import sympy as sp"
eee8f4,20,,1,0,0.533,0.5,5,0,6805,130.5,6,0,3384,512,"import math, import math, itertools, fractions, sys, random, import sympy as sp"
eee8f4,17,,1,0,0.554,0.5,12,0,8507,139.2,13,0,3045,308,"from fractions import Fraction, import math, import math, fractions, import random, math"
eee8f4,24,,1,0,0.566,0.7,13,0,9555,144.5,14,0,3167,762,"from fractions import Fraction, import math, import numpy as np, itertools, random, math, sys, itertools, time, functools, sympy as sp, import numpy as np, random, math, sys, time, itertools, math, numpy.linalg as LA, import random, math, itertools, numpy as np, import sympy as sp"
eee8f4,11,,1,0,0.591,0.5,18,0,9810,144.9,20,0,1624,378,"from fractions import Fraction, import itertools, math, import itertools, math, random, import math, import math, fractions, sympy as sp, import sympy as sp"
eee8f4,13,,1,0,0.556,0.5,11,1,8539,155.8,12,0,2431,920,"import itertools, math, random, numpy as np, sys, time, itertools, math, fractions, collections, functools, decimal, heapq, random, statistics, import math, import random, math, itertools, import random, math, itertools, numpy as np, import sympy as sp"
eee8f4,18,,1,0,0.641,0.5,25,0,10864,158.7,26,0,1854,610,"from fractions import Fraction, import math, import random, math, import sympy as sp"
eee8f4,1,,1,0,0.499,0.1,13,0,10661,160.9,14,0,2813,909,"import math, import random, math, itertools, numpy as np, sys, time, fractions, itertools, collections, functools, decimal, statistics, import random, math, itertools, numpy as np, sys, time, math, itertools, fractions, collections, functools, decimal, statistics, import random, numpy as np, import sympy as sp"
eee8f4,7,,1,0,0.611,0.3,8,0,10708,171.4,9,0,1980,206,"from fractions import Fraction, import math, import math, fractions, sympy as sp, import random, math"
eee8f4,8,,1,0,0.666,0.3,20,2,15639,216.1,21,0,2939,1020,"from fractions import Fraction, import math, import numpy as np, math, itertools, sys, random, fractions, sympy as sp, import numpy as np, math, random, itertools, sys, fractions, collections, functools, decimal, heapq, statistics, sympy as sp, import numpy as np, random, math, time, sys, itertools, math, fractions, collections, functools, decimal, heapq, statistics, sympy as sp, import random, math"
eee8f4,5,,1,0,0.548,0.3,19,2,16796,217.0,20,0,5267,1974,"from fractions import Fraction, import itertools, math, random, import math, fractions, sympy as sp, import random, math, import sympy as sp"
3f0a92,22,,1,0,0.695,0.6,16,0,12669,229.4,17,0,5275,997,"from functools import lru_cache, import math, itertools, sys"
3f0a92,24,,1,0,0.674,0.7,16,1,16761,349.7,17,0,4189,509,"from functools import lru_cache, import random, math, sys, itertools, collections, copy, import sympy as sp"
3f0a92,3,,1,0,0.671,0.3,1,0,18603,352.5,2,0,85,17,
3f0a92,21,,1,0,0.641,0.6,18,0,18249,355.6,19,0,8756,917,"from math import comb, from scipy.optimize import milp, LinearConstraint, Bounds, import heapq, import itertools, import itertools, math, numpy as np, sys, time, random, collections, math, itertools, functools, fractions, heapq, copy, os, json, decimal, statistics, typing, pprint, textwrap, fractions, math, itertools, collections, sys, numpy as np, import numpy as np"
3f0a92,5,11060,0,0,0.673,0.3,23,0,17796,366.3,23,0,8883,670,"from functools import lru_cache, import math, itertools, import math, random, itertools"
3f0a92,2,,1,0,0.684,0.2,28,1,17259,373.8,29,0,11751,931,"from functools import lru_cache, import itertools, import itertools, math, functools, sys, random, collections, time, math, sys, itertools, functools, collections, math, import math, itertools, sys"
3f0a92,9,,1,0,0.661,0.4,28,0,19532,376.0,29,0,13117,3315,"from functools import lru_cache, import math, itertools, import random, math, itertools, sys, time"
3f0a92,14,,1,0,0.69,0.5,14,0,19771,378.1,15,0,5128,683,"from functools import lru_cache, from scipy.optimize import milp, LinearConstraint, Bounds, import itertools, import math, sys, random, time, itertools, collections, import numpy as np, math, itertools, sys, time, random, collections, itertools, math, numpy as np, import random, math"
3f0a92,19,,1,0,0.608,0.5,24,2,17711,385.5,25,0,12594,2037,"from functools import lru_cache, from scipy.optimize import milp, LinearConstraint, Bounds, import itertools, import itertools, math, numpy as np, sys, time, warnings, os, json, math, random, collections, itertools, functools, fractions, decimal, heapq, statistics, typing, itertools, collections, math, import math, random, itertools, collections, sys, functools, heapq, time, copy, import networkx as nx, import random, math, import random, math, itertools, time, import time, math"
3f0a92,11,,1,0,0.706,0.5,25,1,18466,386.0,26,0,10892,1255,"import bisect, import heapq, import itertools, math"
3f0a92,23,,1,0,0.731,0.7,25,1,18401,396.1,25,0,9634,1312,"from collections import Counter, from collections import deque, from functools import lru_cache, import heapq, import itertools, math, import math, itertools, random, sys, functools, collections, time, math, itertools, random, collections, sys, math"
3f0a92,8,,1,0,0.67,0.3,13,2,17584,396.9,13,0,11702,820,"from functools import lru_cache, import heapq, import math, import math, itertools, sys, import math, sys, import time, math, import time, math, sys"
3f0a92,18,,1,0,0.556,0.5,40,1,20295,397.0,40,0,22603,3689,"from collections import deque, import math, import math, collections, import math, collections, sys, import math, time, sys, itertools, collections, random, math, sys, time, import sympy as sp, math, sys, itertools, collections, random, time, math"
3f0a92,15,,1,0,0.69,0.5,16,2,17242,397.8,17,0,13148,669,"import bisect, import math, import random, math, itertools, sys, time, import time, sys, math, itertools, collections, functools, random, decimal, fractions, heapq, statistics, math, sys, os, typing, itertools, collections, math"
3f0a92,1,,1,0,0.656,0.1,28,5,16690,398.0,28,0,13784,2056,"from scipy.optimize import milp, LinearConstraint, Bounds, import heapq, import itertools, math, random, sys, time, collections, heapq, numpy as np, math, itertools, functools, fractions, decimal, heapq, random, statistics, collections, itertools, math, sys, time, os, json, import math, random, heapq, import numpy as np, math, itertools, sys, time, random, collections, heapq, math, itertools"
3f0a92,20,,1,0,0.683,0.5,31,3,17455,398.2,31,0,12107,3665,"from scipy.optimize import LinearConstraint, milp, import importlib, sys, subprocess, json, math, itertools, collections, random, fractions, decimal, heapq, statistics, functools, os, time, typing, inspect, textwrap, hashlib, string, re, datetime, pathlib, builtins, types, numbers, fractions, decimal, math, itertools, collections, random, heapq, statistics, functools, os, sys, time, typing, inspect, textwrap, hashlib, string, re, datetime, pathlib, builtins, types, numbers, import itertools, math, numpy as np, scipy.optimize as opt, sys, time, warnings, collections, random, math, functools, fractions, decimal, heapq, statistics, itertools, os, json, typing, inspect, textwrap, hashlib, string, re, datetime, pathlib, builtins, types, numbers, fractions, decimal, math, itertools, collections, random, heapq, statistics, functools, os, sys, time, typing, inspect, textwrap, hashlib, string, re, datetime, pathlib, builtins, types, numbers, import networkx as nx, sys, math, itertools, random, collections, time, numpy as np, import scipy.optimize as opt, inspect, textwrap, sys, numpy as np, math, itertools, collections, random, heapq, statistics, functools, os, time, typing, json, re, datetime, pathlib, builtins, types, numbers"
3f0a92,12,,1,0,0.694,0.5,27,0,20810,399.6,27,0,10643,1162,"import heapq, import itertools, import itertools, math, import itertools, math, numpy as np, scipy.optimize as opt, sys, time, random, collections, math, fractions, functools, heapq, decimal, statistics, typing, os, json, re, string, hashlib, inspect, textwrap, pprint, csv, pathlib, itertools, collections, math, random, fractions, decimal, heapq, json, re, sys, time, os, typing, builtins, types, copy, itertools, math, numpy as np"
3f0a92,13,,1,0,0.704,0.5,17,4,19259,399.7,17,0,11023,2273,"from functools import lru_cache, import heapq, import math, import math, itertools, import random, math, itertools, collections, sys"
3f0a92,4,,1,0,0.634,0.3,24,0,20672,400.0,24,0,11874,905,"from functools import lru_cache, import itertools, math, import math, itertools, import math, itertools, sys, time, functools, collections, itertools, math, sys, itertools, import math, random, itertools, sys, collections, functools, time, math, sys, itertools, random, collections, functools, math, import random, math"
3f0a92,16,,1,0,0.677,0.5,28,2,19147,400.0,29,0,11720,1693,"import bisect, import heapq, import itertools, math, sys, random, collections, functools, heapq, math, sys, time, os, json, typing, fractions, decimal, itertools, collections, math, sys, random, statistics, math"
3f0a92,7,,1,0,0.666,0.3,17,2,19262,400.3,17,0,7110,1626,"from functools import lru_cache, import itertools, math, sys, import networkx as nx, import random, math, import random, math, sys, itertools, collections, time, import sys, math, import time, sys"
3f0a92,17,,1,0,0.749,0.5,14,0,20851,400.1,15,0,7844,1041,"from math import gcd, import sympy as sp, math, itertools, sys, collections, random, math, fractions, numpy as np"
3f0a92,6,,1,0,0.623,0.3,21,4,16437,400.4,21,0,10393,1950,"from collections import Counter, import heapq"
3f0a92,10,,1,0,0.684,0.4,21,0,20708,400.8,22,0,8871,716,"from functools import lru_cache, import bisect, import heapq, import itertools"
3f0a92,35,11060,0,0,0.675,0.5,12,0,10081,182.1,12,0,1854,231,"from itertools import combinations, import itertools"
3f0a92,25,,1,0,0.704,0.1,22,0,10979,209.4,23,0,4155,482,"import heapq, import networkx as nx"
3f0a92,29,11060,0,0,0.679,0.3,20,0,11890,217.0,20,0,12994,577,"from functools import lru_cache, import heapq, import heapq, random, import math"
3f0a92,47,,1,0,0.699,0.7,19,0,12633,235.7,20,0,6850,374,"from functools import lru_cache, import heapq, import itertools, import itertools, math, import math, sys"
3f0a92,44,11060,0,0,0.622,0.5,17,3,11470,238.0,17,0,8777,2733,"import math, import random, time, sys, math, itertools, collections, functools, heapq, math, numpy as np"
3f0a92,27,,1,0,0.712,0.3,17,2,13091,274.0,18,0,6046,737,import itertools
3f0a92,45,11060,0,0,0.622,0.6,20,4,11910,277.4,20,0,9737,1890,"from functools import lru_cache, import itertools, import math"
3f0a92,26,,1,0,0.609,0.2,18,4,13856,306.8,19,0,10313,1644,"from functools import lru_cache, from math import gcd, import math"
3f0a92,34,11060,0,0,0.69,0.4,21,3,14549,321.3,21,0,6751,1142,
3f0a92,46,,1,0,0.636,0.6,28,0,17943,322.9,29,0,11814,1581,"import bisect, import itertools"
3f0a92,36,,1,0,0.593,0.5,34,1,18187,370.8,35,0,14067,1139,"from itertools import product, import bisect, import itertools, math, networkx as nx, import itertools, math, numpy as np, scipy.optimize as opt, scipy.sparse as sp, sys, warnings, time, collections, random, math, itertools, numpy as np, import networkx as nx, import networkx as nx, itertools, math, sys, random, collections, functools, heapq, numpy as np, sympy as sp, math, itertools, collections, fractions, decimal, statistics, json, os, typing, inspect, textwrap, hashlib, time, datetime, fractions, copy, itertools, math, random, sys, collections, heapq, numpy as np, import networkx as nx, math, itertools, sys, random, collections, heapq, numpy as np, sympy as sp, time, math, itertools, collections, heapq, random, sys, os, json, typing, fractions, decimal, statistics, inspect, textwrap, hashlib, datetime, copy, itertools, math, random, sys, collections, heapq, numpy as np"
3f0a92,37,,1,0,0.65,0.5,41,2,19982,372.7,42,0,13237,3051,"import heapq, import itertools, math, numpy as np, scipy.optimize as opt, scipy, import networkx as nx, import networkx as nx, itertools, math, sys, random, collections, time, functools, heapq, bisect, math, itertools, collections, fractions, decimal, statistics, numpy as np, sympy as sp, sys, os, json, re, string, hashlib, copy, inspect, typing, fractions, collections, itertools, math, random, sys, time, math, itertools, import scipy.optimize as spo, import sympy as sp"
3f0a92,41,,1,0,0.665,0.5,32,3,17118,375.8,33,0,12622,1002,"from functools import lru_cache, import heapq, import itertools, math, sys, numpy as np, scipy.optimize as opt, scipy.sparse as sp, warnings, itertools, math, numpy as np, import math"
3f0a92,48,,1,0,0.705,0.7,17,1,18997,375.5,18,0,9984,605,"from collections import defaultdict, from functools import lru_cache, from itertools import combinations, from scipy.optimize import milp, LinearConstraint, Bounds, import itertools, import itertools, math, import itertools, math, numpy as np, import itertools, math, sys, import math, import scipy"
3f0a92,33,,1,0,0.648,0.4,20,3,19294,376.1,21,0,8395,2173,"import itertools, import math, random, import networkx as nx"
3f0a92,38,,1,0,0.57,0.5,40,2,18768,376.9,41,0,14022,1724,"from itertools import combinations, from scipy.optimize import milp, LinearConstraint, Bounds, import itertools, import itertools, math, sys, import math, import math, random, import numpy as np"
3f0a92,28,,1,0,0.648,0.3,24,0,20923,378.9,25,0,12003,990,"import heapq, import itertools, collections, math, heapq, sys, time, random, functools, numpy as np, networkx as nx, import networkx as nx, itertools, math, sys, random, collections, itertools, functools, math, sys, time, os, json, fractions, decimal, heapq, statistics, numpy as np, sympy as sp, math, itertools, collections, random, fractions, decimal, heapq, statistics, numpy as np, import numpy as np, itertools, math, sys, time, random, collections, fractions, decimal, heapq, statistics, itertools, functools, math, numpy as np, import scipy.optimize as opt, numpy as np, itertools, math, sys, time"
3f0a92,42,,1,0,0.701,0.5,14,0,21503,378.6,15,0,4267,559,import itertools
3f0a92,39,,1,0,0.657,0.5,29,1,17890,383.7,30,0,10849,765,"from functools import lru_cache, import heapq, import itertools, import itertools, sys, math, random, collections, functools, heapq, math, sys, time, os, json, fractions, decimal, typing, inspect, textwrap, hashlib, string, re, statistics, bisect, copy, pprint, itertools, collections, math, sys, random, time, json, fractions, decimal, typing, hashlib, string, re, statistics, bisect, heapq, itertools, collections, math, sys, random, time, json, fractions, decimal, typing, hashlib, string, re, statistics, bisect, heapq, itertools, collections, math, sys, random, time, json, fractions, decimal, typing, hashlib, string, re, statistics, bisect, heapq, import networkx as nx, math, sys, random, itertools, collections, heapq, bisect, time"
3f0a92,32,,1,0,0.657,0.3,31,0,21856,384.8,32,0,9901,1555,from itertools import combinations
3f0a92,31,,1,0,0.65,0.3,26,3,21727,398.3,26,0,10620,2389,"import heapq, import itertools, import itertools, math, import math"
3f0a92,40,,1,0,0.626,0.5,14,1,20597,399.2,14,0,10393,464,"from collections import deque, from functools import lru_cache, from scipy.optimize import milp, LinearConstraint, Bounds, import math, itertools, import math, itertools, numpy as np, import math, itertools, numpy as np, sys, time, math, random, collections, itertools, functools, sys, math, numpy as np, import math, numpy as np, import math, random, import math, random, itertools, time, import time, math"
3f0a92,30,,1,0,0.661,0.3,24,1,20651,399.6,24,0,10958,3366,"from collections import defaultdict, from scipy.optimize import milp, LinearConstraint, Bounds, import inspect, scipy.optimize as opt, textwrap, sys, numpy as np, math, itertools, collections, random, sympy as sp, math, import itertools, import itertools, math, numpy as np, scipy.optimize as opt, sys, time, warnings, collections, random, math, itertools, numpy as np, scipy.optimize as opt, import math, import networkx as nx, math, itertools, sys, random, collections, functools, heapq, time, numpy as np, sympy as sp, math, itertools, collections, random, sys, os, json, fractions, decimal, statistics, typing, hashlib, inspect, textwrap, string, re, pprint, csv, math, itertools, collections, random, sys, os, json, time, math, itertools"
3f0a92,43,,1,0,0.59,0.5,27,9,15986,414.3,27,0,19573,4102,"from functools import lru_cache, import heapq, import itertools, import itertools, math, import math"
a7b83d,16,9396,0,1,0.71,0.5,4,0,3200,50.7,4,0,361,271,import sympy as sp
a7b83d,21,9396,0,1,0.664,0.6,3,0,3575,56.5,3,0,669,255,import math
a7b83d,17,9396,0,1,0.724,0.5,4,0,3809,60.7,4,0,478,27,import sympy as sp
a7b83d,12,9396,0,1,0.662,0.5,1,0,4036,64.4,1,0,101,7,import sympy as sp
a7b83d,9,9396,0,1,0.77,0.4,3,0,4278,68.8,3,0,404,23,import math
a7b83d,1,9396,0,1,0.728,0.1,2,0,4835,78.4,2,0,541,27,import math
a7b83d,20,9396,0,1,0.656,0.5,4,0,5308,90.5,4,0,1468,93,"from fractions import Fraction, import math"
a7b83d,18,9396,0,1,0.733,0.5,2,0,5659,92.5,2,0,556,19,import math
a7b83d,22,982,0,0,0.46,0.6,2,0,5628,92.5,2,0,567,102,"import numpy as np, math, random, itertools, sys, time, math, sys, random, itertools, numpy as np"
a7b83d,8,9396,0,1,0.642,0.3,5,0,5836,95.3,5,0,942,54,"from fractions import Fraction, import random, math, import sympy as sp"
a7b83d,13,,1,0,0.732,0.5,4,0,5831,96.5,5,0,1783,470,"import math, import random, math"
a7b83d,15,9396,0,1,0.653,0.5,5,0,6525,105.3,5,0,750,102,"import math, import sympy as sp"
a7b83d,6,9396,0,1,0.552,0.3,4,0,7145,116.6,4,0,1125,197,"from fractions import Fraction, import math"
a7b83d,3,9396,0,1,0.644,0.3,6,0,9021,142.4,6,0,869,139,"from fractions import Fraction, import sympy as sp"
a7b83d,11,9396,0,1,0.585,0.5,2,0,9559,149.4,2,0,1473,518,"import random, math"
a7b83d,14,,1,0,0.66,0.5,3,0,9178,151.3,4,0,2190,357,"import random, math, itertools, numpy as np, time, sys, math, random, itertools, numpy as np, import sympy as sp"
a7b83d,7,9396,0,1,0.661,0.3,11,2,7239,153.4,11,0,3382,1122,"from fractions import Fraction, import math, import numpy as np, math, itertools, random, sys, time, math, itertools, random, sys, time, math, import numpy as np, random, math, itertools, sys, time, math"
a7b83d,23,982,0,0,0.622,0.7,6,1,10021,155.6,6,0,4845,1284,"import numpy as np, math, itertools, sys, random, time, math, itertools, functools, decimal, fractions, sympy as sp, mpmath as mp, import random, math"
a7b83d,5,9396,0,1,0.566,0.3,7,1,10384,158.3,7,0,1595,1140,"import numpy as np, import sympy as sp"
a7b83d,19,982,0,0,0.585,0.5,10,2,8084,162.8,10,0,2250,640,"from fractions import Fraction, import numpy as np, import numpy as np, math, itertools, sys, random, time, math, import sympy as sp"
a7b83d,2,9396,0,1,0.627,0.2,3,0,12260,174.3,3,0,2549,284,"import random, math, import random, math, itertools, numpy as np, sys, time, math, random, itertools, numpy as np"
a7b83d,4,9396,0,1,0.606,0.3,8,0,12523,176.8,8,0,2417,357,"from fractions import Fraction, import math, import random, math, import sympy as sp"
a7b83d,24,9396,0,1,0.686,0.7,8,1,13306,183.4,8,0,3279,2789,"import itertools, math, import numpy as np, math, import random, math, import sympy as sp"
a7b83d,10,9396,0,1,0.637,0.4,6,0,21856,225.0,6,0,2016,500,"import itertools, math, import numpy as np, import random, math, import sympy as sp"
0c55f3,1,64,0,1,0.653,0.1,7,0,4589,94.2,7,0,3915,333,"from math import gcd, from scipy.optimize import linprog, import itertools, math, random, sys, numpy as np, sympy as sp, itertools, math, random, sys, numpy as np, import numpy as np, itertools, math, sys, random, time, itertools, math, numpy as np"
0c55f3,23,98,0,0,0.663,0.7,11,0,5992,108.0,11,0,4922,1009,"from itertools import product, from scipy.optimize import linprog, import itertools, math, sys, numpy as np, sympy as sp, random, itertools, math, sys, os, json, import numpy as np, math, sys, itertools, random, json, os, time, math, collections, fractions, decimal, heapq, statistics, functools, itertools, math, sys, typing, itertools, math, sys, import random, numpy as np, math, itertools, collections, sys, time, math, itertools"
0c55f3,15,64,0,1,0.533,0.5,6,0,6187,108.4,6,0,3822,242,"from scipy.optimize import linprog, import itertools, math, numpy as np, sys, random, time, collections, math, fractions, decimal, functools, itertools, collections, sys, os, json, typing, pprint, itertools, math, numpy as np, sympy as sp, math, itertools, import random, math, import sympy as sp"
0c55f3,8,64,0,1,0.56,0.3,11,0,7208,129.4,11,0,5419,337,"from scipy.optimize import linprog, import numpy as np, itertools, math, sys, random, time, itertools, collections, math, fractions, decimal, functools, statistics, sympy as sp, scipy.optimize as opt, import sympy as sp"
0c55f3,3,64,0,1,0.65,0.3,12,0,7527,136.5,12,0,4358,466,"from scipy.optimize import linprog, from sympy.geometry import Plane, Point3D, import itertools, math, numpy as np, import itertools, math, numpy as np, sys, random, fractions, collections, itertools, math, numpy as np, import itertools, math, numpy as np, sys, random, fractions, collections, itertools, math, numpy as np, warnings, itertools, math, import sympy as sp"
0c55f3,24,64,0,1,0.568,0.7,9,0,8778,162.5,9,0,7456,201,"import itertools, math, sys, numpy as np, math, random, time, itertools, collections, fractions, decimal, functools, heapq, statistics, os, json, typing, math, sympy as sp, sys, math, itertools, numpy as np, random, math, import itertools, numpy as np, math, sys, random, time, itertools, collections, fractions, decimal, functools, heapq, statistics, os, json, typing, math, sympy as sp, scipy.optimize as opt, import sympy as sp"
0c55f3,4,64,0,1,0.611,0.3,18,1,11665,231.6,18,0,11234,806,"from scipy.optimize import linprog, import itertools, math, numpy as np, sys, random, time, itertools, math, numpy as np, import random, math, import sympy as sp"
0c55f3,9,64,0,1,0.605,0.4,17,0,14289,271.8,17,0,13666,290,"from math import gcd, from scipy.optimize import linprog, import itertools, math, numpy as np, sys, warnings, random, time, math, collections, functools, fractions, decimal, heapq, statistics, itertools, math, sympy as sp, numpy as np, math, random, sys, os, json, typing, collections, itertools, import math, itertools, import random, itertools, math, numpy as np, import sympy as sp"
0c55f3,7,64,0,1,0.579,0.3,21,1,14379,275.1,21,0,17408,988,"from scipy.optimize import linprog, from sympy.geometry import Plane, Line3D, Point3D, import itertools, math, numpy as np, sys, random, time, itertools, collections, fractions, decimal, math, sympy as sp, numpy.linalg as la, math, itertools, sys, os, json, typing, fractions, collections, itertools, math, random, import random, math, import sympy as sp"
0c55f3,14,64,0,1,0.623,0.5,13,0,14781,276.2,13,0,5715,352,"import itertools, math, sys, numpy as np, scipy.optimize as opt, sympy as sp, itertools, math, random, collections, fractions, decimal, heapq, statistics, functools, import sympy as sp"
0c55f3,11,64,0,1,0.652,0.5,12,0,15202,282.7,12,0,5905,410,"from scipy.optimize import linprog, import itertools, math, sys, numpy as np, random, time, itertools, math, collections, fractions, decimal, functools, heapq, statistics, sympy as sp, sys, os, json, typing, math, numpy as np, import sympy as sp"
0c55f3,17,64,0,1,0.534,0.5,41,0,14350,284.9,41,0,13630,2690,"from scipy.optimize import linprog, import itertools, math, sys, numpy as np, sympy as sp, random, itertools, math, collections, fractions, decimal, functools, heapq, statistics, os, json, typing, re, string, hashlib, time, datetime, inspect, textwrap, copy, pprint, fractions, typing, itertools, math, numpy as np, import itertools, numpy as np, math, sys, random, collections, fractions, decimal, functools, heapq, statistics, copy, time, datetime, re, json, os, typing, inspect, textwrap, hashlib, pprint, itertools, math, numpy as np, sympy as sp, import random, math, itertools, numpy as np, import sympy as sp"
0c55f3,2,64,0,1,0.671,0.2,17,0,15281,288.8,17,0,11363,264,"from collections import Counter, from scipy.optimize import linprog, import itertools, import itertools, math, numpy as np, sys, random, time, itertools, math, numpy as np, import itertools, numpy as np, math, sys, time, import random, itertools, math, numpy as np, import sympy as sp"
0c55f3,13,64,0,1,0.568,0.5,18,0,16310,303.3,18,0,9924,2098,"from scipy.optimize import linprog, import itertools, math, numpy as np, sys, json, warnings, os, textwrap, math, random, itertools, collections, fractions, decimal, heapq, statistics, functools, typing, sympy as sp, sympy, import random, import sympy as sp"
0c55f3,18,64,0,1,0.557,0.5,38,6,16739,315.0,38,0,20357,4975,"from scipy.optimize import linprog, from sympy import Plane, Point3D, Line3D, import itertools, import math, itertools, numpy as np, import numpy as np, import random, import random, math, import sympy as sp"
0c55f3,22,64,0,1,0.58,0.6,29,6,16833,315.1,29,0,17045,4599,"from scipy.optimize import linprog, from sympy.geometry import Line3D, import itertools, import numpy as np, import random, math, import sympy as sp"
0c55f3,21,64,0,1,0.627,0.6,16,1,17327,318.5,17,0,9491,602,"import itertools, math, numpy as np, sys, time, os, json, random, collections, math, fractions, decimal, itertools, functools, typing, statistics, sympy as sp, scipy.optimize as opt, warnings, itertools, numpy.linalg as LA, import sympy as sp"
0c55f3,20,64,0,1,0.555,0.5,37,0,20213,360.7,37,0,19369,1340,"from scipy.optimize import linprog, import itertools, numpy as np, math, sys, random, time, itertools, collections, math, numpy as np, import random, math, import sympy as sp"
0c55f3,6,64,0,1,0.611,0.3,36,0,21857,381.9,36,0,15688,1839,"from scipy.optimize import linprog, import itertools, import itertools, math, numpy as np, sys, json, fractions, collections, random, sympy as sp, itertools, math, numpy as np, import itertools, numpy as np, import itertools, numpy.linalg as la, import numpy as np, import numpy as np, math, itertools, sys, sympy as sp, import random, math, import sympy as sp"
0c55f3,10,64,0,1,0.592,0.4,63,1,21895,382.8,63,0,21375,1733,"from math import gcd, import itertools, math, numpy as np, sys, sympy as sp, random, itertools, math, fractions, collections, functools, decimal, heapq, statistics, time, os, json, typing, fractions, math, itertools, import itertools, numpy as np, math, sympy as sp, collections, itertools, import itertools, numpy as np, math, sys, random, time, fractions, collections, functools, decimal, heapq, statistics, typing, os, json, import numpy as np, itertools, math, sys, random, time, fractions, collections, functools, decimal, heapq, statistics, typing, os, json, import random, math, numpy as np, itertools, collections, sys, time, math, fractions, import scipy.optimize as opt, import sympy as sp"
0c55f3,16,64,0,1,0.643,0.5,18,0,23320,387.8,18,0,15214,699,"import itertools, import itertools, math, numpy as np, sys, random, time, math, itertools, collections, fractions, functools, decimal, heapq, statistics, sympy as sp, scipy.optimize as opt, import random, itertools, math, numpy as np, import sympy as sp"
0c55f3,12,64,0,1,0.659,0.5,43,0,23889,397.9,44,0,20634,850,"from itertools import product, from scipy.optimize import linprog, import itertools, math, sys, numpy as np, random, time, os, json, collections, fractions, decimal, heapq, functools, statistics, typing, math, sympy as sp, itertools, numpy as np, math, random, sys, time, collections, fractions, decimal, heapq, functools, statistics, import random, math, import sympy as sp"
0c55f3,5,64,0,1,0.565,0.3,55,3,23407,398.9,56,0,32152,5904,"from collections import Counter, from collections import defaultdict, from fractions import Fraction, from math import gcd, from scipy.optimize import linprog, from sympy.geometry import Line3D, from sympy.geometry import Line3D, Point3D, import itertools, import itertools, math, sys, numpy as np, sympy as sp, random, itertools, math, sys, numpy as np, import random, math, import sympy as sp"
0c55f3,19,64,0,1,0.569,0.5,46,6,24842,400.9,47,0,20719,5495,"import itertools, math, numpy as np, sys, time, random, itertools, collections, math, fractions, decimal, heapq, statistics, functools, sympy as sp, scipy.optimize as opt, import itertools, sympy as sp, math, collections, import numpy as np, itertools, math, fractions, sympy as sp, import random, itertools, math, numpy as np, import sympy as sp"
a83f0b,8,9120,0,1,0.752,0.3,2,0,1726,25.8,2,0,570,54,import itertools
a83f0b,15,9120,0,1,0.527,0.5,4,0,2515,38.8,4,0,1156,14,
a83f0b,2,9120,0,1,0.587,0.2,4,0,3493,54.6,4,0,1294,56,"import itertools, import numpy as np"
a83f0b,13,9120,0,1,0.654,0.5,1,0,3684,57.8,1,0,290,4,import itertools
a83f0b,10,9120,0,1,0.683,0.4,2,0,4002,63.1,2,0,383,9,import itertools
a83f0b,12,9120,0,1,0.759,0.5,3,0,4051,64.3,3,0,787,13,import itertools
a83f0b,16,9120,0,1,0.653,0.5,2,0,4092,64.9,2,0,672,11,import itertools
a83f0b,11,9120,0,1,0.779,0.5,3,0,4235,67.5,3,0,684,20,import itertools
a83f0b,21,9120,0,1,0.778,0.6,5,0,4229,67.5,5,0,1503,134,"from collections import defaultdict, import itertools, import math, itertools, collections, sys, math, fractions, random, itertools, functools, decimal, statistics, sympy as sp"
a83f0b,18,9120,0,1,0.703,0.5,3,0,4316,68.5,3,0,540,12,import itertools
a83f0b,6,9120,0,1,0.714,0.3,3,0,4460,70.6,3,0,888,17,"import itertools, import numpy as np"
a83f0b,17,9120,0,1,0.722,0.5,4,0,4531,71.6,4,0,1114,24,"from collections import defaultdict, import itertools"
a83f0b,4,9120,0,1,0.618,0.3,2,0,5173,80.8,2,0,706,80,import math
a83f0b,3,9120,0,1,0.617,0.3,10,0,5363,84.1,10,0,1867,257,"from collections import Counter, import itertools, import numpy as np"
a83f0b,1,9120,0,1,0.67,0.1,3,0,5418,84.5,3,0,1254,14,"import itertools, import numpy as np"
a83f0b,22,9120,0,1,0.723,0.6,5,0,5833,90.4,5,0,1374,72,import itertools
a83f0b,5,9120,0,1,0.656,0.3,4,0,6606,98.1,4,0,1176,11,import itertools
a83f0b,23,9120,0,1,0.638,0.7,6,0,6988,101.7,6,0,1199,54,"from collections import Counter, from collections import defaultdict, import itertools, import itertools, math"
a83f0b,19,9120,0,1,0.701,0.5,7,0,7306,104.9,7,0,3634,81,"import itertools, import math, itertools, collections, sys, random, fractions, decimal, statistics, functools, itertools, math, collections, sys, os, json, re, string, hashlib, time, datetime, fractions, numbers, typing, inspect, textwrap, pprint, csv, decimal, fractions"
a83f0b,24,9120,0,1,0.591,0.7,7,0,8537,115.5,7,0,2190,59,"import itertools, import math"
a83f0b,20,9120,0,1,0.69,0.5,7,0,9368,121.9,7,0,3759,38,"from itertools import combinations, permutations"
a83f0b,14,9120,0,1,0.688,0.5,5,0,10806,132.9,5,0,2203,34,"from collections import Counter, import itertools, import math, itertools, collections, sys, fractions, random, numpy as np, sympy as sp, math, itertools, collections, fractions, functools, decimal, statistics, itertools, math"
a83f0b,7,9120,0,1,0.68,0.3,13,0,11932,140.5,13,0,5667,993,"from itertools import combinations, import fractions, math, import itertools"
a83f0b,9,9120,0,1,0.61,0.4,15,0,13695,149.8,15,0,4863,368,"from collections import defaultdict, import itertools, import numpy as np"
32690e,18,4050,0,1,0.59,0.5,1,0,1324,19.9,1,0,98,17,import mpmath as mp
32690e,6,4050,0,1,0.61,0.3,2,0,1588,24.6,2,0,118,48,import sympy as sp
32690e,1,4050,0,1,0.631,0.1,1,1,1605,24.6,1,0,510,5931,"import sympy as sp, numpy as np, math, cmath, random, itertools, sys, mpmath as mp"
32690e,16,4050,0,1,0.656,0.5,0,0,1601,24.6,0,0,0,0,
32690e,10,4050,0,1,0.569,0.4,1,0,1701,26.5,1,0,98,31,import sympy as sp
32690e,12,4050,0,1,0.569,0.5,1,0,1732,27.0,1,0,375,29,import sympy as sp
32690e,13,4050,0,1,0.68,0.5,1,0,1753,27.3,1,0,100,16,import sympy as sp
32690e,15,4050,0,1,0.651,0.5,0,0,1801,28.0,0,0,0,0,
32690e,21,4050,0,1,0.531,0.6,0,0,1864,28.8,0,0,0,0,
32690e,2,4050,0,1,0.552,0.2,0,0,2001,30.9,0,0,0,0,
32690e,8,4050,0,1,0.644,0.3,2,0,2033,31.4,2,0,214,8083,"import mpmath as mp, import sympy as sp"
32690e,17,4050,0,1,0.641,0.5,1,0,2130,32.8,1,0,356,124,import sympy as sp
32690e,4,4050,0,1,0.62,0.3,0,0,2266,34.8,0,0,0,0,
32690e,11,4050,0,1,0.563,0.5,2,0,2346,36.1,2,0,191,9252,import mpmath as mp
32690e,24,4050,0,1,0.691,0.7,1,0,2480,37.9,1,0,523,27,import sympy as sp
32690e,14,4050,0,1,0.581,0.5,3,0,2523,38.7,3,0,136,444,import sympy as sp
32690e,3,4050,0,1,0.589,0.3,2,0,2548,39.0,2,0,454,928,import sympy as sp
32690e,22,4050,0,1,0.532,0.6,0,0,2561,38.8,0,0,0,0,
32690e,7,4050,0,1,0.605,0.3,3,0,2579,39.3,3,0,140,51,import sympy as sp
32690e,5,4050,0,1,0.573,0.3,1,0,2656,39.9,1,0,775,31,"import numpy as np, cmath, math, itertools, sys, sympy as sp, random, mpmath as mp"
32690e,9,4050,0,1,0.582,0.4,2,0,2826,41.3,2,0,138,8049,import sympy as sp
32690e,23,4050,0,1,0.556,0.7,1,0,2980,42.1,2,0,350,19,"import sympy as sp, numpy as np, math, mpmath as mp"
32690e,19,4050,0,1,0.543,0.5,3,0,3295,44.1,3,0,231,118,import sympy as sp
32690e,20,4050,0,1,0.555,0.5,3,1,3332,44.4,3,0,1174,9068,"import numpy as np, cmath, math, itertools, random, sys, mpmath as mp, import sympy as sp, import sympy as sp, numpy as np, math, cmath, random, itertools, sys, mpmath as mp"
6c042a,9,88,0,1,0.716,0.4,3,0,1632,26.2,3,0,1814,15,import itertools
6c042a,10,88,0,1,0.727,0.4,4,0,2022,32.8,5,0,2774,55,import itertools
6c042a,3,88,0,1,0.718,0.3,2,0,2217,36.7,2,0,2313,16,import itertools
6c042a,13,88,0,1,0.656,0.5,6,0,2411,39.9,6,0,4050,160,"from collections import defaultdict, import itertools"
6c042a,11,88,0,1,0.696,0.5,5,0,2664,45.2,5,0,2155,131,"import itertools, import math"
6c042a,23,88,0,1,0.703,0.7,6,0,3336,57.7,7,0,3996,279,"import itertools, import math"
6c042a,7,88,0,1,0.641,0.3,7,0,3560,61.4,8,0,2862,286,"from math import gcd, import itertools"
6c042a,6,88,0,1,0.795,0.3,5,0,3847,65.8,5,0,2057,147,"import itertools, import math"
6c042a,22,88,0,1,0.739,0.6,4,0,3816,65.5,4,0,3326,235,"import itertools, import math, itertools"
6c042a,8,88,0,1,0.678,0.3,5,0,3842,66.0,5,0,3140,546,import itertools
6c042a,5,88,0,1,0.702,0.3,6,0,4147,70.4,6,0,3682,48,import itertools
6c042a,15,88,0,1,0.667,0.5,7,0,4313,72.8,7,0,6073,72,"import itertools, import math, itertools"
6c042a,20,88,0,1,0.69,0.5,6,0,4546,76.2,6,0,3260,80,"import itertools, import math"
6c042a,14,88,0,1,0.692,0.5,6,0,4725,79.1,6,0,3688,82,"import itertools, import sympy as sp"
6c042a,12,88,0,1,0.681,0.5,6,0,4968,83.8,6,0,3359,93,import itertools
6c042a,4,88,0,1,0.555,0.3,6,0,5547,90.7,6,0,4820,115,"import itertools, import math"
6c042a,17,88,0,1,0.741,0.5,6,0,5352,90.6,6,0,2481,129,import itertools
6c042a,16,88,0,1,0.717,0.5,10,0,5367,90.9,10,0,3730,267,"from collections import Counter, import itertools"
6c042a,19,88,0,1,0.66,0.5,6,0,5620,91.3,6,0,4354,132,import itertools
6c042a,1,88,0,1,0.612,0.1,5,0,5773,92.7,5,0,2520,142,import itertools
6c042a,18,88,0,1,0.778,0.5,7,0,5850,93.4,7,0,2949,216,import itertools
6c042a,24,,1,0,0.699,0.7,8,0,6119,95.1,9,0,2556,577,import itertools
6c042a,21,88,0,1,0.658,0.6,10,1,6594,98.1,10,0,4629,700,"import itertools, import math"
6c042a,2,88,0,1,0.662,0.2,11,1,10037,115.7,11,0,4571,954,import itertools
52acfd,22,2,0,0,0.623,0.6,0,0,868,12.6,0,0,0,0,
52acfd,20,2,0,0,0.638,0.5,0,0,1105,16.2,0,0,0,0,
52acfd,10,3,0,1,0.485,0.4,1,0,1255,18.7,1,0,187,49,import sympy as sp
52acfd,18,3,0,1,0.526,0.5,0,0,1401,20.9,0,0,0,0,
52acfd,14,3,0,1,0.467,0.5,1,0,1533,23.2,1,0,181,49,import sympy as sp
52acfd,13,3,0,1,0.562,0.5,1,0,1853,28.5,1,0,194,31,import sympy as sp
52acfd,15,3,0,1,0.508,0.5,0,0,1999,30.9,0,0,0,0,
52acfd,17,3,0,1,0.571,0.5,1,0,2275,35.7,1,0,129,49,import sympy as sp
52acfd,8,3,0,1,0.495,0.3,1,0,2603,39.9,2,0,199,49,import sympy as sp
52acfd,21,3,0,1,0.544,0.6,1,0,2835,42.9,1,0,187,49,import sympy as sp
52acfd,16,3,0,1,0.627,0.5,1,0,2939,44.2,1,0,229,31,import sympy as sp
52acfd,24,3,0,1,0.563,0.7,1,0,3004,45.2,1,0,209,49,import sympy as sp
52acfd,5,3,0,1,0.54,0.3,1,0,3036,45.7,1,0,237,49,import sympy as sp
52acfd,11,3,0,1,0.546,0.5,1,0,3178,47.7,1,0,139,49,import sympy as sp
52acfd,1,3,0,1,0.555,0.1,1,0,3264,48.9,1,0,141,49,import sympy as sp
52acfd,4,3,0,1,0.587,0.3,1,0,3303,49.6,1,0,203,31,import sympy as sp
52acfd,3,3,0,1,0.565,0.3,0,0,3551,51.8,0,0,0,0,
52acfd,12,3,0,1,0.612,0.5,1,0,3569,52.0,1,0,274,49,import sympy as sp
52acfd,2,3,0,1,0.567,0.2,0,0,3729,53.5,0,0,0,0,
52acfd,23,3,0,1,0.564,0.7,1,0,3766,53.7,1,0,189,49,import sympy as sp
52acfd,6,3,0,1,0.595,0.3,0,0,3801,54.1,0,0,0,0,
52acfd,7,3,0,1,0.535,0.3,1,0,3810,54.3,1,0,209,49,import sympy as sp
52acfd,9,3,0,1,0.57,0.4,1,0,4126,56.1,1,0,199,49,import sympy as sp
52acfd,19,3,0,1,0.633,0.5,1,0,4319,56.9,1,0,177,163,import sympy as sp
581a58,14,18,0,1,0.696,0.5,16,2,10645,190.9,16,0,5683,1708,"from itertools import product, import itertools, math, random, time, sys, collections, functools, math, itertools, sys, import itertools, math, sys, time, random, collections, functools, math, sys, os, json, math, itertools, collections, random, time, sys, import random"
581a58,13,18,0,1,0.524,0.5,51,8,9197,247.1,52,0,12108,10529,"from scipy.optimize import milp, LinearConstraint, Bounds, import itertools, math, numpy as np, sys, time, collections, random, itertools, math, import itertools, math, numpy as np, sys, time, collections, random, math, itertools, functools, collections, json, os, re, fractions, decimal, fractions, typing, math, itertools, import itertools, random, math, time, collections, sys, numpy as np, import numpy as np, itertools, math, collections, sys, time, random, os, re, json, fractions, decimal, typing, import numpy as np, itertools, math, collections, sys, time, random, scipy, import random, itertools, math, time, collections, sys, import scipy.sparse as sp, itertools, math, collections, random, time, sys, import scipy.sparse as sp, numpy as np, time, sys, import sympy as sp"
581a58,23,18,0,1,0.623,0.7,23,6,9210,261.0,23,0,11074,1889,"import itertools, math, random, time, import itertools, math, sys, time, collections, random, functools, itertools, math, sys, time, collections, fractions, numpy as np, import itertools, math, time, import itertools, random, time, math, import itertools, random, time, math, sys, import networkx as nx, time, itertools, math, random, sys, collections, numpy as np, import networkx as nx, time, sys, itertools, math, random, collections, numpy as np, import numpy as np, math, itertools, time, sys, scipy.optimize as opt, scipy.sparse as sp, import random, time, import sys, time, import time, sys"
581a58,3,18,0,1,0.616,0.3,33,8,14059,299.6,33,0,8254,4443,"from itertools import product, from itertools import product, combinations, from scipy.optimize import milp, LinearConstraint, Bounds, import itertools, import itertools, math, sys, time, collections, random, functools, math, itertools, numpy as np, sys, time, math, import math, import networkx as nx, itertools, math, time, sys, random, collections, numpy as np, math, import numpy as np, import numpy as np, itertools, math, time, sys, random, collections, math, numpy as np, import random, itertools, math, time, import scipy.sparse as sp"
581a58,7,18,0,1,0.622,0.3,27,8,9446,313.9,27,0,12381,3024,"from scipy.optimize import LinearConstraint, import inspect, scipy.optimize as opt, import itertools, math, collections, sys, time, random, functools, itertools, math, numpy as np, networkx as nx, sys, time, itertools, math, import itertools, math, sys, time, import itertools, networkx as nx, import itertools, numpy as np, math, sys, time, itertools, collections, random, math, numpy as np, scipy.optimize as opt, warnings, itertools, import itertools, numpy as np, scipy.optimize as opt, scipy.sparse as sp, time, math, random, sys, import itertools, random, time, math, sys, collections, import numpy as np, scipy.optimize as opt, warnings, math, itertools, sys, time, random, import numpy as np, scipy.sparse as sp, scipy.optimize as opt, time, math, import random, itertools, time, math, sys, collections, import scipy, inspect, sys, scipy.optimize as opt, textwrap, pkgutil, importlib, math, numpy as np, import scipy.sparse as sp"
581a58,8,18,0,1,0.578,0.3,31,11,13042,320.7,31,0,9306,4881,"from itertools import product, from scipy.optimize import milp, LinearConstraint, Bounds, import itertools, import itertools, math, sys, time, collections, random, functools, math, sys, itertools, collections, numpy as np, sympy as sp, import math, import networkx as nx, itertools, random, math, time, sys, import numpy as np, import numpy as np, math, itertools, collections, random, sys, time, functools, math, itertools, collections, numpy as np, import random, import random, itertools, math, time, import scipy.sparse as sp_sparse, import sympy as sp"
581a58,2,18,0,1,0.595,0.2,32,5,13299,338.1,32,0,11627,2440,"import itertools, math, collections, sys, time, random, functools, import itertools, math, collections, sys, time, random, functools, math, sys, itertools, collections, math, import itertools, math, random, sys, time, collections, itertools, math, import itertools, random, time, math, sys, collections, itertools, import networkx as nx, import numpy as np, scipy.optimize as opt, math, itertools, sys, time, random, import numpy as np, scipy.sparse as sp, scipy.optimize as opt, itertools, math, time, sys, import random, time, sys, math, itertools, collections, itertools, import sympy as sp"
581a58,24,18,0,1,0.694,0.7,39,8,14921,349.4,40,0,15660,3384,"from itertools import product, from networkx.algorithms import clique, from scipy.optimize import milp, from scipy.optimize import milp, LinearConstraint, Bounds, import itertools, import itertools, math, collections, sys, time, random, functools, math, sys, itertools, collections, time, sys, os, json, import networkx as nx, itertools, math, time, sys, random, collections, numpy as np, import networkx as nx, time, sys, math, itertools, collections, random, import numpy as np, itertools, math, sys, time, collections, random, os, json, math, itertools, collections, sys, time, import numpy as np, scipy.sparse as sp, import random, sys, time, math, collections, itertools, numpy as np, import scipy"
581a58,6,18,0,1,0.594,0.3,64,16,14332,372.3,64,0,14465,16501,"import importlib, sys, subprocess, os, math, itertools, numpy as np, sympy as sp, random, time, collections, fractions, decimal, heapq, statistics, import inspect, textwrap, sys, scipy.optimize as opt, numpy as np, scipy, import itertools, math, sys, time, collections, random, numpy as np, sympy as sp, math, itertools, collections, functools, fractions, decimal, heapq, statistics, import math, import networkx as nx, inspect, sys, math, itertools, time, import networkx as nx, itertools, math, time, sys, import networkx as nx, time, itertools, math, random, numpy as np, sympy as sp, collections, sys, import networkx as nx, time, sys, import random, itertools, time, math, numpy as np, import random, time, math, itertools, numpy as np, import scipy.optimize as opt, numpy as np, math, itertools, sys, time, import scipy.sparse as sp_sparse, numpy as np, scipy.optimize as opt, math, itertools, time, sys, random, import sympy as sp"
581a58,11,18,0,1,0.587,0.5,39,9,12990,372.6,39,0,14863,4415,"from scipy.optimize import milp, LinearConstraint, Bounds, import cmath, math, import itertools, math, numpy as np, sys, time, collections, random, math, itertools, functools, fractions, decimal, heapq, statistics, import itertools, numpy as np, math, time, sys, random, collections, itertools, import itertools, numpy as np, scipy.sparse as sp, networkx as nx, math, random, collections, itertools, functools, fractions, decimal, heapq, statistics, sys, time, math, import itertools, random, math, numpy as np, networkx as nx, scipy.sparse as sp, sys, time, import itertools, random, math, time, sys, collections, itertools, numpy as np, scipy.sparse as sp, networkx as nx, import math, cmath, import networkx as nx, import numpy as np, import numpy as np, math, time, itertools, sys, random, collections, import numpy as np, scipy.sparse as sp, time, math, random, import numpy.linalg as la, time, math, import random, itertools, math, time, import scipy.sparse as sp, import time, sys, math"
581a58,10,18,0,1,0.569,0.4,58,12,12112,372.7,58,0,16257,6258,"from collections import Counter, from scipy.optimize import LinearConstraint, import inspect, scipy.optimize as opt, import itertools, math, numpy as np, scipy.sparse as sp, scipy.optimize as opt, time, sys, random, collections, functools, import itertools, math, time, sys, collections, random, functools, itertools, math, sys, time, import itertools, math, time, sys, functools, collections, random, itertools, math, sys, time, collections, itertools, import itertools, math, time, sys, numpy as np, random, collections, functools, import itertools, networkx as nx, import itertools, networkx as nx, math, time, sys, collections, random, functools, import itertools, random, math, time, sys, numpy as np, scipy.sparse as sp, scipy.optimize as opt, collections, functools, import math, itertools, numpy as np, scipy.optimize as opt, time, sys, import networkx as nx, import networkx as nx, inspect, sys, types, importlib, pkgutil, import networkx as nx, itertools, random, time, import numpy as np, itertools, math, time, sys, import numpy as np, scipy.optimize as opt, math, itertools, time, sys, import random, itertools, math, time, sys, import random, itertools, math, time, sys, numpy as np, import scipy.sparse as sp, import sympy as sp"
581a58,17,21,0,0,0.699,0.5,24,8,10869,374.3,24,0,9299,2236,"from itertools import product, from scipy.optimize import milp, LinearConstraint, Bounds, OptimizeResult, import itertools, math, numpy as np, sys, time, collections, random, functools, math, itertools, sys, os, json, import itertools, random, math, time, import itertools, random, time, math, sys, collections, numpy as np, import itertools, random, time, math, sys, collections, numpy as np, itertools, random, time, import networkx as nx, itertools, random, time, math, sys, collections, numpy as np, import networkx as nx, itertools, time, math, sys, random, collections, numpy as np, import numpy as np, import numpy as np, itertools, math, collections, random, sys, time, itertools, math, numpy as np, import numpy as np, math, itertools, sys, time, collections, random, functools, os, json, math, numpy as np, import random, itertools, math, time, import scipy.sparse as sp"
581a58,1,28,0,0,0.581,0.1,34,10,12099,374.8,34,0,16432,3766,"from networkx.algorithms.approximation import clique, from scipy.optimize import milp, LinearConstraint, Bounds, import itertools, math, sys, time, collections, random, functools, math, sys, itertools, collections, time, os, json, math, sys, import itertools, math, time, numpy as np, scipy.optimize as opt, sys, collections, random, import itertools, math, time, sys, collections, random, functools, os, json, math, import itertools, time, networkx as nx, import networkx as nx, import numpy as np, itertools, math, time, sys, random, import numpy as np, scipy.sparse as sp, math, time, sys, itertools, random, import numpy.linalg as la, time, math, sys, numpy as np, import random, time, itertools, math, numpy as np, import sys, time, random, math, itertools, numpy as np"
581a58,20,18,0,1,0.647,0.5,28,8,14854,377.4,28,0,20208,4488,"from collections import Counter, from networkx.algorithms.approximation import clique, from networkx.algorithms.approximation import max_clique, from scipy.optimize import milp, LinearConstraint, Bounds, import inspect, networkx as nx, sys, pkgutil, importlib, types, itertools, math, random, time, collections, functools, numpy as np, itertools, math, random, time, import itertools, math, random, time, collections, sys, numpy as np, import itertools, math, sys, time, collections, random, functools, math, numpy as np, itertools, sys, math, import itertools, math, time, random, sys, collections, functools, numpy as np, import itertools, random, time, math, sys, collections, numpy as np, import networkx as nx, itertools, random, time, math, sys, collections, functools, numpy as np, itertools, math, random, time, import random, itertools, math, collections, time, sys, numpy as np, import random, itertools, math, time, sys, collections, functools, numpy as np, import scipy.sparse as sp"
581a58,9,18,0,1,0.574,0.4,45,15,12507,379.0,46,0,17538,8048,"from scipy.optimize import LinearConstraint, import inspect, scipy.optimize as opt, textwrap, sys, numpy as np, import itertools, math, sys, time, numpy as np, scipy.optimize as opt, math, random, collections, itertools, sys, os, json, import itertools, numpy as np, math, random, sys, time, collections, itertools, math, import itertools, numpy as np, math, time, random, import itertools, numpy as np, networkx as nx, math, time, random, sys, collections, itertools, math, import itertools, numpy as np, random, time, sys, math, collections, import itertools, numpy as np, random, time, sys, math, collections, itertools, math, import networkx as nx, itertools, math, time, random, import networkx as nx, itertools, math, time, sys, numpy as np, random, import numpy as np, itertools, math, time, random, import numpy as np, itertools, math, time, scipy.optimize as opt, sys, os, random, collections, math, import random, time, import scipy.sparse as sp"
581a58,4,17,0,0,0.557,0.3,38,11,11615,379.9,39,0,15112,5504,"from scipy.optimize import LinearConstraint, import inspect, scipy.optimize as opt, textwrap, sys, numpy as np, scipy, import itertools, import itertools, math, sys, time, collections, random, functools, math, itertools, numpy as np, sys, math, collections, itertools, random, import itertools, math, sys, time, collections, random, functools, numpy as np, math, itertools, collections, import itertools, math, time, numpy as np, scipy.optimize as opt, sys, math, itertools, collections, random, import itertools, numpy as np, scipy.sparse as sp, scipy.optimize as opt, time, math, sys, import itertools, random, time, math, collections, sys, numpy as np, import itertools, random, time, math, collections, sys, numpy as np, itertools, import itertools, random, time, math, collections, sys, numpy as np, itertools, networkx as nx, import itertools, time, math, collections, sys, numpy as np, networkx as nx, import itertools, time, math, random, sys, collections, numpy as np, itertools, import itertools, time, math, sys, random, collections, numpy as np, import itertools, time, networkx as nx, import networkx as nx, import random, itertools, time, math, numpy as np, itertools, collections, sys, math, import random, itertools, time, math, sys, collections, numpy as np, networkx as nx, import sys, time, random, itertools, math, collections, numpy as np"
581a58,5,18,0,1,0.618,0.3,51,9,16900,383.3,51,0,13057,9208,"from collections import Counter, from itertools import product, combinations, from networkx.algorithms.approximation import clique, from networkx.algorithms.clique import branch_and_bound, from networkx.algorithms.clique import max_weight_clique, from scipy.optimize import milp, LinearConstraint, Bounds, OptimizeResult, milp, import inspect, textwrap, sys, pkgutil, importlib, types, itertools, math, random, collections, numpy as np, import itertools, math, numpy as np, scipy.optimize as opt, import itertools, math, sys, time, numpy as np, itertools, math, collections, random, sys, os, json, import networkx as nx, inspect, sys, pkg_resources, importlib, textwrap, math, itertools, random, import networkx as nx, inspect, sys, pkgutil, importlib, types, itertools, math, random, collections, numpy as np, import networkx as nx, itertools, math, random, sys, time, import networkx as nx, itertools, random, math, time, sys, import networkx as nx, random, itertools, math, time, sys, import numpy as np, import numpy as np, itertools, math, random, sys, collections, import numpy as np, math, itertools, scipy.optimize as opt, import numpy as np, math, itertools, sys, time, random, collections, json, import random, itertools, math, numpy as np, collections, sys, time, sympy as sp, import scipy.sparse as sp, numpy as np, math, itertools, sys, time, random, collections, json, import sympy as sp"
581a58,16,18,0,1,0.6,0.5,43,9,17238,386.5,44,0,11795,8613,"from itertools import product, from scipy.optimize import milp, LinearConstraint, Bounds, import itertools, import itertools, cmath, import itertools, math, numpy as np, sys, time, collections, random, functools, itertools, math, sys, os, json, fractions, decimal, heapq, statistics, import networkx as nx, import networkx as nx, itertools, math, random, sys, time, collections, functools, numpy as np, import numpy as np, math, itertools, sys, time, random, collections, functools, fractions, decimal, heapq, statistics, os, json, import numpy as np, scipy.sparse as sp, import numpy as np, scipy.sparse as sp, math, time, import random, itertools, math, time, import scipy.sparse as sp"
581a58,19,18,0,1,0.685,0.5,26,9,13668,389.8,27,0,11040,3893,"from itertools import product, from scipy.optimize import milp, LinearConstraint, Bounds, import itertools, math, sys, time, collections, random, functools, numpy as np, sympy as sp, itertools, math, time, sys, collections, random, import math, import networkx as nx, itertools, math, random, sys, time, collections, numpy as np, sympy as sp, import networkx as nx, itertools, random, math, sys, time, collections, numpy as np, import numpy as np, math, itertools, sys, time, collections, random, functools, math, sympy as sp, numpy as np, import random, import random, itertools, math, numpy as np, sympy as sp, sys, time, collections, math, import random, itertools, math, time, collections, sys, import scipy.sparse as sp_sparse, import sys, time, import time, sys"
581a58,22,28,0,0,0.573,0.6,43,16,12374,392.3,43,0,17593,5598,"from scipy import sparse, from scipy.optimize import milp, LinearConstraint, Bounds, import collections, numpy as np, import itertools, math, numpy as np, random, sys, collections, itertools, math, functools, fractions, collections, itertools, math, import itertools, math, sys, time, collections, random, numpy as np, math, sys, itertools, functools, fractions, collections, itertools, math, import itertools, random, math, numpy as np, sys, collections, itertools, math, import networkx as nx, random, sys, time, math, import networkx as nx, time, itertools, sys, import numpy as np, itertools, math, time, sys, random, import numpy as np, math, itertools, random, time, sys, import random, import time, import time, sys"
581a58,21,,1,0,0.626,0.6,44,11,15733,395.4,44,0,23588,5146,"from functools import lru_cache, from networkx.algorithms.approximation import clique as approx_clique_mod, from scipy.optimize import LinearConstraint, milp, Bounds, import itertools, math, numpy as np, scipy.sparse as sp, random, time, sys, collections, math, import itertools, math, numpy as np, sys, time, collections, random, math, functools, itertools, fractions, decimal, heapq, statistics, import itertools, random, math, import itertools, random, time, sys, math, numpy as np, scipy.sparse as sp, networkx as nx, import itertools, sys, time, import networkx as nx, time, sys, import numpy as np, itertools, math, sys, time, collections, random, math, fractions, decimal, heapq, statistics, import random, math, itertools, collections, sys, time, numpy as np, math, import scipy.sparse as sp, import sympy as sp, import time, import time, sys, math, itertools, random, collections, numpy as np, scipy.sparse as sp, networkx as nx"
581a58,15,,1,0,0.612,0.5,51,10,14122,396.3,51,0,16014,3968,"from scipy.optimize import milp, LinearConstraint, Bounds, import collections, import itertools, math, collections, sys, time, random, functools, itertools, math, sys, time, collections, fractions, decimal, heapq, random, statistics, import itertools, math, collections, time, sys, import itertools, networkx as nx, import itertools, networkx as nx, math, time, sys, random, import itertools, networkx as nx, time, math, sys, import itertools, random, math, time, numpy as np, import itertools, time, sys, math, collections, random, import itertools, time, sys, math, collections, random, sys, math, itertools, time, collections, import networkx as nx, itertools, math, time, import networkx as nx, itertools, math, time, sys, import networkx, sys, inspect, pkgutil, importlib, types, os, math, itertools, collections, json, import numpy as np, itertools, math, time, sys, import numpy as np, math, itertools, time, sys, import random, itertools, numpy as np, math, time, import random, itertools, time, math, collections, sys, import scipy.sparse as sp"
581a58,18,,1,0,0.649,0.5,28,10,14174,396.5,28,0,12131,3620,"from itertools import product, from scipy.optimize import milp, LinearConstraint, Bounds, import inspect, networkx as nx, sys, textwrap, itertools, math, import itertools, cmath, math, import itertools, math, collections, random, sys, time, functools, itertools, math, sys, os, json, import networkx as nx, import networkx as nx, random, itertools, math, sys, time, collections, import numpy as np, math, itertools, sys, time, collections, random, os, json, import random, itertools, math, time, import random, networkx as nx, import time, sys, math"
581a58,12,,1,0,0.596,0.5,48,12,16301,398.9,51,0,19902,5077,"from scipy.optimize import milp, LinearConstraint, Bounds, import itertools, math, sys, time, collections, random, functools, itertools, math, sys, time, collections, itertools, math, import itertools, math, time, sys, collections, random, functools, itertools, math, sys, time, import itertools, random, time, math, sys, collections, itertools, math, import itertools, random, time, math, sys, numpy as np, import itertools, time, math, sys, numpy as np, import networkx as nx, import numpy as np, import numpy as np, itertools, random, math, time, sys, collections, itertools, math, import numpy.linalg as la, time, math, sys, import random, import scipy.sparse as sp, numpy as np, math, sys, time, itertools, import sympy as sp"
d4b03c,18,1,0,0,0.577,0.5,14,0,8487,151.6,14,0,2954,57,"import math, itertools"
d4b03c,7,2,0,0,0.566,0.3,3,0,9430,164.4,4,0,1463,21,"import math, import sympy as sp"
d4b03c,19,,1,0,0.644,0.5,9,1,12961,238.2,10,0,2493,1401,"import math, itertools, import sympy as sp"
d4b03c,24,,1,0,0.662,0.7,17,0,15016,270.7,18,0,6191,604,"import math, import math, itertools, import sympy as sp"
d4b03c,10,,1,0,0.547,0.4,10,2,14584,306.7,11,0,8877,1205,"from sympy import mobius, divisor_sigma, divisors, totient, import math, import math, itertools, sys, collections, random, time, functools, math, sys, itertools, collections, fractions, decimal"
d4b03c,23,,1,0,0.626,0.7,34,4,14875,322.5,35,0,9082,2428,"import math, import math, collections, import math, itertools, import math, random"
d4b03c,17,1,0,0,0.622,0.5,34,3,16349,339.0,34,0,8753,2201,"from decimal import Decimal, getcontext, import math, import math, itertools, import random, math, import sympy as sp"
d4b03c,4,,1,0,0.569,0.3,22,5,16378,371.7,23,0,7890,2500,"import math, itertools, sys, random, fractions, collections, itertools, math, sys, time, sympy as sp, numpy as np, math, random"
d4b03c,15,,1,0,0.668,0.5,26,1,15867,377.9,27,0,6502,1027,"import math, import math, itertools"
d4b03c,2,,1,0,0.623,0.2,28,1,17206,378.2,29,0,9313,896,"import math, import math, itertools, import sympy as sp"
d4b03c,14,,1,0,0.623,0.5,26,4,18848,396.0,26,0,6563,2543,"import math, itertools, import random, math, import sympy as sp, import sympy as sp, math"
d4b03c,12,,1,0,0.63,0.5,21,2,18368,396.1,21,0,7396,1116,"from sympy import divisors, import math, import math, itertools, import math, random, import random, math"
d4b03c,3,1,0,0,0.548,0.3,22,2,12912,399.0,23,0,9055,1488,"import math, import random, math"
d4b03c,11,,1,0,0.597,0.5,24,0,21388,399.1,24,0,6424,1951,"from collections import Counter, import math, fractions, itertools, random, sys, sympy as sp, import math, itertools, import sympy as sp"
d4b03c,13,,1,0,0.522,0.5,32,3,17310,400.1,33,0,10597,5262,"import math, import math, itertools, random, sys, math, itertools, random, math, import math, random, itertools, sys, collections, fractions, itertools, math, time, sys, numpy as np, sympy as sp, itertools, collections, math, random, sys, math, itertools, import random, math"
d4b03c,5,,1,0,0.531,0.3,43,0,21573,400.6,44,0,15159,1612,"import math, import math, itertools, collections, sys, random, time, math, itertools, collections, sys, import math, itertools, random, sys, collections, time, fractions, decimal, itertools, math, sys, random, collections, itertools, math, import math, itertools, sys, collections, random, time, math, itertools, collections, sys"
d4b03c,8,,1,0,0.573,0.3,28,6,12312,400.7,29,0,8128,5510,"from collections import Counter, from collections import defaultdict, import math, import math, itertools, import random, math, import sympy as sp"
d4b03c,22,,1,0,0.654,0.6,27,1,18596,400.4,28,0,7151,1694,"from collections import Counter, import math, random, sys, itertools, collections, time, math, fractions, itertools, functools, sys, random, sympy as sp, numpy as np, math, itertools, collections, fractions, decimal, math, itertools, import sympy as sp"
d4b03c,20,,1,0,0.611,0.5,17,2,20578,401.1,18,0,6829,2996,"import math, random, itertools, import random"
d4b03c,6,,1,0,0.609,0.3,31,0,21585,401.4,32,0,12712,1850,"from collections import Counter, import math, import math, itertools, sys, time, random, collections, math, sys, itertools, time, collections, math, random, import random, math, import sympy as sp"
d4b03c,1,,1,0,0.617,0.1,36,2,16329,406.1,36,0,8539,2950,"import math, random, itertools, sys, collections, time, math, sys, itertools, collections, fractions, functools, decimal, numpy as np, sympy as sp, random, math, itertools, collections, fractions, functools, decimal, time, sys, math, itertools, collections, fractions, functools, decimal, time, sys, import sympy as sp"
d4b03c,9,,1,0,0.602,0.4,21,3,17163,412.8,21,0,7450,1578,"import math, random, itertools, sys, time, collections, fractions, math, itertools, sys, sympy as sp, numpy as np, random, math, itertools, collections, fractions, sys, time, math, itertools, import time, math, sys, itertools, collections, math, random, sys, time"
d4b03c,16,0,0,0,0.596,0.5,47,2,17045,415.8,47,0,10357,2108,"from decimal import Decimal, getcontext, ROUND_FLOOR, ROUND_CEILING, import random, math, itertools, sys, time, collections, math, fractions, sys, itertools, math, random, collections, itertools, math, sys, import sympy as sp"
d4b03c,21,0,0,0,0.626,0.6,40,1,18649,417.4,40,0,7783,715,"import math, import math, itertools, import random, math, itertools, sys, time, math, import random, math, itertools, sys, time, numpy as np, sympy as sp, import sympy as sp"
d4b03c,33,1,0,0,0.584,0.4,12,0,5360,95.0,12,0,4291,338,"import math, itertools, sys, random, sympy as sp, collections, functools, fractions, decimal, numpy as np, math, itertools, collections, random, sys, math, sympy as sp, import random, math"
d4b03c,26,1,0,0,0.583,0.2,16,2,9031,221.9,16,0,6270,710,"import math, itertools, import math, itertools, sys, random, fractions, collections, sympy as sp, numpy as np, itertools, math, sys, random, collections, fractions, itertools, math"
d4b03c,41,6912,0,1,0.59,0.5,17,2,11465,245.8,17,0,4444,2599,"import math, random, import random, math, itertools, sys, fractions, numpy as np, sympy as sp, math, itertools, collections, time, decimal, fractions, itertools, math, random"
d4b03c,35,,1,0,0.65,0.5,23,0,13404,251.3,24,0,7814,509,"import math, import math, fractions, itertools, sys, random, math, sympy as sp, import math, random"
d4b03c,46,6912,0,1,0.588,0.6,22,0,14490,274.2,22,0,8166,1380,"from collections import Counter, import math, itertools, sys, random, time, collections, math, itertools, fractions, decimal, sympy as sp, numpy as np, math, random, itertools, collections, fractions, sys, time, import math, itertools, sys, random, time, collections, math, sys, itertools, fractions, functools, decimal, sympy as sp, numpy as np, math, random, itertools, collections, fractions, sys, time, math, itertools"
d4b03c,29,,1,0,0.572,0.3,49,1,15296,316.5,51,0,8466,1704,"from collections import Counter, import math, fractions, sys, itertools, random, collections, time, decimal, sympy as sp, numpy as np, import math, itertools, collections, sys, random, sympy as sp, import math, itertools, sys, random, collections, time, fractions, decimal, sympy as sp, numpy as np, math, itertools, collections, random, import math, itertools, sys, random, fractions, collections, time, sys, math, itertools, sympy as sp, numpy as np, decimal, fractions, functools, itertools, collections, math, random, import sympy as sp"
d4b03c,48,,1,0,0.643,0.7,8,0,18245,328.6,9,0,2550,215,"import math, import math, time, sys, itertools, collections, functools, random, math, sympy as sp, import random, math, import sympy as sp"
d4b03c,30,6912,0,1,0.495,0.3,30,3,11928,359.3,30,0,9519,2340,"import math, random, itertools, sys, time, collections, fractions, sympy as sp, numpy as np, math, sys, itertools, collections, random, fractions, decimal, math, itertools, collections, random, import sympy as sp"
d4b03c,44,243,0,0,0.65,0.5,20,2,18294,370.3,20,0,7180,846,"import math, sys, itertools, time, random, collections, functools, math, sympy as sp, itertools, collections, math, sys, random, time, math, itertools, import sympy as sp"
d4b03c,42,6912,0,1,0.516,0.5,33,1,18812,374.2,34,0,8803,4288,"import math, import math, itertools, import sympy as sp"
d4b03c,36,0,0,0,0.606,0.5,35,6,17324,376.3,36,0,10458,4752,"import math, random, itertools, sys, collections, fractions, sympy as sp, numpy as np, itertools, math, random, import random, math, import sympy as sp"
d4b03c,47,0,0,0,0.603,0.7,34,3,15071,376.3,35,0,7449,1055,"from collections import Counter, from decimal import Decimal, getcontext, import math, import math, fractions, sympy as sp, import math, itertools, sys, random, fractions, collections, time, decimal, sys, math, itertools, sympy as sp, numpy as np, math, random, itertools, collections, sys, time, fractions, decimal, math, itertools, collections, random, sys, import random, math, time, import sympy as sp"
d4b03c,34,6912,0,1,0.547,0.4,23,0,18578,377.1,24,0,6792,2583,"from decimal import Decimal, getcontext, import math, itertools, sys, random, decimal, fractions, collections, itertools, time, sys, math, decimal, itertools, collections, random, math, sys, import sympy"
d4b03c,27,6912,0,1,0.461,0.3,28,5,14843,377.3,29,0,21893,3235,"import math, itertools, import math, itertools, sys, random, time, collections, functools, math, sys, itertools, collections, random, math, itertools, collections, random, math, itertools, collections, random, math, itertools, collections, random, math, itertools, collections, random, math, itertools, collections, random, math, itertools, collections, random, math, itertools, collections, random, math, itertools, collections, random, math, itertools, collections, random, math, itertools, collections, random, math, itertools, collections, random, math, itertools, collections, random, math, itertools, collections, random, math, itertools, collections, random, math, itertools, collections, random, math, itertools, collections, random, math, itertools, collections, random, math, itertools, collections, random, math, itertools, collections, random, math, itertools, collections, random, math, itertools, collections, random, math, itertools, collections, random, math, itertools, collections, random, math, itertools, collections, random, math, itertools, collections, random, math, itertools, collections, random, math, itertools, collections, random, math, itertools, collections, random, math, itertools, collections, random, math, itertools, collections, random, math, itertools, collections, random, math, itertools, collections, random, math, itertools, collections, random, math, itertools, collections, random, math, itertools, collections, random, math, itertools, collections, random, math, itertools, collections, random, math, itertools, collections, random, math, itertools, collections, random, math, itertools, collections, random, math, itertools, collections, random, math, itertools, collections, random, math, itertools, collections, random, math, itertools, collections, random, math, itertools, collections, random, math, itertools, collections, random, math, itertools, collections, random, math, itertools, collections, random, math, itertools, collections, random, math, itertools, collections, random, math, itertools, collections, random, math, itertools, collections, random, math, itertools, collections, random, math, itertools, collections, random, math, itertools, collections, random, math, itertools, collections, random, math, itertools, collections, random, math, itertools, collections, random, math, itertools, collections, random, math, itertools, collections, random, math, itertools, collections, random, math, itertools, collections, random, math, itertools, collections, random, math, itertools, collections, random, math, itertools, collections, random, math, itertools, collections, random, math, itertools, collections, random, math, itertools, collections, random, math, itertools, collections, random, math, itertools, collections, random, math, itertools, collections, random, math, itertools, collections, random, math, itertools, collections, random, math, itertools, collections, random, math, itertools, collections, random, math, itertools, collections, random, math, itertools, collections, random, math, itertools, collections, random, math, itertools, collections, random, math, itertools, collections, random, math, itertools, collections, random, math, itertools, collections, random, math, itertools, collections, random, math, itertools, collections, random, math, itertools, collections, random, math, itertools, collections, random, math, itertools, collections, random, math, itertools, collections, random, math, itertools, collections, random, math, itertools, collections, random, math, itertools, collections, random, math, itertools, collections, random, math, itertools, collections, random, math, itertools, collections, random, math, itertools, collections, random, math, itertools, collections, random, math, itertools, collections, random, math, itertools, collections, random, math, itertools, collections, random, math, itertools, collections, random, math, itertools, collections, random, math, itertools, collections, random, math, itertools, collections, random, math, itertools, collections, random, math, itertools, collections, random, math, itertools, collections, random, math, itertools, collections, random, math, itertools, collections, random, math, itertools, collections, random, math, itertools, collections, random, math, itertools, collections, random, math, itertools, collections, random, math, itertools, collections, random, math, itertools, collections, random, math, itertools, collections, random, math, itertools, collections, random, math, itertools, collections, random, math, itertools, collections, random, math, itertools, collections, random, math, itertools, collections, random, math, itertools, collections, random, math, itertools, collections, random, math, itertools, collections, random, math, itertools, collections, random, math, itertools, collections, random, math, itertools, collections, random, math, itertools, collections, random, math, itertools, collections, random, math, itertools, collections, random, math, itertools, collections, random, math, itertools, collections, random, math, itertools, collections, random, math, itertools, collections, random, math, itertools, collections, random, math, itertools, collections, random, math, itertools, collections, random, math, itertools, collections, random, math, itertools, collections, random, math, itertools, collections, random, math, itertools, collections, random, math, itertools, collections, random, math, itertools, collections, random, math, itertools, collections, random, math, itertools, collections, random, math, itertools, collections, random, math, itertools, collections, random, math, itertools, collections, random, math, itertools, collections, random, math, itertools, collections, random, math, itertools, collections, random, math, itertools, collections, random, math, itertools, collections, random, math, itertools, collections, random, math, itertools, collections, random, math, itertools, collections, random, math, itertools, collections, random, math, itertools, collections, random, math, itertools, collections, random, math, itertools, collections, random, math, itertools, collections, random, math, itertools, collections, random, math, itertools, collections, random, math, itertools, collections, random, math, itertools, collections, random, math, itertools, collections, random, math, itertools, collections, random, math, itertools, collections, random, math, itertools, collections, random, math, itertools, collections, random, math, itertools, collections, random, math, itertools, collections, random, math, itertools, collections, random, math, itertools, collections, random, math, itertools, collections, random, math, itertools, collections, random, math, itertools, collections, random, math, itertools, collections, random, math, itertools, collections, random, math, itertools, collections, random, math, itertools, collections, random, math, itertools, collections, random, math, itertools, collections, random, math, itertools, collections, random, math, itertools, collections, random, math, itertools, collections, random, math, itertools, collections, random, math, itertools, collections, random, math, itertools, collections, random, math, itertools, collections, random, math, itertools, collections, random, math, itertools, collections, random, math, itertools, collections, random, math, itertools, collections, random, math, itertools, collections, random, math, itertools, collections, random, math, itertools, collections, random, math, itertools, collections, random, math, itertools, collections, random, math, itertools, collections, random, math, itertools, collections, random, math, itertools, collections, random, math, itertools, collections, random, math, itertools, collections, random, math, itertools, collections, random, math, itertools, collections, random, math, itertools, collections, random, math, itertools, collections, random, math, itertools, collections, random, math, itertools, collections, random, math, itertools, collections, random, math, itertools, collections, random, math, itertools, collections, random, math, itertools, collections, random, math, itertools, collections, random, math, itertools, collections, random, math, itertools, collections, random, math, itertools, collections, random, math, itertools, collections, random, math, itertools, collections, random, math, itertools, collections, random, math, itertools, collections, random, math, itertools, collections, random, math, itertools, collections, random, math, itertools, collections, random, math, itertools, collections, random, math, itertools, collections, random, math, itertools, collections, random, math, itertools, collections, random, math, itertools, collections, random, math, itertools, collections, random, math, itertools, collections, random, math, itertools, collections, random, math, itertools, collections, random, math, itertools, collections, random, math, itertools, collections, random, math, itertools, collections, random, math, itertools, collections, random, math, itertools, collections, random, math, itertools, collections, random, math, itertools, collections, random, math, itertools, collections, random, math, itertools, collections, random, math, itertools, collections, random, math, itertools, collections, random, math, itertools, collections, random, math, itertools, collections, random, math, itertools, collections, random, math, itertools, collections, random, math, itertools, collections, random, math, itertools, collections, random, math, itertools, collections, random, math, itertools, collections, random, math, itertools, collections, random, math, itertools, collections, random, math, itertools, collections, random, math, itertools, collections, random, math, itertools, collections, random, math, itertools, collections, random, math, itertools, collections, random, math, itertools, collections, random, math, itertools, collections, random, math, itertools, collections, random, math, itertools, collections, random, math, itertools, collections, random, math, itertools, collections, random, math, itertools, collections, random, math, itertools, collections, random, math, itertools, collections, random, math, itertools, collections, random, math, itertools, collections, random, math, itertools, collections, random, math, itertools, collections, random, math, itertools, collections, random, math, itertools, collections, random, math, itertools, collections, random, math, itertools, collections, random, math, itertools, collections, random, math, itertools, collections, random, math, itertools, collections, random, math, itertools, collections, random, math, itertools, collections, random, math, itertools, collections, random, math, itertools, collections, random, math, itertools, collections, random, math, itertools, collections, random, math, itertools, collections, random, math, itertools, collections, random, math, itertools, collections, random, math, itertools, collections, random, math, itertools, collections, random, math, itertools, collections, random, math, itertools, collections, random, math, itertools, collections, random, math, itertools, collections, random, math, itertools, collections, random, math, itertools, collections, random, math, itertools, collections, random, math, itertools, collections, random, math, itertools, collections, random, math, itertools, collections, random, math, itertools, collections, random, math, itertools, collections, random, math, itertools, collections, random, math, itertools, collections, random, math, itertools, collections, random, math, itertools, collections, random, math, itertools, collections, random, math, itertools, collections, random, math, itertools, collections, random, math, itertools, collections, random, math, itertools, collections, random, math, itertools, collections, random, math, itertools, collections, random, math, itertools, collections, random, math, itertools, collections, random, math, itertools, collections, random, math, itertools, collections, random, math, itertools, collections, random, math, itertools, collections, random, math, itertools, collections, random, math, itertools, collections, random, math, itertools, collections, random, math, itertools, collections, random, math, itertools, collections, random, math, itertools, collections, random, math, itertools, collections, random, math, itertools, collections, random, math, itertools, collections, random, math, itertools, collections, random, math, itertools, collections, random, math, itertools, collections, random, math, itertools, collections, random, math, itertools, collections, random, math, itertools, collections, random, math, itertools, collections, random, math, itertools, collections, random, math, itertools, collections, random, math, itertools, collections, random, math, itertools, collections, random, math, itertools, collections, random, math, itertools, collections, random, math, itertools, collections, random, math, itertools, collections, random, math, itertools, collections, random, math, itertools, collections, random, math, itertools, collections, random, math, itertools, collections, random, math, itertools, collections, random, math, itertools, collections, random, math, itertools, collections, random, math, itertools, collections, random, math, itertools, collections, random, math, itertools, collections, random, math, itertools, collections, random, math, itertools, collections, random, math, itertools, collections, random, math, itertools, collections, random, math, itertools, collections, random, math, itertools, collections, random, math, itertools, collections, random, math, itertools, collections, random, math, itertools, collections, random, math, itertools, collections, random, math, itertools, collections, random, math, itertools, collections, random, math, itertools, collections, random, math, itertools, collections, random, math, itertools, collections, random, math, itertools, collections, random, math, itertools, collections, random, math, itertools, collections, random, math, itertools, collections, random, math, itertools, collections, random, math, itertools, collections, random, math, itertools, collections, random, math, itertools, collections, random, math, itertools, collections, random, math, itertools, collections, random, math, itertools, collections, random, math, itertools, collections, random, math, itertools, collections, random, math, itertools, collections, random, math, itertools, , import sympy as sp"
d4b03c,39,0,0,0,0.535,0.5,23,4,16230,377.7,23,0,10021,4248,"import math, import math, itertools, sys, random, fractions, collections, time, math, sys, itertools, collections, math, random, fractions, itertools, collections, math, random, itertools, collections, math"
d4b03c,32,,1,0,0.551,0.3,42,1,21161,378.2,43,0,10066,1920,"from fractions import Fraction, from math import floor, ceil, gcd, import math, import math, itertools, import math, sympy as sp, import random, math, fractions, sympy as sp, import sympy as sp"
d4b03c,28,6912,0,1,0.58,0.3,37,4,16329,379.7,38,0,8366,2503,"import math, import math, itertools, import random, math, import sympy as sp"
d4b03c,37,0,0,0,0.605,0.5,36,3,17449,395.5,37,0,13598,2763,"import math, collections, import math, collections, itertools, sys, time, random, import math, itertools, sys, time, random, collections, math, fractions, decimal, sympy as sp, numpy as np, import sympy as sp"
d4b03c,45,6912,0,1,0.598,0.6,41,3,17448,396.2,42,0,9509,3384,"from collections import Counter, import math, import math, random, itertools, sys, fractions, sympy as sp, numpy as np, math, itertools, collections, functools, decimal, random, time, sys, os, json, import sympy as sp"
d4b03c,38,6912,0,1,0.591,0.5,58,3,18361,396.6,58,0,11779,3609,"from collections import Counter, from collections import defaultdict, import math, import math, collections, itertools, sympy as sp, random, numpy as np, math, itertools, collections, math, import math, itertools, sys, random, time, collections, math, sympy as sp, numpy as np, itertools, fractions, functools, decimal, collections, itertools, math, random, import math, sympy as sp, import sympy as sp"
d4b03c,25,,1,0,0.513,0.1,32,0,18199,399.5,32,0,9856,2278,"import math, import math, itertools, sys, collections, time, random, fractions, decimal, math, itertools, sys, import math, random, itertools, sys, time, collections, fractions, decimal, itertools, math, sys, random, collections, itertools, math, sys"
d4b03c,31,,1,0,0.551,0.3,36,2,15168,399.5,36,0,10920,2914,"import math, itertools, collections, sys, time, import math, itertools, sys, random, fractions, decimal, collections, math, sympy as sp, numpy as np, itertools, math, sys, import math, itertools, sys, random, fractions, decimal, itertools, collections, math, sympy as sp, numpy as np, sys, math, itertools, collections, random, fractions, decimal, itertools, math, sys, import math, sys, itertools, collections, time"
d4b03c,43,0,0,0,0.545,0.5,28,1,19449,400.1,29,0,9121,13093,"import math, itertools, random, collections, sys, time, math, itertools, collections, random, import math, itertools, sys, random, collections, time, math, itertools, collections, random, import math, itertools, sys, random, fractions, collections, time, sys, math, itertools, collections, random, decimal, fractions, functools, itertools, math, random"
d4b03c,40,,1,0,0.592,0.5,15,2,14006,410.8,15,0,5605,1958,"import math, itertools, sys, random, time, collections, functools, decimal, fractions, itertools, math, sys, time, random"
4ebdaa,12,196,0,1,0.501,0.5,1,0,1217,19.0,1,0,325,34,import sympy as sp
4ebdaa,11,196,0,1,0.594,0.5,0,0,1401,21.8,0,0,0,0,
4ebdaa,19,196,0,1,0.609,0.5,2,0,1498,24.8,2,0,462,35,import sympy as sp
4ebdaa,5,196,0,1,0.558,0.3,1,0,1606,25.3,1,0,354,34,import sympy as sp
4ebdaa,3,196,0,1,0.5,0.3,2,0,1937,31.3,2,0,539,68,import sympy as sp
4ebdaa,23,196,0,1,0.619,0.7,2,0,1942,32.0,2,0,404,35,import sympy as sp
4ebdaa,20,196,0,1,0.547,0.5,2,0,1980,32.2,2,0,391,37,import sympy as sp
4ebdaa,8,196,0,1,0.523,0.3,3,0,2000,32.9,3,0,704,69,import sympy as sp
4ebdaa,10,196,0,1,0.565,0.4,2,0,2039,33.0,2,0,648,86,import sympy as sp
4ebdaa,21,196,0,1,0.569,0.6,1,0,2041,33.0,1,0,327,34,import sympy as sp
4ebdaa,1,196,0,1,0.559,0.1,2,0,2039,33.4,3,0,609,68,import sympy as sp
4ebdaa,15,196,0,1,0.56,0.5,0,0,2201,35.3,0,0,0,0,
4ebdaa,18,196,0,1,0.531,0.5,2,0,2184,35.2,2,0,567,68,import sympy as sp
4ebdaa,4,196,0,1,0.499,0.3,2,0,2308,36.7,2,0,545,68,import sympy as sp
4ebdaa,14,196,0,1,0.51,0.5,2,0,2320,37.2,2,0,603,35,import sympy as sp
4ebdaa,9,196,0,1,0.521,0.4,2,0,2470,38.2,3,0,594,66,import sympy as sp
4ebdaa,7,196,0,1,0.581,0.3,2,0,2500,39.1,2,0,446,35,import sympy as sp
4ebdaa,2,196,0,1,0.569,0.2,4,0,1867,40.1,4,0,745,70,import sympy as sp
4ebdaa,22,196,0,1,0.597,0.6,0,0,2956,41.9,0,0,0,0,
4ebdaa,16,196,0,1,0.554,0.5,1,0,3372,45.0,2,0,347,43,import sympy as sp
4ebdaa,6,196,0,1,0.527,0.3,5,0,3219,50.3,5,0,1617,131,"import sympy as sp, import time, sys, math, sympy as sp"
4ebdaa,13,196,0,1,0.467,0.5,6,0,3537,51.9,6,0,1076,62,import sympy as sp
4ebdaa,24,196,0,1,0.472,0.7,5,0,3114,56.2,6,0,1708,131,"import sympy as sp, import time, sys, math, itertools, random, os, gc, collections, functools, fractions, decimal, itertools, math, sys, sympy as sp"
4ebdaa,17,196,0,1,0.509,0.5,7,0,6037,63.7,7,0,859,308,import sympy as sp
3980cd,15,,1,0,0.756,0.5,4,0,10897,181.6,5,0,307,14,import sympy as sp
3980cd,21,642,0,0,0.719,0.6,2,0,13416,231.5,2,0,876,151,"import cmath, math, import sympy as sp"
3980cd,17,642,0,0,0.583,0.5,12,1,13569,278.8,12,0,3581,940,"import cmath, math, import sympy as sp, import sympy as sp, random, math, cmath, numpy as np"
3980cd,1,642,0,0,0.623,0.1,10,0,15878,283.6,10,0,1406,741,"import cmath, math, import cmath, random, math, import sympy as sp"
3980cd,9,46,0,1,0.636,0.4,9,0,16071,287.3,9,0,1832,1639,"import cmath, math, import itertools, collections, math, cmath, random, sys, itertools, functools, math, sympy as sp, numpy as np"
3980cd,14,516,0,0,0.575,0.5,18,0,14877,288.1,18,0,3999,1308,"import cmath, math, import itertools, cmath, math, import sympy as sp"
3980cd,7,516,0,0,0.59,0.3,21,0,14055,295.6,21,0,2342,1172,"import cmath, math, import random, cmath, math, itertools, sys, numpy as np, sympy as sp, math, itertools, collections, fractions, decimal, functools, statistics, import sympy as sp"
3980cd,12,516,0,0,0.645,0.5,23,3,14675,295.7,23,0,4360,1383,"import cmath, math, import math, cmath, import sympy as sp"
3980cd,10,46,0,1,0.609,0.4,10,0,17463,311.7,10,0,2075,773,"import cmath, math, import cmath, math, itertools, collections, sys, random, numpy as np, sympy as sp, math, itertools, collections, fractions, functools, decimal, statistics, import math, sympy as sp, import sympy as sp"
3980cd,5,516,0,0,0.608,0.3,19,1,17181,312.2,19,0,3994,5615,"from sympy import primitive_root_of_unity, N, import cmath, math, import sympy as sp"
3980cd,3,642,0,0,0.677,0.3,22,3,17399,324.8,22,0,6541,10163,"import cmath, math, import random, import sympy as sp"
3980cd,8,,1,0,0.601,0.3,13,0,19116,339.7,14,0,3493,3092,"import cmath, math, import itertools, cmath, math, import mpmath as mp, import sympy as sp"
3980cd,19,46,0,1,0.598,0.5,5,0,20344,357.5,5,0,511,131,"import cmath, math, import cmath, math, itertools, random, sys, numpy as np, sympy as sp"
3980cd,23,516,0,0,0.668,0.7,19,2,17558,363.8,19,0,3021,4969,"import cmath, math, import cmath, math, numpy as np, import cmath, math, random, import itertools, sympy as sp, import sympy as sp"
3980cd,13,46,0,1,0.604,0.5,5,0,20835,366.1,5,0,885,117,"import cmath, math, import sympy as sp"
3980cd,24,642,0,0,0.69,0.7,18,0,20860,370.9,19,0,7219,9262,"import cmath, itertools, math, import cmath, random, math, itertools, sympy as sp, sys, itertools, math, numpy as np, fractions, collections, functools, time, sys, math, import itertools, math, cmath, import itertools, math, cmath, random, import sympy as sp"
3980cd,20,440,0,0,0.64,0.5,23,0,20863,372.4,24,0,8224,3043,"import cmath, math, import itertools, cmath, math, import sympy, import sympy as sp"
3980cd,2,642,0,0,0.63,0.2,39,0,20801,377.1,39,0,7979,3590,"import itertools, cmath, math, import itertools, sympy as sp, math, cmath, import numpy as np, math, cmath, import sympy as sp"
3980cd,4,645,0,0,0.671,0.3,28,4,20097,382.3,28,0,5261,7805,"import cmath, math, itertools, random, import random, cmath, math, sympy as sp, numpy as np, itertools, sys, warnings, math, time, mpmath as mp, import sympy as sp"
3980cd,22,645,0,0,0.648,0.6,0,0,23196,389.6,3,0,0,0,
3980cd,6,,1,0,0.575,0.3,21,4,19764,395.9,21,0,7940,2141,"from itertools import combinations, import numpy as np, cmath, math, import numpy as np, cmath, math, sympy as sp, import numpy as np, sympy as sp, cmath, math, random, itertools, fractions, collections, decimal, heapq, statistics, functools, sys, os, json, time, warnings, traceback, math, random, import random, math, import sympy as sp, import sympy as sp, numpy as np, random, math, cmath, sys, itertools, time, warnings, traceback, os, json, collections, fractions, decimal, heapq, statistics, functools, itertools, math, random"
3980cd,11,442,0,0,0.62,0.5,39,0,22820,397.7,40,0,7639,8210,"import cmath, math, import itertools, cmath, math, import itertools, math, cmath, import itertools, math, cmath, sympy as sp, import mpmath as mp, import random, import sympy as sp"
3980cd,16,644,0,0,0.626,0.5,15,1,20949,397.6,16,0,2233,3376,"from collections import Counter, import cmath, math, import cmath, math, itertools, random, sys, numpy as np, sympy as sp, math, itertools, collections, fractions, functools, decimal, statistics, import sympy as sp"
3980cd,18,,1,0,0.595,0.5,18,2,19218,417.7,18,0,4368,2233,"import sympy as sp, import sympy as sp, random, math, sys, itertools, numpy as np, cmath, time, warnings, sympy"
be71de,11,31,0,1,0.525,0.5,4,0,1672,27.0,4,0,611,285,import math
be71de,21,31,0,1,0.397,0.6,1,0,1816,29.1,1,0,280,407,import math
be71de,19,31,0,1,0.497,0.5,4,0,1854,30.0,4,0,1030,722,"from math import prod, import math"
be71de,22,31,0,1,0.382,0.6,1,0,2237,36.3,1,0,260,463,import math
be71de,6,31,0,1,0.472,0.3,4,0,2406,39.4,4,0,458,564,"from fractions import Fraction, import math, sympy as sp"
be71de,5,31,0,1,0.328,0.3,3,0,2494,40.8,3,0,429,595,"import math, import math, sympy as sp"
be71de,17,31,0,1,0.334,0.5,4,0,2567,42.1,4,0,969,285,"import math, sympy as sp, import math, sys, itertools, functools, fractions, decimal, sympy as sp, numpy as np, math, itertools, functools, collections, fractions, random, statistics, decimal, fractions, math, sys, os, time, math, itertools, collections, fractions, math, import sympy as sp"
be71de,16,31,0,1,0.454,0.5,7,0,2636,43.5,7,0,1046,460,"from fractions import Fraction, import math, import math, fractions, sys, decimal, itertools, functools, sympy as sp, numpy as np, mpmath as mp"
be71de,1,31,0,1,0.325,0.1,3,0,2687,44.0,3,0,393,594,import math
be71de,15,31,0,1,0.275,0.5,3,0,2807,45.5,3,0,356,480,"import math, import sympy as sp"
be71de,4,31,0,1,0.343,0.3,6,0,2875,46.6,6,0,695,112,"from fractions import Fraction, import math, import sympy as sp"
be71de,14,31,0,1,0.346,0.5,6,0,2981,48.0,6,0,641,1063,"import math, import math, sympy as sp"
be71de,3,31,0,1,0.435,0.3,5,0,3352,52.9,5,0,961,145,"from fractions import Fraction, import math"
be71de,20,31,0,1,0.385,0.5,4,0,3369,53.2,4,0,777,102,"from fractions import Fraction, import math"
be71de,2,31,0,1,0.397,0.2,6,0,3466,54.5,6,0,521,1282,"import math, import math, fractions, itertools, sys, sympy as sp, numpy as np, decimal, math, itertools, functools, collections, random, statistics"
be71de,13,31,0,1,0.402,0.5,6,0,3492,55.1,6,0,1027,439,"from fractions import Fraction, import math"
be71de,23,31,0,1,0.386,0.7,3,0,3611,55.9,3,0,484,282,"from fractions import Fraction, import math"
be71de,12,31,0,1,0.412,0.5,4,0,3634,56.3,4,0,633,2218,"import math, import math, decimal, fractions, sys, itertools, functools, random, collections, statistics, numpy as np, sympy as sp, mpmath as mp, import sympy as sp"
be71de,9,31,0,1,0.352,0.4,3,0,3895,58.7,3,0,960,304,"from fractions import Fraction, import math, decimal, fractions, sympy as sp, sys, itertools, collections, functools, random, statistics, numpy as np, math, itertools, fractions, collections, functools, decimal, sys, os, json, re, string, hashlib, time, inspect, textwrap, typing, math, itertools"
be71de,8,31,0,1,0.384,0.3,3,0,3966,59.3,3,0,546,65,"from fractions import Fraction, import math"
be71de,18,31,0,1,0.4,0.5,5,0,3978,59.4,5,0,886,457,"from fractions import Fraction, import math, import sympy as sp"
be71de,7,31,0,1,0.382,0.3,5,0,4294,61.8,5,0,625,591,import math
be71de,24,31,0,1,0.402,0.7,6,0,4326,61.8,6,0,894,165,"import math, import sympy as sp"
be71de,10,31,0,1,0.382,0.4,4,0,5894,69.8,4,0,718,273,import math
676ce2,10,703,0,0,0.69,0.4,2,0,6848,108.1,2,0,693,645,
676ce2,12,666,0,1,0.607,0.5,2,0,8272,135.0,2,0,1336,52,import math
676ce2,8,666,0,1,0.686,0.3,1,0,8497,138.3,1,0,534,16,
676ce2,21,666,0,1,0.645,0.6,1,0,8577,139.9,1,0,665,16,import math
676ce2,2,666,0,1,0.671,0.2,4,0,8656,141.7,4,0,1300,27,import math
676ce2,11,666,0,1,0.662,0.5,3,0,9095,150.2,3,0,1465,33,import math
676ce2,5,666,0,1,0.608,0.3,4,0,9369,155.8,4,0,2174,78,import math
676ce2,24,968,0,0,0.631,0.7,8,0,9728,162.8,9,0,4518,2977,"from scipy.optimize import milp, LinearConstraint, Bounds, from scipy.optimize import milp, LinearConstraint, Bounds, OptimizeResult, milp, import itertools, math, sys, json, os, random, collections, fractions, decimal, heapq, statistics, import numpy as np"
676ce2,3,666,0,1,0.655,0.3,8,0,10123,168.3,8,0,2481,300,
676ce2,17,666,0,1,0.703,0.5,3,0,11128,183.8,3,0,2374,545,import math
676ce2,6,666,0,1,0.638,0.3,3,0,12165,199.7,3,0,4152,368,import math
676ce2,7,666,0,1,0.579,0.3,5,1,10740,205.7,5,0,4259,123,import math
676ce2,1,666,0,1,0.592,0.1,17,0,12881,214.0,17,0,6763,7982,"from scipy.optimize import milp, LinearConstraint, Bounds, import inspect, textwrap, scipy.optimize as opt, sys, math, numpy as np, import math, import numpy as np, import numpy as np, math, itertools, sys, time, random, collections, fractions, functools, decimal, heapq, statistics, os, json, typing, math, sys, itertools, numpy as np, import scipy"
676ce2,18,666,0,1,0.635,0.5,5,0,13178,215.5,5,0,4414,139,import math
676ce2,15,666,0,1,0.603,0.5,5,0,13476,220.2,5,0,2622,1745,import math
676ce2,22,666,0,1,0.646,0.6,7,0,14409,234.6,8,0,3107,777,import math
676ce2,16,666,0,1,0.635,0.5,2,0,15305,243.7,2,0,1540,75,import math
676ce2,20,666,0,1,0.64,0.5,7,1,15694,249.7,7,0,6217,733,import math
676ce2,13,666,0,1,0.68,0.5,11,0,15978,251.9,11,0,6298,1857,"import math, import random"
676ce2,19,666,0,1,0.638,0.5,32,2,16543,263.7,32,0,5635,3221,"import inspect, scipy.optimize as opt, import itertools, math, import numpy as np, math, itertools, sys, random, collections, fractions, decimal, heapq, sympy as sp, math, numpy as np, import scipy.optimize as opt, import sys, math, itertools, random, collections, functools, fractions, decimal, heapq, numpy as np, sympy as sp, math, itertools, collections, random, fractions, decimal, heapq, numpy as np, sympy as sp, math, itertools, collections, random, fractions, decimal, heapq"
676ce2,9,666,0,1,0.617,0.4,6,1,18818,274.3,6,0,4494,1406,"import math, import sympy as sp"
676ce2,14,666,0,1,0.639,0.5,15,0,18950,276.4,15,0,7204,6740,"from scipy.optimize import milp, LinearConstraint, Bounds, import inspect, textwrap, sys, scipy.optimize as opt, numpy as np, math, itertools, random, collections, fractions, functools, decimal, heapq, statistics, json, os, typing, sys, math, import itertools, math, sys, random, time, numpy as np, math, itertools, collections, fractions, functools, decimal, heapq, statistics, json, os, typing, sys, math, import math, import numpy as np, scipy.sparse as sp, import scipy"
676ce2,23,666,0,1,0.605,0.7,14,0,16960,294.6,14,0,12444,1206,import math
676ce2,4,666,0,1,0.618,0.3,7,0,22358,295.8,7,0,4579,303,"from scipy.optimize import milp, LinearConstraint, Bounds, import math, import numpy as np, math, itertools, sys, random, collections, fractions, heapq, decimal, statistics, json, os, time, math, import numpy as np, math, itertools, sys, random, collections, functools, fractions, heapq, decimal, statistics, json, os, time, math, sys, itertools, collections, fractions, math"
57fa34,14,2026,0,1,0.824,0.5,0,0,1401,19.2,0,0,0,0,
57fa34,20,2026,0,1,0.834,0.5,0,0,1558,21.6,0,0,0,0,
57fa34,5,2026,0,1,0.779,0.3,1,0,1620,22.6,1,0,511,42,"import math, itertools"
57fa34,6,2026,0,1,0.74,0.3,1,0,1793,25.2,1,0,515,42,import math
57fa34,13,2026,0,1,0.838,0.5,0,0,1801,25.2,0,0,0,0,
57fa34,15,2026,0,1,0.834,0.5,0,0,1844,25.9,0,0,0,0,
57fa34,8,2026,0,1,0.809,0.3,0,0,1959,27.8,0,0,0,0,
57fa34,18,2026,0,1,0.833,0.5,0,0,2102,30.1,0,0,0,0,
57fa34,4,2026,0,1,0.794,0.3,0,0,2191,31.3,0,0,0,0,
57fa34,2,2026,0,1,0.794,0.2,0,0,2478,34.9,0,0,0,0,
57fa34,10,2026,0,1,0.756,0.4,1,0,2485,35.1,1,0,547,42,import math
57fa34,1,2026,0,1,0.81,0.1,0,0,2529,35.6,0,0,0,0,
57fa34,22,2026,0,1,0.709,0.6,0,0,2727,38.2,0,0,0,0,
57fa34,24,2026,0,1,0.805,0.7,0,0,3201,44.6,0,0,0,0,
57fa34,3,2026,0,1,0.871,0.3,0,0,3401,47.3,0,0,0,0,
57fa34,9,2026,0,1,0.899,0.4,0,0,3601,50.1,0,0,0,0,
57fa34,23,2026,0,1,0.707,0.7,0,0,3950,53.4,0,0,0,0,
57fa34,19,2026,0,1,0.791,0.5,1,0,4026,54.2,1,0,512,42,import math
57fa34,12,,1,0,0.835,0.5,0,0,5382,66.1,1,0,0,0,
57fa34,7,2026,0,1,0.791,0.3,0,0,6740,77.6,0,0,0,0,
57fa34,16,2026,0,1,0.787,0.5,0,0,6741,77.4,0,0,0,0,
57fa34,11,2026,0,1,0.822,0.5,1,0,6791,77.9,1,0,668,42,import math
57fa34,17,2026,0,1,0.774,0.5,3,0,9012,91.4,3,0,1111,25,
57fa34,21,2026,0,1,0.7,0.6,5,0,17466,136.9,5,0,12582,305,"import itertools, collections, math, sys, random, functools, time, itertools, math, sys"
1ec970,17,4950,0,0,0.937,0.5,0,0,3487,51.2,0,0,0,0,
1ec970,11,9900,0,0,0.86,0.5,0,0,3659,54.0,0,0,0,0,
1ec970,18,4950,0,0,0.979,0.5,0,0,3801,56.4,0,0,0,0,
1ec970,2,9900,0,0,0.881,0.2,0,0,4255,63.8,0,0,0,0,
1ec970,4,9900,0,0,0.74,0.3,5,0,7743,125.0,5,0,3925,429,"import math, numpy as np, import math, random, itertools, numpy as np"
1ec970,1,9900,0,0,0.753,0.1,17,0,11791,190.8,17,0,8568,550,"import math, import random, math, itertools, sys, numpy as np"
1ec970,5,9900,0,0,0.789,0.3,17,0,20006,301.2,17,0,7356,1153,"import math, numpy as np, import random, math, numpy as np"
1ec970,3,7450,0,0,0.605,0.3,43,18,13477,372.0,45,0,14879,10429,"import collections, math, numpy as np, import random, math, import random, math, itertools, numpy as np, collections, sys, time, math, random, import random, math, itertools, numpy as np, time, sys, math, random, itertools, import random, math, itertools, sys, numpy as np, math, itertools, collections, time, sys, math, random, itertools"
1ec970,12,7450,0,0,0.684,0.5,36,3,20295,379.3,37,0,16258,3071,"import math, itertools, random, numpy as np, import math, random"
1ec970,9,8700,0,1,0.748,0.4,28,10,18477,381.3,29,0,14050,5215,"import math, random, itertools, numpy as np, import random, math, import random, math, copy, time, numpy as np, import random, math, itertools, sys, time, numpy as np, import random, math, time"
1ec970,22,7450,0,0,0.619,0.6,45,8,15650,381.1,46,0,15826,3339,"import math, import math, random, import matplotlib.pyplot as plt, numpy as np, math, random, sys, json, os, itertools, collections, fractions, decimal, heapq, statistics, import random, math, copy, import random, math, itertools, sys, time, numpy as np, import random, math, time"
1ec970,20,8222,0,0,0.707,0.5,25,9,13616,387.5,26,0,13350,4717,"import random, math, import random, math, itertools, import random, math, itertools, copy, time, sys, math, random, import time, math, random"
1ec970,19,7450,0,0,0.704,0.5,35,7,16034,389.8,36,0,14917,3490,"import numpy as np, random, math, time, import random, math, import random, math, copy, time, import random, math, itertools, sys, time, numpy as np"
1ec970,15,,1,0,0.738,0.5,28,4,19181,396.1,28,0,14056,3192,"import math, random, import numpy as np, math, import random, math, import random, math, copy, import random, math, itertools, sys, time, numpy as np"
1ec970,16,,1,0,0.681,0.5,26,4,12630,399.6,26,0,11685,2140,"import math, random, import random, math, copy, time, import random, math, itertools, sys, time, numpy as np"
1ec970,6,,1,0,0.758,0.3,22,1,25908,400.1,23,0,11105,1686,"import math, random, import random, math"
1ec970,8,,1,0,0.613,0.3,21,11,11696,400.2,25,0,11866,3530,"import math, random, import math, random, copy, time, import random, math"
1ec970,13,,1,0,0.621,0.5,26,3,9988,400.1,27,0,9358,1235,"import math, itertools, import random, math, copy, time, import random, math, itertools, sys, time, numpy as np, import random, math, time"
1ec970,14,,1,0,0.786,0.5,26,2,21894,400.3,27,0,8438,1618,"import random, math, copy, import random, math, itertools, sys, time, numpy as np"
1ec970,10,,1,0,0.72,0.4,40,8,16264,400.5,41,0,12934,5982,"import collections, math, import math, numpy as np, import random, math, import random, math, itertools, numpy as np, import random, math, numpy as np, import random, math, numpy as np, itertools, time, import time, math, random, numpy as np, itertools, collections, sys, os, math, random, time, sys, math"
1ec970,21,9900,0,0,0.794,0.6,11,0,26579,400.7,12,0,12536,214,"import random, math, itertools"
1ec970,24,,1,0,0.68,0.7,43,6,16288,401.0,44,0,13807,2740,"import itertools, math, import math, itertools, random, sys, numpy as np, itertools, math, collections, functools, json, statistics, import math, random, import random, math, import random, math, itertools, numpy as np, sys, time, math, collections, functools, itertools, statistics, os, json"
1ec970,7,,1,0,0.678,0.3,19,1,20882,401.4,20,0,9806,2032,"from itertools import combinations, import math, import random, math, itertools, time"
1ec970,23,8000,0,0,0.723,0.7,27,9,16443,407.5,27,0,16525,4225,"import math, random, import math, random, copy, itertools, sys, time, import math, random, time, import random, math"
fe4220,16,104,0,1,0.645,0.5,2,0,2039,32.7,2,0,1171,26,
fe4220,15,104,0,1,0.698,0.5,2,0,2589,42.0,2,0,847,293,
fe4220,5,104,0,1,0.677,0.3,3,0,2618,42.5,3,0,1906,48,import math
fe4220,7,104,0,1,0.614,0.3,3,0,2896,47.2,3,0,1907,52,
fe4220,14,104,0,1,0.635,0.5,2,0,2951,48.1,2,0,1278,23,
fe4220,20,104,0,1,0.583,0.5,4,0,2946,48.1,4,0,2220,321,
fe4220,1,104,0,1,0.704,0.1,2,0,3134,51.2,2,0,1122,48,
fe4220,18,104,0,1,0.656,0.5,2,0,3241,53.1,2,0,674,293,
fe4220,2,104,0,1,0.548,0.2,3,0,3278,53.6,3,0,1825,297,
fe4220,4,104,0,1,0.593,0.3,2,0,3445,55.8,2,0,816,293,
fe4220,23,104,0,1,0.614,0.7,2,0,3434,55.6,2,0,1413,293,
fe4220,6,104,0,1,0.677,0.3,2,0,3854,61.4,2,0,1398,45,
fe4220,10,104,0,1,0.68,0.4,4,0,3862,61.7,4,0,2503,344,
fe4220,11,104,0,1,0.604,0.5,2,0,3958,62.8,2,0,1929,48,
fe4220,24,,1,0,0.45,0.7,2,0,3973,63.0,3,0,1728,27,
fe4220,22,104,0,1,0.554,0.6,2,0,4020,63.7,2,0,797,26,
fe4220,21,104,0,1,0.514,0.6,2,0,4080,64.2,2,0,1868,48,
fe4220,17,104,0,1,0.529,0.5,2,0,4252,65.9,2,0,796,26,
fe4220,13,104,0,1,0.51,0.5,2,0,4329,66.6,2,0,1059,28,from collections import defaultdict
fe4220,3,104,0,1,0.532,0.3,2,0,4343,66.8,2,0,781,28,
fe4220,12,104,0,1,0.539,0.5,3,0,4385,67.1,3,0,2183,50,
fe4220,19,104,0,1,0.493,0.5,2,0,4591,68.5,2,0,1489,48,
fe4220,9,104,0,1,0.456,0.4,2,0,6111,77.9,2,0,1103,293,import math
fe4220,8,104,0,1,0.437,0.3,3,0,8477,89.9,4,0,2074,193,from collections import defaultdict
a249a3,20,230,0,1,0.435,0.5,5,0,3680,58.6,5,0,624,104,import math
a249a3,19,230,0,1,0.461,0.5,7,0,3681,59.0,7,0,746,582,import sympy as sp
a249a3,7,230,0,1,0.483,0.3,10,0,3718,60.4,10,0,1644,770,import sympy as sp
a249a3,1,230,0,1,0.491,0.1,4,0,3898,62.7,4,0,537,540,"import math, sympy as sp"
a249a3,9,230,0,1,0.455,0.4,2,0,3956,63.4,2,0,411,90,import math
a249a3,3,230,0,1,0.519,0.3,5,0,4015,65.1,5,0,678,121,import math
a249a3,11,230,0,1,0.527,0.5,6,0,4414,72.2,6,0,654,391,"import math, sympy as sp"
a249a3,22,230,0,1,0.475,0.6,9,0,4407,72.4,9,0,860,529,"import math, sympy as sp"
a249a3,2,230,0,1,0.485,0.2,10,0,5135,83.6,10,0,2257,822,"from fractions import Fraction, import math"
a249a3,16,230,0,1,0.515,0.5,11,1,5218,85.2,11,0,2782,1421,"from math import isqrt, import math, itertools, sympy as sp, import sympy as sp"
a249a3,21,230,0,1,0.498,0.6,7,1,3582,87.0,7,0,1083,602,"from fractions import Fraction, import math, sympy as sp, import sympy as sp"
a249a3,12,230,0,1,0.468,0.5,7,0,5438,87.9,7,0,1246,159,import math
a249a3,13,230,0,1,0.554,0.5,13,0,5545,90.5,13,0,2622,8701,"import math, sympy as sp, import sympy as sp"
a249a3,14,230,0,1,0.442,0.5,8,0,6020,96.6,9,0,1313,785,"from fractions import Fraction, import math, sympy as sp"
a249a3,18,230,0,1,0.497,0.5,7,0,7006,107.3,7,0,1863,120,import math
a249a3,23,230,0,1,0.504,0.7,9,1,5233,113.0,9,0,1583,155,"import math, sympy as sp"
a249a3,15,230,0,1,0.487,0.5,10,0,7608,113.5,10,0,2265,959,"import math, sympy as sp, import sympy as sp"
a249a3,4,230,0,1,0.444,0.3,10,0,7637,113.9,11,0,1732,420,"import math, sympy as sp, import sympy as sp"
a249a3,6,230,0,1,0.397,0.3,12,0,8490,120.7,12,0,1312,700,"import math, import sympy as sp"
a249a3,5,230,0,1,0.43,0.3,15,2,6257,121.3,15,0,2289,2886,"from fractions import Fraction, import math, sympy as sp, import sympy as sp"
a249a3,24,230,0,1,0.498,0.7,20,0,8635,122.1,20,0,4120,8673,"from fractions import Fraction, import math, import math, sympy as sp, itertools, sys, math, fractions, decimal, random, collections, functools, numpy as np, mpmath as mp, import sympy as sp"
a249a3,17,230,0,1,0.476,0.5,18,2,6824,134.6,18,0,3142,1127,"import math, import mpmath as mp, import sympy as sp"
a249a3,8,230,0,1,0.522,0.3,22,1,7485,143.3,22,0,3120,812,"from fractions import Fraction, from math import isqrt, import math, sympy as sp, import sympy as sp"
a249a3,10,230,0,1,0.477,0.4,16,1,7648,145.3,16,0,3132,5093,"import mpmath as mp, import sympy as sp"
91b02b,6,7200,0,1,0.627,0.3,8,0,5771,94.5,8,0,2063,184,"from sympy.ntheory.modular import crt, import random, math"
91b02b,8,7200,0,1,0.654,0.3,6,1,5410,119.2,6,0,2190,106,"from sympy.ntheory.modular import crt, import itertools, import itertools, math, import random, math"
91b02b,5,7200,0,1,0.673,0.3,6,0,7938,129.7,6,0,1512,200,import itertools
91b02b,20,7200,0,1,0.664,0.5,5,0,8032,131.4,5,0,1031,45,"import math, import sympy as sp"
91b02b,16,7200,0,1,0.59,0.5,10,0,8663,144.2,10,0,1891,167,"import itertools, import random, math"
91b02b,18,7200,0,1,0.584,0.5,7,2,6939,144.7,7,0,2775,643,"from sympy.ntheory.modular import crt, import itertools, import itertools, math, import random, math"
91b02b,22,7200,0,1,0.6,0.6,8,0,9188,151.6,8,0,1630,279,import sympy as sp
91b02b,1,7200,0,1,0.562,0.1,8,3,7671,154.9,8,0,2392,989,"from sympy import crt, from sympy.ntheory.modular import crt, import itertools, import random, math"
91b02b,7,7200,0,1,0.601,0.3,16,2,7672,158.4,16,0,3437,1020,"from math import gcd, from sympy.ntheory.modular import crt, import itertools, import itertools, math, import math, itertools, import random, math, import sympy as sp"
91b02b,19,7200,0,1,0.571,0.5,12,1,8495,169.4,12,0,3700,243,"from sympy.ntheory.modular import crt, import math, itertools, import sympy as sp"
91b02b,3,7200,0,1,0.565,0.3,10,0,10305,169.8,11,0,2719,222,"from sympy.ntheory.modular import crt, import itertools, math, sys, time, random, collections, itertools, math, sys, time, os, json, math, itertools, collections, sys, time, math, import random, math, itertools, sys, time, collections, itertools, math, sys"
91b02b,10,7200,0,1,0.53,0.4,13,0,11349,186.4,13,0,2459,136,"from sympy.ntheory.modular import crt, import itertools, import math, itertools"
91b02b,21,7200,0,1,0.603,0.6,10,2,9593,186.3,10,0,2251,611,"from sympy.ntheory.modular import crt, import itertools"
91b02b,13,7200,0,1,0.618,0.5,16,0,11338,186.8,16,0,3509,717,"from sympy.ntheory.modular import crt, import itertools, math, sympy as sp, import sympy as sp"
91b02b,12,7200,0,1,0.563,0.5,8,2,9488,187.8,8,0,2034,1730,
91b02b,24,7200,0,1,0.632,0.7,10,2,9671,187.7,10,0,2411,798,import itertools
91b02b,14,7200,0,1,0.601,0.5,16,2,10216,194.4,16,0,3589,1054,"import itertools, math, import random, itertools, math, import sympy as sp"
91b02b,17,7200,0,1,0.606,0.5,15,2,10214,194.9,15,0,3250,1397,"from sympy.ntheory.modular import crt, import itertools"
91b02b,15,7200,0,1,0.564,0.5,13,1,10575,195.6,14,0,2347,1132,"from sympy import legendre_symbol, import math, itertools, import sympy as sp"
91b02b,4,7200,0,1,0.577,0.3,8,1,8676,199.7,8,0,3087,99,import sympy as sp
91b02b,11,7200,0,1,0.626,0.5,9,2,12862,201.2,9,0,3491,1480,"from sympy import crt, from sympy.ntheory.modular import crt, import itertools, import itertools, math"
91b02b,23,7200,0,1,0.605,0.7,15,2,12630,201.2,15,0,6059,1054,"from sympy import crt, from sympy.ntheory.modular import crt, import itertools"
91b02b,2,7200,0,1,0.554,0.2,18,3,11505,204.5,18,0,3272,960,"from sympy.ntheory.modular import crt, import itertools, import math, import random, math, itertools, sys, time"
91b02b,9,7200,0,1,0.609,0.4,7,1,12160,206.6,7,0,2307,347,"from sympy.ntheory.modular import crt, import math, import random, itertools, math, sys, time, numpy as np"
ca2a54,5,32,0,1,0.781,0.3,2,0,6834,102.6,2,0,897,6,
ca2a54,11,32,0,1,0.765,0.5,0,0,7256,109.3,0,0,0,0,
ca2a54,17,,1,0,0.771,0.5,0,0,8190,125.3,1,0,0,0,
ca2a54,23,32,0,1,0.804,0.7,0,0,8601,132.4,0,0,0,0,
ca2a54,7,32,0,1,0.735,0.3,0,0,8674,133.6,0,0,0,0,
ca2a54,12,,1,0,0.76,0.5,8,0,9537,150.7,9,0,1691,501,import math
ca2a54,22,32,0,1,0.782,0.6,5,0,9961,158.0,5,0,981,14,import math
ca2a54,15,32,0,1,0.744,0.5,4,0,10507,167.8,4,0,1094,12,import math
ca2a54,2,32,0,1,0.681,0.2,1,0,12300,192.9,1,0,829,58,
ca2a54,24,32,0,1,0.797,0.7,0,0,12467,195.1,0,0,0,0,
ca2a54,20,32,0,1,0.731,0.5,2,0,12869,201.4,2,0,2087,185,"import math, sys, itertools, functools, time, collections, numpy as np, math, sys, itertools, collections, random"
ca2a54,9,32,0,1,0.778,0.4,3,0,13017,203.4,3,0,729,55,import math
ca2a54,3,32,0,1,0.741,0.3,3,0,13419,209.7,3,0,1280,51,
ca2a54,13,32,0,1,0.687,0.5,2,0,13714,214.2,2,0,2374,5,import itertools
ca2a54,4,32,0,1,0.689,0.3,3,0,13837,216.2,3,0,1360,10,
ca2a54,10,32,0,1,0.745,0.4,3,0,13944,217.6,3,0,634,10,import math
ca2a54,19,32,0,1,0.721,0.5,4,0,14726,225.6,4,0,6212,58,import math
ca2a54,18,32,0,1,0.771,0.5,3,0,14956,227.8,3,0,191,130,import math
ca2a54,8,32,0,1,0.728,0.3,0,0,16447,240.8,0,0,0,0,
ca2a54,16,,1,0,0.745,0.5,12,0,20870,278.3,13,0,2664,97,
ca2a54,1,32,0,1,0.62,0.1,0,0,21566,282.0,0,0,0,0,
ca2a54,14,32,0,1,0.729,0.5,6,0,21663,283.5,6,0,3042,157,"import math, import numpy as np, math, sys, time, itertools, collections, math, random, fractions, functools, decimal, heapq, statistics, os, typing, pprint, json"
ca2a54,21,7428,0,0,0.716,0.6,12,4,17766,295.5,12,0,5884,3137,"from functools import lru_cache, import itertools, math, import math"
ca2a54,6,31,0,0,0.652,0.3,17,1,29149,374.0,18,0,16389,514,"from functools import lru_cache, from scipy.optimize import linprog, milp, LinearConstraint, Bounds, from scipy.optimize import milp, LinearConstraint, Bounds, import itertools, math, random, sys, time, collections, functools, fractions, decimal, heapq, statistics, import math, sys, heapq, itertools, time, numpy as np, import numpy as np, import numpy as np, math, sys, itertools, random, time, collections, functools"
3e5546,6,1250,0,1,0.522,0.3,4,0,1683,27.1,4,0,723,256,"import random, math, itertools, sys, time, numpy as np, math, random, itertools, sys, time, math, numpy as np, import random, math, numpy as np, sys, time, itertools, math, random"
3e5546,9,1250,0,1,0.568,0.4,5,0,2018,34.9,5,0,1577,367,"import random, math, numpy as np, sys, time, import random, math, sys, itertools, time, numpy as np, math, random, sys, itertools, time, math, numpy as np"
3e5546,5,1250,0,1,0.529,0.3,3,0,2231,38.1,3,0,1445,208,"import random, math, sys, itertools, numpy as np, math, time, itertools, random, sys"
3e5546,7,1250,0,1,0.55,0.3,4,0,2351,40.2,4,0,1256,184,"import random, math, sys, itertools, numpy as np, time, math, random, itertools, sys, math, numpy as np"
3e5546,15,1250,0,1,0.576,0.5,4,0,2572,43.5,4,0,1569,245,"import random, math, sys, itertools, time, numpy as np, math, random, sys, itertools, time, math, numpy as np"
3e5546,12,1250,0,1,0.517,0.5,8,0,2322,43.7,8,0,1558,865,"import random, math, sys, itertools, time, numpy as np, math, random, sys, itertools, math, numpy as np, import sympy as sp"
3e5546,21,1250,0,1,0.496,0.6,8,0,2952,51.2,8,0,2092,1016,"import random, math, sys, itertools, time, numpy as np, math, random, itertools, sys, time, collections, fractions, decimal, functools, statistics, import sympy as sp"
3e5546,1,1250,0,1,0.536,0.1,8,0,3021,52.2,8,0,1630,627,"import random, math, numpy as np, sys, time, itertools, math, import random, math, numpy as np, sys, time, itertools, math, random, numpy as np, import random, math, sys, itertools, time, numpy as np, math, random, sys, itertools, time, math, numpy as np, import sympy as sp"
3e5546,17,1250,0,1,0.563,0.5,4,0,3078,52.4,4,0,1283,334,"import random, math, sys, itertools, time, numpy as np, math, random, itertools, sys, time, math, numpy as np"
3e5546,19,1250,0,1,0.541,0.5,7,1,3524,59.2,7,0,3158,1087,"import math, random, itertools, numpy as np, sys, time, math, random, import random, math, sys, itertools, time, numpy as np, math, random, sys, itertools, time, math, numpy as np"
3e5546,2,1250,0,1,0.502,0.2,11,0,3806,63.9,11,0,3063,2469,"import random, math, itertools, sys, time, numpy as np, math, random, itertools, sys, time, math, numpy as np, import random, math, numpy as np, import sympy as sp"
3e5546,3,1250,0,1,0.497,0.3,6,0,3850,64.2,6,0,1374,397,"import random, math, numpy as np, sys, time, itertools, math, random, numpy as np, import random, math, sys, itertools, time, numpy as np, math, random, sys, itertools, time, math, numpy as np"
3e5546,18,1250,0,1,0.466,0.5,3,0,3982,65.6,3,0,1018,140,"import random, math, import random, math, itertools, sys, time, numpy as np, math, random, itertools, sys, time, math, numpy as np"
3e5546,23,1250,0,1,0.591,0.7,6,0,3965,65.9,6,0,1515,714,"import random, math, itertools, sys, time, numpy as np, math, random, itertools, sys, time, math, numpy as np, import sympy as sp"
3e5546,10,1250,0,1,0.492,0.4,5,0,4293,70.2,5,0,1029,355,"import random, math, itertools, sys, time, numpy as np, math, random, itertools, sys, time, numpy as np, import random, math, numpy as np, sys, time, itertools, math, random"
3e5546,8,1250,0,1,0.536,0.3,11,1,4234,70.5,11,0,3630,4165,"import random, math, sys, itertools, time, numpy as np, math, random, itertools, sys, time, math, import sympy as sp"
3e5546,20,1250,0,1,0.479,0.5,4,1,4417,71.4,4,0,1824,864,"import math, import numpy as np, math, import random, math"
3e5546,4,1250,0,1,0.506,0.3,4,0,4466,72.1,4,0,1198,251,"import random, math, itertools, sys, time, numpy as np, math, itertools, random, sys, time, math, numpy as np, import random, math, numpy as np, sys, time, math, itertools, random, time, sys"
3e5546,22,1250,0,1,0.504,0.6,5,0,4124,73.3,5,0,2156,335,"import random, math, itertools, sys, time, numpy as np, math, itertools, random, sys, time, math, numpy as np, import random, math, time, numpy as np"
3e5546,14,1250,0,1,0.563,0.5,6,0,4786,74.9,6,0,2391,379,"import numpy as np, math, random, import random, math, sys, itertools, numpy as np, time, math, random, itertools, sys, math, numpy as np"
3e5546,13,1250,0,1,0.53,0.5,12,0,4680,75.2,12,0,2240,1396,"import math, random, import random, math, import sympy as sp"
3e5546,11,1250,0,1,0.473,0.5,4,0,4955,76.8,4,0,2131,534,"import random, math, itertools, sys, time, numpy as np, math, random, sys, itertools, time, math, numpy as np, import sympy as sp"
3e5546,16,1250,0,1,0.588,0.5,6,0,5318,79.5,6,0,2033,342,"import random, math, import random, math, itertools, sys, time, numpy as np, math, random, itertools, sys, time, math, numpy as np, import random, math, numpy as np, sys, time, math, random"
3e5546,24,1250,0,1,0.525,0.7,8,0,8077,93.2,8,0,2718,655,"import random, math, itertools, sys, time, numpy as np, math, random, itertools, sys, time, math, numpy as np, import random, math, numpy as np, import random, math, numpy as np, sys, time, itertools, math, random, numpy as np, import random, math, sys, time, numpy as np, math, random"
07a0c9,14,6,0,1,0.645,0.5,4,0,3021,51.1,4,0,2492,116,import itertools
07a0c9,20,6,0,1,0.647,0.5,7,0,3308,57.7,7,0,2572,316,"from fractions import Fraction, from itertools import combinations, import itertools, math, import sympy as sp"
07a0c9,3,6,0,1,0.691,0.3,5,0,3457,59.2,5,0,1805,76,"import itertools, import math"
07a0c9,24,6,0,1,0.738,0.7,4,0,3830,66.5,4,0,1998,48,"from fractions import Fraction, import itertools, import math"
07a0c9,1,6,0,1,0.641,0.1,5,0,3900,67.4,5,0,2006,143,"from itertools import combinations, import itertools"
07a0c9,9,6,0,1,0.586,0.4,9,0,4065,70.8,9,0,3719,270,"from itertools import combinations, import itertools, math, sys, collections, functools, random, time, math, itertools, fractions, decimal, numpy as np, import sympy as sp"
07a0c9,10,6,0,1,0.662,0.4,8,0,4923,83.6,8,0,2110,62,import itertools
07a0c9,21,6,0,1,0.654,0.6,7,0,5285,88.9,7,0,4210,73,from itertools import combinations
07a0c9,15,6,0,1,0.637,0.5,9,0,5862,97.6,9,0,2866,264,"from collections import Counter, import itertools"
07a0c9,6,6,0,1,0.541,0.3,14,1,4423,101.5,14,0,5341,369,"from fractions import Fraction, from itertools import combinations, import itertools, import math, import sympy as sp"
07a0c9,5,6,0,1,0.601,0.3,12,0,6667,109.2,12,0,3686,705,import itertools
07a0c9,22,6,0,1,0.501,0.6,11,2,4151,123.1,12,0,4743,663,"from math import sqrt, import itertools, math, import itertools, math, collections, sys, random, itertools, math, fractions, functools, numpy as np, sympy as sp, itertools, math, collections, itertools, import itertools, sympy as sp, math, import sympy as sp"
07a0c9,17,6,0,1,0.777,0.5,11,0,8575,137.9,11,0,1939,1776,"from collections import Counter, import itertools"
07a0c9,19,6,0,1,0.547,0.5,12,4,5980,157.0,12,0,5725,1237,"import itertools, import itertools, math, import sympy as sp"
07a0c9,12,6,0,1,0.651,0.5,11,0,11794,186.2,11,0,3231,973,"from collections import defaultdict, import itertools"
07a0c9,23,6,0,1,0.709,0.7,19,0,13777,216.4,19,0,5272,314,"import itertools, import random, itertools"
07a0c9,2,6,0,1,0.674,0.2,14,0,15362,233.4,14,0,5259,1077,"from fractions import Fraction, from itertools import combinations, from itertools import combinations, chain, import random, itertools"
07a0c9,8,6,0,1,0.679,0.3,22,1,15317,234.6,22,0,6231,2306,"from itertools import combinations, import itertools"
07a0c9,7,6,0,1,0.652,0.3,17,0,18092,261.2,17,0,5718,964,"from itertools import combinations, import itertools, math"
07a0c9,18,6,0,1,0.707,0.5,30,2,19649,277.4,30,0,8545,1912,"from itertools import combinations, import itertools, math, import math, import sympy as sp"
07a0c9,4,6,0,1,0.577,0.3,22,0,20413,281.8,22,0,13356,542,"import itertools, import math, import numpy as np"
07a0c9,11,6,0,1,0.614,0.5,32,9,20248,330.3,32,0,17977,6018,"import itertools, math, import sympy as sp, import sympy as sp, itertools, math, sys, collections, functools, random, fractions, decimal, heapq, statistics, numpy as np"
07a0c9,16,6,0,1,0.643,0.5,35,12,21790,368.4,35,0,15723,5853,"from collections import defaultdict, from itertools import combinations, import itertools, import networkx as nx, import sympy as sp"
07a0c9,13,6,0,1,0.563,0.5,39,9,26439,370.7,40,0,19752,6152,"import itertools, import networkx as nx, import sympy as sp, import sympy as sp, itertools, math, sys, time, random, collections, fractions, functools, decimal, heapq, statistics, numpy as np"
7c78ab,10,,1,0,0.52,0.4,4,0,3007,45.5,5,0,694,251,"import random, math, import sympy as sp"
7c78ab,7,,1,0,0.434,0.3,2,0,3336,51.0,3,0,554,178,"import itertools, math"
7c78ab,15,,1,0,0.451,0.5,3,0,3347,51.4,4,0,780,234,"import itertools, math"
7c78ab,19,,1,0,0.468,0.5,4,0,3374,52.1,5,0,998,315,"import itertools, math, import random"
7c78ab,18,,1,0,0.488,0.5,3,0,3414,52.7,4,0,1003,273,"import itertools, math, import random, math"
7c78ab,4,,1,0,0.444,0.3,5,0,3709,58.3,6,0,1271,504,"import itertools, math, import random, math"
7c78ab,8,,1,0,0.566,0.3,6,0,3714,58.5,7,0,1396,506,"from fractions import Fraction, import itertools, math, import random, math"
7c78ab,21,,1,0,0.509,0.6,5,0,3736,58.7,6,0,1290,341,"from fractions import Fraction, import itertools, math, import random"
7c78ab,11,,1,0,0.492,0.5,5,0,3794,59.9,6,0,1505,441,"from fractions import Fraction, from itertools import product, import random, math"
7c78ab,9,,1,0,0.472,0.4,3,0,3863,60.2,4,0,616,200,"import itertools, math"
7c78ab,20,,1,0,0.48,0.5,4,0,4120,64.2,5,0,1304,357,"import random, math"
7c78ab,23,,1,0,0.435,0.7,3,0,4293,66.4,4,0,843,272,from fractions import Fraction
7c78ab,14,,1,0,0.477,0.5,3,0,4392,68.0,4,0,639,189,"import itertools, math"
7c78ab,22,,1,0,0.412,0.6,3,0,4418,68.4,4,0,1039,291,"import itertools, math, import random"
7c78ab,6,,1,0,0.43,0.3,8,0,4457,69.4,9,0,1545,551,"import itertools, math, import sympy as sp"
7c78ab,24,537,0,0,0.442,0.7,3,0,4639,71.4,4,0,660,244,"import itertools, math"
7c78ab,2,,1,0,0.49,0.2,5,0,4686,72.2,6,0,1297,333,"import random, math, itertools, import sympy as sp"
7c78ab,16,,1,0,0.49,0.5,4,0,4967,74.9,5,0,921,181,"import itertools, math, import random, math"
7c78ab,1,47537,0,0,0.519,0.1,7,0,5405,79.3,7,0,1756,786,"from fractions import Fraction, import random, math, itertools"
7c78ab,13,,1,0,0.486,0.5,6,0,5670,81.5,7,0,1745,930,"import itertools, math, import random, math, import sympy as sp"
7c78ab,17,,1,0,0.508,0.5,8,0,5759,82.8,9,0,2343,752,"import itertools, math, import random, math, import sympy as sp"
7c78ab,5,,1,0,0.467,0.3,6,0,5903,83.8,7,0,1691,695,"from fractions import Fraction, from itertools import product, import random, math"
7c78ab,3,,1,0,0.513,0.3,6,0,6015,84.3,7,0,1690,614,"import itertools, math, import random, math"
7c78ab,12,,1,0,0.588,0.5,13,1,11626,114.2,14,0,3382,1608,"import itertools, math, random, sys, time, numpy as np, math, itertools, fractions, functools, collections, decimal, heapq, random, statistics, sys, os, typing, math, import numpy as np, math, itertools, random, sys, time, fractions, collections, decimal, heapq, statistics, os, typing, json, math, import numpy as np, math, itertools, sys, random, time, math, fractions, collections, decimal, heapq, statistics, os, typing, json, itertools, math, numpy as np, import random, math, import scipy.optimize as opt, import sympy as sp"
7c78ab,36,,1,0,0.36,0.5,3,0,2163,33.0,4,0,686,164,"import itertools, math"
7c78ab,41,,1,0,0.447,0.5,3,0,2905,45.7,4,0,670,213,"import random, math"
7c78ab,34,,1,0,0.507,0.4,6,0,3083,49.0,7,0,1634,574,"import random, math, itertools, numpy as np, sys, time, itertools, math, random, fractions, collections, functools, itertools, math, random"
7c78ab,43,,1,0,0.446,0.5,3,0,3319,53.3,4,0,751,252,"from fractions import Fraction, import itertools, math"
7c78ab,33,,1,0,0.446,0.4,4,0,3389,54.9,5,0,1197,379,"import itertools, math, import random, math"
7c78ab,31,,1,0,0.427,0.3,1,0,3437,55.1,2,0,66,13,
7c78ab,26,,1,0,0.433,0.2,6,0,3465,56.2,7,0,1610,472,"from fractions import Fraction, import itertools, math, import random, math, import sympy as sp"
7c78ab,32,,1,0,0.417,0.3,5,0,3359,56.3,6,0,1215,379,"import random, math"
7c78ab,44,,1,0,0.448,0.5,2,0,3483,56.0,3,0,526,207,"import itertools, math"
7c78ab,40,,1,0,0.468,0.5,4,0,3524,56.7,5,0,851,255,"import itertools, math"
7c78ab,28,,1,0,0.446,0.3,4,0,3586,57.9,5,0,1059,562,"import itertools, math, import random, math"
7c78ab,39,,1,0,0.44,0.5,4,0,3582,58.0,5,0,1225,200,"from fractions import Fraction, from itertools import product, import random, math"
7c78ab,27,47537,0,0,0.529,0.3,3,0,4018,64.2,3,0,1046,300,"from fractions import Fraction, import random, math"
7c78ab,42,,1,0,0.376,0.5,4,0,4256,67.5,5,0,699,162,"import itertools, math"
7c78ab,30,,1,0,0.489,0.3,6,1,4206,68.0,7,0,2862,1642,"from scipy.optimize import linprog, import itertools, math, import numpy as np, import random, math"
7c78ab,37,,1,0,0.45,0.5,10,0,4189,68.8,11,0,2052,695,"import itertools, math, import random, math, import sympy as sp"
7c78ab,46,,1,0,0.437,0.6,6,0,4323,69.0,7,0,1288,488,"import itertools, math, import random, math, import sympy as sp"
7c78ab,38,47537,0,0,0.507,0.5,5,0,4433,69.9,5,0,1275,328,"from fractions import Fraction, import itertools, math, import random, math"
7c78ab,47,,1,0,0.431,0.7,6,0,4513,71.3,7,0,1671,896,"import itertools, math, random, numpy as np, itertools, sys, time, math, random, itertools, collections, fractions, functools, sys, math, random"
7c78ab,35,,1,0,0.474,0.5,6,0,4682,72.4,7,0,1536,207,"import itertools, math, import math, fractions, itertools, sys, sympy as sp, numpy as np, math, random, decimal, collections, itertools, functools, fractions, math, sys, os, json, re, typing, itertools, math, fractions, decimal, collections, itertools, math, fractions, sympy as sp"
7c78ab,29,47537,0,0,0.482,0.3,8,0,5217,76.8,8,0,1335,424,"import itertools, math, import sympy as sp"
7c78ab,45,,1,0,0.538,0.6,8,0,5739,81.4,9,0,1804,850,"import itertools, math, import random, math, import sympy as sp"
7c78ab,48,,1,0,0.554,0.7,7,0,6123,82.7,8,0,1382,606,"import itertools, math, import random, math"
7c78ab,25,,1,0,0.465,0.1,5,0,6175,83.8,6,0,1713,401,"from fractions import Fraction, import itertools, math, random, numpy as np, sys, time, itertools, math, random, numpy as np"
cf3142,10,462,0,1,0.624,0.4,0,0,7390,111.5,0,0,0,0,
cf3142,1,462,0,1,0.67,0.1,0,0,7658,116.2,0,0,0,0,
cf3142,17,462,0,1,0.656,0.5,2,0,8713,135.5,2,0,563,467,"import numpy as np, itertools, math, sys, sympy as sp, random, collections, itertools, math, functools"
cf3142,7,462,0,1,0.641,0.3,2,0,8888,138.9,2,0,3364,59,"import random, itertools, math, numpy as np"
cf3142,15,462,0,1,0.676,0.5,2,0,9639,152.4,3,0,1098,14,"import itertools, numpy as np, math, sys, time, collections, random, itertools, math, sympy as sp, numpy.linalg as la"
cf3142,23,462,0,1,0.632,0.7,5,1,7958,154.5,5,0,1750,53,"import itertools, numpy as np"
cf3142,5,462,0,1,0.665,0.3,2,0,10130,161.5,2,0,639,259,"import itertools, import numpy as np"
cf3142,8,462,0,1,0.644,0.3,4,1,8493,163.8,4,0,3157,239,import itertools
cf3142,21,462,0,1,0.703,0.6,4,0,10351,165.5,4,0,1164,14,"import itertools, numpy as np, math, sys, time, random, collections, itertools, math, sys, numpy as np, import sympy as sp"
cf3142,22,462,0,1,0.675,0.6,4,0,10595,169.3,4,0,685,133,"import itertools, numpy as np"
cf3142,18,462,0,1,0.693,0.5,8,0,11764,187.7,8,0,1954,400,"import itertools, numpy as np, math, sys, random, time, collections, itertools, numpy as np, import itertools, numpy as np, math, sys, time, collections, random, math, itertools, functools, fractions, collections, itertools, math, sys, time, numpy as np"
cf3142,20,462,0,1,0.634,0.5,0,0,11831,187.9,1,0,0,0,
cf3142,24,462,0,1,0.649,0.7,4,1,10056,188.1,4,0,1864,103,"import itertools, numpy as np, import itertools, numpy as np, math, random, import itertools, numpy as np, math, sys, time, collections, itertools, numpy as np"
cf3142,2,462,0,1,0.597,0.2,0,0,11926,189.2,0,0,0,0,
cf3142,9,462,0,1,0.681,0.4,3,0,12006,190.8,3,0,2983,11,"import itertools, numpy as np, import random, numpy as np, itertools, math, sys, time, collections, itertools, numpy.linalg as la"
cf3142,6,462,0,1,0.587,0.3,6,0,12100,191.6,6,0,5016,327,import itertools
cf3142,3,462,0,1,0.659,0.3,1,0,12357,193.7,1,0,451,329,import numpy as np
cf3142,13,462,0,1,0.602,0.5,12,0,13184,204.0,12,0,3301,255,"import itertools, numpy as np, math, random, sys, itertools, collections, math, sympy as sp, numpy.linalg as la"
cf3142,12,462,0,1,0.664,0.5,7,0,14589,215.9,7,0,2696,140,"from itertools import combinations, import itertools, import numpy as np, import random, numpy as np, itertools, math, sys, time, itertools"
cf3142,14,462,0,1,0.589,0.5,9,0,14656,217.3,9,0,3895,271,"import itertools, numpy as np, math, import itertools, numpy as np, math, random, sys, sympy as sp, import random, itertools, math, numpy as np, sys, itertools, collections, math, sympy as sp, time, sys, math, numpy.linalg as la, itertools, random, math, sympy as sp, import random, itertools, numpy as np, sympy as sp, math, sys, itertools, collections, time, math, numpy.linalg as la, import random, numpy as np, itertools, math, sys, time"
cf3142,19,462,0,1,0.614,0.5,6,3,11948,217.4,6,0,3221,1331,"import itertools, numpy as np, import numpy as np, itertools, import numpy as np, itertools, math, sys, random, collections, functools, fractions, decimal, heapq, statistics, itertools, math"
cf3142,11,462,0,1,0.6,0.5,11,0,15238,222.4,11,0,7319,6177,"import itertools, math, numpy as np, sys, time, random, collections, math, itertools, fractions, functools, decimal, heapq, statistics, import numpy as np, itertools, math, sys, time, random, collections, fractions, functools, decimal, heapq, statistics, import scipy.optimize as opt, import scipy.sparse as sp"
cf3142,4,462,0,1,0.6,0.3,0,0,18488,238.7,0,0,0,0,
cf3142,16,462,0,1,0.654,0.5,10,1,14157,239.2,10,0,3341,1718,"from itertools import combinations, import itertools, numpy as np, import numpy as np, itertools, math, sys, sympy as sp, random, collections, itertools, math, fractions, functools, json, os, typing, decimal, fractions, statistics, import random, import random, numpy as np, itertools, math, sys, collections, functools, fractions, decimal, statistics"
b286eb,23,14,0,1,0.684,0.7,1,0,3458,54.4,1,0,85,8,
b286eb,10,14,0,1,0.602,0.4,16,0,6061,101.4,16,0,2315,1418,"import math, itertools, sympy as sp, import random, math, import sympy as sp"
b286eb,7,18661,0,0,0.62,0.3,7,0,5584,101.5,7,0,2483,368,"import math, itertools, import math, itertools, sys, random, sympy as sp, itertools, collections, functools, math, sys, random, itertools, collections, math, sympy as sp"
b286eb,8,14,0,1,0.636,0.3,0,0,6245,103.0,0,0,0,0,
b286eb,3,14,0,1,0.633,0.3,16,0,6123,106.2,16,0,2682,1221,"from collections import defaultdict, import math, import math, itertools, collections, sys, sympy as sp, random, time, math, functools, itertools, collections, sys, math"
b286eb,4,14,0,1,0.602,0.3,8,0,6678,125.1,8,0,3697,241,"import math, itertools, sympy as sp, import random, math"
b286eb,21,14,0,1,0.638,0.6,12,0,7044,128.3,12,0,2353,924,"import math, itertools, sympy as sp, import sympy as sp"
b286eb,20,14,0,1,0.59,0.5,9,0,7502,138.0,9,0,3081,1878,import sympy as sp
b286eb,5,14,0,1,0.61,0.3,16,0,8602,147.3,17,0,2127,619,"import math, itertools, sys, sympy as sp"
b286eb,11,14,0,1,0.632,0.5,17,0,9007,151.0,17,0,2840,1680,"import math, import math, itertools, sys, sympy as sp, collections, random, time, math, itertools, functools, fractions, decimal, heapq, statistics, numpy as np, import random, math"
b286eb,22,14,0,1,0.609,0.6,14,1,8928,152.7,14,0,3588,1355,"import math, itertools, sys, time, collections, random, functools, math, sympy as sp, numpy as np, itertools, collections, math, sys, time, math"
b286eb,6,14,0,1,0.57,0.3,27,0,9029,156.3,27,0,3341,1818,"import math, import math, itertools, sys, time, collections, random, math"
b286eb,17,14,0,1,0.59,0.5,11,0,9255,158.3,11,0,2664,864,"import math, itertools, sympy as sp"
b286eb,12,14,0,1,0.594,0.5,20,0,9704,161.4,20,0,1837,859,import math
b286eb,2,14,0,1,0.647,0.2,5,0,9712,163.0,5,0,1948,222,"from sympy import gcd, import math"
b286eb,15,14,0,1,0.566,0.5,7,2,8296,165.8,7,0,2806,2774,"from collections import defaultdict, import math, itertools"
b286eb,14,14,0,1,0.543,0.5,24,1,10101,166.5,24,0,3477,1432,"import math, import sympy as sp"
b286eb,19,14,0,1,0.597,0.5,23,0,9387,179.4,23,0,4687,1628,"import math, import math, itertools, sys, collections, sympy as sp, random, time, functools, math, sys, itertools, collections, fractions, numpy as np"
b286eb,16,14,0,1,0.605,0.5,23,0,11621,181.1,23,0,3344,1140,import sympy as sp
b286eb,13,14,0,1,0.583,0.5,27,0,13671,199.0,27,0,4356,5711,"import collections, math, import math, import math, itertools"
b286eb,9,14,0,1,0.598,0.4,23,2,11329,201.5,23,0,6060,3371,"import math, itertools, sympy as sp, sys, random, collections, functools, itertools, math, time, json, os, typing, fractions, decimal, collections, itertools, math, sys, import sympy as sp"
b286eb,18,14,0,1,0.667,0.5,18,1,13889,209.9,18,0,4847,1532,"from sympy.ntheory.modular import crt, import math, import math, itertools, import sympy"
b286eb,24,14,0,1,0.576,0.7,31,2,10879,211.7,31,0,8408,2317,"import math, itertools, sympy as sp, import random, import sympy as sp"
b286eb,1,14,0,1,0.611,0.1,31,4,20326,309.5,31,0,7264,2932,"import math, import math, itertools, import math, sympy as sp, import random, math, time, import sympy as sp"
170362,15,12,0,1,0.566,0.5,13,0,4738,84.1,13,0,1608,216,import math
170362,16,12,0,1,0.511,0.5,16,0,4990,87.4,16,0,2077,274,
170362,19,12,0,1,0.509,0.5,12,0,6676,117.3,12,0,1816,363,
170362,8,12,0,1,0.632,0.3,15,0,6709,123.4,15,0,1871,517,"import functools, import math"
170362,18,12,0,1,0.518,0.5,11,0,7362,130.5,11,0,2456,408,
170362,4,12,0,1,0.521,0.3,11,0,6798,130.9,11,0,2374,455,import math
170362,17,12,0,1,0.561,0.5,19,0,7348,134.0,20,0,2360,203,"import sys, math, itertools, functools, collections, random, time, math, sys, itertools, collections, functools, decimal, fractions, numpy as np"
170362,3,12,0,1,0.504,0.3,22,0,7512,134.6,22,0,2784,964,import functools
170362,21,12,0,1,0.567,0.6,11,0,7593,134.5,11,0,1666,168,import math
170362,23,12,0,1,0.545,0.7,11,0,8006,141.0,11,0,1936,526,
170362,20,12,0,1,0.598,0.5,16,0,8600,150.0,16,0,3225,243,
170362,10,12,0,1,0.512,0.4,26,0,8021,150.2,26,0,2772,379,
170362,5,12,0,1,0.519,0.3,17,0,8985,162.4,17,0,3204,369,import math
170362,11,12,0,1,0.485,0.5,20,3,7803,166.6,20,0,3646,1314,from functools import lru_cache
170362,12,12,0,1,0.522,0.5,24,0,9759,169.6,24,0,2889,568,"from functools import lru_cache, import random, math"
170362,2,12,0,1,0.594,0.2,33,0,9692,170.7,33,0,4898,904,"import random, math, sys, time, itertools, collections, functools, math, sys, random"
170362,9,12,0,1,0.552,0.4,39,0,10696,179.7,39,0,6392,1203,
170362,1,12,0,1,0.502,0.1,23,0,10494,183.2,23,0,4775,335,import math
170362,13,12,0,1,0.531,0.5,20,0,12000,189.7,21,0,1968,761,import math
170362,6,12,0,1,0.501,0.3,35,0,11511,193.0,35,0,5137,1736,
170362,7,12,0,1,0.542,0.3,29,0,13170,202.3,29,0,6177,1129,"import random, math"
170362,24,12,0,1,0.604,0.7,31,1,13002,210.6,31,0,4003,922,"from functools import lru_cache, import math"
170362,14,12,0,1,0.503,0.5,41,2,15180,226.7,41,0,6541,1420,
170362,22,12,0,1,0.578,0.6,34,3,11926,257.1,34,0,5657,1252,"from functools import lru_cache, import math"
a9dbc8,14,7873,0,0,0.583,0.5,13,2,12896,229.2,13,0,7421,4261,"import itertools, math, sys, random, collections, functools, time, json, os, typing, fractions, decimal, heapq, statistics, import numpy as np, math, itertools, sys, random, collections, time, functools, os, typing, fractions, decimal, heapq, statistics, import scipy.optimize as opt"
a9dbc8,17,7873,0,0,0.603,0.5,9,1,15131,270.8,9,0,8102,1111,
a9dbc8,7,15743,0,0,0.607,0.3,9,2,14440,330.3,9,0,4453,340,"from collections import Counter, from collections import deque"
a9dbc8,11,15743,0,0,0.627,0.5,11,1,16885,347.2,11,0,6761,554,from collections import deque
a9dbc8,16,15743,0,0,0.666,0.5,9,2,17826,361.6,9,0,5305,773,"from collections import Counter, from collections import deque"
a9dbc8,3,15743,0,0,0.604,0.3,16,0,18170,363.4,16,0,5313,1227,"from collections import Counter, from collections import deque"
a9dbc8,15,7873,0,0,0.565,0.5,9,1,19876,371.1,10,0,5328,854,
a9dbc8,9,15743,0,0,0.666,0.4,11,0,20299,380.8,12,0,7628,1852,"from collections import deque, import inspect, scipy.optimize as opt, textwrap, sys, numpy as np, math, itertools, import itertools, math, sys, random, collections, functools, heapq, fractions, decimal, statistics, numpy as np, sympy as sp, itertools, math, sys, import numpy as np, math, itertools, sys, collections, functools, heapq, fractions, decimal, statistics, sympy as sp, import scipy.optimize as opt"
a9dbc8,1,15743,0,0,0.629,0.1,16,0,19794,386.9,16,0,6403,712,"from collections import Counter, from collections import deque"
a9dbc8,4,,1,0,0.584,0.3,13,1,19252,396.3,13,0,9004,732,from collections import deque
a9dbc8,13,,1,0,0.634,0.5,29,2,17586,396.9,29,0,9922,1278,"from collections import Counter, from collections import deque, from itertools import combinations"
a9dbc8,2,,1,0,0.616,0.2,11,3,17468,399.0,11,0,10847,639,"from collections import deque, from scipy.optimize import milp, LinearConstraint, Bounds, import itertools, import numpy as np"
a9dbc8,12,15743,0,0,0.613,0.5,18,4,18795,400.1,19,0,6654,2571,from collections import deque
a9dbc8,10,,1,0,0.711,0.4,8,1,18672,400.2,9,0,4017,289,from collections import deque
a9dbc8,18,,1,0,0.656,0.5,14,4,17628,400.1,15,0,4458,1182,from collections import deque
a9dbc8,5,15743,0,0,0.619,0.3,19,0,21078,400.3,20,0,5249,699,from collections import deque
a9dbc8,21,,1,0,0.772,0.6,0,0,21401,400.3,1,0,0,0,
a9dbc8,22,,1,0,0.691,0.6,0,0,21401,400.2,1,0,0,0,
a9dbc8,23,,1,0,0.609,0.7,16,2,18038,400.3,17,0,6024,793,from collections import deque
a9dbc8,24,,1,0,0.67,0.7,9,0,21479,400.3,9,0,2002,450,
a9dbc8,19,,1,0,0.681,0.5,14,1,19467,400.6,15,0,10599,618,"from collections import deque, import itertools, import itertools, math, sys, random, time, collections, functools, math, numpy as np, import numpy as np, math, itertools, sys, collections, random, time, math, functools, itertools, numpy as np, import scipy.optimize as opt"
a9dbc8,8,15743,0,0,0.636,0.3,12,2,19373,401.0,13,0,5775,1279,"from collections import Counter, from collections import deque"
a9dbc8,20,15743,0,0,0.592,0.5,19,0,20735,400.9,20,0,6448,1123,"from collections import Counter, from collections import deque"
a9dbc8,6,7,0,0,0.584,0.3,13,2,19748,401.3,14,0,10978,972,"from collections import deque, import math"
53de2d,7,576,0,1,0.623,0.3,3,0,4661,79.4,3,0,2782,2036,import sympy as sp
53de2d,14,576,0,1,0.655,0.5,6,0,5165,89.9,6,0,2418,1481,"import itertools, math, import math, import sympy as sp"
53de2d,12,576,0,1,0.524,0.5,5,0,4403,99.6,5,0,2777,316,import sympy as sp
53de2d,6,576,0,1,0.484,0.3,4,0,5456,100.8,4,0,3488,509,"import itertools, math, import sympy as sp"
53de2d,20,49,0,0,0.463,0.5,0,0,6721,116.4,0,0,0,0,
53de2d,4,576,0,1,0.488,0.3,10,0,6722,118.1,10,0,6121,1058,import sympy as sp
53de2d,13,484,0,0,0.521,0.5,9,0,6731,122.2,9,0,3795,3655,"import itertools, math, import sympy as sp"
53de2d,9,576,0,1,0.509,0.4,6,1,7570,131.0,6,0,5444,1121,"import math, import sympy as sp"
53de2d,19,576,0,1,0.516,0.5,11,0,7785,135.3,11,0,5298,1648,"import itertools, math, sympy as sp, import sympy as sp"
53de2d,11,576,0,1,0.549,0.5,8,0,7942,138.0,8,0,4435,2000,"import itertools, math, import sympy as sp"
53de2d,23,576,0,1,0.544,0.7,7,0,7836,138.3,7,0,8610,902,"import itertools, math, sympy as sp, sys, json, itertools, math, random, fractions, collections, functools, decimal, statistics"
53de2d,24,576,0,1,0.509,0.7,5,1,7175,142.4,5,0,5997,899,import sympy as sp
53de2d,18,576,0,1,0.551,0.5,11,0,8331,143.7,11,0,6791,864,"import math, itertools, sympy as sp, import sympy as sp"
53de2d,3,576,0,1,0.533,0.3,10,0,8370,145.4,10,0,7500,3391,"import itertools, math, sympy as sp, numpy as np, sys, json, fractions, random, collections, math, itertools, functools, decimal, fractions, statistics"
53de2d,2,576,0,1,0.508,0.2,7,0,8610,145.9,7,0,3082,2246,"import itertools, math, sympy as sp, import sympy as sp"
53de2d,10,576,0,1,0.478,0.4,15,0,8430,146.4,15,0,9461,1595,"import sympy as sp, itertools, math, sys, json, fractions, collections, random, numpy as np"
53de2d,5,576,0,1,0.447,0.3,9,2,8317,159.7,9,0,8968,2219,import sympy as sp
53de2d,1,576,0,1,0.517,0.1,14,0,11277,173.0,14,0,10058,2796,"import itertools, math, import sympy as sp, import sympy as sp, random, math, itertools, sys, numpy as np, warnings, sympy"
53de2d,8,576,0,1,0.498,0.3,8,2,9321,174.9,8,0,9324,3207,"import itertools, math, import random, math, import sympy as sp"
53de2d,15,576,0,1,0.529,0.5,23,3,9427,178.7,23,0,7560,2314,"import itertools, math, sympy as sp, import math, import random, math, import sympy as sp, import sympy as sp, math, random, itertools, numpy as np"
53de2d,17,576,0,1,0.482,0.5,8,2,11701,194.8,8,0,9847,4377,"import math, random, import sympy as sp"
53de2d,22,576,0,1,0.48,0.6,14,5,10376,199.5,14,0,10972,4435,"import itertools, math, import random, math, import random, math, sympy as sp, import sympy as sp, import sympy as sp, math"
53de2d,21,576,0,1,0.536,0.6,17,3,13417,211.5,17,0,7040,3191,"import math, itertools, sympy as sp, import random, math, import sympy as sp"
53de2d,16,576,0,1,0.444,0.5,30,15,11406,251.2,30,0,14741,8313,"import itertools, math, import random, import sympy as sp, import sympy as sp, math, import sympy as sp, math, random, sys, warnings, numpy as np, import sympy as sp, random, math, itertools, sys, warnings, numpy as np"
cbbc1b,10,64,0,0,0.464,0.4,0,0,6701,115.9,1,0,0,0,
cbbc1b,13,96,0,1,0.598,0.5,8,1,4955,120.2,8,0,2429,429,"from fractions import Fraction, import random, math, numpy as np, import sympy as sp"
cbbc1b,12,96,0,1,0.552,0.5,14,0,6932,127.7,14,0,2860,1105,"from fractions import Fraction, import random, math, itertools, sys, numpy as np, sympy as sp, time, math, itertools, random, sys, numpy as np, import sympy as sp"
cbbc1b,15,96,0,1,0.547,0.5,21,1,8895,165.6,21,0,5772,3416,"from fractions import Fraction, import numpy as np, math, import numpy as np, math, itertools, random, sys, time, math, itertools, collections, fractions, decimal, statistics, import random, math, import sympy as sp"
cbbc1b,14,231,0,0,0.523,0.5,0,0,9855,171.3,1,0,0,0,
cbbc1b,1,48,0,0,0.483,0.1,4,0,9867,172.0,4,0,670,98,"import math, import sympy as sp"
cbbc1b,18,96,0,1,0.532,0.5,13,0,9688,172.3,13,0,3099,1365,"import numpy as np, math, sympy as sp, import random, math, itertools, sys, numpy as np, time, math, sys, itertools, random, numpy as np, import sympy as sp"
cbbc1b,22,96,0,1,0.484,0.6,19,0,10195,179.7,19,0,3743,1033,"from fractions import Fraction, import random, math, itertools, sys, numpy as np, sympy as sp, time, math, itertools, random, sys, numpy as np"
cbbc1b,3,96,0,1,0.534,0.3,18,0,7946,193.9,18,0,4124,1261,"import random, math, itertools, sys, numpy as np, sympy as sp, time, math, itertools, random, import random, math, numpy as np, import sympy as sp"
cbbc1b,5,96,0,1,0.551,0.3,18,1,8920,194.4,18,0,4039,1250,"import random, math, itertools, numpy as np, sys, time, math, random, import random, math, itertools, sys, numpy as np, sympy as sp, time, math, itertools, random, sys"
cbbc1b,23,96,0,1,0.543,0.7,22,1,10804,196.9,22,0,6193,3423,"from decimal import Decimal, getcontext, import numpy as np, math, random, sys, itertools, time, math, import numpy as np, math, sys, itertools, random, time, math, import random, math, itertools, numpy as np, sys, time, math, itertools, random, statistics, functools, collections, fractions, decimal, heapq, os, json, import random, math, numpy as np, itertools, sys, time, math, random, statistics, functools, collections, fractions, decimal, heapq, os, json, import sympy as sp"
cbbc1b,24,96,0,1,0.572,0.7,35,0,11661,209.7,35,0,4803,1679,"import math, import random, math, itertools, numpy as np, import sympy as sp"
cbbc1b,9,96,0,1,0.558,0.4,22,0,11109,219.8,22,0,4788,3169,"import numpy as np, math, itertools, random, sys, time, math, sympy as sp, import numpy as np, random, math, time, itertools, sys, os, math, numpy as np, import random, math, itertools, numpy as np, import sympy as sp"
cbbc1b,21,96,0,1,0.488,0.6,30,3,9444,220.8,30,0,6872,4552,"from fractions import Fraction, import mpmath as mp, import numpy as np, math, sys, random, itertools, time, math, numpy as np, import random, math, itertools, sys, time, numpy as np, math, itertools, random, sys, time, math, numpy as np, import random, math, numpy as np, sys, time, itertools, math, random, numpy as np, import sympy as sp"
cbbc1b,16,96,0,1,0.516,0.5,17,0,11776,230.6,17,0,4823,1494,"import numpy as np, math, import random, itertools, math, numpy as np, import random, math, numpy as np, import random, math, sys, itertools, numpy as np, sympy as sp, time, math, itertools, random, numpy as np, import sympy as sp"
cbbc1b,4,96,0,1,0.516,0.3,25,1,12954,231.9,25,0,6734,5656,"from fractions import Fraction, import numpy as np, math, import random, math, import random, math, itertools, numpy as np, import sympy as sp"
cbbc1b,8,96,0,1,0.547,0.3,17,0,15172,255.6,17,0,5944,1183,"import numpy as np, math, import numpy as np, math, itertools, random, sys, sympy as sp, math, itertools, random, sys, math, numpy as np, import random, math, itertools, numpy as np, sys, time, math, random, itertools, numpy as np, import random, math, numpy as np"
cbbc1b,19,96,0,1,0.586,0.5,34,0,15794,259.4,34,0,5839,1801,"from fractions import Fraction, import random, math, itertools, numpy as np, sys, time, math, itertools, collections, fractions, decimal, sympy as sp, math, random, numpy as np, import sympy as sp"
cbbc1b,11,96,0,1,0.479,0.5,11,0,16455,262.4,11,0,2204,453,"import itertools, math, numpy as np, import numpy as np, math, import random, math"
cbbc1b,6,96,0,1,0.49,0.3,24,2,16669,296.2,24,0,6923,1887,"from fractions import Fraction, import numpy as np, math, random, itertools, sys, math, numpy as np, import random, math, itertools, numpy as np, sys, time, math, fractions, itertools, random, numpy as np, import random, math, itertools, sys, numpy as np, sympy as sp, math, time, itertools, random, sys, numpy as np, import sympy as sp"
cbbc1b,17,432,0,0,0.422,0.5,0,0,20635,298.0,1,0,0,0,
cbbc1b,20,96,0,1,0.485,0.5,20,2,16196,304.9,21,0,6761,1894,"from fractions import Fraction, import numpy as np, math, itertools, random, sys, time, math, import random, math, import random, math, itertools, numpy as np, sys, time, math, random, itertools, import random, math, itertools, sys, time, numpy as np, math, itertools, random, sys, time, math, numpy as np, import sympy as sp"
cbbc1b,2,432,0,0,0.544,0.2,40,4,17851,310.9,41,0,7373,3204,"from fractions import Fraction, import numpy as np, math, random, time, sys, itertools, os, math, sys, time, import numpy as np, math, random, time, sys, os, itertools, collections, fractions, decimal, heapq, statistics, functools, itertools, math, random, import random, math, import sympy as sp"
cbbc1b,7,96,0,1,0.529,0.3,58,1,21112,326.4,58,0,8131,7597,"from fractions import Fraction, import math, import mpmath as mp, import random, math, itertools, numpy as np, import random, math, numpy as np, itertools, time, sys, math, numpy as np, import sympy as sp"
69ce73,3,4,0,1,0.52,0.3,2,0,3236,46.8,2,0,1111,176,"import math, itertools, numpy as np, import sympy as sp"
69ce73,9,4,0,1,0.639,0.4,7,0,3456,50.7,7,0,2049,133,import sympy as sp
69ce73,6,4,0,1,0.566,0.3,2,0,4266,64.1,3,0,547,318,import sympy as sp
69ce73,15,4,0,1,0.57,0.5,4,0,4848,74.8,4,0,1456,483,import sympy as sp
69ce73,20,4,0,1,0.601,0.5,2,0,5008,77.6,2,0,1064,50,import sympy as sp
69ce73,4,4,0,1,0.584,0.3,5,1,5143,80.3,5,0,1713,642,"import math, import sympy as sp"
69ce73,7,4,0,1,0.584,0.3,5,0,5200,81.3,6,0,675,263,import sympy as sp
69ce73,10,4,0,1,0.661,0.4,2,0,5436,84.4,2,0,1174,261,"import math, import sympy as sp"
69ce73,12,4,0,1,0.579,0.5,5,0,5450,84.8,5,0,1445,281,"import math, sympy as sp, import sympy as sp"
69ce73,2,4,0,1,0.589,0.2,0,0,6254,95.9,0,0,0,0,
69ce73,21,4,0,1,0.609,0.6,5,1,6518,100.3,5,0,1819,537,"import math, import sympy as sp"
69ce73,14,4,0,1,0.649,0.5,2,0,6961,106.3,2,0,849,537,"import numpy as np, import sympy as sp"
69ce73,5,4,0,1,0.603,0.3,6,2,5885,118.1,6,0,1946,815,"import math, sympy as sp, import sympy as sp"
69ce73,13,4,0,1,0.671,0.5,0,0,8503,128.9,0,0,0,0,
69ce73,23,4,0,1,0.657,0.7,10,0,9591,146.6,10,0,2263,577,import sympy as sp
69ce73,19,8,0,0,0.552,0.5,0,0,10357,156.4,0,0,0,0,
69ce73,8,4,0,1,0.565,0.3,22,2,11295,169.0,22,0,6023,2843,"import math, import math, itertools, import sympy as sp"
69ce73,22,,1,0,0.618,0.6,19,1,20323,264.0,20,0,3862,1382,"import math, numpy as np, import math, sympy as sp, import numpy as np, math, import sympy as sp, import sympy as sp, math"
69ce73,16,4,0,1,0.636,0.5,27,2,21958,284.1,28,0,8642,5293,"import itertools, math, import math, import matplotlib.pyplot as plt, math, numpy as np, sys, json, os, textwrap, itertools, fractions, random, collections, decimal, statistics, sympy as sp, import sympy as sp, import sympy as sp, math"
69ce73,1,4,0,1,0.631,0.1,25,1,24230,306.6,25,0,9892,2044,"import math, import math, sympy as sp, import sympy as sp"
69ce73,17,5,0,0,0.63,0.5,57,2,31713,369.7,57,0,12263,2378,"import math, import math, itertools, import math, numpy as np, import mpmath as mp, import sympy as sp, import sympy as sp, math, numpy as np"
69ce73,18,0,0,0,0.593,0.5,54,1,28101,371.8,55,0,8281,2036,"import math, import math, itertools, import numpy as np, math, import sympy as sp"
69ce73,24,0,0,0,0.614,0.7,49,6,29139,372.0,50,0,11104,4278,"import math, import math, sympy as sp, import numpy as np, math, matplotlib.pyplot as plt, import sympy as sp, import sympy as sp, math"
69ce73,11,,1,0,0.647,0.5,44,5,28146,402.7,44,0,7987,3527,"import math, import math, sympy as sp, import matplotlib.pyplot as plt, numpy as np, math, sys, json, os, itertools, collections, fractions, random, statistics, decimal, sympy as sp, import numpy as np, math, import sympy as sp, import sympy as sp, math, import sympy as sp, math, itertools, sys, time"
a53356,21,600,0,0,0.455,0.6,2,0,1540,21.8,2,0,440,50,"import numpy as np, math, import random, math, time, sys, statistics, itertools, numpy as np, math, random, sys, time, itertools, collections, fractions, decimal, math, random"
a53356,1,800,0,1,0.572,0.1,1,0,3926,59.2,1,0,97,4,import sympy as sp
a53356,18,800,0,1,0.586,0.5,0,0,4143,62.9,0,0,0,0,
a53356,4,800,0,1,0.528,0.3,2,0,4293,65.6,2,0,157,8,import sympy as sp
a53356,19,800,0,1,0.586,0.5,2,0,4511,69.6,2,0,763,52,"import random, math, import random, math, sys, itertools, numpy as np, sympy as sp, math, time, collections, fractions, itertools, functools, decimal, heapq, random, statistics"
a53356,16,800,0,1,0.58,0.5,5,1,4914,77.2,5,0,1381,531,"import matplotlib.pyplot as plt, import numpy as np, math, itertools, sys, sympy as sp, matplotlib, import numpy as np, math, random, itertools, sys, sympy as sp, import sympy as sp"
a53356,20,800,0,1,0.612,0.5,1,0,4967,77.8,1,0,254,5,import math
a53356,8,800,0,1,0.632,0.3,1,0,5018,78.8,1,0,369,31,"import random, math, numpy as np"
a53356,9,800,0,1,0.58,0.4,4,0,5020,79.0,4,0,280,15,import math
a53356,11,800,0,1,0.638,0.5,3,1,5088,79.8,3,0,639,503,"import numpy as np, math, itertools, sys, json, sympy as sp, matplotlib.pyplot as plt"
a53356,23,800,0,1,0.603,0.7,2,1,5133,80.3,2,0,963,442,"import matplotlib.pyplot as plt, import numpy as np, math, sys, json, itertools, sympy as sp, import sympy as sp"
a53356,17,800,0,1,0.629,0.5,4,1,5153,80.9,4,0,978,431,"import matplotlib.pyplot as plt, import numpy as np, import random, math, import sympy as sp"
a53356,15,800,0,1,0.556,0.5,3,1,5591,87.0,3,0,904,435,"import numpy as np, matplotlib.pyplot as plt, import sympy as sp"
a53356,14,800,0,1,0.562,0.5,0,0,5927,91.6,0,0,0,0,
a53356,10,800,0,1,0.583,0.4,4,0,5977,93.6,4,0,807,61,"import random, math, import shapely.geometry as geom, shapely.ops as ops, shapely.affinity as affinity"
a53356,3,800,0,1,0.601,0.3,0,0,6371,98.0,0,0,0,0,
a53356,24,800,0,1,0.617,0.7,2,0,6359,97.7,2,0,228,50,"import shapely.geometry as geom, shapely.ops as ops"
a53356,2,800,0,1,0.574,0.2,4,1,6490,99.7,4,0,938,646,"import matplotlib.pyplot as plt, import numpy as np, math, sys, json, itertools, collections, fractions, random, statistics, decimal, heapq, functools, sympy as sp, import random, math, import sympy as sp"
a53356,22,800,0,1,0.699,0.6,1,0,6560,99.6,1,0,109,3,import sympy as sp
a53356,13,800,0,1,0.602,0.5,3,0,6731,101.3,3,0,1453,23,"import math, import random, math"
a53356,5,800,0,1,0.593,0.3,2,0,7149,104.9,2,0,673,13,"import random, math, import sympy as sp"
a53356,12,,1,0,0.615,0.5,9,1,8681,116.3,10,0,2628,1023,"import numpy as np, math, sympy as sp, random, itertools, sys, json, os, collections, fractions, decimal, statistics, import numpy as np, matplotlib.pyplot as plt, math, sys, json, os, itertools, random, collections, fractions, decimal, statistics, sympy as sp, import random, math, import sympy as sp"
a53356,7,800,0,1,0.561,0.3,7,0,8568,116.6,7,0,1310,150,"import numpy as np, math, random, sys, time, itertools, math, random, numpy as np, import random, math, import random, math, time, sys, itertools, numpy as np, math, random, sys, time, itertools, collections, fractions, decimal, math, numpy as np, import sympy as sp"
a53356,6,800,0,1,0.601,0.3,6,1,10984,128.3,6,0,1993,572,"import matplotlib.pyplot as plt, import numpy as np, import random, math, import sympy as sp"
a33272,10,61,0,1,0.57,0.4,4,0,1886,29.6,4,0,822,357,"import itertools, math"
a33272,9,61,0,1,0.683,0.4,1,0,2306,36.6,1,0,319,40,"import itertools, math"
a33272,20,61,0,1,0.653,0.5,4,0,2331,37.2,4,0,833,368,"import itertools, math"
a33272,14,61,0,1,0.647,0.5,4,0,2401,38.5,4,0,1175,389,"import itertools, math"
a33272,15,61,0,1,0.628,0.5,2,0,2413,38.5,2,0,396,44,"import itertools, math"
a33272,4,61,0,1,0.512,0.3,2,0,2496,39.9,2,0,654,324,"import itertools, math"
a33272,6,61,0,1,0.659,0.3,1,0,2500,40.3,1,0,338,40,import itertools
a33272,13,61,0,1,0.641,0.5,1,0,2538,40.6,1,0,207,5,"from decimal import Decimal, getcontext"
a33272,17,61,0,1,0.71,0.5,3,0,2597,41.6,3,0,486,343,"import itertools, math"
a33272,11,61,0,1,0.589,0.5,2,0,2635,42.0,2,0,728,227,"import itertools, math"
a33272,5,61,0,1,0.619,0.3,1,0,2717,43.1,1,0,384,40,"import itertools, math"
a33272,1,61,0,1,0.628,0.1,4,0,2755,43.7,4,0,931,357,"import itertools, math"
a33272,12,61,0,1,0.669,0.5,1,0,2784,44.1,1,0,790,40,"import itertools, math"
a33272,24,61,0,1,0.721,0.7,0,0,2801,44.2,0,0,0,0,
a33272,2,61,0,1,0.674,0.2,1,0,2945,46.3,1,0,483,25,import itertools
a33272,18,61,0,1,0.611,0.5,3,0,2974,46.9,3,0,484,343,"import itertools, math"
a33272,16,61,0,1,0.645,0.5,4,0,3111,48.2,4,0,598,246,"import itertools, math"
a33272,3,61,0,1,0.558,0.3,4,0,3212,49.2,4,0,885,353,"import itertools, math"
a33272,8,61,0,1,0.621,0.3,1,0,3288,49.8,1,0,47,4,
a33272,21,61,0,1,0.583,0.6,3,0,3713,53.4,3,0,770,55,"import itertools, math"
a33272,22,61,0,1,0.584,0.6,3,0,3831,54.3,3,0,638,200,"import itertools, math"
a33272,7,61,0,1,0.557,0.3,1,0,4012,55.7,1,0,47,4,
a33272,19,61,0,1,0.535,0.5,0,0,4349,57.5,0,0,0,0,
a33272,23,61,0,1,0.665,0.7,2,0,4618,59.0,2,0,896,180,"import itertools, math"
3cf8bf,14,4,0,1,0.502,0.5,3,0,2171,33.1,3,0,343,194,import sympy as sp
3cf8bf,21,4,0,1,0.49,0.6,2,0,2470,37.1,2,0,224,165,"import math, import sympy as sp"
3cf8bf,6,4,0,1,0.395,0.3,2,0,2529,38.1,2,0,291,166,"import math, import sympy as sp"
3cf8bf,3,4,0,1,0.452,0.3,4,0,2481,38.1,4,0,452,390,"import mpmath as mp, import sympy as sp"
3cf8bf,20,4,0,1,0.36,0.5,2,0,2534,38.1,2,0,343,93,import sympy as sp
3cf8bf,18,4,0,1,0.361,0.5,3,0,2641,40.0,3,0,369,298,import sympy as sp
3cf8bf,1,4,0,1,0.545,0.1,4,0,2788,43.1,4,0,376,200,"from fractions import Fraction, import sympy as sp"
3cf8bf,8,4,0,1,0.41,0.3,2,0,2955,45.5,2,0,241,188,"import math, import sympy as sp"
3cf8bf,4,4,0,1,0.388,0.3,2,0,2991,46.0,2,0,251,166,"import math, import sympy as sp"
3cf8bf,10,4,0,1,0.38,0.4,3,0,3022,46.5,4,0,346,390,import sympy as sp
3cf8bf,2,4,0,1,0.386,0.2,3,0,3165,48.6,3,0,364,171,"import math, import sympy as sp"
3cf8bf,9,4,0,1,0.408,0.4,4,0,3181,49.0,4,0,826,221,"import numpy as np, sympy as sp, import sympy as sp"
3cf8bf,13,4,0,1,0.383,0.5,4,0,3232,49.7,4,0,638,265,"import numpy as np, math, import sympy as sp"
3cf8bf,15,4,0,1,0.404,0.5,3,0,3442,52.5,3,0,717,203,"import numpy as np, math, sympy as sp, import sympy as sp"
3cf8bf,17,4,0,1,0.342,0.5,2,0,3446,52.4,3,0,225,355,import sympy as sp
3cf8bf,16,4,0,1,0.389,0.5,4,0,3594,54.6,4,0,520,553,import sympy as sp
3cf8bf,22,4,0,1,0.432,0.6,4,0,3811,56.9,5,0,552,298,import sympy as sp
3cf8bf,19,4,0,1,0.432,0.5,2,0,3862,57.0,3,0,441,150,import sympy as sp
3cf8bf,23,,1,0,0.403,0.7,3,0,3888,57.3,4,0,313,391,import sympy as sp
3cf8bf,7,4,0,1,0.387,0.3,2,0,3926,57.6,3,0,200,173,import sympy as sp
3cf8bf,12,4,0,1,0.404,0.5,2,0,3926,57.6,2,0,459,308,"import numpy as np, math, import sympy as sp"
3cf8bf,5,,1,0,0.38,0.3,0,0,4145,59.2,1,0,0,0,
3cf8bf,24,4,0,1,0.384,0.7,2,0,4563,61.5,3,0,253,144,import sympy as sp
3cf8bf,11,4,0,1,0.412,0.5,3,0,5257,65.3,4,0,352,298,import sympy as sp
bad5bf,1,67,0,1,0.584,0.1,5,1,3779,56.9,5,0,1139,570,"import random, math"
bad5bf,15,67,0,1,0.617,0.5,3,0,4810,73.5,3,0,1502,163,"import random, math, import sympy as sp"
bad5bf,14,67,0,1,0.622,0.5,4,0,4912,75.6,4,0,958,279,"from fractions import Fraction, import random, math"
bad5bf,22,67,0,1,0.554,0.6,2,0,5121,78.7,2,0,1288,215,"from fractions import Fraction, import random, math"
bad5bf,5,67,0,1,0.522,0.3,4,0,5327,82.7,4,0,1299,341,"from fractions import Fraction, import numpy as np, math, random"
bad5bf,17,67,0,1,0.517,0.5,3,0,7012,112.9,4,0,997,332,"from fractions import Fraction, import random, math"
bad5bf,20,67,0,1,0.545,0.5,3,0,7208,117.0,3,0,1309,211,"from fractions import Fraction, import random, math, import sympy as sp"
bad5bf,18,67,0,1,0.475,0.5,11,0,7190,117.1,11,0,3579,368,"import numpy as np, import random, math, import sympy as sp"
bad5bf,7,67,0,1,0.515,0.3,7,1,7544,121.7,7,0,2419,1443,"from fractions import Fraction, import numpy as np, import random, math"
bad5bf,2,67,0,1,0.509,0.2,0,0,7917,126.2,0,0,0,0,
bad5bf,23,67,0,1,0.539,0.7,7,0,7963,128.9,8,0,2834,998,"import numpy as np, import sympy as sp"
bad5bf,12,67,0,1,0.453,0.5,7,0,8086,129.4,7,0,2434,310,"from fractions import Fraction, import random, math, import sympy as sp"
bad5bf,10,67,0,1,0.532,0.4,4,0,8485,135.0,4,0,1774,329,"from fractions import Fraction, import random, math"
bad5bf,24,67,0,1,0.55,0.7,7,0,9612,155.3,7,0,3399,1291,"import fractions, math, import numpy as np, math, itertools, sys, random, math, sympy as sp, itertools, fractions, math, sys, time, json, collections, functools, decimal, statistics, fractions, math, sympy as sp"
bad5bf,9,67,0,1,0.439,0.4,4,0,9986,158.0,5,0,1567,201,"import numpy as np, math, itertools, random, sys, math, fractions, itertools, collections, decimal, sympy as sp, sys, math, random, itertools, numpy as np, import random, math, numpy as np"
bad5bf,16,67,0,1,0.458,0.5,5,0,10758,166.1,5,0,2941,661,"import numpy as np, math, import random, math, import sympy as sp"
bad5bf,21,67,0,1,0.525,0.6,6,1,10882,167.7,6,0,1409,557,"import numpy as np, import random, math, itertools, sys, numpy as np, math, sympy as sp, fractions, itertools, collections, time, sys, math, random, numpy as np"
bad5bf,4,67,0,1,0.461,0.3,3,0,11174,170.2,3,0,1985,347,"import random, math, import sympy as sp"
bad5bf,11,67,0,1,0.492,0.5,10,0,10889,171.8,10,0,2532,377,"import numpy as np, import sympy as sp"
bad5bf,8,67,0,1,0.56,0.3,11,0,11917,177.2,11,0,2441,544,"import numpy as np, import random, math, import sympy as sp"
bad5bf,6,67,0,1,0.499,0.3,8,0,12419,180.3,8,0,1288,215,"import numpy as np, math, itertools, random, sys, math, fractions, sympy as sp, itertools, time, collections, decimal, fractions, math, random"
bad5bf,3,67,0,1,0.535,0.3,16,0,12552,182.2,16,0,3068,1394,"import numpy as np, import sympy as sp"
bad5bf,13,67,0,1,0.541,0.5,5,0,13313,185.3,5,0,2162,172,"from fractions import Fraction, import random, math, itertools, sys, numpy as np, math, sympy as sp, itertools, fractions, collections, decimal, statistics, functools, heapq, random, time, sys, math, numpy as np"
bad5bf,19,67,0,1,0.476,0.5,13,6,10872,236.6,13,0,5997,1972,"import random, math, import sympy as sp"
686753,7,29,0,1,0.516,0.3,13,0,5035,76.9,13,0,2417,385,import sympy as sp
686753,21,29,0,1,0.481,0.6,12,0,6750,107.4,12,0,2077,495,"import math, sympy as sp, import sympy as sp"
686753,2,29,0,1,0.492,0.2,14,1,7726,127.0,14,0,2764,5301,"from sympy import Rational, nsimplify, import math, sympy as sp, import sympy as sp"
686753,9,29,0,1,0.449,0.4,17,0,8042,132.2,17,0,2302,529,"import math, import sympy as sp"
686753,13,29,0,1,0.429,0.5,17,0,8095,133.1,17,0,3255,819,"import math, import math, sympy as sp, import numpy as np, import sympy as sp"
686753,1,29,0,1,0.419,0.1,7,0,8429,137.8,7,0,1043,65,import sympy as sp
686753,22,29,0,1,0.44,0.6,14,0,8352,138.1,14,0,3036,1095,"import math, import numpy as np, import sympy as sp"
686753,23,9,0,0,0.5,0.7,0,0,8837,144.3,0,0,0,0,
686753,18,29,0,1,0.516,0.5,12,1,9169,150.8,12,0,1650,1252,import sympy as sp
686753,3,29,0,1,0.376,0.3,15,0,10382,169.4,16,0,1950,558,"from fractions import Fraction, import math, import math, fractions, sympy as sp, import math, sympy as sp, import sympy as sp"
686753,10,29,0,1,0.51,0.4,16,1,10981,178.6,16,0,3366,2617,"from sympy import Rational, simplify, import sympy as sp"
686753,20,29,0,1,0.534,0.5,9,1,11480,185.9,9,0,2380,3478,"import math, import numpy as np, import sympy as sp"
686753,5,29,0,1,0.562,0.3,19,0,11465,186.3,19,0,2858,560,"from fractions import Fraction, import math, fractions, sympy as sp, import numpy as np, import sympy as sp"
686753,14,29,0,1,0.551,0.5,7,0,11113,188.6,7,0,1445,365,"from fractions import Fraction, import math, fractions, sympy as sp, import sympy as sp"
686753,12,29,0,1,0.421,0.5,8,1,12884,206.9,8,0,2185,3783,import sympy as sp
686753,16,29,0,1,0.616,0.5,10,1,14714,227.4,10,0,1118,3134,"import math, import sympy as sp"
686753,19,29,0,1,0.478,0.5,18,1,16260,245.6,18,0,4194,4017,import sympy as sp
686753,15,29,0,1,0.583,0.5,8,1,16214,245.9,9,0,3732,6020,import sympy as sp
686753,4,29,0,1,0.523,0.3,13,3,16531,247.7,13,0,3735,4998,"from fractions import Fraction, import math, import sympy as sp"
686753,11,29,0,1,0.573,0.5,25,2,17607,259.2,25,0,4721,4830,import sympy as sp
686753,24,29,0,1,0.627,0.7,12,4,18234,277.4,13,0,4789,7135,"import random, math, import sympy as sp"
686753,17,29,0,1,0.549,0.5,19,4,21595,288.8,19,0,4934,4349,"import math, import mpmath as mp, import sympy as sp"
686753,6,677,0,0,0.522,0.3,85,7,28913,371.0,86,0,16127,14518,"from fractions import Fraction, from sympy import igcd, import math, import math, fractions, sympy as sp, import mpmath as mp, import numpy as np, import sympy as sp"
686753,8,,1,0,0.469,0.3,91,13,29241,400.7,92,0,18896,22583,"from fractions import Fraction, import math, itertools, import math, sympy as sp, import mpmath as mp, import numpy as np, math, import sympy as sp"
3eee67,5,27290,0,1,0.583,0.3,13,0,7671,124.3,13,0,2552,478,"from scipy.optimize import milp, LinearConstraint, Bounds, import itertools, math, random, sys, time, collections, functools, math, numpy as np, itertools, math, sys, time, collections, fractions, itertools, math, import math, import scipy"
3eee67,21,27290,0,1,0.676,0.6,7,0,7646,136.3,7,0,1566,64,"from fractions import Fraction, import itertools, math, import math, import math, fractions, sys, itertools, collections, random, decimal, statistics, functools, numpy as np, sympy as sp, math, itertools, fractions, collections, sys, decimal, random, statistics, functools, itertools, math"
3eee67,3,27290,0,1,0.505,0.3,8,0,8320,138.9,8,0,2054,340,"from math import comb, from scipy.optimize import milp, LinearConstraint, Bounds, import itertools, math, sys, random, time, collections, functools, fractions, decimal, math, numpy as np, sympy as sp, itertools, math, sys, import itertools, numpy as np, math, sys, time, random, collections, fractions, decimal, itertools, math, sys, numpy as np, sympy as sp, import math, import numpy as np, math, itertools, sys, time, random, collections, fractions, decimal, sympy as sp"
3eee67,18,27290,0,1,0.621,0.5,8,0,9682,158.8,8,0,1930,89,"from fractions import Fraction, import itertools, import math"
3eee67,24,27290,0,1,0.644,0.7,12,0,9864,161.5,12,0,485,142,from fractions import Fraction
3eee67,13,27290,0,1,0.611,0.5,11,1,7900,163.5,11,0,3058,199,"from itertools import combinations, import fractions, math, import itertools, math, import math, import math, fractions"
3eee67,12,27290,0,1,0.522,0.5,9,1,8223,164.2,9,0,3258,112,"from fractions import Fraction, import itertools, math, import math"
3eee67,9,27290,0,1,0.619,0.4,9,0,10197,166.9,9,0,1778,282,"from fractions import Fraction, from scipy.optimize import milp, LinearConstraint, Bounds, import itertools, math, numpy as np, sys, random, collections, fractions, math, itertools, numpy as np, import math, import math, fractions, sys, itertools, collections, random, decimal, numpy as np, sympy as sp, math, itertools, fractions, collections, sys, os, json, hashlib, import numpy as np, math, itertools, sys, fractions, random"
3eee67,14,27290,0,1,0.663,0.5,4,0,10293,167.4,4,0,164,39,import math
3eee67,7,27290,0,1,0.511,0.3,10,1,9737,169.6,10,0,6779,1119,"from scipy.optimize import milp, LinearConstraint, Bounds, import itertools, math, import math, import math, fractions, import numpy as np"
3eee67,16,27290,0,1,0.697,0.5,5,0,10548,171.4,5,0,256,68,"import math, import math, fractions, sympy as sp"
3eee67,20,27290,0,1,0.632,0.5,12,1,10605,204.6,12,0,3202,179,"import itertools, math, import math, import math, fractions, sympy as sp"
3eee67,17,27290,0,1,0.634,0.5,9,1,10602,212.1,9,0,9714,382,"import fractions, math, import itertools, math, import math, fractions, sys, sympy as sp, import random, itertools, math, time, import time"
3eee67,15,,1,0,0.617,0.5,11,1,10089,214.8,12,0,6493,155,"from scipy.optimize import milp, LinearConstraint, Bounds, import itertools, import itertools, math, import math, import math, fractions, import numpy as np"
3eee67,4,27290,0,1,0.592,0.3,5,0,13575,218.2,5,0,2269,39,"from fractions import Fraction, from scipy.optimize import milp, LinearConstraint, Bounds, import itertools, math, import math, import math, fractions, sympy as sp, import numpy as np"
3eee67,1,27290,0,1,0.625,0.1,0,0,13848,220.1,0,0,0,0,
3eee67,23,27290,0,1,0.636,0.7,22,0,14109,225.9,22,0,5081,224,"from itertools import combinations, from scipy.optimize import milp, from scipy.optimize import milp, LinearConstraint, Bounds, import fractions, math, import itertools, math, import itertools, math, numpy as np, itertools, sys, math, random, collections, fractions, functools, time, itertools, math, numpy as np, import math, import scipy, sys, numpy as np, math, itertools, collections, fractions, random, time, os, json, re, decimal, statistics, hashlib, typing, inspect, textwrap, pprint, math, itertools"
3eee67,6,27290,0,1,0.653,0.3,17,0,15699,240.5,17,0,3274,248,"import itertools, import itertools, math, import math, import math, fractions, sympy as sp"
3eee67,2,27290,0,1,0.613,0.2,15,2,13834,246.5,15,0,4142,1816,"from fractions import Fraction, from scipy.optimize import milp, LinearConstraint, Bounds, import itertools, math, import math, import numpy as np, math, itertools, sys, time, random, collections, itertools, math, sys, os, json, fractions, decimal, functools, heapq, statistics, typing, fractions, math, numpy as np"
3eee67,22,27290,0,1,0.628,0.6,9,1,15489,263.8,9,0,3542,259,"from fractions import Fraction, import itertools, math, import math, fractions, import math, fractions, itertools, sys, sympy as sp, numpy as np, math, random, collections, itertools, fractions, decimal, heapq, functools, statistics, json, os, re, typing, hashlib"
3eee67,8,27290,0,1,0.648,0.3,8,0,22223,296.8,8,0,3065,160,"from scipy.optimize import milp, LinearConstraint, Bounds, import itertools, math, sys, random, time, collections, functools, fractions, decimal, heapq, statistics, numpy as np, sympy as sp, math, itertools, sys, os, json, import math, import numpy as np, itertools, math, sys, time, random, collections, fractions, decimal, heapq, statistics, sympy as sp, os, json, math, itertools"
3eee67,10,27290,0,1,0.591,0.4,13,0,22284,305.9,13,0,4375,269,"from fractions import Fraction, import itertools, import itertools, math, numpy as np, scipy.optimize as opt, sys, warnings, random, time, fractions, collections, math, itertools, numpy as np, import math, import math, fractions, import math, fractions, sympy as sp"
3eee67,19,27290,0,1,0.585,0.5,14,2,23848,329.0,14,0,8772,441,"from itertools import combinations, from math import comb, import itertools, fractions, math, sys, time, random, collections, itertools, math, fractions, sys, time, random, import itertools, math, fractions, import itertools, math, fractions, numpy as np, sys, time, random, collections, math, fractions, itertools, sys, time, random, import math, import math, fractions, import random, itertools, math, fractions, import sympy as sp"
3eee67,11,27290,0,1,0.577,0.5,18,2,29975,392.0,18,0,12890,714,"from scipy.optimize import linprog, import itertools, import itertools, math, import math, import numpy as np, import random, itertools, math, import sympy as sp"
dbbfe8,5,12,0,0,0.448,0.3,0,0,5332,91.1,0,0,0,0,
dbbfe8,16,22,0,1,0.555,0.5,12,0,6195,128.2,12,0,8016,6015,"from scipy.optimize import milp, LinearConstraint, Bounds, from scipy.optimize import milp, LinearConstraint, Bounds, milp, import itertools, numpy as np, math, collections, sys, time, random, fractions, functools, decimal, statistics, heapq, typing, os, json, re, sympy as sp, import scipy, sys, numpy as np, itertools, math, collections, random, fractions, functools, sympy as sp, math, time, os, json, re, decimal, statistics, itertools, collections, fractions, heapq, typing, math"
dbbfe8,9,22,0,1,0.596,0.4,12,0,6355,131.5,12,0,6512,298,"import itertools, math, sys, numpy as np, scipy.optimize as opt, collections, itertools, math, random, time, json, import numpy as np, scipy.optimize as opt, math, time, sys, warnings, itertools, collections, random"
dbbfe8,12,22,0,1,0.615,0.5,18,0,6747,132.9,18,0,6044,4339,"from scipy.optimize import milp, LinearConstraint, Bounds, import itertools, import numpy as np, import scipy, import scipy, sys, numpy as np, itertools, math, collections, random, time, os, json, fractions, decimal, statistics, sympy as sp, math, itertools, collections, numpy as np"
dbbfe8,4,22,0,1,0.598,0.3,12,0,6864,136.2,12,0,8165,4652,"from scipy.optimize import milp, LinearConstraint, Bounds, import itertools, math, numpy as np, sys, json, collections, random, time, os, math, itertools, collections, fractions, functools, import numpy as np"
dbbfe8,14,22,0,1,0.674,0.5,10,0,7340,142.5,10,0,6439,143,"from scipy.optimize import milp, LinearConstraint, Bounds, import itertools, math, numpy as np, sys, json, warnings, os, textwrap, math, random, collections, fractions, decimal, heapq, statistics, functools, itertools, sympy as sp, math, numpy as np, import numpy as np"
dbbfe8,19,22,0,1,0.465,0.5,14,2,7210,146.1,14,0,11575,11410,"from scipy.optimize import LinearConstraint, milp, Bounds, from scipy.optimize import milp, LinearConstraint, Bounds, import itertools, math, sys, numpy as np, sympy as sp, math, random, collections, functools, fractions, decimal, heapq, statistics, itertools, time, os, json, import numpy as np"
dbbfe8,22,22,0,1,0.48,0.6,15,0,7390,149.8,15,0,12556,450,"from scipy.optimize import milp, LinearConstraint, Bounds, import itertools, math, numpy as np, sys, json, warnings, collections, functools, random, itertools, math, numpy as np"
dbbfe8,6,22,0,1,0.526,0.3,13,0,7481,157.2,13,0,8377,7186,"from scipy.optimize import milp, LinearConstraint, Bounds, from scipy.sparse import csr_matrix, import itertools, math, numpy as np, scipy"
dbbfe8,17,22,0,1,0.555,0.5,13,1,8816,166.0,13,0,14620,7549,"from scipy import sparse, from scipy.optimize import milp, LinearConstraint, Bounds, from scipy.sparse import csr_matrix, import itertools, math, sys, numpy as np, scipy, import numpy as np"
dbbfe8,7,22,0,1,0.441,0.3,16,1,8232,166.8,16,0,14601,2491,"from scipy.optimize import milp, LinearConstraint, Bounds, import itertools, math, numpy as np, sys, time, collections, random, math, itertools, functools, fractions, decimal, heapq, statistics, sympy as sp, json, import numpy as np"
dbbfe8,23,22,0,1,0.615,0.7,14,1,8469,169.1,15,0,11890,3045,"from itertools import product, from scipy.optimize import milp, LinearConstraint, Bounds, from scipy.optimize import milp, LinearConstraint, Bounds, OptimizeResult, milp, import itertools, math, numpy as np, sys, warnings, json, collections, random, time, os, math, itertools, functools, import numpy as np"
dbbfe8,20,22,0,1,0.575,0.5,17,2,8479,169.8,17,0,10852,3322,"from collections import defaultdict, from itertools import product, from scipy.optimize import milp, LinearConstraint, Bounds, import itertools, math, sys, numpy as np, sympy as sp, random, collections, functools, fractions, decimal, heapq, statistics, time, json, os, typing, pprint, import numpy as np, import scipy"
dbbfe8,3,22,0,1,0.605,0.3,18,1,9330,177.7,18,0,10091,6049,"from scipy.optimize import milp, LinearConstraint, Bounds, import itertools, math, numpy as np, sys, json, os, random, collections, fractions, functools, decimal, heapq, statistics, import numpy as np, itertools, collections, math, random, sys, fractions, functools, decimal, heapq, statistics, import numpy as np, itertools, math, sys, random, collections, fractions, functools, decimal, heapq, statistics, import scipy.optimize as opt, import string"
dbbfe8,8,22,0,1,0.5,0.3,13,0,8553,181.0,13,0,10563,8991,"from scipy.optimize import milp, LinearConstraint, Bounds, import itertools, math, sys, numpy as np, scipy"
dbbfe8,24,22,0,1,0.501,0.7,10,1,10108,181.4,10,0,15623,7100,"from scipy.optimize import milp, LinearConstraint, Bounds, import itertools, math, sys, collections, numpy as np, sympy as sp, math, random, fractions, functools, statistics, decimal, heapq, pprint, textwrap, json, os, re, typing, hashlib, import numpy as np"
dbbfe8,21,22,0,1,0.403,0.6,14,1,10851,191.7,14,0,19496,2730,"from collections import defaultdict, from scipy.optimize import milp, LinearConstraint, Bounds, import itertools, math, numpy as np, scipy, import scipy.sparse as sp, import string, itertools"
dbbfe8,18,22,0,1,0.328,0.5,10,0,10969,203.4,10,0,27391,331,"import itertools, math, sys, numpy as np, scipy.optimize as opt, itertools, collections, math, sys, numpy as np"
dbbfe8,10,22,0,1,0.381,0.4,18,6,12135,236.0,18,0,28419,3081,"from scipy.optimize import LinearConstraint, Bounds, milp, from scipy.optimize import milp, LinearConstraint, Bounds, import itertools, numpy as np, math, collections, sys, random, time, json, textwrap, import numpy as np, collections, import scipy, import sys, importlib, subprocess, pkgutil, math, itertools, collections, numpy as np, sympy as sp, random, fractions, decimal, heapq, statistics, time, os, json, textwrap, math, typing, fractions, itertools, collections, numpy as np"
dbbfe8,11,22,0,1,0.512,0.5,35,13,12770,269.9,37,0,19524,16526,"from itertools import product, from scipy.optimize import LinearConstraint, from scipy.optimize import milp, LinearConstraint, Bounds, import inspect, scipy.optimize as opt, textwrap, sys, numpy as np, math, itertools, collections, functools, import itertools, math, sys, numpy as np, collections, functools, random, time, math, sys, os, json, import numpy as np, import numpy as np, itertools, math, sys, random, collections, functools, time, import numpy as np, itertools, math, time, import numpy as np, itertools, time, import numpy as np, scipy.optimize as opt, math, sys, time, warnings, itertools, collections, random, math, numpy as np"
dbbfe8,15,22,0,1,0.584,0.5,31,8,11801,276.1,31,0,14908,6699,"from itertools import combinations, from scipy.optimize import milp, LinearConstraint, Bounds, import itertools, math, numpy as np, sys, warnings, json, os, textwrap, collections, functools, random, fractions, decimal, heapq, statistics, sympy as sp, math, itertools, collections, numpy as np, import numpy as np, import numpy as np, math, itertools, collections, sys, warnings, os, json, textwrap, random, fractions, decimal, heapq, statistics, sympy as sp, math, itertools, collections, numpy as np"
dbbfe8,2,22,0,1,0.455,0.2,29,1,17647,283.1,29,0,32200,1907,"from scipy.optimize import milp, LinearConstraint, Bounds, import itertools, import itertools, math, numpy as np, sys, json, os, warnings, time, collections, functools, random, fractions, decimal, heapq, statistics, typing, pprint, textwrap, hashlib, inspect, import numpy as np"
dbbfe8,1,22,0,1,0.463,0.1,46,4,28171,339.9,47,0,49240,4514,"from itertools import product, from scipy.optimize import linprog, from scipy.optimize import milp, LinearConstraint, Bounds, from scipy.optimize import milp, LinearConstraint, Bounds, OptimizeResult, milp, import itertools, import itertools, math, numpy as np, sys, json, os, random, collections, fractions, functools, decimal, heapq, statistics, import numpy as np, import random"
dbbfe8,13,0,0,0,0.536,0.5,30,9,18430,344.1,30,0,23623,4244,"from scipy.optimize import Bounds, LinearConstraint, milp, from scipy.optimize import milp, LinearConstraint, Bounds, import itertools, collections, numpy as np, import itertools, math, numpy as np, sys, json, collections, random, time, math, fractions, functools, decimal, heapq, statistics, import numpy as np, import numpy as np, collections, import numpy as np, itertools, math, collections, random, sys, time"
414a5b,9,95,0,0,0.662,0.4,3,0,3947,63.9,4,0,996,28,"from fractions import Fraction, from itertools import product, import fractions, math"
414a5b,6,95,0,0,0.631,0.3,6,0,4910,81.5,7,0,1319,137,"from collections import Counter, import fractions, math, sympy as sp, import itertools, import sympy as sp"
414a5b,19,,1,0,0.74,0.5,4,0,5062,84.2,5,0,811,99,"from collections import Counter, import itertools"
414a5b,3,,1,0,0.747,0.3,5,0,5079,84.8,6,0,1419,94,"from collections import Counter, import fractions, math, import itertools, import random, math"
414a5b,20,,1,0,0.67,0.5,8,0,5152,88.3,9,0,2221,148,"from fractions import Fraction, import fractions, math, import itertools, import itertools, fractions, import random, math"
414a5b,11,95,0,0,0.687,0.5,5,0,5619,94.6,6,0,1146,68,"import itertools, import itertools, collections, math"
414a5b,12,,1,0,0.727,0.5,7,0,6167,105.5,8,0,2503,73,"from fractions import Fraction, import fractions, math, import itertools"
414a5b,14,95,0,0,0.65,0.5,5,0,6370,110.9,6,0,2584,62,"from collections import Counter, import fractions, math, import itertools, import itertools, fractions, import random, math"
414a5b,18,95,0,0,0.609,0.5,7,0,6575,111.9,8,0,3360,177,"from fractions import Fraction, import itertools"
414a5b,8,,1,0,0.638,0.3,7,0,6819,115.5,8,0,3149,132,"from fractions import Fraction, import itertools, import sympy as sp"
414a5b,21,95,0,0,0.707,0.6,5,0,6924,117.0,6,0,3511,55,"from collections import Counter, from fractions import Fraction, from itertools import product, from itertools import product, combinations, import fractions, math"
414a5b,22,95,0,0,0.733,0.6,6,0,6987,117.8,7,0,2520,82,"from fractions import Fraction, import fractions, math, import itertools, import sympy as sp"
414a5b,13,,1,0,0.68,0.5,3,0,7064,118.7,4,0,1385,54,"from fractions import Fraction, import itertools"
414a5b,15,95,0,0,0.726,0.5,8,0,7166,120.7,9,0,1951,90,"from fractions import Fraction, from itertools import product"
414a5b,4,95,0,0,0.724,0.3,9,1,7205,121.4,10,0,5226,968,"from collections import Counter, from fractions import Fraction, import fractions, math, import itertools"
414a5b,23,95,0,0,0.629,0.7,8,0,7201,121.2,9,0,2403,169,"from fractions import Fraction, import fractions, math, import itertools, import sympy as sp"
414a5b,24,42,0,1,0.677,0.7,6,1,7904,128.5,6,0,4144,932,"from functools import lru_cache, from itertools import combinations, import fractions, math, import itertools"
414a5b,10,95,0,0,0.797,0.4,4,0,7957,128.8,5,0,1345,147,"from fractions import Fraction, from itertools import product"
414a5b,7,95,0,0,0.646,0.3,10,2,7729,128.9,11,0,7631,1746,"from collections import Counter, from fractions import Fraction, from itertools import product, import fractions, math, import random, math"
414a5b,17,95,0,0,0.706,0.5,9,0,7547,128.7,10,0,4374,327,"from collections import Counter, from fractions import Fraction, from itertools import combinations, import itertools, import random, math"
414a5b,16,95,0,0,0.706,0.5,5,0,8072,129.7,6,0,2897,73,"from fractions import Fraction, import itertools"
414a5b,2,95,0,0,0.745,0.2,4,0,8243,131.1,5,0,1045,31,"import itertools, import math, import random"
414a5b,1,42,0,1,0.65,0.1,12,0,8199,131.2,12,0,4482,214,"from collections import Counter, from fractions import Fraction, import fractions, math, import itertools, import itertools, fractions"
414a5b,5,95,0,0,0.807,0.3,8,1,8114,131.5,8,0,1149,6126,"import itertools, import random, math"
