problem_id,problem_correct,attempt_num,turn_num,error_type,error_message,code_preview,output_preview
2e2ccb,1,12,4,AttributeError,AttributeError: module 'sympy.ntheory.factor_' has no attribute 'is_squarefree',"def test_m(m):
    lam = sympy.ntheory.residue_ntheory.carmichael(m)
    k = lam+1
    for a in range(m):
        if pow(a,k,m)!=a%m:
            return False
    return True

import sympy
for m in ra",---------------------------------------------------------------------------AttributeError                            Traceback (most recent call last)/tmp/ipykernel_738/2191064243.py in <cell line: 0>
2e2ccb,1,12,5,AttributeError,AttributeError: module 'sympy.ntheory.residue_ntheory' has no attribute 'carmichael',"def is_squarefree(n):
    fac = sympy.factorint(n)
    return all(e==1 for e in fac.values())
def test_m(m):
    lam = sympy.ntheory.residue_ntheory.carmichael(m)
    k = lam+1
    for a in range(m):
",---------------------------------------------------------------------------AttributeError                            Traceback (most recent call last)/tmp/ipykernel_738/2157048067.py in <cell line: 0>
2e2ccb,1,12,16,KeyError,KeyError: 0,"from collections import defaultdict, deque

def g_map(n):
    # returns dict mapping x->y for x in 1..n
    mapping={}
    for x in range(1,n+1):
        y = (866*x) % n
        if y==0:
            y",---------------------------------------------------------------------------KeyError                                  Traceback (most recent call last)/tmp/ipykernel_738/2946223571.py in <cell line: 0>
2e2ccb,1,4,3,AttributeError,AttributeError: module 'sympy' has no attribute 'is_squarefree',"import sympy as sp
for n in range(866, 876):
    m = n+1
    print(n, sp.factorint(m), sp.is_squarefree(m))",---------------------------------------------------------------------------AttributeError                            Traceback (most recent call last)/tmp/ipykernel_648/3565106518.py in <cell line: 0>
2e2ccb,1,4,5,NameError,NameError: name 'sys' is not defined,"from collections import defaultdict

def functional_graph(f):
    # f is dict mapping 1..n to 1..n
    n = len(f)
    # compute indegree list
    indeg = defaultdict(list)
    for x, y in f.items():
 ","866 False
867 False
---------------------------------------------------------------------------NameError                                 Traceback (most recent call last)/tmp/ipykernel_648/1832698327."
2e2ccb,1,4,6,RecursionError,RecursionError: maximum recursion depth exceeded,"import sys
def functional_graph(f):
    n = len(f)
    indeg = defaultdict(list)
    for x, y in f.items():
        indeg[y].append(x)
    sys.setrecursionlimit(10000)
    type_cache = {}
    def node","866 False
867 False
---------------------------------------------------------------------------RecursionError                            Traceback (most recent call last)/tmp/ipykernel_648/3139354231."
2e2ccb,1,5,8,TypeError,TypeError: 'carmichael' object cannot be interpreted as an integer,"from sympy import carmichael, factorint

def find_n_carm(limit):
    res=[]
    for n in range(866,limit+1):
        lam=carmichael(n+1)
        if math.gcd(866, lam)==1:
            res.append(n)
   ",---------------------------------------------------------------------------TypeError                                 Traceback (most recent call last)/tmp/ipykernel_2397/1307915038.py in <cell line: 0
2e2ccb,1,5,9,TypeError,TypeError: Expected a number but got carmichael:,"def find_n_carm(limit):
    res=[]
    for n in range(866,limit+1):
        lam=int(carmichael(n+1))
        if math.gcd(866, lam)==1:
            res.append(n)
    return res

print(find_n_carm(2000)",---------------------------------------------------------------------------TypeError                                 Traceback (most recent call last)/tmp/ipykernel_2397/3421462171.py in <cell line: 0
2e2ccb,1,5,10,ImportError,ImportError: cannot import name 'carmichael' from 'sympy.ntheory' (/usr/local/lib/python3.12/dist-packages/sympy/ntheory/__init__.py),"from sympy.ntheory import carmichael
def find_n_carm(limit):
    res=[]
    for n in range(866,limit+1):
        lam=int(carmichael(n+1))
        if math.gcd(866, lam)==1:
            res.append(n)
  ",---------------------------------------------------------------------------ImportError                               Traceback (most recent call last)/tmp/ipykernel_2397/4170368519.py in <cell line: 0
2e2ccb,1,5,17,AttributeError,AttributeError: module 'sympy.ntheory' has no attribute 'carmichael',print(sp.ntheory.carmichael(10)),---------------------------------------------------------------------------AttributeError                            Traceback (most recent call last)/tmp/ipykernel_2397/661922664.py in <cell line: 0>
2e2ccb,1,24,10,RecursionError,RecursionError: maximum recursion depth exceeded,"from collections import defaultdict, Counter

def functional_graph(f, N):
    # f: function mapping 1..N to 1..N (or maybe includes 0? but we restrict)
    # returns dict of node->image
    return {i:",---------------------------------------------------------------------------RecursionError                            Traceback (most recent call last)/tmp/ipykernel_2103/3825303846.py in <cell line: 0
2e2ccb,1,3,30,AttributeError,AttributeError: module 'sympy' has no attribute 'is_squarefree',"import networkx as nx, math, sympy as sp

def functional_graph_T(n):
    G = nx.DiGraph()
    G.add_nodes_from(range(1,n+1))
    for x in range(1,n+1):
        y = (866*x) % n
        if y == 0:
     ",---------------------------------------------------------------------------AttributeError                            Traceback (most recent call last)/tmp/ipykernel_2313/1158201706.py in <cell line: 0
2e2ccb,1,21,13,TypeError,TypeError: unhashable type: 'dict',"n=1732
sigma = sigma_map(n)
tau = tau_map(n)
print(""tau valid:"", tau is not None)
print(is_isomorphic_maps(sigma, tau))","tau valid: True
---------------------------------------------------------------------------TypeError                                 Traceback (most recent call last)/tmp/ipykernel_705/3092416249.py i"
2e2ccb,1,21,38,ValueError,ValueError: The two numbers should be relatively prime,"p=877
order = sp.n_order(866, p-1)  # order of 866 mod p-1
order",---------------------------------------------------------------------------ValueError                                Traceback (most recent call last)/tmp/ipykernel_705/3788397478.py in <cell line: 0>
2e2ccb,1,16,42,NameError,NameError: name 'cycles' is not defined,"cycle_lengths = [len(c) for c in cycles]
cycle_lengths",---------------------------------------------------------------------------NameError                                 Traceback (most recent call last)/tmp/ipykernel_633/3387411170.py in <cell line: 0>
2e2ccb,1,19,3,IndexError,IndexError: list index out of range,"def cycle_lengths(mapping):
    n = len(mapping)
    visited = [False]*(n+1)  # 1-indexed
    lengths = []
    for i in range(1,n+1):
        if not visited[i]:
            # follow cycle
            ",---------------------------------------------------------------------------IndexError                                Traceback (most recent call last)/tmp/ipykernel_732/3491382120.py in <cell line: 0>
2e2ccb,1,13,9,AttributeError,AttributeError: module 'sympy.ntheory.residue_ntheory' has no attribute 'carmichael',"import sympy as sp
print(sp.ntheory.residue_ntheory.carmichael(6))",---------------------------------------------------------------------------AttributeError                            Traceback (most recent call last)/tmp/ipykernel_688/2673267315.py in <cell line: 0>
2e2ccb,1,13,22,NameError,NameError: name 'sp' is not defined,"def candidates(limit):
    cand = []
    for n in range(866, limit+1):
        if sp.gcd(866, n) != 1:
            continue
        m = n+1
        if not is_squarefree(m):
            continue
      ",---------------------------------------------------------------------------NameError                                 Traceback (most recent call last)/tmp/ipykernel_2355/239634364.py in <cell line: 0>
2e2ccb,1,13,23,NameError,NameError: name 'is_squarefree' is not defined,"import sympy as sp
cand = candidates(20000)
len(cand), cand[:20]",---------------------------------------------------------------------------NameError                                 Traceback (most recent call last)/tmp/ipykernel_2355/1044625107.py in <cell line: 0
2e2ccb,1,13,25,NameError,NameError: name 'is_permutation' is not defined,"def is_perm_exp(m,k):
    mapping={}
    for a in range(1,m):
        b=pow(a,k,m)
        if b==0:
            return False
        mapping[a]=b
    return is_permutation(mapping)

print(is_perm_exp(",---------------------------------------------------------------------------NameError                                 Traceback (most recent call last)/tmp/ipykernel_2355/1126187640.py in <cell line: 0
2e2ccb,1,22,11,NameError,NameError: name 'sigma_perm' is not defined,"def construct_f(n):
    sigma = sigma_perm(n)
    tau = tau_perm(n)
    # find cycles of sigma and tau
    def get_cycles(perm):
        n = len(perm)-1
        visited=[False]*(n+1)
        cycles=[]",---------------------------------------------------------------------------NameError                                 Traceback (most recent call last)/tmp/ipykernel_2229/1344633937.py in <cell line: 0
2e2ccb,1,22,31,ImportError,ImportError: cannot import name 'carmichael' from 'sympy.ntheory' (/usr/local/lib/python3.12/dist-packages/sympy/ntheory/__init__.py),"from sympy.ntheory import carmichael
def condition(n):
    if n < 866:
        return False
    if math.gcd(866, n) != 1:
        return False
    m = n+1
    # squarefree check
    fac = sp.factorint",---------------------------------------------------------------------------ImportError                               Traceback (most recent call last)/tmp/ipykernel_2229/1928380040.py in <cell line: 0
2e2ccb,1,22,38,TypeError,TypeError: 'carmichael' object cannot be interpreted as an integer,"def condition(n):
    if n < 866:
        return False
    if math.gcd(866, n) != 1:
        return False
    m = n+1
    fac = sp.factorint(m)
    if any(exp>1 for exp in fac.values()):
        retur",---------------------------------------------------------------------------TypeError                                 Traceback (most recent call last)/tmp/ipykernel_2229/2710425702.py in <cell line: 0
2e2ccb,1,22,39,TypeError,TypeError: Expected a number but got carmichael:,"def condition(n):
    if n < 866:
        return False
    if math.gcd(866, n) != 1:
        return False
    m = n+1
    fac = sp.factorint(m)
    if any(exp>1 for exp in fac.values()):
        retur",---------------------------------------------------------------------------TypeError                                 Traceback (most recent call last)/tmp/ipykernel_2229/2940973934.py in <cell line: 0
2e2ccb,1,22,43,ImportError,ImportError: cannot import name 'carmichael' from 'sympy.ntheory' (/usr/local/lib/python3.12/dist-packages/sympy/ntheory/__init__.py),from sympy.ntheory import carmichael as carm,---------------------------------------------------------------------------ImportError                               Traceback (most recent call last)/tmp/ipykernel_2229/873495220.py in <cell line: 0>
2e2ccb,1,10,7,AttributeError,AttributeError: module 'sympy' has no attribute 'is_squarefree',"import sympy as sp

def is_rooted_tree_phi(n):
    m = n+1
    # check squarefree
    if not sp.is_squarefree(m):
        return False
    # compute phi map for a in 1..n
    phi_map = {}
    for a in",---------------------------------------------------------------------------AttributeError                            Traceback (most recent call last)/tmp/ipykernel_660/3634788852.py in <cell line: 0>
2e2ccb,1,14,13,AttributeError,AttributeError: module 'sympy' has no attribute 'is_squarefree',"import sympy as sp, math, sys, time
def find_perm_m_k(limit,k):
    res=[]
    for m in range(3, limit+1):
        if not sp.is_squarefree(m):
            continue
        # compute mapping
        se",---------------------------------------------------------------------------AttributeError                            Traceback (most recent call last)/tmp/ipykernel_2271/4028918008.py in <cell line: 0
2e2ccb,1,11,12,NameError,NameError: name 'find_f_bruteforce_strict' is not defined,"def search_min_n(limit=950):
    for n in range(866, limit+1):
        f = find_f_bruteforce_strict(n, max_trials=500)
        if f is not None:
            print(""found"", n)
            return n
    ",---------------------------------------------------------------------------NameError                                 Traceback (most recent call last)/tmp/ipykernel_2439/3578982587.py in <cell line: 0
2e2ccb,1,11,18,NameError,NameError: name 'sp' is not defined,"def construct_f_prime(n):
    p = n+1
    g = sp.primitive_root(p)
    f = {}
    for x in range(1, n):
        f[x] = pow(g, x, p)
    f[n] = 1
    return f

def verify_f(n, f):
    mod = n+1
    for",---------------------------------------------------------------------------NameError                                 Traceback (most recent call last)/tmp/ipykernel_2439/976428621.py in <cell line: 0>
2e2ccb,1,8,4,AttributeError,AttributeError: module 'sympy.ntheory.residue_ntheory' has no attribute 'carmichael',"import sympy as sp
def carmichael(m):
    return sp.ntheory.residue_ntheory.carmichael(m)
def test_m(m):
    lam = carmichael(m)
    for a in range(1,m):
        if pow(a, lam+1, m) != a % m:
        ",---------------------------------------------------------------------------AttributeError                            Traceback (most recent call last)/tmp/ipykernel_657/1790050401.py in <cell line: 0>
2e2ccb,1,8,18,NameError,NameError: name 'image_g' is not defined,"n=866
print(""d:"", sp.gcd(866,n))
print(""image_g size:"", len(image_g(n)))
print(""image_g:"", sorted(image_g(n))[:20])
print(""image_h size:"", len(image_h(n)))","d: 866
---------------------------------------------------------------------------NameError                                 Traceback (most recent call last)/tmp/ipykernel_657/3197185625.py in <cell l"
4e5a01,1,20,4,AttributeError,AttributeError: 'MutableDenseMatrix' object has no attribute 'rank_modulo',"rank_mod2 = M.rank_modulo(2)
rank_mod2",---------------------------------------------------------------------------AttributeError                            Traceback (most recent call last)/tmp/ipykernel_2271/1720180231.py in <cell line: 0
4e5a01,1,2,2,TypeError,TypeError: MatrixBase.rank() got an unexpected keyword argument 'modulus',"n=19
# Build matrix of size (n*n) columns, each operation vector as column? Actually we need rows = n*n, columns = n*n (361)
# Represent each operation O_{i,j} as a binary vector length n*n
def op_vec",---------------------------------------------------------------------------TypeError                                 Traceback (most recent call last)/tmp/ipykernel_615/4034504076.py in <cell line: 0>
4e5a01,1,5,15,TypeError,TypeError: milp() got an unexpected keyword argument 'A_eq',"def covering_radius_n(n):
    # iterate over all possible RHS patterns (2^{2n-2}) maybe feasible for n up to 5 (2^{8}=256)
    max_min_weight = 0
    worst_pattern = None
    for bits in range(1 << (2",---------------------------------------------------------------------------TypeError                                 Traceback (most recent call last)/tmp/ipykernel_685/1536085979.py in <cell line: 0>
4e5a01,1,5,23,NameError,NameError: name 'min_weight_solution' is not defined,"def min_weight_for_pattern(n, r_val, c_val):
    r = [r_val]*(n-1)
    c = [c_val]*(n-1)
    return min_weight_solution(n, r, c)

print(""n=8 pattern r=0,c=1:"", min_weight_for_pattern(8,0,1))
print(""n=",---------------------------------------------------------------------------NameError                                 Traceback (most recent call last)/tmp/ipykernel_3171/101470363.py in <cell line: 0>
4e5a01,1,13,6,IndexError,IndexError: index 19 is out of bounds for axis 1 with size 15,"from scipy.optimize import milp, LinearConstraint, Bounds
import numpy as np

def min_weight_parities(n, a, b):
    # a = number of odd rows, b = number of odd columns, with same parity
    # Choose a",---------------------------------------------------------------------------IndexError                                Traceback (most recent call last)/tmp/ipykernel_2883/1977783653.py in <cell line: 0
4e5a01,1,7,2,NameError,NameError: name 'max_black_for_config' is not defined,"def compute_n_bruteforce(n):
    min_max = n*n
    total = 1 << (n*n)
    for bits in range(total):
        board = [(bits>>k)&1 for k in range(n*n)]
        maxb = max_black_for_config(board, n)
    ",---------------------------------------------------------------------------NameError                                 Traceback (most recent call last)/tmp/ipykernel_3357/2653193070.py in <cell line: 0
4e5a01,1,18,18,AssertionError,AssertionError:,"def max_black_given_B_debug(B):
    b = (A @ B) % 2
    m = A.shape[0]
    # Build constraints matrix C as before
    C = np.zeros((m, N+m), dtype=int)
    C[:, :N] = A
    C[:, N:] = -2 * np.eye(m, d",---------------------------------------------------------------------------AssertionError                            Traceback (most recent call last)/tmp/ipykernel_2229/3542998823.py in <cell line: 0
4e5a01,1,18,19,AssertionError,AssertionError:,res = max_black_given_B_debug(B_single),---------------------------------------------------------------------------AssertionError                            Traceback (most recent call last)/tmp/ipykernel_2229/3942471725.py in <cell line: 0
4e5a01,1,18,20,TypeError,"TypeError: ufunc 'bitwise_xor' not supported for the input types, and the inputs could not be safely coerced to any supported types according to the casting rule ''safe''","def max_black_given_B_debug(B):
    b = (A @ B) % 2
    m = A.shape[0]
    C = np.zeros((m, N+m), dtype=int)
    C[:, :N] = A
    C[:, N:] = -2 * np.eye(m, dtype=int)
    lc = LinearConstraint(C, b, b",---------------------------------------------------------------------------TypeError                                 Traceback (most recent call last)/tmp/ipykernel_2229/322318105.py in <cell line: 0>
4e5a01,1,11,15,NameError,NameError: name 'H' is not defined,"col_weights = [weight(int(col)) for col in H.T]
min(col_weights), max(col_weights), sum(col_weights)/len(col_weights)",---------------------------------------------------------------------------NameError                                 Traceback (most recent call last)/tmp/ipykernel_3255/2457271359.py in <cell line: 0
4e5a01,1,1,3,NameError,NameError: name 'sp' is not defined,"M = sp.Matrix(vectors)
rank_mod2 = M.rank_modulo(2)
rank_mod2",---------------------------------------------------------------------------NameError                                 Traceback (most recent call last)/tmp/ipykernel_2613/816269899.py in <cell line: 0>
4e5a01,1,1,4,NameError,NameError: name 'vectors' is not defined,"import sympy as sp
M = sp.Matrix(vectors)
rank_mod2 = M.rank_modulo(2)
rank_mod2",---------------------------------------------------------------------------NameError                                 Traceback (most recent call last)/tmp/ipykernel_2613/3003770774.py in <cell line: 0
4e5a01,1,9,13,ValueError,ValueError: `integrality` must contain integers 0-3 and be broadcastable to `c.shape`.,"def build_A_basis(n):
    # Build basis rows for orthogonal complement: w_{i,0} for i=1..n-1, w_{0,j} for j=1..n-1
    rows=[]
    # w_{i,0}
    for i in range(1,n):
        bits=0
        # column 0
","n=3
---------------------------------------------------------------------------ValueError                                Traceback (most recent call last)/tmp/ipykernel_2397/4233476618.py in <cell lin"
4e5a01,1,9,17,NameError,NameError: name 'build_A_basis' is not defined,"def solve_max_weight_bruteforce(n, b):
    N=n*n
    m=2*(n-1)
    rows=build_A_basis(n)  # list of bits length N
    # Build matrix A (m x N) over GF(2)
    # We'll perform Gaussian elimination on au",---------------------------------------------------------------------------NameError                                 Traceback (most recent call last)/tmp/ipykernel_3213/2936950642.py in <cell line: 0
4e5a01,1,19,2,AttributeError,AttributeError: 'MutableDenseMatrix' object has no attribute 'rank_modulo',"def generate_M(i,j, n=19):
    # i,j zero-indexed
    vec = [0]*(n*n)
    for k in range(n):
        # row i, column k
        vec[i*n + k] = 1
        # column j, row k
        vec[k*n + j] = 1
    #","361
---------------------------------------------------------------------------AttributeError                            Traceback (most recent call last)/tmp/ipykernel_660/199731290.py in <cell line:"
4e5a01,1,19,12,NameError,NameError: name 'operation_matrix' is not defined,"import random, itertools, math, time, sys, itertools, random
def test_random(samples=1000):
    for _ in range(samples):
        i = random.randrange(19)
        j = random.randrange(19)
        M = o",---------------------------------------------------------------------------NameError                                 Traceback (most recent call last)/tmp/ipykernel_3117/3009619242.py in <cell line: 0
4e5a01,1,19,17,NameError,NameError: name 'null_basis' is not defined,"# compute rank of block_basis + null vector 0
combined = block_basis + [null_basis[0]]
rank_combined = rank_mod2_vectors(combined)
rank_combined",---------------------------------------------------------------------------NameError                                 Traceback (most recent call last)/tmp/ipykernel_3117/889820119.py in <cell line: 0>
4e5a01,1,19,18,NameError,NameError: name 'null_basis' is not defined,null_basis = null_basis  # already defined earlier,---------------------------------------------------------------------------NameError                                 Traceback (most recent call last)/tmp/ipykernel_3117/1301004468.py in <cell line: 0
4e5a01,1,19,19,NameError,NameError: name 'nullspace_mod2' is not defined,"null_basis = nullspace_mod2(basis)
len(null_basis)",---------------------------------------------------------------------------NameError                                 Traceback (most recent call last)/tmp/ipykernel_3117/3286538502.py in <cell line: 0
4e5a01,1,19,20,NameError,NameError: name 'basis' is not defined,"def nullspace_mod2(matrix):
    A = [row[:] for row in matrix]
    m = len(A)
    n = len(A[0])
    pivots = [-1]*m
    row = 0
    for col in range(n):
        pivot = None
        for i in range(row",---------------------------------------------------------------------------NameError                                 Traceback (most recent call last)/tmp/ipykernel_3117/656642633.py in <cell line: 0>
4e5a01,1,3,2,NameError,NameError: name 'np' is not defined,"def compute_n_small(m):
    N = m*m
    ops = []
    for i in range(m):
        for j in range(m):
            vec = np.zeros(N, dtype=int)
            # row i
            for k in range(m):
         ",---------------------------------------------------------------------------NameError                                 Traceback (most recent call last)/tmp/ipykernel_2655/619102761.py in <cell line: 0>
4e5a01,1,3,4,NameError,NameError: name 'np' is not defined,"def rank_of_S(m):
    N = m*m
    ops = []
    for i in range(m):
        for j in range(m):
            vec = np.zeros(N, dtype=int)
            for k in range(m):
                vec[i*m + k] = 1
  ",---------------------------------------------------------------------------NameError                                 Traceback (most recent call last)/tmp/ipykernel_2781/3270308195.py in <cell line: 0
4e5a01,1,3,10,NameError,NameError: name 'max_weight_parity' is not defined,"def worst_case_n(m):
    worst_n = m*m+1
    worst_pattern = None
    for p_bits in range(1<<m):
        p = [(p_bits>>i)&1 for i in range(m)]
        for q_bits in range(1<<m):
            q = [(q_bi",---------------------------------------------------------------------------NameError                                 Traceback (most recent call last)/tmp/ipykernel_2781/3646062917.py in <cell line: 0
4e5a01,1,8,14,NameError,NameError: name 'H_np' is not defined,"import numpy as np, random, math, itertools, sys, time
from scipy.optimize import milp, LinearConstraint, Bounds

def min_weight_for_syndrome_fast(s):
    s_vec = [(s >> i) & 1 for i in range(36)]
   ",---------------------------------------------------------------------------NameError                                 Traceback (most recent call last)/tmp/ipykernel_2145/1456287281.py in <cell line: 0
4e5a01,1,8,17,IndexError,IndexError: list index out of range,"from itertools import combinations

set0 = {0}
set1 = set(col_ints)
set2 = set()
for i,j in combinations(range(N),2):
    set2.add(col_ints[i] ^ col_ints[j])
set3 = set()
for i in range(N):
    ci = c",---------------------------------------------------------------------------IndexError                                Traceback (most recent call last)/tmp/ipykernel_2145/1992868319.py in <cell line: 0
4e5a01,1,24,7,NameError,NameError: name 'basis_of_vectors' is not defined,"def generate_S(N):
    total=N*N
    ops=[]
    for i in range(N):
        for j in range(N):
            bits=0
            for k in range(N):
                bits |= 1 << (i*N + k)
                b",---------------------------------------------------------------------------NameError                                 Traceback (most recent call last)/tmp/ipykernel_2697/821467774.py in <cell line: 0>
b70a49,1,18,1,AttributeError,AttributeError: module 'sympy.ntheory.modular' has no attribute 'solve_crt',"import math, itertools, sys, sympy as sp
# Solve CRT for k ≡ 0 (mod 4) and k ≡ 16 (mod 125)
k1 = sp.ntheory.modular.solve_crt([4,125],[0,16])
k2 = sp.ntheory.modular.solve_crt([4,125],[0,109])
k1, k2",---------------------------------------------------------------------------AttributeError                            Traceback (most recent call last)/tmp/ipykernel_2781/3697822587.py in <cell line: 0
485d27,1,2,9,ValueError,ValueError: `bounds.lb` and `bounds.ub` must contain reals and be broadcastable to `c.shape`.,"def feasible_n(n, total=471, time_limit=30):
    N = n*n
    c = np.zeros(N)
    # Build A matrix and bounds
    rows = []
    lower = []
    upper = []
    # adjacency constraints: -1 <= a_i - a_j <=",---------------------------------------------------------------------------ValueError                                Traceback (most recent call last)/usr/local/lib/python3.12/dist-packages/scipy/opti
485d27,1,17,9,NameError,NameError: name 'get_solution' is not defined,"x29, y29 = get_solution(res29, 29)
print(""Sum:"", x29.sum())
# maybe print some rows
for i in range(5):
    print(x29[i*29:(i+1)*29])",---------------------------------------------------------------------------NameError                                 Traceback (most recent call last)/tmp/ipykernel_3963/1281815675.py in <cell line: 0
485d27,1,17,10,NameError,NameError: name 'res29' is not defined,"def get_solution(res, n):
    N = n*n
    x = res.x[:N]
    y = res.x[N:]
    x = np.rint(x).astype(int)
    y = np.rint(y).astype(int)
    return x, y

x29, y29 = get_solution(res29, 29)
print(""Sum:""",---------------------------------------------------------------------------NameError                                 Traceback (most recent call last)/tmp/ipykernel_3963/195537823.py in <cell line: 0>
485d27,1,17,11,NameError,NameError: name 'solve_n' is not defined,"res29 = solve_n(29, 471)
print(res29.success)",---------------------------------------------------------------------------NameError                                 Traceback (most recent call last)/tmp/ipykernel_3963/3471471752.py in <cell line: 0
485d27,1,9,5,ValueError,ValueError: `integrality` must contain integers 0-3 and be broadcastable to `c.shape`.,"def test_n(n, max_target=20):
    feasible_targets = []
    for S in range(max_target+1):
        if feasible(n, S):
            feasible_targets.append(S)
    return feasible_targets

print(test_n(2,",---------------------------------------------------------------------------ValueError                                Traceback (most recent call last)/usr/local/lib/python3.12/dist-packages/scipy/opti
485d27,1,3,8,NameError,NameError: name 'possible_sum_min' is not defined,"def max_possible_n(total=471, max_n=30):
    max_found=0
    for n in range(1, max_n+1):
        am = possible_sum_min(n)
        bm = am
        found=False
        # precompute list for speed
      ",---------------------------------------------------------------------------NameError                                 Traceback (most recent call last)/tmp/ipykernel_3897/2629086849.py in <cell line: 0
485d27,1,3,12,NameError,NameError: name 'possible_sum_min' is not defined,"def min_total_sum(n):
    # compute minimal total sum achievable with nonnegative cells
    am = possible_sum_min(n)
    bm = am
    min_sum = None
    for sum_a, min_a in am:
        for sum_b, min_b",---------------------------------------------------------------------------NameError                                 Traceback (most recent call last)/tmp/ipykernel_4125/1015427483.py in <cell line: 0
485d27,1,12,8,NameError,NameError: name 'feasible_n' is not defined,"print(feasible_n(15, 471)[0])",---------------------------------------------------------------------------NameError                                 Traceback (most recent call last)/tmp/ipykernel_4131/491096029.py in <cell line: 0>
485d27,1,12,11,NameError,NameError: name 'feasible_n' is not defined,"print(feasible_n(27, 471, timeout=30)[0])",---------------------------------------------------------------------------NameError                                 Traceback (most recent call last)/tmp/ipykernel_4281/367371249.py in <cell line: 0>
485d27,1,11,8,NameError,NameError: name 'wi' is not defined,"wi,wj",---------------------------------------------------------------------------NameError                                 Traceback (most recent call last)/tmp/ipykernel_3855/3024336552.py in <cell line: 0
485d27,1,16,9,NameError,NameError: name 'sp' is not defined,"def find_feasible_bound(n, total_sum, max_val=5):
    N = n*n
    edges = []
    for i in range(n):
        for j in range(n):
            idx = i*n + j
            if i+1 < n:
                edges.a",---------------------------------------------------------------------------NameError                                 Traceback (most recent call last)/tmp/ipykernel_4359/3804955958.py in <cell line: 0
485d27,1,16,10,NameError,NameError: name 'np' is not defined,"import scipy.sparse as sp
res = find_feasible_bound(30, 471, max_val=5)
print(res.success)",---------------------------------------------------------------------------NameError                                 Traceback (most recent call last)/tmp/ipykernel_4359/1190758246.py in <cell line: 0
485d27,1,16,11,NameError,NameError: name 'Bounds' is not defined,"import numpy as np
res = find_feasible_bound(30, 471, max_val=5)
print(res.success)",---------------------------------------------------------------------------NameError                                 Traceback (most recent call last)/tmp/ipykernel_4359/140095185.py in <cell line: 0>
485d27,1,16,13,NameError,NameError: name 'find_feasible_bound' is not defined,"res = find_feasible_bound(30, 471, max_val=3)
print(res.success)",---------------------------------------------------------------------------NameError                                 Traceback (most recent call last)/tmp/ipykernel_4485/975819953.py in <cell line: 0>
485d27,1,4,16,NameError,NameError: name 'feasible_exact_diff_n' is not defined,"success, sol = feasible_exact_diff_n(29,total=471,time_limit=10)
print(success)",---------------------------------------------------------------------------NameError                                 Traceback (most recent call last)/tmp/ipykernel_4599/2245770805.py in <cell line: 0
c9a608,1,9,3,TypeError,TypeError: both arguments should be Rational instances,"from fractions import Fraction
total = sum(Fraction(2**(10-2*i), 1) for i in range(11))
total",---------------------------------------------------------------------------TypeError                                 Traceback (most recent call last)/tmp/ipykernel_2739/3277479613.py in <cell line: 0
c9a608,1,1,1,TypeError,TypeError: both arguments should be Rational instances,"from fractions import Fraction
T = sum(Fraction(2**(10-2*k),1) for k in range(11))
T",---------------------------------------------------------------------------TypeError                                 Traceback (most recent call last)/tmp/ipykernel_615/2954557678.py in <cell line: 0>
c9a608,1,1,7,NameError,NameError: name 'Counter' is not defined,"def exists_path_with_counts(n, target_counts):
    N=2**n
    # target_counts dict k->count
    # brute force for n=3 maybe
    for perm in itertools.permutations(range(1,N)):
        path=(0,)+perm
 ",---------------------------------------------------------------------------NameError                                 Traceback (most recent call last)/tmp/ipykernel_615/1140378832.py in <cell line: 0>
c9a608,1,10,9,NameError,NameError: name 'res4' is not defined,"def extract_solution(res, n):
    N = 2**n
    arcs = []
    lengths = {}
    for i in range(N):
        for k in range(n):
            j = i ^ (1<<k)
            arcs.append((i,j))
            length",---------------------------------------------------------------------------NameError                                 Traceback (most recent call last)/tmp/ipykernel_5013/1176655553.py in <cell line: 0
c9a608,1,10,10,NameError,NameError: name 'min_T_milp' is not defined,"res4 = min_T_milp(4)
cnt4, used4 = extract_solution(res4, 4)
cnt4",---------------------------------------------------------------------------NameError                                 Traceback (most recent call last)/tmp/ipykernel_5013/694912487.py in <cell line: 0>
c9a608,1,10,11,NameError,NameError: name 'np' is not defined,"def min_T_milp(n):
    N = 2**n
    arcs = []
    lengths = {}
    for i in range(N):
        for k in range(n):
            j = i ^ (1<<k)
            arcs.append((i,j))
            lengths[(i,j)] = ",---------------------------------------------------------------------------NameError                                 Traceback (most recent call last)/tmp/ipykernel_5013/430283956.py in <cell line: 0>
c9a608,1,10,12,NameError,NameError: name 'LinearConstraint' is not defined,"import numpy as np, math, itertools
res4 = min_T_milp(4)
cnt4, used4 = extract_solution(res4, 4)
cnt4",---------------------------------------------------------------------------NameError                                 Traceback (most recent call last)/tmp/ipykernel_5013/2927357736.py in <cell line: 0
c9a608,1,16,7,UnboundLocalError,UnboundLocalError: cannot access local variable 'target' where it is not associated with a value,"def find_path_min_T(n, target):
    N = 2**n - 1
    max_len = 2**(n-1)
    min_contrib = 1/max_len
    lengths = [2**k for k in range(n)]  # allowed lengths
    # Precompute possible moves from each ",---------------------------------------------------------------------------UnboundLocalError                         Traceback (most recent call last)/tmp/ipykernel_4935/2471467826.py in <cell line: 0
c9a608,1,22,1,TypeError,TypeError: both arguments should be Rational instances,"from fractions import Fraction
s = sum(Fraction(2**(10-2*k),1) for k in range(11))
s, float(s)",---------------------------------------------------------------------------TypeError                                 Traceback (most recent call last)/tmp/ipykernel_4677/1321748543.py in <cell line: 0
25e584,0,8,7,NameError,NameError: name 'random' is not defined,"def find_critical_points(num_trials=30):
    sols=set()
    for _ in range(num_trials):
        guess = [random.uniform(-2,2) for i in range(4)]
        try:
            sol = sp.nsolve(eqs, (x,y,z,la",---------------------------------------------------------------------------NameError                                 Traceback (most recent call last)/tmp/ipykernel_5475/1834634533.py in <cell line: 0
25e584,0,14,6,NameError,NameError: name 'np' is not defined,"def find_solutions_grid(num_t=41):
    sols=set()
    for t in np.linspace(-math.sqrt(3), math.sqrt(3), num_t):
        # skip near endpoints where 3 - t**2 may be negative (but domain ensures non-neg",---------------------------------------------------------------------------NameError                                 Traceback (most recent call last)/tmp/ipykernel_5326/326979934.py in <cell line: 0>
25e584,0,14,8,NameError,NameError: name 'sp' is not defined,"def solve_for_t_specific(t):
    y,z=sp.symbols('y z', real=True)
    eq1 = sp.Eq(y**2 + z**2, 3 - t**2)
    eq2 = sp.Eq(t*y**3 + y*z**3 + z*t**3, 3)
    sols=set()
    for guess in [(random.uniform(-",---------------------------------------------------------------------------NameError                                 Traceback (most recent call last)/tmp/ipykernel_5769/814609050.py in <cell line: 0>
25e584,0,23,8,NameError,NameError: name 'sp' is not defined,"a,b = sp.symbols('a b', real=True)
eq1 = 2*a**2 + b**2 - 3
eq2 = a**4 + a*b*(a**2 + b**2) - 3
sol_ab = sp.solve([eq1, eq2], (a, b), dict=True)
sol_ab",---------------------------------------------------------------------------NameError                                 Traceback (most recent call last)/tmp/ipykernel_5578/3959183324.py in <cell line: 0
25e584,0,23,10,NameError,NameError: name 'random_point_on_sphere' is not defined,"def diff(p):
    x,y,z = p
    return (x**2 + y**2 + z**2) - (x*y**3 + y*z**3 + z*x**3)

def test_random(n=10000):
    mins = 1e9
    maxs = -1e9
    for _ in range(n):
        p = random_point_on_sph",---------------------------------------------------------------------------NameError                                 Traceback (most recent call last)/tmp/ipykernel_5578/2627115226.py in <cell line: 0
25e584,0,23,15,MultivariatePolynomialError,MultivariatePolynomialError: Cannot compute numerical roots of Poly(9834496*z**29 - 127848448*z**27 + 735128576*z**25 - 2466965760*z**23 + 5369525056*z**21 - 7967028384*z**19 + 8240289624*z**17 - 5965,"z_roots = sp.nroots(z_poly)
real_z = [r for r in z_roots if abs(sp.im(r)) < 1e-10]
len(real_z), real_z[:10]",---------------------------------------------------------------------------MultivariatePolynomialError               Traceback (most recent call last)/tmp/ipykernel_5578/3329161563.py in <cell line: 0
25e584,0,23,27,AttributeError,AttributeError: module 'sympy' has no attribute 'mp',"# Use high precision with mpmath via sympy
sp.mp.dps = 50  # set high precision
z_poly_expr = polys[3].as_expr()
# Find high-precision roots using sympy nroots with high precision
z_roots_hp = sp.nroo",---------------------------------------------------------------------------AttributeError                            Traceback (most recent call last)/tmp/ipykernel_5578/775483149.py in <cell line: 0>
25e584,0,23,31,NameError,NameError: name 'compute_E' is not defined,"def minmax_f(samples=200000):
    min_f = 1e9
    max_f = -1e9
    for _ in range(samples):
        p = random_point_on_sphere()
        f = compute_E(p)
        if f < min_f: min_f = f
        if f >",---------------------------------------------------------------------------NameError                                 Traceback (most recent call last)/tmp/ipykernel_5578/1092040631.py in <cell line: 0
25e584,0,1,6,NameError,NameError: name 'sp' is not defined,"t = sp.symbols('t', real=True)
poly = t**4 - 3*t**3 + 9
sp.nroots(poly)",---------------------------------------------------------------------------NameError                                 Traceback (most recent call last)/tmp/ipykernel_5265/4158868788.py in <cell line: 0
25e584,0,21,5,NameError,NameError: name 'sp' is not defined,"a = sp.symbols('a', real=True)
b = sp.symbols('b', real=True)
eq1 = sp.Eq(2*a**2 + b**2, 3)
eq2 = sp.Eq(a**4 + a*b*(3 - a**2), 3)
# eliminate b using eq1: b^2 = 3 - 2a^2 => b = ± sqrt(...)
# Square eq",---------------------------------------------------------------------------NameError                                 Traceback (most recent call last)/tmp/ipykernel_5223/2890864973.py in <cell line: 0
25e584,0,21,9,NameError,NameError: name 'sp' is not defined,"t = sp.symbols('t', real=True)
poly = t**4 - 3*t**3 + 9
sp.factor(poly)",---------------------------------------------------------------------------NameError                                 Traceback (most recent call last)/tmp/ipykernel_5727/2857627142.py in <cell line: 0
25e584,0,22,5,NameError,NameError: name 'diff' is not defined,"def sample_vals(N=100000):
    diffs=[]
    for _ in range(N):
        v = np.random.normal(size=3)
        v = v/np.linalg.norm(v)*math.sqrt(3)
        x,y,z = v
        val = x*y**3 + y*z**3 + z*x**",---------------------------------------------------------------------------NameError                                 Traceback (most recent call last)/tmp/ipykernel_3855/3820037094.py in <cell line: 0
25e584,0,22,7,TypeError,TypeError: cannot unpack non-iterable Equality object,"import sympy as sp
x,y,z,lam = sp.symbols('x y z lam', real=True)
eqs = [
    sp.Eq(y**3 + 3*z*x**2, 2*lam*x),
    sp.Eq(3*x*y**2 + z**3, 2*lam*y),
    sp.Eq(3*y*z**2 + x**3, 2*lam*z),
    sp.Eq(x**2 ",---------------------------------------------------------------------------TypeError                                 Traceback (most recent call last)/tmp/ipykernel_3855/1752092414.py in <cell line: 0
25e584,0,22,10,NameError,NameError: name 'sp' is not defined,"a,b=sp.symbols('a b', real=True)
eq1 = sp.Eq(2*a**2 + b**2, 3)
eq2 = sp.Eq(a**4 + a*b**3 + b*a**3, 3)
sol_ab = sp.solve([eq1, eq2], (a,b), dict=True)
sol_ab",---------------------------------------------------------------------------NameError                                 Traceback (most recent call last)/tmp/ipykernel_5517/1069560346.py in <cell line: 0
25e584,0,22,14,NotImplementedError,AttributeError: 'function' object has no attribute 'NumericalError',"import random, math, numpy as np, sympy as sp, itertools, sys, time, collections, math, warnings, itertools, numpy as np
x,y,z = sp.symbols('x y z')
F1 = x**2 + y**2 + z**2 - 3
F2 = x*y**3 + y*z**3 + ",---------------------------------------------------------------------------NotImplementedError                       Traceback (most recent call last)/tmp/ipykernel_5517/3835267169.py in find_solution
25e584,0,17,26,NameError,NameError: name 'sp' is not defined,"t = sp.symbols('t', real=True)
poly_t = t**4 - 3*t**3 + 9
sp.nroots(poly_t)",---------------------------------------------------------------------------NameError                                 Traceback (most recent call last)/tmp/ipykernel_6400/1474514896.py in <cell line: 0
25e584,0,10,19,NameError,NameError: name 'sp' is not defined,"x,y,z,lam = sp.symbols('x y z lam')
F = [
    y**3 + 3*z*x**2 - 2*lam*x,
    3*x*y**2 + z**3 - 2*lam*y,
    3*y*z**2 + x**3 - 2*lam*z,
    x**2 + y**2 + z**2 - 3
]
G = sp.groebner(F, x, y, z, lam, ord",---------------------------------------------------------------------------NameError                                 Traceback (most recent call last)/tmp/ipykernel_6105/564290578.py in <cell line: 0>
25e584,0,10,25,ValueError,ValueError: math domain error,"import numpy as np, math, random, itertools, sys, time, collections, math, numpy as np
def find_approx_solutions(grid_n=401, tol=1e-4):
    sols = []
    R = math.sqrt(3)
    xs = np.linspace(-R, R, g",---------------------------------------------------------------------------ValueError                                Traceback (most recent call last)/tmp/ipykernel_6316/2957407216.py in <cell line: 0
25e584,0,10,28,ValueError,ValueError: Could not find root within given tolerance. (0.0000000004764514795615417060487080059396976732945968596643037648274081845384129 > 1.854603075343710692865867630773819756683782389378895501226,"a = -1.44
y,z = sp.symbols('y z')
eq1 = a**2 + y**2 + z**2 - 3
eq2 = a*y**3 + y*z**3 + z*a**3 - 3
sol = sp.nsolve([eq1, eq2], [y,z], [ -0.28, -0.92])
sol",---------------------------------------------------------------------------ValueError                                Traceback (most recent call last)/tmp/ipykernel_6316/1940135459.py in <cell line: 0
25e584,0,7,2,NameError,NameError: name 'sp' is not defined,"a,b = sp.symbols('a b', real=True)
eqc = sp.Eq(2*a**2 + b**2, 3)
eqf = sp.Eq(a**4 + a*b*(a**2 + b**2), 3)
sol_ab = sp.solve((eqc, eqf), (a,b), domain=sp.S.Complexes)
sol_ab",---------------------------------------------------------------------------NameError                                 Traceback (most recent call last)/tmp/ipykernel_5181/3218048034.py in <cell line: 0
25e584,0,7,9,NameError,NameError: name 'sp' is not defined,"a,b = sp.symbols('a b', real=True)
eqA = sp.Eq(-2*a**3 + 3*a**2*b - b**3, 0)  # from A after dividing by a (assuming a !=0)
eqB = sp.Eq(b**4 - 3*a**2*b**2 + 3*a**3*b - a**4, 0)
eqC = sp.Eq(2*a**2 + b*",---------------------------------------------------------------------------NameError                                 Traceback (most recent call last)/tmp/ipykernel_5559/95982759.py in <cell line: 0>(
25e584,0,7,14,NameError,NameError: name 'max_pt' is not defined,"import numpy as np, math
pt = np.array(max_pt)
dist_to_one = np.linalg.norm(pt - np.array([1,1,1]))
dist_to_minus = np.linalg.norm(pt - np.array([-1,-1,-1]))
dist_to_one, dist_to_minus",---------------------------------------------------------------------------NameError                                 Traceback (most recent call last)/tmp/ipykernel_6189/2386968381.py in <cell line: 0
25e584,0,2,7,NotImplementedError,NotImplementedError: no valid subset found,"import sympy as sp
x,y,z = sp.symbols('x y z', real=True)
eq1 = sp.Eq(x**2 + y**2 + z**2, 3)
eq2 = sp.Eq(x*y**3 + y*z**3 + z*x**3, 3)
sol = sp.solve([eq1, eq2], (x, y, z), dict=True)
sol",---------------------------------------------------------------------------NotImplementedError                       Traceback (most recent call last)/tmp/ipykernel_4437/887739632.py in <cell line: 0>
25e584,0,2,26,TypeError,TypeError: Cannot convert expression to float,"def find_q_solutions_grid(N=200, tol=1e-3):
    sols = []
    R = math.sqrt(3)
    xs = np.linspace(-R, R, N)
    zs = np.linspace(-R, R, N)
    for xv in xs:
        for zv in zs:
            if xv**",---------------------------------------------------------------------------TypeError                                 Traceback (most recent call last)/tmp/ipykernel_4437/850441431.py in <cell line: 0>
25e584,0,2,29,NameError,NameError: name 'x' is not defined,"q_func = sp.lambdify((x, z), q, 'numpy')
def find_q_solutions_grid(N=400, tol=1e-3):
    R = math.sqrt(3)
    xs = np.linspace(-R, R, N)
    zs = np.linspace(-R, R, N)
    sols = []
    for xv in xs:
",---------------------------------------------------------------------------NameError                                 Traceback (most recent call last)/tmp/ipykernel_6231/2669234507.py in <cell line: 0
25e584,0,9,4,NameError,NameError: name 'sp' is not defined,"x,y,z = sp.symbols('x y z', real=True)
eq1 = x**2 + y**2 + z**2 - 3
eq2 = x*y**3 + y*z**3 + z*x**3 - 3
G = sp.groebner([eq1, eq2], x, y, z, order='lex')
G",---------------------------------------------------------------------------NameError                                 Traceback (most recent call last)/tmp/ipykernel_5139/861672684.py in <cell line: 0>
25e584,0,9,16,AttributeError,AttributeError: 'GroebnerBasis' object has no attribute 'eliminate',"G = sp.groebner([eq1, eq2], x, y, z, order='lex')
G_elim_z = G.eliminate(y)  # eliminates y, returns basis in x,z?
G_elim_z",---------------------------------------------------------------------------AttributeError                            Traceback (most recent call last)/tmp/ipykernel_5139/2234194464.py in <cell line: 0
25e584,0,9,31,AttributeError,AttributeError: 'complex' object has no attribute 'as_real_imag',"z = sp.symbols('z')
x_expr = (28*z**7 - 77*z**5 + 21*z**3 + 41*z)/13
y_expr = -(105*z**7 - 357*z**5 + 329*z**3 - 90*z)/13
# compute numeric triples for each root
roots = [complex(r) for r in sp.nroots",---------------------------------------------------------------------------AttributeError                            Traceback (most recent call last)/tmp/ipykernel_5139/1004053669.py in <cell line: 0
25e584,0,9,38,NameError,NameError: name 'triples' is not defined,"import numpy as np, math, itertools, random, sympy as sp, mpmath as mp

y,z = sp.symbols('y z', real=True)
P = y**8 - 2*y**7*z + 2*y**6*z**2 - 3*y**6 - 4*y**5*z**3 + 12*y**5*z + 3*y**4*z**4 - 9*y**4*z",---------------------------------------------------------------------------NameError                                 Traceback (most recent call last)/tmp/ipykernel_6652/469659896.py in <cell line: 0>
25e584,0,20,33,NameError,NameError: name 'f_val' is not defined,"def max_f(samples=200000):
    max_val = -1e9
    max_point = None
    for _ in range(samples):
        p = random_point()
        val = f_val(p)
        if val > max_val:
            max_val = val
  ",---------------------------------------------------------------------------NameError                                 Traceback (most recent call last)/tmp/ipykernel_5811/1300257055.py in <cell line: 0
25e584,0,20,50,AttributeError,AttributeError: module 'sympy' has no attribute 'mp',"# Use high precision to find real roots of poly_z
sp.mp.dps = 50  # set high precision for mpmath
poly_z_sym = sp.Poly(poly_z, z)
roots_z = poly_z_sym.nroots(n=30, maxsteps=200)  # high precision
real",---------------------------------------------------------------------------AttributeError                            Traceback (most recent call last)/tmp/ipykernel_5811/4165340768.py in <cell line: 0
25e584,0,19,20,NotImplementedError,NotImplementedError: no valid subset found,"x,y,z = sp.symbols('x y z')
eq1 = x**2 + y**2 + z**2 - 3
eq2 = x*y**3 + y*z**3 + z*x**3 - 3
solutions = sp.solve([eq1, eq2], (x,y,z), dict=True, simplify=True)
len(solutions)",---------------------------------------------------------------------------NotImplementedError                       Traceback (most recent call last)/tmp/ipykernel_3171/3659309425.py in <cell line: 0
25e584,0,19,37,NameError,NameError: name 'sp' is not defined,"eq1 = sp.diff(F, x) - lam*2*x
eq2 = sp.diff(F, y) - lam*2*y
eq3 = sp.diff(F, z) - lam*2*z
eq4 = G
Grob = sp.groebner([eq1, eq2, eq3, eq4], x, y, z, lam, order='lex')
Grob",---------------------------------------------------------------------------NameError                                 Traceback (most recent call last)/tmp/ipykernel_6526/682426356.py in <cell line: 0>
25e584,0,19,44,NameError,NameError: name 'sp' is not defined,"a,b = sp.symbols('a b', real=True)
eq1_xy = 2*a**2 + b**2 - 3
eq2_xy = a**4 + a*b**3 + a**3*b - 3
sol_ab = sp.solve([eq1_xy, eq2_xy], (a,b), dict=True)
sol_ab",---------------------------------------------------------------------------NameError                                 Traceback (most recent call last)/tmp/ipykernel_6779/1039238997.py in <cell line: 0
25e584,0,4,8,NotImplementedError,NotImplementedError: no valid subset found,"import sympy as sp
x, y, z = sp.symbols('x y z', real=True)
eq1 = sp.Eq(x**2 + y**2 + z**2, 3)
eq2 = sp.Eq(x*y**3 + y*z**3 + z*x**3, 3)
solutions = sp.solve((eq1, eq2), (x, y, z), dict=True)
solutions",---------------------------------------------------------------------------NotImplementedError                       Traceback (most recent call last)/tmp/ipykernel_721/2172628825.py in <cell line: 0>
25e584,0,4,18,NameError,NameError: name 'random' is not defined,"x,y,z = sp.symbols('x y z', real=True)
eqA = sp.Eq(y*(y**3 + 3*z*x**2), x*(z**3 + 3*x*y**2))
eqB = sp.Eq(z*(z**3 + 3*x*y**2), y*(x**3 + 3*y*z**2))
eqC = sp.Eq(x**2 + y**2 + z**2, 3)
# Solve numericall",---------------------------------------------------------------------------NameError                                 Traceback (most recent call last)/tmp/ipykernel_5853/1289431360.py in <cell line: 0
25e584,0,4,28,ValueError,ValueError: Could not find root within given tolerance. (1.9131361467471857586292946102693561371065315192720668552e-43 > 2.6101217871994098106841176437026190222804657032275866191e-54),"x,y,z = sp.symbols('x y z')
f1 = x**2 + y**2 + z**2 - 3
f2 = x*y**3 + y*z**3 + z*x**3 - 3
# Use nsolve with high precision
sol = sp.nsolve((f1, f2, x-0.2846149572), (x, y, z), (0.2846149572, 0.9241389",---------------------------------------------------------------------------ValueError                                Traceback (most recent call last)/tmp/ipykernel_5853/3109870020.py in <cell line: 0
25e584,0,4,42,ValueError,ValueError: math domain error,"def find_solution_for_x(x_val):
    # Use multiple initial guesses to find any real solution
    guesses = [(0.5, math.sqrt(3 - x_val**2 - 0.5**2)), (1.0, 0.5), (0.1, math.sqrt(3 - x_val**2 - 0.1**2))",---------------------------------------------------------------------------ValueError                                Traceback (most recent call last)/tmp/ipykernel_5853/2250990735.py in <cell line: 0
25e584,0,4,44,NameError,NameError: name 'sp' is not defined,"a = sp.symbols('a', real=True)
eq = sp.Eq(3*(a**3 + a**7 + a**2), (1 + a**2 + a**4)**2)
sp.expand(eq.lhs - eq.rhs)",---------------------------------------------------------------------------NameError                                 Traceback (most recent call last)/tmp/ipykernel_6906/2648430649.py in <cell line: 0
25e584,0,16,10,NameError,NameError: name 'sp' is not defined,"t = sp.symbols('t', real=True)
poly = t**4 - 3*t**3 + 9
sp.nroots(poly)",---------------------------------------------------------------------------NameError                                 Traceback (most recent call last)/tmp/ipykernel_5391/4158868788.py in <cell line: 0
25e584,0,16,18,NameError,NameError: name 'sp' is not defined,"x, y, z = sp.symbols('x y z')
eq1 = x**2 + y**2 + z**2 - 3
eq2 = x*y**3 + y*z**3 + z*x**3 - 3
# Use nsolve with initial guess near that point
guess = (0.2845, 0.9256, 1.4361)
sol = sp.nsolve([eq1, eq2",---------------------------------------------------------------------------NameError                                 Traceback (most recent call last)/tmp/ipykernel_6147/3607993132.py in <cell line: 0
25e584,0,16,19,NotImplementedError,NotImplementedError:,"import sympy as sp
x, y, z = sp.symbols('x y z')
eq1 = x**2 + y**2 + z**2 - 3
eq2 = x*y**3 + y*z**3 + z*x**3 - 3
guess = (0.2845, 0.9256, 1.4361)
sol = sp.nsolve([eq1, eq2], (x, y, z), guess, tol=1e-3",---------------------------------------------------------------------------NotImplementedError                       Traceback (most recent call last)/tmp/ipykernel_6147/1247430780.py in <cell line: 0
25e584,0,16,20,NameError,NameError: name 'random_point_on_sphere' is not defined,"def sample_stats(samples=200000):
    vals = []
    for _ in range(samples):
        x,y,z = random_point_on_sphere()
        vals.append(x*y**3 + y*z**3 + z*x**3)
    return min(vals), max(vals), sum",---------------------------------------------------------------------------NameError                                 Traceback (most recent call last)/tmp/ipykernel_6147/971397646.py in <cell line: 0>
25e584,0,16,40,NameError,NameError: name 'check' is not defined,"print(check(1,1,1))
print(check(1,1,-1))",---------------------------------------------------------------------------NameError                                 Traceback (most recent call last)/tmp/ipykernel_6147/823098194.py in <cell line: 0>
25e584,0,16,45,NameError,NameError: name 'np' is not defined,"def any_solution_for_x(x_val):
    A = 3 - x_val**2
    if A < 0:
        return False
    y, z = sp.symbols('y z')
    eq1 = y**2 + z**2 - A
    eq2 = x_val*y**3 + y*z**3 + z*x_val**3 - 3
    # try f",---------------------------------------------------------------------------NameError                                 Traceback (most recent call last)/tmp/ipykernel_6948/334807121.py in <cell line: 0>
25e584,0,5,7,NameError,NameError: name 'sp' is not defined,"x,y,z = sp.symbols('x y z')
f1 = x**2 + y**2 + z**2 - 3
f2 = x*y**3 + y*z**3 + z*x**3 - 3
# Use nsolve with initial guess near that approximate solution
sol = sp.nsolve([f1,f2,], (x,y,z), (-1.4,-0.3,-",---------------------------------------------------------------------------NameError                                 Traceback (most recent call last)/tmp/ipykernel_5307/1923189214.py in <cell line: 0
25e584,0,5,8,NotImplementedError,NotImplementedError:,"import sympy as sp
x,y,z = sp.symbols('x y z')
f1 = x**2 + y**2 + z**2 - 3
f2 = x*y**3 + y*z**3 + z*x**3 - 3
sol = sp.nsolve([f1,f2], (x,y,z), (-1.4,-0.3,-0.9))
sol",---------------------------------------------------------------------------NotImplementedError                       Traceback (most recent call last)/tmp/ipykernel_5307/2727418365.py in <cell line: 0
25e584,0,5,10,ValueError,ValueError: Could not find root within given tolerance. (21.73537712786098332933057725694112441873910651204466997746867787318054 > 1.8546030753437106928658676307738197566837823893788955012265195294587,"sol_a = sp.nsolve(expr, 0.5)  # initial guess
sol_a",---------------------------------------------------------------------------ValueError                                Traceback (most recent call last)/tmp/ipykernel_5307/325157333.py in <cell line: 0>
25e584,0,5,28,NameError,NameError: name 'find_z_for_y' is not defined,print(find_z_for_y(0.5)),---------------------------------------------------------------------------NameError                                 Traceback (most recent call last)/tmp/ipykernel_5307/4146078964.py in <cell line: 0
25e584,0,5,30,NameError,NameError: name 'find_z_for_y' is not defined,print(find_z_for_y(1.0)),---------------------------------------------------------------------------NameError                                 Traceback (most recent call last)/tmp/ipykernel_5307/3215639427.py in <cell line: 0
25e584,0,5,41,ValueError,ValueError: Could not find root within given tolerance. (0.00003677976113406449714859084565038860838917427211414722355031127734310095 > 1.85460307534371069286586763077381975668378238937889550122651952,"x,y,z = sp.symbols('x y z')
eq1 = x**2 + y**2 + z**2 - 3
eq2 = x*y**3 + y*z**3 + z*x**3 - 3
eq3 = y - 0.5
sol = sp.nsolve([eq1, eq2, eq3], (x, y, z), (1, 0.5, 1))
sol",---------------------------------------------------------------------------ValueError                                Traceback (most recent call last)/tmp/ipykernel_5307/1352724379.py in <cell line: 0
25e584,0,5,45,NotImplementedError,NotImplementedError:,"x0,y0,z0 = 1.44, 0.277, 0.918
x,y,z = sp.symbols('x y z')
eq1 = x**2 + y**2 + z**2 - 3
eq2 = x*y**3 + y*z**3 + z*x**3 - 3
sol = sp.nsolve([eq1, eq2], (x, y, z), (x0, y0, z0), tol=1e-14, maxsteps=200, ",---------------------------------------------------------------------------NotImplementedError                       Traceback (most recent call last)/tmp/ipykernel_5307/3376606652.py in <cell line: 0
25e584,0,12,11,NameError,NameError: name 'np' is not defined,"def find_solutions_with_x0():
    sols = []
    for y in np.linspace(-2,2,2001):
        # compute z from y^2+z^2=3 => z = ±sqrt(3 - y^2)
        val = 3 - y*y
        if val < 0:
            continue",---------------------------------------------------------------------------NameError                                 Traceback (most recent call last)/tmp/ipykernel_5643/494130661.py in <cell line: 0>
25e584,0,12,20,NameError,NameError: name 'random' is not defined,"def test_pair_ineq(N=100000):
    for _ in range(N):
        a = random.uniform(-2,2)
        b = random.uniform(-2,2)
        if a**2 + b**2 < a*b**3 + b*a**3 - 1e-9:
            return False, a,b
  ",---------------------------------------------------------------------------NameError                                 Traceback (most recent call last)/tmp/ipykernel_5979/119117123.py in <cell line: 0>
25e584,0,12,23,NameError,NameError: name 'sp' is not defined,"x,y,z,lam = sp.symbols('x y z lam')
f1 = y**3 + 3*z*x**2 - 2*lam*x
f2 = z**3 + 3*x*y**2 - 2*lam*y
f3 = x**3 + 3*y*z**2 - 2*lam*z
f4 = x**2 + y**2 + z**2 - 3

G = sp.groebner([f1,f2,f3,f4], x, y, z, la",---------------------------------------------------------------------------NameError                                 Traceback (most recent call last)/tmp/ipykernel_5979/2780887091.py in <cell line: 0
25e584,0,12,26,NameError,NameError: name 'sp' is not defined,"a,b = sp.symbols('a b', real=True)
eqA = sp.Eq(2*a**2 + b**2, 3)
eqB = sp.Eq(a**4 + a*b*(a**2 + b**2), 3)
sols_ab = sp.solve([eqA,eqB], (a,b), dict=True)
sols_ab",---------------------------------------------------------------------------NameError                                 Traceback (most recent call last)/tmp/ipykernel_6273/2771999254.py in <cell line: 0
25e584,0,12,29,NameError,NameError: name 'random' is not defined,"x,y,z,lam = sp.symbols('x y z lam')
eqs = [
    y**3 + 3*z*x**2 - 2*lam*x,
    z**3 + 3*x*y**2 - 2*lam*y,
    x**3 + 3*y*z**2 - 2*lam*z,
    x**2 + y**2 + z**2 - 3
]

solutions = set()
for guess in [(",---------------------------------------------------------------------------NameError                                 Traceback (most recent call last)/tmp/ipykernel_6273/1360689253.py in <cell line: 0
25e584,0,12,42,AttributeError,AttributeError: 'GroebnerBasis' object has no attribute 'eliminate',"G_elim_x = G.eliminate(x)
G_elim_x",---------------------------------------------------------------------------AttributeError                            Traceback (most recent call last)/tmp/ipykernel_6273/450714257.py in <cell line: 0>
25e584,0,12,49,TypeError,TypeError: nsimplify() got an unexpected keyword argument 'maxsteps',"a_val = sp.nsimplify(a, rational=False, maxsteps=50)
a_val",---------------------------------------------------------------------------TypeError                                 Traceback (most recent call last)/tmp/ipykernel_6273/2485438079.py in <cell line: 0
25e584,0,11,3,ValueError,ValueError: Could not find root within given tolerance. (3.637136739629435051016386165550682812424355889199257079419924450957344e-27 > 1.854603075343710692865867630773819756683782389378895501226519529,"a=sp.symbols('a', real=True)
b_expr = sp.sqrt(3-2*a**2)  # positive branch
eq_pos = sp.Eq(a**4 + a*b_expr*(3 - a**2), 3)
eq_neg = sp.Eq(a**4 - a*b_expr*(3 - a**2), 3)  # using -b
sol_pos = sp.nsolve(e",---------------------------------------------------------------------------ValueError                                Traceback (most recent call last)/tmp/ipykernel_3255/2572093053.py in <cell line: 0
25e584,0,11,9,NameError,NameError: name 'sp' is not defined,"sol = sp.solve([f1.subs(z,1), f2.subs(z,1)], [x,y], dict=True)
sol",---------------------------------------------------------------------------NameError                                 Traceback (most recent call last)/tmp/ipykernel_5410/1442809914.py in <cell line: 0
25e584,0,11,19,NameError,NameError: name 'sp' is not defined,"sol = sp.solve([f1.subs(x,1), f2.subs(x,1)], [y,z], dict=True)
sol",---------------------------------------------------------------------------NameError                                 Traceback (most recent call last)/tmp/ipykernel_6063/3285659074.py in <cell line: 0
25e584,0,11,38,AttributeError,AttributeError: 'GroebnerBasis' object has no attribute 'eliminate',"G_elim_x = G.eliminate(x)
G_elim_x",---------------------------------------------------------------------------AttributeError                            Traceback (most recent call last)/tmp/ipykernel_6484/450714257.py in <cell line: 0>
25e584,0,15,2,NotImplementedError,NotImplementedError: no valid subset found,"solutions = sp.solve([eq1, eq2], (x, y, z), dict=True)
solutions[:10]",---------------------------------------------------------------------------NotImplementedError                       Traceback (most recent call last)/tmp/ipykernel_4935/965911832.py in <cell line: 0>
25e584,0,15,6,TypeError,TypeError: 'bool' object is not callable,G.is_zero_dimensional(),---------------------------------------------------------------------------TypeError                                 Traceback (most recent call last)/tmp/ipykernel_4935/4168471580.py in <cell line: 0
25e584,0,15,32,NameError,NameError: name 'random' is not defined,"def find_critical(initial):
    a,b,c,lam = sp.symbols('a b c lam')
    f1 = b**3 + 3*c*a**2 - 2*lam*a
    f2 = c**3 + 3*a*b**2 - 2*lam*b
    f3 = a**3 + 3*b*c**2 - 2*lam*c
    f4 = a**2 + b**2 + c**2",---------------------------------------------------------------------------NameError                                 Traceback (most recent call last)/tmp/ipykernel_6737/691178964.py in <cell line: 0>
25e584,0,6,6,NotImplementedError,NotImplementedError: no valid subset found,"sols = sp.solve([f1, f2], (x, y, z), dict=True)
len(sols)",---------------------------------------------------------------------------NotImplementedError                       Traceback (most recent call last)/tmp/ipykernel_3213/2371159066.py in <cell line: 0
25e584,0,6,12,NameError,NameError: name 'sp' is not defined,"x,y,z = sp.symbols('x y z')
f1 = x**2 + y**2 + z**2 - 3
f2 = x*y**3 + y*z**3 + z*x**3 - 3
res_y = sp.resultant(f1, f2, y)
sp.factor(res_y)",---------------------------------------------------------------------------NameError                                 Traceback (most recent call last)/tmp/ipykernel_5895/3186729605.py in <cell line: 0
25e584,0,6,21,NameError,NameError: name 'random' is not defined,"def solve_for_xy(x_val, guesses=30):
    y,z = sp.symbols('y z')
    eq1 = y**2 + z**2 - (3 - x_val**2)
    eq2 = x_val*y**3 + y*z**3 + z*x_val**3 - 3
    sols = []
    for _ in range(guesses):
      ",---------------------------------------------------------------------------NameError                                 Traceback (most recent call last)/tmp/ipykernel_5895/3045651789.py in <cell line: 0
25e584,0,6,28,NameError,NameError: name 'np' is not defined,"def find_all_solutions(num_x=21, guesses_per_x=10):
    sols = []
    xs = np.linspace(-math.sqrt(3), math.sqrt(3), num_x)
    for xv in xs:
        found = solve_for_xy(float(xv), guesses=guesses_per",---------------------------------------------------------------------------NameError                                 Traceback (most recent call last)/tmp/ipykernel_6568/1006281040.py in <cell line: 0
25e584,0,6,29,NameError,NameError: name 'solve_for_xy' is not defined,"import numpy as np, math
sols_all = find_all_solutions(21, 10)
sols_all",---------------------------------------------------------------------------NameError                                 Traceback (most recent call last)/tmp/ipykernel_6568/928346397.py in <cell line: 0>
25e584,0,6,31,NameError,NameError: name 'sp' is not defined,"sols_all = find_all_solutions(21, 10)
sols_all",---------------------------------------------------------------------------NameError                                 Traceback (most recent call last)/tmp/ipykernel_6568/3800550156.py in <cell line: 0
25e584,0,6,33,NameError,NameError: name 'np' is not defined,"def find_all_solutions_brutal(num_x=11, guesses_per_x=5):
    sols = []
    xs = np.linspace(-math.sqrt(3), math.sqrt(3), num_x)
    for xv in xs:
        found = solve_for_xy(float(xv), guesses=guess",---------------------------------------------------------------------------NameError                                 Traceback (most recent call last)/tmp/ipykernel_6821/622374774.py in <cell line: 0>
25e584,0,6,34,NameError,NameError: name 'solve_for_xy' is not defined,"import numpy as np
sols_brutal = find_all_solutions_brutal(11, 5)
sols_brutal",---------------------------------------------------------------------------NameError                                 Traceback (most recent call last)/tmp/ipykernel_6821/938232650.py in <cell line: 0>
25e584,0,6,36,NameError,NameError: name 'sp' is not defined,"sols_brutal = find_all_solutions_brutal(11, 5)
sols_brutal",---------------------------------------------------------------------------NameError                                 Traceback (most recent call last)/tmp/ipykernel_6821/636313164.py in <cell line: 0>
25e584,0,6,37,NameError,NameError: name 'random' is not defined,"import sympy as sp
sols_brutal = find_all_solutions_brutal(11, 5)
sols_brutal",---------------------------------------------------------------------------NameError                                 Traceback (most recent call last)/tmp/ipykernel_6821/4123220598.py in <cell line: 0
25e584,0,24,1,NotImplementedError,NotImplementedError: no valid subset found,"import sympy as sp, random, math, itertools, sys, numpy as np, itertools, math, sympy
x,y,z=sp.symbols('x y z', real=True)
eq1=sp.Eq(x**2+y**2+z**2,3)
eq2=sp.Eq(x*y**3+y*z**3+z*x**3,3)
solutions = sp.",---------------------------------------------------------------------------NotImplementedError                       Traceback (most recent call last)/tmp/ipykernel_4893/2407949827.py in <cell line: 0
25e584,0,24,13,NameError,NameError: name 'sp' is not defined,"def find_solutions_for_x(a, attempts=10):
    y,z = sp.symbols('y z')
    eq1 = a**2 + y**2 + z**2 - 3
    eq2 = a*y**3 + y*z**3 + z*a**3 - 3
    sols = []
    for _ in range(attempts):
        init =",---------------------------------------------------------------------------NameError                                 Traceback (most recent call last)/tmp/ipykernel_5685/2422259356.py in <cell line: 0
25e584,0,24,16,NameError,NameError: name 'sp' is not defined,"s,t = sp.symbols('s t', real=True)
eq1 = sp.Eq(s**2 + 2*t**2, 3)
eq2 = sp.Eq(s*t**3 + t*s**3 + t**4, 3)
sols = sp.solve([eq1, eq2],[s,t], dict=True)
sols",---------------------------------------------------------------------------NameError                                 Traceback (most recent call last)/tmp/ipykernel_6021/2230983804.py in <cell line: 0
25e584,0,24,20,ValueError,ValueError: Could not find root within given tolerance. (0.00000000003269919057746761836824589408934116363525390625 > 1.854603075343710692865867630773819756683782389378895501226519529458791e-68),"import sympy as sp
x,y,z,lam = sp.symbols('x y z lam', real=True)
eqs = [
    sp.Eq(y**3 + 3*z*x**2 - 2*lam*x, 0),
    sp.Eq(3*x*y**2 + z**3 - 2*lam*y, 0),
    sp.Eq(3*y*z**2 + x**3 - 2*lam*z, 0),
   ",---------------------------------------------------------------------------ValueError                                Traceback (most recent call last)/tmp/ipykernel_6021/1257515481.py in <cell line: 0
25e584,0,13,7,NotImplementedError,NotImplementedError: no valid subset found,"x,y,z = sp.symbols('x y z')
eq1 = x**2 + y**2 + z**2 - 3
eq2 = x*y**3 + y*z**3 + z*x**3 - (x**2 + y**2 + z**2)
sol = sp.solve([eq1, eq2], (x, y, z), dict=True)
sol",---------------------------------------------------------------------------NotImplementedError                       Traceback (most recent call last)/tmp/ipykernel_3117/1372188569.py in <cell line: 0
25e584,0,13,11,NotImplementedError,NotImplementedError: no valid subset found,"sols = sp.solve([eqA1, eqA2], (y, z, s), dict=True)
sols",---------------------------------------------------------------------------NotImplementedError                       Traceback (most recent call last)/tmp/ipykernel_3117/1606845935.py in <cell line: 0
25e584,0,13,28,NameError,NameError: name 'random' is not defined,"def find_all_solutions(num_z_samples=100):
    solutions = set()
    for _ in range(num_z_samples):
        z_val = random.uniform(-math.sqrt(3), math.sqrt(3))
        # try a few guesses
        for ",---------------------------------------------------------------------------NameError                                 Traceback (most recent call last)/tmp/ipykernel_6574/34794929.py in <cell line: 0>(
25e584,0,13,29,NameError,NameError: name 'solve_for_xy' is not defined,"import random, math, sympy as sp
sols = find_all_solutions(80)
len(sols)",---------------------------------------------------------------------------NameError                                 Traceback (most recent call last)/tmp/ipykernel_6574/868082976.py in <cell line: 0>
25e584,0,13,31,NameError,NameError: name 'random' is not defined,"def find_all_solutions(num_z_samples=20):
    solutions = set()
    for _ in range(num_z_samples):
        z_val = random.uniform(-math.sqrt(3), math.sqrt(3))
        for guess in [(0,0), (1,1), (-1,-",---------------------------------------------------------------------------NameError                                 Traceback (most recent call last)/tmp/ipykernel_6840/3981129842.py in <cell line: 0
25e584,0,13,32,NameError,NameError: name 'solve_for_xy' is not defined,"import random, math
sols = find_all_solutions(20)
len(sols), sols",---------------------------------------------------------------------------NameError                                 Traceback (most recent call last)/tmp/ipykernel_6840/2255025408.py in <cell line: 0
25e584,0,18,16,NotImplementedError,NotImplementedError: no valid subset found,"solutions = sp.solve([f1, f2], (x, y, z), dict=True)
solutions[:5]",---------------------------------------------------------------------------NotImplementedError                       Traceback (most recent call last)/tmp/ipykernel_2313/3300915484.py in <cell line: 0
25e584,0,3,2,NotImplementedError,NotImplementedError: no valid subset found,"sol = sp.solve([f1, f2], (x, y, z), dict=True)
sol[:5]",---------------------------------------------------------------------------NotImplementedError                       Traceback (most recent call last)/tmp/ipykernel_4761/386760784.py in <cell line: 0>
25e584,0,3,30,NameError,NameError: name 'sp' is not defined,"y,z = sp.symbols('y z')
D = 9*y - z**9 + 3*z**7 - 9*z
N = y**7*z**3 - 2*y**6*z**4 + 3*y**6 + 2*y**5*z**5 - 3*y**5*z**3 - 6*y**5*z - 3*y**4*z**6 + 9*y**4*z**4 + 6*y**4*z**2 - 9*y**4 + 2*y**3*z**7 - 6*y",---------------------------------------------------------------------------NameError                                 Traceback (most recent call last)/tmp/ipykernel_6358/2485720934.py in <cell line: 0
06788e,1,10,6,ValueError,"ValueError: empty range in randrange(19, 19)","import random
from fractions import Fraction

def check_a0_rational(a0_frac, N=20):
    a = a0_frac
    for n in range(N):
        a_next = Fraction(2**n) - 7*a
        if n >= 1:
            if not (","7/64 False
14/129 False
17/154 False
---------------------------------------------------------------------------ValueError                                Traceback (most recent call last)/tmp/ipykerne"
c4d8d5,1,2,14,NameError,NameError: name 'random' is not defined,"def min_t_edge_x2_zero(num_z=2000, num_q=2000):
    best_t = 1e9
    best_z = None
    best_q = None
    for i in range(num_z):
        # sample z2 in (0,6)
        z2 = random.random()*6
        y2 =",---------------------------------------------------------------------------NameError                                 Traceback (most recent call last)/tmp/ipykernel_7326/1448391848.py in <cell line: 0
c4d8d5,1,2,15,NameError,NameError: name 'random_point_on_sphere' is not defined,"import random, numpy as np, math, itertools, sys, time
best_t_edge, best_z, best_q = min_t_edge_x2_zero(2000,2000)
best_t_edge, best_z, best_q",---------------------------------------------------------------------------NameError                                 Traceback (most recent call last)/tmp/ipykernel_7326/3264177648.py in <cell line: 0
c4d8d5,1,2,16,NameError,NameError: name 'chebyshev_dist' is not defined,"def random_point_on_sphere():
    v = np.random.normal(size=3)
    v /= np.linalg.norm(v)
    return v

best_t_edge, best_z, best_q = min_t_edge_x2_zero(2000,2000)
best_t_edge, best_z, best_q",---------------------------------------------------------------------------NameError                                 Traceback (most recent call last)/tmp/ipykernel_7326/1552720873.py in <cell line: 0
8a8e73,1,12,10,TypeError,TypeError: cannot create mpf from 1121610*sqrt(3270),"mp.mp.dps = 50
# Use mpmath find roots
coeffs = [A, 0, 0, -407425607, 0, 0, 10360232]  # Wait polynomial w^9 term, w^6 term, constant.
# Actually polynomial: A w^9 - 407425607 w^6 + 10360232 = 0
# Rep",---------------------------------------------------------------------------TypeError                                 Traceback (most recent call last)/tmp/ipykernel_6779/2740124745.py in <cell line: 0
8a8e73,1,14,10,ValueError,ValueError: Could not find root within given tolerance. (23.31150762869121044391712395998750811612124872730718477901457495351286 > 1.8546030753437106928658676307738197566837823893788955012265195294587,"t = sp.symbols('t', positive=True)
s_expr = 1/t**2
eq = sp.Eq(t**2 + 1/t + 1/t**4, 3/(2*t + 1/t**2)**2)
sol_t = sp.nsolve(eq, 0.5)  # initial guess near 0.5
sol_t",---------------------------------------------------------------------------ValueError                                Traceback (most recent call last)/tmp/ipykernel_5811/1498751756.py in <cell line: 0
8a8e73,1,10,6,TypeError,TypeError: '>=' not supported between instances of 'complex' and 'int',"def real_cuberoot(x):
    # return real cube root
    if x >= 0:
        return x**(1/3)
    else:
        return -((-x)**(1/3))

w = [real_cuberoot(complex(r)) for r in roots_t]  # use real part
w",---------------------------------------------------------------------------TypeError                                 Traceback (most recent call last)/tmp/ipykernel_6990/1117910695.py in <cell line: 0
8a8e73,1,10,7,AttributeError,AttributeError: 'Float' object has no attribute 'real',"w = [real_cuberoot(float(r.real)) for r in roots_t]
w",---------------------------------------------------------------------------AttributeError                            Traceback (most recent call last)/tmp/ipykernel_6990/1754289509.py in <cell line: 0
8a8e73,1,2,5,TypeError,TypeError: argument should be a string or a Rational instance,"from fractions import Fraction
Fraction(m_val).limit_denominator()",---------------------------------------------------------------------------TypeError                                 Traceback (most recent call last)/tmp/ipykernel_6948/1137628474.py in <cell line: 0
8a8e73,1,2,12,TypeError,TypeError: argument should be a string or a Rational instance,"from fractions import Fraction
Fraction(c).limit_denominator()",---------------------------------------------------------------------------TypeError                                 Traceback (most recent call last)/tmp/ipykernel_6948/2257076224.py in <cell line: 0
8a8e73,1,5,12,TypeError,TypeError: nroots() got an unexpected keyword argument 'nmax',"A = sp.Rational(1121610) * sp.sqrt(3270)
B = sp.Integer(407425607)
C = sp.Integer(10360232)
t = sp.symbols('t')
cubic = A*t**3 - B*t**2 + C
# Compute exact roots using sp.nroots with high precision, t",---------------------------------------------------------------------------TypeError                                 Traceback (most recent call last)/tmp/ipykernel_7032/3076492462.py in <cell line: 0
8a8e73,1,5,13,TypeError,TypeError: nroots() got an unexpected keyword argument 'prec',"roots_t = sp.nroots(cubic, n=15, maxsteps=200, prec=80)
roots_t",---------------------------------------------------------------------------TypeError                                 Traceback (most recent call last)/tmp/ipykernel_7032/2282893314.py in <cell line: 0
8a8e73,1,13,5,TypeError,TypeError: Cannot convert complex to float,"def real_cuberoot(x):
    if x >= 0:
        return x**(1/3)
    else:
        return -((-x)**(1/3))
w_vals = [real_cuberoot(float(v)) for v in sol_u_num]
w_vals",---------------------------------------------------------------------------TypeError                                 Traceback (most recent call last)/tmp/ipykernel_7326/1118050158.py in <cell line: 0
17fb59,1,6,2,TypeError,"TypeError: list indices must be integers or slices, not mpf","def compute_t(n, prec=80):
    mp.mp.dps = prec
    two_pi = mp.mpf(2)*mp.pi
    # precompute mu_k
    mu = []
    for k in range(n):
        omega = mp.e**(1j*two_pi*k/n)  # complex
        lam = 1 +",---------------------------------------------------------------------------TypeError                                 Traceback (most recent call last)/tmp/ipykernel_6652/1255423201.py in <cell line: 0
17fb59,1,10,4,TypeError,TypeError: cannot unpack non-iterable NoneType object,"def max_Linf_given_sum_bound(n):
    # variables: a_0,...,a_{n-1}, s (total n+1 variables)
    # We'll order variables as a0..a_{n-1}, s
    num_vars = n + 1
    # objective: maximize s => minimize -s","LP failed The problem is unbounded. (HiGHS Status 10: model_status is Unbounded; primal_status is Feasible)
---------------------------------------------------------------------------TypeError        "
17fb59,1,14,5,RuntimeError,RuntimeError: LP failed,"def sup_ratio_lp(n):
    # variables: a[0..n-1], t
    m = n + 1
    # objective: minimize -t
    c = np.zeros(m)
    c[-1] = -1.0
    # constraints: A_ub x <= b_ub
    rows = []
    b = []
    # a_i ",---------------------------------------------------------------------------RuntimeError                              Traceback (most recent call last)/tmp/ipykernel_6906/2224091976.py in <cell line: 0
17fb59,1,23,15,NameError,NameError: name 'a_from_all_ones' is not defined,"for n in [3,5,7,9]:
    a = a_from_all_ones(n)
    S = max(abs(a[i]+a[(i+1)%n]) for i in range(n))
    print(n, ""max a"", max(abs(ai) for ai in a), ""S"", S)",---------------------------------------------------------------------------NameError                                 Traceback (most recent call last)/tmp/ipykernel_6990/1575084457.py in <cell line: 0
17fb59,1,17,2,TypeError,"TypeError: list indices must be integers or slices, not mpf","def compute_t(n, prec=50):
    mp.mp.dps = prec
    c = [mp.mpf('0')]*n
    for j in range(n):
        s = mp.mpc(0)
        for k in range(n):
            omega = mp.e**(2*mp.pi*1j*k/n)
            l",---------------------------------------------------------------------------TypeError                                 Traceback (most recent call last)/tmp/ipykernel_6484/659227991.py in <cell line: 0>
eee8f4,0,8,16,TypeError,TypeError: 'float' object is not subscriptable,"a[:5], a.dtype",---------------------------------------------------------------------------TypeError                                 Traceback (most recent call last)/tmp/ipykernel_8034/3320709530.py in <cell line: 0
eee8f4,0,5,13,NameError,NameError: name 'random' is not defined,"def max_random(N, trials=5000):
    a=[2*i-1 for i in range(1,N+1)]
    best=0
    bestx=None
    for _ in range(trials):
        r=[random.random() for _ in range(N)]
        s=sum(r)
        x=[v/s ",---------------------------------------------------------------------------NameError                                 Traceback (most recent call last)/tmp/ipykernel_7992/120447744.py in <cell line: 0>
3f0a92,0,19,9,NameError,NameError: name 'random' is not defined,"def greedy_random(n, shuffle=True):
    total_pairs = [(i,j) for i in range(1,n+1) for j in range(i+1,n+1)]
    if shuffle:
        random.shuffle(total_pairs)
    counts = [0]+[i for i in range(1,n+1",---------------------------------------------------------------------------NameError                                 Traceback (most recent call last)/tmp/ipykernel_8364/1497463555.py in <cell line: 0
3f0a92,0,18,38,TypeError,TypeError: 'int' object is not callable,"def candidate(N):
    total = total_cap(N)
    return (total - (N//2))//2

def compare(N):
    flow,_ = max_edges_flow_limit(N)
    cand = candidate(N)
    return flow, cand, flow==cand

for N in [100",---------------------------------------------------------------------------TypeError                                 Traceback (most recent call last)/tmp/ipykernel_5265/4266709238.py in <cell line: 0
3f0a92,0,1,9,ValueError,ValueError: negative degree,"def max_edges_degree_bounds(n):
    # degree bounds: for i=1..n-1, bound = i; for i=n, bound = n-1
    bounds = [i for i in range(1, n)] + [n-1]
    # Use a max-heap of (remaining degree, vertex)
    ",---------------------------------------------------------------------------ValueError                                Traceback (most recent call last)/tmp/ipykernel_6316/978085552.py in <cell line: 0>
3f0a92,0,1,22,NameError,NameError: name 'used' is not defined,print(used[-1]),---------------------------------------------------------------------------NameError                                 Traceback (most recent call last)/tmp/ipykernel_8448/2092223581.py in <cell line: 0
3f0a92,0,1,23,NameError,NameError: name 'greedy_edges_with_degrees' is not defined,"edges, used = greedy_edges_with_degrees(7671)
print(edges, used[-1])",---------------------------------------------------------------------------NameError                                 Traceback (most recent call last)/tmp/ipykernel_8448/1983214273.py in <cell line: 0
3f0a92,0,20,18,NameError,NameError: name 'is_graphic' is not defined,"seq2 = list(range(1, n-1)) + [n-2, n-3]
is_graphic(seq2)",---------------------------------------------------------------------------NameError                                 Traceback (most recent call last)/tmp/ipykernel_8280/1000873101.py in <cell line: 0
3f0a92,0,20,27,TypeError,TypeError: milp() got an unexpected keyword argument 'A_ub',"def max_edges_ilp(n):
    # bound sequence descending as before
    c = [n-1, n-1] + list(range(n-2, 0, -1))
    # variables for edges i<j
    edges = [(i,j) for i in range(n) for j in range(i+1, n)]
",---------------------------------------------------------------------------TypeError                                 Traceback (most recent call last)/tmp/ipykernel_8280/791826898.py in <cell line: 0>
3f0a92,0,13,13,NameError,NameError: name 'test_range' is not defined,test_range(500),---------------------------------------------------------------------------NameError                                 Traceback (most recent call last)/tmp/ipykernel_8616/3537635006.py in <cell line: 0
3f0a92,0,13,14,NameError,NameError: name 'max_edges_fast' is not defined,"def test_range(maxN):
    for N in range(2, maxN+1):
        edges = max_edges_fast(N)
        if edges != (N*N)//4:
            print(""diff at"", N, edges, (N*N)//4)
            return False
    print",---------------------------------------------------------------------------NameError                                 Traceback (most recent call last)/tmp/ipykernel_8616/922603246.py in <cell line: 0>
3f0a92,0,13,16,NameError,NameError: name 'max_edges' is not defined,"import random, math, itertools, collections, sys

def construct_graph_from_degrees(deg_seq):
    # deg_seq is list of degrees for vertices 1..N (not necessarily sorted)
    N = len(deg_seq)
    # Use ",---------------------------------------------------------------------------NameError                                 Traceback (most recent call last)/tmp/ipykernel_8616/2778142476.py in <cell line: 0
3f0a92,0,16,16,NameError,NameError: name 'is_graphical_eg' is not defined,"def test_k(k, n):
    # set degrees for 1..k to 0
    seq = [0]*k + list(range(k+1, n)) + [n-1]  # note: vertices k+1..n-1 have degree = index (i)
    # Wait: for i from k+1 to n-1, degree = i (origin",---------------------------------------------------------------------------NameError                                 Traceback (most recent call last)/tmp/ipykernel_8490/3462903646.py in <cell line: 0
3f0a92,0,7,15,NameError,NameError: name 'random' is not defined,"def greedy_max_ops(N, trials=200):
    best=0
    for _ in range(trials):
        counts = list(range(N+1))
        used=set()
        ops=0
        # random order of pairs each iteration
        pair",---------------------------------------------------------------------------NameError                                 Traceback (most recent call last)/tmp/ipykernel_8532/757805914.py in <cell line: 0>
3f0a92,0,6,15,NameError,NameError: name 'bound' is not defined,"def max_edges_greedy(n):
    caps = [i for i in range(1, n)] + [n-1]
    remaining = caps[:]
    total_edges = 0
    while True:
        max_deg = max(remaining)
        if max_deg == 0:
            b",---------------------------------------------------------------------------NameError                                 Traceback (most recent call last)/tmp/ipykernel_8880/2247131446.py in <cell line: 0
3f0a92,0,44,14,NameError,NameError: name 'max_edges_by_reduction' is not defined,"def schedule_operations(n):
    # get degree sequence from reduction algorithm
    edges, deg = max_edges_by_reduction(n)
    # deg list length n, deg[i] is target degree for vertex i+1
    target_deg",---------------------------------------------------------------------------NameError                                 Traceback (most recent call last)/tmp/ipykernel_9294/2738261024.py in <cell line: 0
3f0a92,0,44,15,NameError,NameError: name 'is_graphic_eg' is not defined,"def max_edges_by_reduction(n):
    caps = [i for i in range(1, n+1)]
    caps[-1] = min(caps[-1], n-1)
    total = sum(caps)
    if total % 2 == 1:
        caps[-1] -= 1
        total -= 1
    while n",---------------------------------------------------------------------------NameError                                 Traceback (most recent call last)/tmp/ipykernel_9294/3837813926.py in <cell line: 0
3f0a92,0,27,15,NameError,NameError: name 'formula_max_edges' is not defined,"def max_edges_bruteforce(n):
    caps=[min(i, n-1) for i in range(1,n+1)]
    pairs=[(i,j) for i in range(n) for j in range(i+1,n)]
    max_edges=0
    for mask in range(1<<len(pairs)):
        deg=[0",---------------------------------------------------------------------------NameError                                 Traceback (most recent call last)/tmp/ipykernel_9546/1110905470.py in <cell line: 0
3f0a92,0,45,10,NameError,NameError: name 'max_edges_algorithm' is not defined,"def brute_max_edges(N):
    edges = [(i,j) for i in range(N) for j in range(i+1,N)]
    best = 0
    # use recursion/backtrack to prune by capacities
    caps = [i+1 for i in range(N)]
    deg = [0]*N",---------------------------------------------------------------------------NameError                                 Traceback (most recent call last)/tmp/ipykernel_9252/515948910.py in <cell line: 0>
3f0a92,0,45,13,NameError,NameError: name 'max_graphic_degree_sum' is not defined,"def capacity_sum(N):
    return sum(range(1,N)) + (N-1)  # sum_{i=1}^{N-1} i + (N-1)
def max_deg_sum(N):
    total,_ = max_graphic_degree_sum(N)
    return total

vals = []
for N in range(2,31):
    c",---------------------------------------------------------------------------NameError                                 Traceback (most recent call last)/tmp/ipykernel_9504/3126071857.py in <cell line: 0
3f0a92,0,26,10,NameError,NameError: name 'is_graphical_seq' is not defined,"def caps_seq(n):
    caps = [i for i in range(1,n)] + [n-1]
    return sorted(caps, reverse=True)

for n in range(2,11):
    seq = caps_seq(n)
    print(n, is_graphical_seq(seq), sum(seq))",---------------------------------------------------------------------------NameError                                 Traceback (most recent call last)/tmp/ipykernel_9462/1093492287.py in <cell line: 0
3f0a92,0,26,12,ValueError,ValueError: negative degree,"def max_edges_under_caps(n):
    # caps: degree upper bounds
    caps = [i for i in range(1,n)] + [n-1]
    # We'll use a list of (degree, vertex) but we only need degrees.
    # Use a simple algorith",---------------------------------------------------------------------------ValueError                                Traceback (most recent call last)/tmp/ipykernel_9462/3361215194.py in <cell line: 0
3f0a92,0,34,17,NameError,NameError: name 'max_excess' is not defined,"def find_max_excess(seq):
    seq = sorted(seq, reverse=True)
    n = len(seq)
    prefix = [0]
    for d in seq:
        prefix.append(prefix[-1] + d)
    max_ex = 0
    max_k = None
    for k in ran",---------------------------------------------------------------------------NameError                                 Traceback (most recent call last)/tmp/ipykernel_9762/464411537.py in <cell line: 0>
3f0a92,0,34,19,NameError,NameError: name 'is_graphic' is not defined,"N=7671
seq = list(range(1,N)) + [N-1]  # caps
# reduce last element (vertex N) by 3835
seq[-1] -= 3835
print(seq[-1])
print(is_graphic(seq))","3835
---------------------------------------------------------------------------NameError                                 Traceback (most recent call last)/tmp/ipykernel_9762/2760814165.py in <cell li"
3f0a92,0,37,39,AttributeError,AttributeError: 'int' object has no attribute 'LinearConstraint',"for n in range(13,16):
    caps = caps_seq(n)
    greedy = max_edges_greedy(caps)
    opt = max_edges_milp(n)
    print(n, greedy, opt)","13 42 42
---------------------------------------------------------------------------AttributeError                            Traceback (most recent call last)/tmp/ipykernel_5265/2944996357.py in <cel"
3f0a92,0,37,40,AttributeError,AttributeError: 'int' object has no attribute 'LinearConstraint',"def max_edges_milp(n):
    pairs = [(i,j) for i in range(n) for j in range(i+1,n)]
    m = len(pairs)
    c = -np.ones(m)
    caps = np.array([i+1 if i+1 < n else n-1 for i in range(n)], dtype=int)
  ",---------------------------------------------------------------------------AttributeError                            Traceback (most recent call last)/tmp/ipykernel_5265/3375019446.py in <cell line: 0
3f0a92,0,41,27,TypeError,TypeError: 'int' object is not callable,print(max_ops(8)),---------------------------------------------------------------------------TypeError                                 Traceback (most recent call last)/tmp/ipykernel_9630/1017212895.py in <cell line: 0
3f0a92,0,33,13,ValueError,ValueError: not graphic,"def construct_graph_decreasing(n):
    # degree sequence c_i = n-1 - i for i=1..n-1, c_n = 0
    deg = [n-1 - i for i in range(1,n)] + [0]
    # Use Havel-Hakimi to construct edges
    vertices = list","2 True
---------------------------------------------------------------------------ValueError                                Traceback (most recent call last)/tmp/ipykernel_8364/2904025385.py in <cell "
3f0a92,0,33,20,NameError,NameError: name 'is_graphic' is not defined,"seq=[1,2,3,4,4]
print(is_graphic(seq))",---------------------------------------------------------------------------NameError                                 Traceback (most recent call last)/tmp/ipykernel_10044/1843820733.py in <cell line: 
3f0a92,0,38,37,NameError,NameError: name 'simulate' is not defined,"ok, steps = simulate(20, edges20)
ok, steps",---------------------------------------------------------------------------NameError                                 Traceback (most recent call last)/tmp/ipykernel_9588/4121091975.py in <cell line: 0
3f0a92,0,31,18,NameError,NameError: name 'is_graphical_seq' is not defined,"def best_seq(n):
    max_sum=0
    best=None
    for d in itertools.product(*[range(i+1) for i in range(1,n+1)]):
        if any(di>n-1 for di in d):
            continue
        if is_graphical_seq(l",---------------------------------------------------------------------------NameError                                 Traceback (most recent call last)/tmp/ipykernel_9378/2450467116.py in <cell line: 0
3f0a92,0,31,22,AssertionError,AssertionError:,"def construct_graph(n):
    k = (n+1)//2
    d = []
    for i in range(1, n+1):
        if i > n - k:
            d.append(i-1)
        else:
            d.append(i)
    # Build adjacency list using s","2 True 1 1
---------------------------------------------------------------------------AssertionError                            Traceback (most recent call last)/tmp/ipykernel_9378/3113080501.py in <c"
3f0a92,0,30,22,TypeError,TypeError: milp() got an unexpected keyword argument 'A_ub',"def max_ops_ILP(N):
    pairs=[(i,j) for i in range(1,N+1) for j in range(i+1,N+1)]
    m=len(pairs)
    c = np.zeros(2*m)
    for idx in range(m):
        c[idx] = -1  # maximize sum x
    # bounds
 ",---------------------------------------------------------------------------TypeError                                 Traceback (most recent call last)/tmp/ipykernel_8778/3933354163.py in <cell line: 0
3f0a92,0,43,9,NameError,NameError: name 'eg_check' is not defined,"def bound_sequence(n):
    return [i for i in range(1,n)] + [n-1]

def max_edges_under_bounds(n):
    b=bound_sequence(n)
    # try to reduce minimal total sum to become graphical
    # We'll try all ",---------------------------------------------------------------------------NameError                                 Traceback (most recent call last)/tmp/ipykernel_9168/2966260072.py in <cell line: 0
3f0a92,0,43,12,NameError,NameError: name 'max_edges_greedy' is not defined,"def max_edges_bruteforce_caps(n):
    caps=[i for i in range(1,n)] + [n-1]
    max_edges=0
    m=n*(n-1)//2
    pairs=[(i,j) for i in range(n) for j in range(i+1,n)]
    for mask in range(1<<m):
     ",---------------------------------------------------------------------------NameError                                 Traceback (most recent call last)/tmp/ipykernel_9420/716654011.py in <cell line: 0>
3f0a92,0,43,16,NameError,NameError: name 'bound_sequence' is not defined,"def eg_violations(seq):
    seq=sorted(seq, reverse=True)
    n=len(seq)
    prefix=[0]
    for d in seq:
        prefix.append(prefix[-1]+d)
    violations=[]
    for k in range(1,n+1):
        left=",---------------------------------------------------------------------------NameError                                 Traceback (most recent call last)/tmp/ipykernel_9696/2896905026.py in <cell line: 0
3f0a92,0,43,20,NameError,NameError: name 'max_edges_greedy' is not defined,"def max_edges_greedy_fast2(n):
    # using same algorithm but more efficient maybe not needed for small n
    return max_edges_greedy(n)

def theoretical_max(n):
    total=n*(n+1)//2
    # bound sum =",---------------------------------------------------------------------------NameError                                 Traceback (most recent call last)/tmp/ipykernel_9696/823370924.py in <cell line: 0>
3f0a92,0,43,21,NameError,NameError: name 'eg_check' is not defined,"def max_edges_greedy(n):
    deg=bound_sequence(n)[:]
    total=sum(deg)
    if total%2==1:
        for i in range(len(deg)-1,-1,-1):
            if deg[i]>0:
                deg[i]-=1
               ",---------------------------------------------------------------------------NameError                                 Traceback (most recent call last)/tmp/ipykernel_9696/2985710864.py in <cell line: 0
a7b83d,1,7,10,NameError,NameError: name 'np' is not defined,"def random_grid(N, draws=200000, step=0.5):
    vals = np.arange(-2,2+step/2,step)
    best=-1e9
    for _ in range(draws):
        xs = np.random.choice(vals, size=N)
        s = xs.sum()
        # a",---------------------------------------------------------------------------NameError                                 Traceback (most recent call last)/tmp/ipykernel_10212/494241219.py in <cell line: 0
a7b83d,1,23,5,NameError,NameError: name 'e' is not defined,"def M_with_remainder(p, r):
    # p positives at +2, one positive at r (0<=r<=2), n negatives = N-p-1
    n = N - p - 1
    if n <= 0:
        return None
    S = 2*p + r
    t = S / n
    if t > 2 + ",---------------------------------------------------------------------------NameError                                 Traceback (most recent call last)/tmp/ipykernel_8778/3158991807.py in <cell line: 0
a7b83d,1,5,2,NameError,NameError: name 't' is not defined,"import numpy as np

def f_numeric(k, n_r=2001, n_t=2001):
    # r from 0 to 1
    rs = np.linspace(0,1,n_r)
    best = 0.0
    best_params = None
    for r in rs:
        # t = cosθ from 0 to 1
      ",---------------------------------------------------------------------------NameError                                 Traceback (most recent call last)/tmp/ipykernel_9294/149273242.py in <cell line: 0>
a7b83d,1,19,9,NameError,NameError: name 'np' is not defined,"max_val = 0
best = None
for r in np.linspace(0,1,2001):
    z = 1 - r
    for theta in np.linspace(0, np.pi/2, 2001):
        x = r*np.cos(theta)
        y = r*np.sin(theta)
        val = 4*(x*y + x*z",---------------------------------------------------------------------------NameError                                 Traceback (most recent call last)/tmp/ipykernel_10254/4258901319.py in <cell line: 
a7b83d,1,24,7,ValueError,ValueError: First variable cannot be a number: 2,"sp.diff(df, p).simplify()",---------------------------------------------------------------------------ValueError                                Traceback (most recent call last)/tmp/ipykernel_10122/2600188281.py in <cell line: 
0c55f3,1,4,17,NameError,NameError: name 'plane_list' is not defined,"def incremental_counts():
    regions = [()]  # empty
    counts = []
    eps = 0.2
    for idx, plane in enumerate(plane_list):
        new_regions = []
        for signs in regions:
            # ba",---------------------------------------------------------------------------NameError                                 Traceback (most recent call last)/tmp/ipykernel_5265/2773005894.py in <cell line: 0
0c55f3,1,7,10,ValueError,"ValueError: not enough values to unpack (expected 4, got 3)","import sympy as sp
from sympy.geometry import Plane, Line3D, Point3D

# Define points
A = Point3D(0,0,0)
B = Point3D(1,0,0)
C = Point3D(1,1,0)
D = Point3D(0,1,0)
A1 = Point3D(0,0,1)
B1 = Point3D(1,0,1",---------------------------------------------------------------------------ValueError                                Traceback (most recent call last)/tmp/ipykernel_6400/2564367303.py in <cell line: 0
0c55f3,1,18,8,TypeError,TypeError: Plane.intersection() takes 2 positional arguments but 3 were given,"points = set()
triples = []
for i in range(len(plane_objs)):
    for j in range(i+1, len(plane_objs)):
        for k in range(j+1, len(plane_objs)):
            inter = plane_objs[i].intersection(plan",---------------------------------------------------------------------------TypeError                                 Traceback (most recent call last)/tmp/ipykernel_8778/3667267959.py in <cell line: 0
0c55f3,1,18,11,NameError,NameError: name 'x' is not defined,"points = set()
triples = []
for i in range(len(planes)):
    for j in range(i+1, len(planes)):
        for k in range(j+1, len(planes)):
            sol = solve_three(planes[i], planes[j], planes[k])
",---------------------------------------------------------------------------NameError                                 Traceback (most recent call last)/tmp/ipykernel_8778/4226849119.py in <cell line: 0
0c55f3,1,18,12,KeyError,KeyError: y,"x,y,z = sp.symbols('x y z')
points = set()
triples = []
for i in range(len(planes)):
    for j in range(i+1, len(planes)):
        for k in range(j+1, len(planes)):
            sol = solve_three(plane",---------------------------------------------------------------------------KeyError                                  Traceback (most recent call last)/tmp/ipykernel_8778/1611424904.py in <cell line: 0
0c55f3,1,18,16,AttributeError,AttributeError: 'Point3D' object has no attribute 'cross',"def plane_line_intersections(plane_idx, prev_indices):
    # plane i coefficients
    a,b,c,d = planes[plane_idx]
    # plane normal vector n_i = (a,b,c)
    n_i = sp.Matrix([a,b,c])
    lines = []
  ",---------------------------------------------------------------------------AttributeError                            Traceback (most recent call last)/tmp/ipykernel_8778/2723740268.py in <cell line: 0
0c55f3,1,18,17,IndexError,IndexError: list index out of range,"line = plane_line_intersections(0, [1])[0]
line, line.direction",---------------------------------------------------------------------------IndexError                                Traceback (most recent call last)/tmp/ipykernel_8778/1606043640.py in <cell line: 0
0c55f3,1,18,36,AttributeError,AttributeError: 'Tuple' object has no attribute 'cross',"def plane_line_intersections_debug(plane_idx, prev_indices):
    plane_i = plane_objs[plane_idx]
    lines = []
    for j in prev_indices:
        plane_j = plane_objs[j]
        if plane_i.normal_vec",---------------------------------------------------------------------------AttributeError                            Traceback (most recent call last)/tmp/ipykernel_8778/216023632.py in <cell line: 0>
0c55f3,1,22,10,NameError,NameError: name 'count_regions_incremental' is not defined,"def count_regions_incrementally(plane_list):
    # plane_list is list of plane equations (a,b,c,d)
    # returns list of region counts after each plane added
    counts = []
    # start with zero plan",---------------------------------------------------------------------------NameError                                 Traceback (most recent call last)/tmp/ipykernel_8880/49820654.py in <cell line: 0>(
0c55f3,1,22,15,TypeError,TypeError: Plane.intersection() takes 2 positional arguments but 3 were given,"points = set()
for i in range(len(plane_objs)):
    for j in range(i+1, len(plane_objs)):
        for k in range(j+1, len(plane_objs)):
            # compute intersection of three planes
            i",---------------------------------------------------------------------------TypeError                                 Traceback (most recent call last)/tmp/ipykernel_8880/644836211.py in <cell line: 0>
0c55f3,1,22,16,KeyError,KeyError: y,"def intersection_point_of_three(eq1, eq2, eq3):
    a1,b1,c1,d1 = eq1
    a2,b2,c2,d2 = eq2
    a3,b3,c3,d3 = eq3
    # Solve linear system a_i x + b_i y + c_i z = -d_i
    x, y, z = sp.symbols('x y z",---------------------------------------------------------------------------KeyError                                  Traceback (most recent call last)/tmp/ipykernel_8880/949727068.py in <cell line: 0>
0c55f3,1,22,19,TypeError,"TypeError: (1, 0, 0) must be a Matrix, not <class 'sympy.core.containers.Tuple'>.","def line_canonical(line):
    # line is sympy Line3D
    # direction vector normalized to primitive integer tuple (if rational)
    dir_vec = line.direction
    # direction is sympy Matrix (3,1)
    #",---------------------------------------------------------------------------TypeError                                 Traceback (most recent call last)/tmp/ipykernel_8880/4103436585.py in <cell line: 0
0c55f3,1,22,21,AttributeError,AttributeError: 'Point3D' object has no attribute 'as_real_imag',"def normal_matrix(plane):
    a,b,c = plane.normal_vector
    return sp.Matrix([a,b,c])

def is_parallel(p1,p2):
    return normal_matrix(p1).cross(normal_matrix(p2)) == sp.Matrix([0,0,0])

def line_c",---------------------------------------------------------------------------AttributeError                            Traceback (most recent call last)/tmp/ipykernel_8880/2009803164.py in <cell line: 0
0c55f3,1,22,27,AttributeError,AttributeError: 'Symbol' object has no attribute 'rhs',"points_set = set()
n = len(plane_objs)
for i in range(n):
    for j in range(i+1, n):
        for k in range(j+1, n):
            # compute intersection point if normals matrix invertible
            ",---------------------------------------------------------------------------AttributeError                            Traceback (most recent call last)/tmp/ipykernel_8880/4087479378.py in <cell line: 0
0c55f3,1,21,13,NameError,NameError: name 'regions_of_line_arrangement' is not defined,print(regions_of_line_arrangement(lines9)),---------------------------------------------------------------------------NameError                                 Traceback (most recent call last)/tmp/ipykernel_6948/1826054834.py in <cell line: 0
0c55f3,1,10,27,TypeError,TypeError: unsupported operand type(s) for //: 'MutableDenseMatrix' and 'int',"def line_canonical(line):
    # line is sympy Line3D
    p1 = line.p1
    p2 = line.p2
    # direction vector
    d = sp.Matrix([p2.x - p1.x, p2.y - p1.y, p2.z - p1.z])
    # simplify rational
    d =",---------------------------------------------------------------------------TypeError                                 Traceback (most recent call last)/tmp/ipykernel_9462/1324444248.py in <cell line: 0
0c55f3,1,5,8,KeyError,KeyError: y,"import itertools
from fractions import Fraction
import sympy as sp

# define planes as sympy expressions a*x+b*y+c*z+d = 0
x,y,z = sp.symbols('x y z')
plane_exprs = [
    x,                # x=0
    x",---------------------------------------------------------------------------KeyError                                  Traceback (most recent call last)/tmp/ipykernel_9762/321834406.py in <cell line: 0>
0c55f3,1,5,23,KeyError,KeyError: y,"def point_of_three(i,j,k):
    eqs = [plane_exprs[i], plane_exprs[j], plane_exprs[k]]
    sol = sp.solve(eqs, (x,y,z), dict=True)
    if not sol:
        return None
    sol = sol[0]
    # Ensure all ",---------------------------------------------------------------------------KeyError                                  Traceback (most recent call last)/tmp/ipykernel_9762/4012019263.py in <cell line: 0
0c55f3,1,5,31,NameError,NameError: name 'line_objects' is not defined,"# Determine lines containing each point
for pt, info in point_info.items():
    pt_planes = info['planes']
    containing_lines = []
    for idx, line in enumerate(line_objects):
        if line['plan",---------------------------------------------------------------------------NameError                                 Traceback (most recent call last)/tmp/ipykernel_9762/3418170170.py in <cell line: 0
0c55f3,1,19,8,TypeError,TypeError: 'set' object is not subscriptable,"def verify_pattern(signs):
    pt = get_feasible_point(signs)
    if pt is None:
        return False, None
    x,y,z = pt
    # compute values
    vals = []
    for a,b,c,d in [
        (1,0,0,0),
  ",---------------------------------------------------------------------------TypeError                                 Traceback (most recent call last)/tmp/ipykernel_9294/1035545494.py in <cell line: 0
0c55f3,1,19,9,TypeError,TypeError: 'NoneType' object is not subscriptable,"patlist = list(patterns)
for i,sgn in enumerate(patlist[:10]):
    ok, vals = verify_pattern(sgn)
    print(i, ok, vals[:3])",---------------------------------------------------------------------------TypeError                                 Traceback (most recent call last)/tmp/ipykernel_9294/3224713087.py in <cell line: 0
0c55f3,1,19,19,AttributeError,AttributeError: 'tuple' object has no attribute 'symbols',"def plane_eq(a,b,c,d):
    # returns sympy expression a*x+b*y+c*z+d
    x,y,z = sp.symbols('x y z')
    return a*x+b*y+c*z+d

planes = [
    (1,0,0,0),
    (1,0,0,-1),
    (0,1,0,0),
    (0,1,0,-1),
 ",---------------------------------------------------------------------------AttributeError                            Traceback (most recent call last)/tmp/ipykernel_9294/2766217238.py in <cell line: 0
0c55f3,1,19,20,AttributeError,AttributeError: 'tuple' object has no attribute 'symbols',"x,y,z = sp.symbols('x y z')",---------------------------------------------------------------------------AttributeError                            Traceback (most recent call last)/tmp/ipykernel_9294/3314683456.py in <cell line: 0
0c55f3,1,19,22,KeyError,KeyError: y,"planes = [
    (1,0,0,0),
    (1,0,0,-1),
    (0,1,0,0),
    (0,1,0,-1),
    (0,0,1,0),
    (0,0,1,-1),
    (1,0,1,-1),
    (-1,1,-1,1),
    (0,-1,1,0)
]

triple_points = {}
for i in range(len(planes)",---------------------------------------------------------------------------KeyError                                  Traceback (most recent call last)/tmp/ipykernel_9294/5222775.py in <cell line: 0>()
0c55f3,1,19,25,TypeError,TypeError:,"sp.Plane(sp.Eq(1*x+0*y+0*z+0,0))",---------------------------------------------------------------------------TypeError                                 Traceback (most recent call last)/tmp/ipykernel_9294/320406878.py in <cell line: 0>
32690e,1,1,1,OverflowError,"OverflowError: (34, 'Numerical result out of range')","import sympy as sp, numpy as np, math, cmath, random, itertools, sys, mpmath as mp

x=sp.symbols('x')
poly = x**4051 + x**4050 + 5
# Find approximate roots using mpmath findroot? Too many roots.
# Ins",-10 -899999999999999999999999999999999999999999999999999999999999999999999999999999999999999999999999999999999999999999999999999999999999999999999999999999999999999999999999999999999999999999999999999
32690e,1,20,2,TypeError,TypeError: BooleanAtom not allowed in this context.,"import sympy as sp, numpy as np, math, cmath, random, itertools, sys, mpmath as mp
def count_real_roots(n):
    # polynomial x^{n+1} + x^{n} + 5
    x = sp.symbols('x')
    poly = x**(n+1) + x**n + 5
",---------------------------------------------------------------------------TypeError                                 Traceback (most recent call last)/tmp/ipykernel_9294/3394671373.py in <cell line: 0
6c042a,1,21,8,AssertionError,AssertionError:,"def count_reflection_beads():
    n=16
    count=0
    for bits in itertools.product([0,1], repeat=9):
        # construct full sequence
        a = list(bits)
        seq = a + a[-2::-1]  # a[0..8] +",---------------------------------------------------------------------------AssertionError                            Traceback (most recent call last)/tmp/ipykernel_9816/599486128.py in <cell line: 0>
6c042a,1,2,3,NameError,NameError: name 'is_fixed_by_rotation' is not defined,"def rotate_seq(seq,k):
    n=len(seq)
    return seq[k:]+seq[:k]

def is_fixed_by(seq,k):
    return rotate_seq(seq,k)==seq

def count_fixed_by_rotation(k):
    cnt=0
    for seq in valid_seqs:
      ",---------------------------------------------------------------------------NameError                                 Traceback (most recent call last)/tmp/ipykernel_10212/3259217103.py in <cell line: 
581a58,1,14,6,NameError,NameError: name 'n' is not defined,"import random

def greedy_clique():
    # start with random vertex
    v = random.randrange(n)
    clique = {v}
    # candidates are neighbors of v
    candidates = adj[v].copy()
    while candidates:",---------------------------------------------------------------------------NameError                                 Traceback (most recent call last)/tmp/ipykernel_13308/4289417462.py in <cell line: 
581a58,1,13,18,NameError,NameError: name 'N' is not defined,"def greedy_random(iterations=1000):
    best_set = []
    vecs = list(range(N))
    for _ in range(iterations):
        random.shuffle(vecs)
        cur = []
        for i in vecs:
            ok = Tr",---------------------------------------------------------------------------NameError                                 Traceback (most recent call last)/tmp/ipykernel_12126/191948300.py in <cell line: 0
581a58,1,13,35,NameError,NameError: name 'LinearConstraint' is not defined,"import scipy.sparse as sp, numpy as np, time, sys
num_vars = len(candidates)
num_cons = len(forbidden_pairs)
row = np.repeat(np.arange(num_cons), 2)
col = np.empty(num_cons*2, dtype=int)
data = np.one",---------------------------------------------------------------------------NameError                                 Traceback (most recent call last)/tmp/ipykernel_12126/2006019509.py in <cell line: 
581a58,1,13,37,NameError,NameError: name 'lin_con' is not defined,"start = time.time()
res = milp(c=c, constraints=[lin_con], bounds=bounds, integrality=np.ones(num_vars, dtype=int), options={'disp': True, 'time_limit': 30})
print(""status"", res.success, ""obj"", res.fu",---------------------------------------------------------------------------NameError                                 Traceback (most recent call last)/tmp/ipykernel_12126/918768509.py in <cell line: 0
581a58,1,13,39,NameError,NameError: name 'bounds' is not defined,"start = time.time()
res = milp(c=c, constraints=[lin_con], bounds=bounds, integrality=np.ones(num_vars, dtype=int), options={'disp': True, 'time_limit': 30})
print(""status"", res.success, ""obj"", res.fu",---------------------------------------------------------------------------NameError                                 Traceback (most recent call last)/tmp/ipykernel_12126/918768509.py in <cell line: 0
581a58,1,13,41,ValueError,ValueError: `integrality` must contain integers 0-3 and be broadcastable to `c.shape`.,"start = time.time()
res = milp(c=c, constraints=[lin_con], bounds=bounds, integrality=np.ones(num_vars, dtype=int), options={'disp': True, 'time_limit': 30})
print(""status"", res.success, ""obj"", res.fu",---------------------------------------------------------------------------ValueError                                Traceback (most recent call last)/usr/local/lib/python3.12/dist-packages/scipy/opti
581a58,1,13,44,ValueError,ValueError: `integrality` must contain integers 0-3 and be broadcastable to `c.shape`.,"start = time.time()
res = milp(c=c, constraints=[lin_con], bounds=bounds, integrality=integrality, options={'disp': True, 'time_limit': 30})
print(""status"", res.success, ""obj"", res.fun, ""time"", time.t",---------------------------------------------------------------------------ValueError                                Traceback (most recent call last)/usr/local/lib/python3.12/dist-packages/scipy/opti
581a58,1,13,45,AttributeError,AttributeError: 'int' object has no attribute 'shape',"c.shape, c.dtype",---------------------------------------------------------------------------AttributeError                            Traceback (most recent call last)/tmp/ipykernel_12126/1234571705.py in <cell line: 
581a58,1,23,6,NameError,NameError: name 'N' is not defined,"import random, time
def greedy_clique(start):
    clique = {start}
    candidates = set(adj[start])
    while candidates:
        # choose vertex with most connections to others in candidates
        ",---------------------------------------------------------------------------NameError                                 Traceback (most recent call last)/tmp/ipykernel_11754/2034050700.py in <cell line: 
581a58,1,23,12,NameError,NameError: name 'N' is not defined,"# Implement a simple branch and bound maximum clique using coloring bound (Tomita algorithm)
import sys, time

# adjacency sets already defined as adj

def max_clique_bt(R, P, depth=0):
    global bes",---------------------------------------------------------------------------NameError                                 Traceback (most recent call last)/tmp/ipykernel_12973/3150968055.py in <cell line: 
581a58,1,23,15,NameError,NameError: name 'vectors' is not defined,"# Build list of vectors excluding zero vector
zero_vec = (0,0,0,0,0,0)
others = [v for v in vectors if v != zero_vec]
len(others)",---------------------------------------------------------------------------NameError                                 Traceback (most recent call last)/tmp/ipykernel_13914/1061279731.py in <cell line: 
581a58,1,3,11,NameError,NameError: name 'vectors' is not defined,"total_pairs = len(vectors)*(len(vectors)-1)//2
forbidden = total_pairs - len(edges)
total_pairs, forbidden",---------------------------------------------------------------------------NameError                                 Traceback (most recent call last)/tmp/ipykernel_12018/3817179795.py in <cell line: 
581a58,1,3,12,NameError,NameError: name 'product' is not defined,"vectors = list(product(range(3), repeat=6))
total_pairs = len(vectors)*(len(vectors)-1)//2
total_pairs",---------------------------------------------------------------------------NameError                                 Traceback (most recent call last)/tmp/ipykernel_12018/2677677378.py in <cell line: 
581a58,1,3,18,NameError,NameError: name 'product' is not defined,"import random, itertools, math, time

vectors = list(product(range(3), repeat=6))

def compatible(v,w):
    s = sum(1 for a,b in zip(v,w) if a==b)
    return s in (0,2)

def greedy_random(iterations=1",---------------------------------------------------------------------------NameError                                 Traceback (most recent call last)/tmp/ipykernel_12792/600720347.py in <cell line: 0
581a58,1,3,19,NameError,NameError: name 'greedy_random' is not defined,"from itertools import product
vectors = list(product(range(3), repeat=6))
best = greedy_random(2000)
len(best)",---------------------------------------------------------------------------NameError                                 Traceback (most recent call last)/tmp/ipykernel_12792/2369629107.py in <cell line: 
581a58,1,3,31,NameError,NameError: name 'good_mats' is not defined,len(good_mats),---------------------------------------------------------------------------NameError                                 Traceback (most recent call last)/tmp/ipykernel_12792/2917523303.py in <cell line: 
581a58,1,3,32,NameError,NameError: name 'test_matrix' is not defined,"def find_one():
    for entries in itertools.product(range(3), repeat=9):
        M = [list(entries[i*3:(i+1)*3]) for i in range(3)]
        if test_matrix(M):
            return M
    return None

M ",---------------------------------------------------------------------------NameError                                 Traceback (most recent call last)/tmp/ipykernel_12792/3172708382.py in <cell line: 
581a58,1,7,4,NameError,NameError: name 'G' is not defined,"max_clique = []
max_size = 0
for clique in nx.find_cliques(G):
    if len(clique) > max_size:
        max_size = len(clique)
        max_clique = clique
max_size",---------------------------------------------------------------------------NameError                                 Traceback (most recent call last)/tmp/ipykernel_5475/2097141668.py in <cell line: 0
581a58,1,7,6,NameError,NameError: name 'G' is not defined,"max_size = 0
max_clique = None
for clique in nx.find_cliques(G):
    if len(clique) > max_size:
        max_size = len(clique)
        max_clique = clique
max_size",---------------------------------------------------------------------------NameError                                 Traceback (most recent call last)/tmp/ipykernel_5475/2771058352.py in <cell line: 0
581a58,1,7,12,TypeError,TypeError: milp() got an unexpected keyword argument 'A_ub',"import scipy.sparse as sp

num_constraints = len(forbidden)
row = np.repeat(np.arange(num_constraints), 2)
col = np.empty(num_constraints*2, dtype=int)
data = np.ones(num_constraints*2, dtype=int)
for",---------------------------------------------------------------------------TypeError                                 Traceback (most recent call last)/tmp/ipykernel_11352/2217277049.py in <cell line: 
581a58,1,7,18,NameError,NameError: name 'N' is not defined,"import random, itertools, time, math, sys, collections

def greedy_random(iterations=1000):
    best_set = []
    for _ in range(iterations):
        order = list(range(N))
        random.shuffle(orde",---------------------------------------------------------------------------NameError                                 Traceback (most recent call last)/tmp/ipykernel_13680/2653751576.py in <cell line: 
581a58,1,8,5,AttributeError,AttributeError: module 'sympy' has no attribute 'sparse',"from scipy.optimize import milp, LinearConstraint, Bounds

c = -np.ones(n)  # maximize sum x_i => minimize -sum x_i
# constraints: for each forbidden pair (i,j): x_i + x_j <= 1
# Build A matrix rows f",---------------------------------------------------------------------------AttributeError                            Traceback (most recent call last)/tmp/ipykernel_10122/1183290712.py in <cell line: 
581a58,1,8,8,NameError,NameError: name 'n' is not defined,"import random, itertools, math, time

def max_clique_greedy(iterations=1000):
    best_set = []
    for it in range(iterations):
        order = list(range(n))
        random.shuffle(order)
        cu",---------------------------------------------------------------------------NameError                                 Traceback (most recent call last)/tmp/ipykernel_12084/2882275316.py in <cell line: 
581a58,1,8,9,NameError,NameError: name 'vectors' is not defined,"n = len(vectors)
best = max_clique_greedy(2000)
len(best)",---------------------------------------------------------------------------NameError                                 Traceback (most recent call last)/tmp/ipykernel_12084/1860254265.py in <cell line: 
581a58,1,8,14,NameError,NameError: name 'max_clique_greedy' is not defined,"best = max_clique_greedy(5000)
len(best)",---------------------------------------------------------------------------NameError                                 Traceback (most recent call last)/tmp/ipykernel_12985/3723722449.py in <cell line: 
581a58,1,8,15,NameError,NameError: name 'n' is not defined,"def max_clique_greedy(iterations=1000):
    best_set = []
    for it in range(iterations):
        order = list(range(n))
        random.shuffle(order)
        current = []
        for idx in order:
 ",---------------------------------------------------------------------------NameError                                 Traceback (most recent call last)/tmp/ipykernel_12985/3251136809.py in <cell line: 
581a58,1,8,20,NameError,NameError: name 'nx' is not defined,"size = nx.algorithms.clique.graph_clique_number(G)
size",---------------------------------------------------------------------------NameError                                 Traceback (most recent call last)/tmp/ipykernel_13722/2133268218.py in <cell line: 
581a58,1,8,22,AttributeError,AttributeError: module 'networkx.algorithms.clique' has no attribute 'graph_clique_number',"size = nx.algorithms.clique.graph_clique_number(G)
size",---------------------------------------------------------------------------AttributeError                            Traceback (most recent call last)/tmp/ipykernel_13722/2133268218.py in <cell line: 
581a58,1,8,26,NameError,NameError: name 'sp' is not defined,"constraints = []
for k in range(0,7):
    lhs = Krawtchouk(k,0) + sp.Symbol('A4')*Krawtchouk(k,4) + sp.Symbol('A6')*Krawtchouk(k,6)
    constraints.append((k, lhs))
constraints",---------------------------------------------------------------------------NameError                                 Traceback (most recent call last)/tmp/ipykernel_13722/3348467688.py in <cell line: 
581a58,1,2,7,NameError,NameError: name 'n' is not defined,"num_forbidden = 0
for i in range(n):
    vi = vectors[i]
    for j in range(i+1, n):
        d = hamming_distance(vi, vectors[j])
        if d not in {4,6}:
            num_forbidden += 1
num_forbidde",---------------------------------------------------------------------------NameError                                 Traceback (most recent call last)/tmp/ipykernel_11455/2605708083.py in <cell line: 
581a58,1,2,27,NameError,NameError: name 'n' is not defined,"compat = [set() for _ in range(n)]
for i in range(n):
    vi = vectors[i]
    for j in range(i+1, n):
        d = hamming(vi, vectors[j])
        if d in (4,6):
            compat[i].add(j)
          ",---------------------------------------------------------------------------NameError                                 Traceback (most recent call last)/tmp/ipykernel_14781/2018963673.py in <cell line: 
581a58,1,24,12,NameError,NameError: name 'product' is not defined,"# generate all vectors
vecs = list(product(range(3), repeat=6))
N = len(vecs)
print(N)",---------------------------------------------------------------------------NameError                                 Traceback (most recent call last)/tmp/ipykernel_11209/4072611938.py in <cell line: 
581a58,1,24,17,NameError,NameError: name 'N' is not defined,"# compute adjacency sets for compatibility
adj_full = [set() for _ in range(N)]
for i in range(N):
    vi = vecs[i]
    for j in range(i+1,N):
        m = matches(vi, vecs[j])
        if m in (0,2):
 ",---------------------------------------------------------------------------NameError                                 Traceback (most recent call last)/tmp/ipykernel_13392/336780009.py in <cell line: 0
581a58,1,24,21,AttributeError,AttributeError: module 'networkx' has no attribute 'graph_clique_number',"start = time.time()
clique_num = nx.graph_clique_number(G)
print(""clique number:"", clique_num, ""time:"", time.time()-start)",---------------------------------------------------------------------------AttributeError                            Traceback (most recent call last)/tmp/ipykernel_13392/3026461204.py in <cell line: 
581a58,1,24,22,AttributeError,AttributeError: module 'networkx.algorithms.clique' has no attribute 'graph_clique_number',"from networkx.algorithms import clique
start = time.time()
clique_num = clique.graph_clique_number(G)
print(""clique number:"", clique_num, ""time:"", time.time()-start)",---------------------------------------------------------------------------AttributeError                            Traceback (most recent call last)/tmp/ipykernel_13392/3139855758.py in <cell line: 
581a58,1,24,24,NameError,NameError: name 'N' is not defined,"def random_greedy(iterations=1000):
    best = []
    for _ in range(iterations):
        order = list(range(N))
        random.shuffle(order)
        clique = []
        for v in order:
            i",---------------------------------------------------------------------------NameError                                 Traceback (most recent call last)/tmp/ipykernel_13962/1717566376.py in <cell line: 
581a58,1,6,18,NameError,NameError: name 'num_vars' is not defined,"G = nx.Graph()
G.add_nodes_from(range(num_vars))
G.add_edges_from(allowed_pairs)
print(G.number_of_nodes(), G.number_of_edges())",---------------------------------------------------------------------------NameError                                 Traceback (most recent call last)/tmp/ipykernel_11868/3317837459.py in <cell line: 
581a58,1,6,19,NameError,NameError: name 'int_to_vec' is not defined,"num_vars = 3**6
vectors = [int_to_vec(i) for i in range(num_vars)]
allowed_pairs = []
for i in range(num_vars):
    vi = vectors[i]
    for j in range(i+1, num_vars):
        d = sum(1 for a,b in zip(",---------------------------------------------------------------------------NameError                                 Traceback (most recent call last)/tmp/ipykernel_11868/391361546.py in <cell line: 0
581a58,1,6,23,NameError,NameError: name 'num_vars' is not defined,"import random, time, math, itertools, numpy as np

def greedy_random(order):
    selected = []
    for v in order:
        ok = True
        for u in selected:
            d = hamming_dist(vectors[v],",---------------------------------------------------------------------------NameError                                 Traceback (most recent call last)/tmp/ipykernel_12744/1159600915.py in <cell line: 
581a58,1,6,24,NameError,NameError: name 'int_to_vec' is not defined,"num_vars = 3**6
vectors = [int_to_vec(i) for i in range(num_vars)]
def hamming_dist(a,b):
    return sum(1 for x,y in zip(a,b) if x!=y)",---------------------------------------------------------------------------NameError                                 Traceback (most recent call last)/tmp/ipykernel_12744/3948525201.py in <cell line: 
581a58,1,6,26,NameError,NameError: name 'hamming_dist' is not defined,"def greedy_random(order):
    selected = []
    for v in order:
        ok = True
        for u in selected:
            d = hamming_dist(vectors[v], vectors[u])
            if d not in (4,6):
       ",---------------------------------------------------------------------------NameError                                 Traceback (most recent call last)/tmp/ipykernel_12744/725725166.py in <cell line: 0
581a58,1,6,31,NameError,NameError: name 'sp' is not defined,"import random, itertools, time, math, numpy as np

def generate_random_subspace(dim=3):
    # generate dim linearly independent vectors
    basis = []
    while len(basis) < dim:
        v = tuple(ran",---------------------------------------------------------------------------NameError                                 Traceback (most recent call last)/tmp/ipykernel_12744/2174443480.py in <cell line: 
581a58,1,6,37,TypeError,TypeError: object of type 'NoneType' has no len(),"code3 = find_linear_code(3, attempts=2000)
len(code3), test_code_set(code3)",---------------------------------------------------------------------------TypeError                                 Traceback (most recent call last)/tmp/ipykernel_12744/1944189959.py in <cell line: 
581a58,1,6,40,TypeError,TypeError: object of type 'NoneType' has no len(),"def generate_random_subspace_with_code(dim=3):
    basis = []
    while len(basis) < dim:
        v = tuple(random.randint(0,2) for _ in range(6))
        mat = np.array(basis + [v], dtype=int) % 3
  ","basis: None
---------------------------------------------------------------------------TypeError                                 Traceback (most recent call last)/tmp/ipykernel_12744/1072451434.py in "
581a58,1,6,46,NameError,NameError: name 'G' is not defined,"clique = nx.algorithms.approximation.clique.max_clique(G)
len(clique)",---------------------------------------------------------------------------NameError                                 Traceback (most recent call last)/tmp/ipykernel_12744/2761924877.py in <cell line: 
581a58,1,6,50,NameError,NameError: name 'nx' is not defined,"clique_number = nx.algorithms.clique.graph_clique_number(G)
print(clique_number)",---------------------------------------------------------------------------NameError                                 Traceback (most recent call last)/tmp/ipykernel_14571/3389732741.py in <cell line: 
581a58,1,6,52,NameError,NameError: name 'int_to_vec' is not defined,"def build_graph():
    num_vars = 3**6
    vectors = [int_to_vec(i) for i in range(num_vars)]
    G = nx.Graph()
    G.add_nodes_from(range(num_vars))
    for i in range(num_vars):
        vi = vector",---------------------------------------------------------------------------NameError                                 Traceback (most recent call last)/tmp/ipykernel_14571/3258100962.py in <cell line: 
581a58,1,6,54,AttributeError,AttributeError: module 'networkx.algorithms.clique' has no attribute 'graph_clique_number',"clique_number = nx.algorithms.clique.graph_clique_number(G)
print(""Clique number:"", clique_number)",---------------------------------------------------------------------------AttributeError                            Traceback (most recent call last)/tmp/ipykernel_14571/959221881.py in <cell line: 0
581a58,1,6,57,KeyError,KeyError: 'Node 0 does not have the requested weight field.',"clique, weight = nx.algorithms.clique.max_weight_clique(G)
len(clique), weight",---------------------------------------------------------------------------KeyError                                  Traceback (most recent call last)/tmp/ipykernel_14571/159284278.py in <cell line: 0
581a58,1,11,7,NameError,NameError: name 'N' is not defined,"import networkx as nx
G = nx.Graph()
G.add_nodes_from(range(N))
G.add_edges_from(allowed)
# compute maximum clique size
max_clique = max(nx.find_cliques(G), key=len)
len(max_clique)",---------------------------------------------------------------------------NameError                                 Traceback (most recent call last)/tmp/ipykernel_11190/1829676851.py in <cell line: 
581a58,1,11,11,NameError,NameError: name 'N' is not defined,"def greedy_max_set():
    # start with random order
    order = list(range(N))
    random.shuffle(order)
    selected = []
    # maintain set of selected indices
    selected_set = set()
    for i in ",---------------------------------------------------------------------------NameError                                 Traceback (most recent call last)/tmp/ipykernel_12342/1890515019.py in <cell line: 
581a58,1,11,17,NameError,NameError: name 'allowed' is not defined,"# Build adjacency list for allowed graph (neighbors where similarity 0 or 2)
adj = [set() for _ in range(N)]
for i,j in allowed:
    adj[i].add(j)
    adj[j].add(i)

best_clique = []
def bronk(R, P, X",---------------------------------------------------------------------------NameError                                 Traceback (most recent call last)/tmp/ipykernel_12342/3466508266.py in <cell line: 
581a58,1,11,37,NameError,NameError: name 'best' is not defined,"selected = best
selected_vectors = [vectors[i] for i in selected]
selected_vectors[:10], len(selected_vectors)",---------------------------------------------------------------------------NameError                                 Traceback (most recent call last)/tmp/ipykernel_15057/4031739688.py in <cell line: 
581a58,1,11,38,NameError,NameError: name 'N' is not defined,"def find_one_set():
    order = list(range(N))
    random.shuffle(order)
    selected = set()
    for i in order:
        ok = True
        for j in selected:
            if similarity(vectors[i], vec",---------------------------------------------------------------------------NameError                                 Traceback (most recent call last)/tmp/ipykernel_15057/3032178810.py in <cell line: 
581a58,1,10,6,AttributeError,AttributeError: module 'networkx.algorithms.approximation' has no attribute 'maximum_clique',"clique = nx.algorithms.approximation.maximum_clique(G)  # approximate
len(clique)",---------------------------------------------------------------------------AttributeError                            Traceback (most recent call last)/tmp/ipykernel_9546/1288480759.py in <cell line: 0
581a58,1,10,7,NameError,NameError: name 'G' is not defined,"max_clique_size = 0
max_clique = None
for clique in nx.find_cliques(G):
    if len(clique) > max_clique_size:
        max_clique_size = len(clique)
        max_clique = clique
max_clique_size",---------------------------------------------------------------------------NameError                                 Traceback (most recent call last)/tmp/ipykernel_9546/565387019.py in <cell line: 0>
581a58,1,10,12,NameError,NameError: name 'G' is not defined,"max_clique_size = 0
max_clique = None
for clique in nx.find_cliques(G):
    if len(clique) > max_clique_size:
        max_clique_size = len(clique)
        max_clique = clique
max_clique_size",---------------------------------------------------------------------------NameError                                 Traceback (most recent call last)/tmp/ipykernel_9546/565387019.py in <cell line: 0>
581a58,1,10,16,NameError,NameError: name 'G' is not defined,list(nx.find_cliques(G))[:5],---------------------------------------------------------------------------NameError                                 Traceback (most recent call last)/tmp/ipykernel_9546/807864843.py in <cell line: 0>
581a58,1,10,22,NameError,NameError: name 'vectors' is not defined,"import scipy.sparse as sp
n = len(vectors)
# Build list of rows data
row = []
col = []
data = []
b = []  # RHS
row_idx = 0
for i in range(n):
    vi = vectors[i]
    for j in range(i+1, n):
        mj",---------------------------------------------------------------------------NameError                                 Traceback (most recent call last)/tmp/ipykernel_11748/1178634559.py in <cell line: 
581a58,1,10,26,TypeError,TypeError: milp() got an unexpected keyword argument 'A_ub',"c = -np.ones(n)
bounds = opt.Bounds(0, 1)
integrality = np.ones(n, dtype=int)
start = time.time()
res = opt.milp(c=c, A_ub=A_ub, b_ub=b, bounds=bounds, integrality=integrality, options={""presolve"": Tr",---------------------------------------------------------------------------TypeError                                 Traceback (most recent call last)/tmp/ipykernel_11748/4276678077.py in <cell line: 
581a58,1,10,30,NameError,NameError: name 'n' is not defined,"def greedy_random(iterations=1000):
    best_set = []
    for _ in range(iterations):
        order = list(range(n))
        random.shuffle(order)
        cur = []
        for idx in order:
          ",---------------------------------------------------------------------------NameError                                 Traceback (most recent call last)/tmp/ipykernel_12798/1675557040.py in <cell line: 
581a58,1,10,46,AttributeError,AttributeError: module 'networkx.algorithms.approximation' has no attribute 'maximum_clique',"approx_clique = nx.algorithms.approximation.maximum_clique(G)
len(approx_clique)",---------------------------------------------------------------------------AttributeError                            Traceback (most recent call last)/tmp/ipykernel_14094/2678781879.py in <cell line: 
581a58,1,17,6,NameError,NameError: name 'vectors' is not defined,"import numpy as np, itertools, math, collections, random, sys, time, itertools, math, numpy as np
def agree(a,b):
    return sum(1 for x,y in zip(a,b) if x==y)
allowed_counts = [0,2]
allowed_neighbors",---------------------------------------------------------------------------NameError                                 Traceback (most recent call last)/tmp/ipykernel_11412/3524487604.py in <cell line: 
581a58,1,17,10,NameError,NameError: name 'vectors' is not defined,"import random, itertools, math, time

def max_code_greedy(iterations=1000):
    best_set = []
    for it in range(iterations):
        # random order of vectors
        order = list(range(len(vectors)",---------------------------------------------------------------------------NameError                                 Traceback (most recent call last)/tmp/ipykernel_12816/2406048778.py in <cell line: 
581a58,1,17,14,NameError,NameError: name 'nx' is not defined,"approx_ind = nx.algorithms.approximation.maximum_independent_set(G)  # note: this works on original graph? we need independent set in forbidden graph.
len(approx_ind)",---------------------------------------------------------------------------NameError                                 Traceback (most recent call last)/tmp/ipykernel_12816/932648626.py in <cell line: 0
581a58,1,17,22,NameError,NameError: name 'greedy_family' is not defined,"best_family = greedy_family(2000)
len(best_family)",---------------------------------------------------------------------------NameError                                 Traceback (most recent call last)/tmp/ipykernel_14823/4176990022.py in <cell line: 
581a58,1,1,6,NameError,NameError: name 'G' is not defined,"max_clique = []
max_size = 0
cnt = 0
start = time.time()
for clique in nx.find_cliques(G):
    sz = len(clique)
    if sz > max_size:
        max_size = sz
        max_clique = clique
        # print ",---------------------------------------------------------------------------NameError                                 Traceback (most recent call last)/tmp/ipykernel_9294/3622017705.py in <cell line: 0
581a58,1,1,11,NameError,NameError: name 'vectors' is not defined,"# Build list of forbidden pairs
forbidden_pairs = []
for i in range(len(vectors)):
    vi = vectors[i]
    for j in range(i+1, len(vectors)):
        d = hamming_dist(vi, vectors[j])
        if d in (",---------------------------------------------------------------------------NameError                                 Traceback (most recent call last)/tmp/ipykernel_11610/453846616.py in <cell line: 0
581a58,1,1,16,NameError,NameError: name 'vectors' is not defined,"import random, time, itertools, math, numpy as np

def greedy_random(order):
    selected = []
    for v in order:
        ok = True
        for u in selected:
            d = hamming_dist(vectors[v],",---------------------------------------------------------------------------NameError                                 Traceback (most recent call last)/tmp/ipykernel_13164/2262710261.py in <cell line: 
581a58,1,1,22,NameError,NameError: name 'vectors' is not defined,"n = len(vectors)
A = np.zeros((n,n), dtype=np.int8)
for i in range(n):
    vi = vectors[i]
    for j in range(i+1, n):
        d = hamming_dist(vi, vectors[j])
        if d in (1,2,3,5):
            A",---------------------------------------------------------------------------NameError                                 Traceback (most recent call last)/tmp/ipykernel_13836/2318092071.py in <cell line: 
581a58,1,1,29,AttributeError,AttributeError: module 'networkx.algorithms.approximation' has no attribute 'maximum_clique',"# Build allowed graph
G_allowed = nx.Graph()
G_allowed.add_nodes_from(range(n))
allowed_edges = [(i,j) for i in range(n) for j in range(i+1,n) if A[i,j]==0 and i!=j]  # distance not forbidden => allow",---------------------------------------------------------------------------AttributeError                            Traceback (most recent call last)/tmp/ipykernel_13836/4123114329.py in <cell line: 
581a58,1,1,34,NameError,NameError: name 'np' is not defined,"# Build adjacency matrix for allowed graph (distance 4 or 6)
A_allowed = np.zeros((n,n), dtype=np.int8)
for i in range(n):
    vi = vectors[i]
    for j in range(i+1, n):
        d = hamming_dist(vi, ",---------------------------------------------------------------------------NameError                                 Traceback (most recent call last)/tmp/ipykernel_14991/471754847.py in <cell line: 0
581a58,1,20,11,NameError,NameError: name 'N' is not defined,"def greedy_clique(iterations=2000):
    best = []
    for _ in range(iterations):
        order = list(range(N))
        random.shuffle(order)
        clique = []
        mask = 0
        for v in ord",---------------------------------------------------------------------------NameError                                 Traceback (most recent call last)/tmp/ipykernel_13596/2938141626.py in <cell line: 
581a58,1,20,12,NameError,NameError: name 'random' is not defined,"N = 3**6
vectors = list(itertools.product([0,1,2], repeat=6))
def distance(v,w):
    return sum(1 for a,b in zip(v,w) if a!=b)
compatible_adj = [0]*N
for i in range(N):
    mask = 0
    vi = vectors[i",---------------------------------------------------------------------------NameError                                 Traceback (most recent call last)/tmp/ipykernel_13596/4286026233.py in <cell line: 
581a58,1,20,15,AttributeError,AttributeError: module 'networkx.algorithms.approximation.clique' has no attribute 'maximum_clique',"import networkx as nx, itertools, random, time, math, sys, collections, functools, numpy as np, itertools, math, random, time
G = nx.Graph()
G.add_nodes_from(range(N))
# Add edges for compatibility (d","graph built, edges: 110808
---------------------------------------------------------------------------AttributeError                            Traceback (most recent call last)/tmp/ipykernel_13596/13"
581a58,1,20,22,NameError,NameError: name 'best_clique' is not defined,"# Use the best clique of size 18 found earlier (greedy)
best_clique = best_clique  # from earlier variable? Let's recompute greedy to get actual indices.

def greedy_clique(iterations=2000):
    best ",---------------------------------------------------------------------------NameError                                 Traceback (most recent call last)/tmp/ipykernel_14394/3557004392.py in <cell line: 
581a58,1,20,23,NameError,NameError: name 'greedy_clique' is not defined,"clique18 = greedy_clique(5000)
len(clique18)",---------------------------------------------------------------------------NameError                                 Traceback (most recent call last)/tmp/ipykernel_14394/3555975753.py in <cell line: 
581a58,1,9,6,TypeError,TypeError: milp() got an unexpected keyword argument 'A_ub',"c = -np.ones(n)  # maximize sum => minimize -sum
integrality = np.ones(n, dtype=int)
bounds = opt.Bounds(0, 1)
res = opt.milp(c=c, A_ub=A, b_ub=b, bounds=bounds, integrality=integrality, options={'dis",---------------------------------------------------------------------------TypeError                                 Traceback (most recent call last)/tmp/ipykernel_6948/4131437939.py in <cell line: 0
581a58,1,9,10,NameError,NameError: name 'n' is not defined,"G = nx.Graph()
# add nodes as indices
G.add_nodes_from(range(n))
# add edges for allowed pairs (similarity 0 or 2)
edges = [(i,j) for i,j in itertools.combinations(range(n),2) if sum(1 for a,b in zip(",---------------------------------------------------------------------------NameError                                 Traceback (most recent call last)/tmp/ipykernel_11874/2911276551.py in <cell line: 
581a58,1,9,15,NameError,NameError: name 'nx' is not defined,"clique_number = nx.algorithms.clique.graph_clique_number(G)
clique_number",---------------------------------------------------------------------------NameError                                 Traceback (most recent call last)/tmp/ipykernel_12690/4100786558.py in <cell line: 
581a58,1,9,19,NameError,NameError: name 'vectors' is not defined,"n = 729
neighbors = [None]*n
vec_arr = np.array(vectors, dtype=np.int8)
for i in range(n):
    vi = vec_arr[i]
    # compute similarity with all vectors using vectorized compare
    eq = (vi == vec_ar",---------------------------------------------------------------------------NameError                                 Traceback (most recent call last)/tmp/ipykernel_12690/2925928006.py in <cell line: 
581a58,1,9,24,NameError,NameError: name 'n' is not defined,"def bron_kerbosch(R, P, X):
    global max_clique, max_size
    # pruning
    if len(R) + len(P) <= max_size:
        return
    if not P and not X:
        if len(R) > max_size:
            max_size ",---------------------------------------------------------------------------NameError                                 Traceback (most recent call last)/tmp/ipykernel_13542/661749824.py in <cell line: 0
581a58,1,9,28,NameError,NameError: name 'n' is not defined,"import random, time

def greedy_clique():
    # start with random vertex
    v = random.randrange(n)
    clique = {v}
    # candidate set = neighbors of v
    candidates = neighbors[v].copy()
    whil",---------------------------------------------------------------------------NameError                                 Traceback (most recent call last)/tmp/ipykernel_14136/298186593.py in <cell line: 0
581a58,1,9,35,NameError,NameError: name 'neighbors' is not defined,"# Build bitmask neighbor sets
n = 729
neighbors_mask = [0]*n
for i in range(n):
    mask = 0
    for j in neighbors[i]:
        mask |= 1 << j
    neighbors_mask[i] = mask

# quick test: intersection ",---------------------------------------------------------------------------NameError                                 Traceback (most recent call last)/tmp/ipykernel_14655/4172094394.py in <cell line: 
581a58,1,9,37,OverflowError,OverflowError: Python int too large to convert to C long,"def greedy_coloring_bitset(P_mask):
    # returns dict vertex->color
    color = {}
    current_color = 0
    remaining = P_mask
    while remaining:
        current_color += 1
        # vertices that",---------------------------------------------------------------------------OverflowError                             Traceback (most recent call last)/tmp/ipykernel_14655/392972190.py in <cell line: 0
581a58,1,9,38,OverflowError,OverflowError: Python int too large to convert to C long,"ALL_MASK = (1 << n) - 1
def greedy_coloring_bitset(P_mask):
    color = {}
    current_color = 0
    remaining = P_mask
    while remaining:
        current_color += 1
        available = remaining
  ",---------------------------------------------------------------------------OverflowError                             Traceback (most recent call last)/tmp/ipykernel_14655/3659612600.py in <cell line: 
581a58,1,9,40,AttributeError,AttributeError: 'numpy.int64' object has no attribute 'bit_length',"v=0
mask = (1 << v) | neighbors_mask[v]
print(mask.bit_length())
print((ALL_MASK ^ mask).bit_length())",---------------------------------------------------------------------------AttributeError                            Traceback (most recent call last)/tmp/ipykernel_14655/866758358.py in <cell line: 0
581a58,1,4,7,NameError,NameError: name 'nx' is not defined,"approx = nx.algorithms.approximation.clique.max_clique(G)
len(approx)",---------------------------------------------------------------------------NameError                                 Traceback (most recent call last)/tmp/ipykernel_11544/547730275.py in <cell line: 0
581a58,1,4,13,TypeError,TypeError: milp() got an unexpected keyword argument 'A_ub',"res = opt.milp(c=c, A_ub=A_ub, b_ub=np.array(b), bounds=bounds, integrality=integrality, options={""presolve"": True})",---------------------------------------------------------------------------TypeError                                 Traceback (most recent call last)/tmp/ipykernel_11544/3577139647.py in <cell line: 
581a58,1,4,16,NameError,NameError: name 'opt' is not defined,"res = opt.milp(c=c, constraints=lc, integrality=integrality, bounds=bounds, options={""presolve"": True, ""disp"": False, ""time_limit"": 30})",---------------------------------------------------------------------------NameError                                 Traceback (most recent call last)/tmp/ipykernel_13014/3129729947.py in <cell line: 
581a58,1,4,23,NameError,NameError: name 'bronK' is not defined,"bronK_start = time.time()
bronK_calls = 0
best_clique = []
best_size = 0
def bronk(R, P):
    global best_clique, best_size, bronK_calls
    bronK_calls += 1
    if len(R) + len(P) <= best_size:
     ",---------------------------------------------------------------------------NameError                                 Traceback (most recent call last)/tmp/ipykernel_13500/277896430.py in <cell line: 0
581a58,1,4,24,NameError,NameError: name 'bronK' is not defined,"bronK_start = time.time()
bronK_calls = 0
bronK(R=set(), P=set(range(n)))",---------------------------------------------------------------------------NameError                                 Traceback (most recent call last)/tmp/ipykernel_13500/3911365833.py in <cell line: 
581a58,1,4,38,NameError,NameError: name 'adj_bits' is not defined,"def greedy_random():
    order = list(range(n))
    random.shuffle(order)
    clique = []
    for v in order:
        if all(v in adj_bits[u] for u in clique):
            clique.append(v)
    return ",---------------------------------------------------------------------------NameError                                 Traceback (most recent call last)/tmp/ipykernel_14613/1665549133.py in <cell line: 
581a58,1,5,11,NameError,NameError: name 'num_vars' is not defined,"G = nx.Graph()
G.add_nodes_from(range(num_vars))
# add edges for allowed pairs
allowed_edges = [(i,j) for i,j in combinations(range(num_vars),2) if similarity(vectors[i], vectors[j]) in allowed]
G.add",---------------------------------------------------------------------------NameError                                 Traceback (most recent call last)/tmp/ipykernel_11215/2779191573.py in <cell line: 
581a58,1,5,12,NameError,NameError: name 'vectors' is not defined,"num_vars = len(vectors)
G = nx.Graph()
G.add_nodes_from(range(num_vars))
allowed_edges = [(i,j) for i,j in itertools.combinations(range(num_vars),2) if similarity(vectors[i], vectors[j]) in allowed]
G",---------------------------------------------------------------------------NameError                                 Traceback (most recent call last)/tmp/ipykernel_11215/588301761.py in <cell line: 0
581a58,1,5,16,NameError,NameError: name 'G' is not defined,"def greedy_clique(G):
    # start with random node
    nodes = list(G.nodes())
    random.shuffle(nodes)
    best = []
    for start in nodes:
        clique = [start]
        # candidate set = neighb",---------------------------------------------------------------------------NameError                                 Traceback (most recent call last)/tmp/ipykernel_12486/1190805687.py in <cell line: 
581a58,1,5,20,ImportError,ImportError: cannot import name 'branch_and_bound' from 'networkx.algorithms.clique' (/usr/local/lib/python3.12/dist-packages/networkx/algorithms/clique.py),"from networkx.algorithms.clique import branch_and_bound
max_clique = branch_and_bound(G)
len(max_clique)",---------------------------------------------------------------------------ImportError                               Traceback (most recent call last)/tmp/ipykernel_12486/3237191610.py in <cell line: 
581a58,1,5,21,AttributeError,AttributeError: module 'networkx' has no attribute 'graph_clique_number',"clique_number = nx.graph_clique_number(G)
clique_number",---------------------------------------------------------------------------AttributeError                            Traceback (most recent call last)/tmp/ipykernel_12486/149621633.py in <cell line: 0
581a58,1,5,24,KeyError,KeyError: 'Node 0 does not have the requested weight field.',"from networkx.algorithms.clique import max_weight_clique
# assign weight 1 to each node
weights = {i:1 for i in G.nodes()}
max_clique_weighted = max_weight_clique(G, weight='weight')
max_clique_weight",---------------------------------------------------------------------------KeyError                                  Traceback (most recent call last)/tmp/ipykernel_12486/1132558751.py in <cell line: 
581a58,1,5,46,TypeError,TypeError: MatrixBase.rank() got an unexpected keyword argument 'modulus',"def random_matrix(k, n):
    return [[random.randint(0,2) for _ in range(n)] for __ in range(k)]

def rank_mod3(mat):
    # compute rank over GF(3) using sympy
    M = sp.Matrix(mat)
    return M.rank",---------------------------------------------------------------------------TypeError                                 Traceback (most recent call last)/tmp/ipykernel_12486/440734067.py in <cell line: 0
581a58,1,16,8,NameError,NameError: name 'np' is not defined,"import itertools

def max_binary_code():
    all_strings = list(itertools.product([0,1], repeat=6))
    best = []
    # simple greedy search for maximum? We'll brute force using ILP maybe.
    # Use M",---------------------------------------------------------------------------NameError                                 Traceback (most recent call last)/tmp/ipykernel_11676/2921583578.py in <cell line: 
581a58,1,16,22,NameError,NameError: name 'strings' is not defined,"G = nx.Graph()
G.add_nodes_from(range(len(strings)))
for i,j in allowed:
    G.add_edge(i,j)
len(G)",---------------------------------------------------------------------------NameError                                 Traceback (most recent call last)/tmp/ipykernel_11676/1774094349.py in <cell line: 
581a58,1,16,26,NameError,NameError: name 'strings' is not defined,"# Build list of candidate vectors: zero plus weight 4 or 6 vectors
candidates = [(0,0,0,0,0,0)]
for v in strings:
    if v != (0,0,0,0,0,0):
        w = sum(1 for x in v if x!=0)
        if w in (4,6)",---------------------------------------------------------------------------NameError                                 Traceback (most recent call last)/tmp/ipykernel_14220/24744813.py in <cell line: 0>
581a58,1,16,29,NameError,NameError: name 'LinearConstraint' is not defined,"import numpy as np, scipy.sparse as sp, math, time
num = len(candidates)
c = -np.ones(num)  # maximize sum
rows = []
cols = []
data = []
for idx, (i,j) in enumerate(forbidden_pairs):
    rows.append(i",---------------------------------------------------------------------------NameError                                 Traceback (most recent call last)/tmp/ipykernel_14220/3637531579.py in <cell line: 
581a58,1,16,31,NameError,NameError: name 'bounds' is not defined,"start = time.time()
res = milp(c=c, constraints=LinearConstraint(A, -np.inf, np.ones(len(forbidden_pairs))),
           bounds=bounds, integrality=integrality, options={'disp': True, 'presolve': True,",---------------------------------------------------------------------------NameError                                 Traceback (most recent call last)/tmp/ipykernel_14220/412018292.py in <cell line: 0
581a58,1,16,33,NameError,NameError: name 'integrality' is not defined,"start = time.time()
res = milp(c=c, constraints=LinearConstraint(A, -np.inf, np.ones(len(forbidden_pairs))),
           bounds=bounds, integrality=integrality, options={'disp': True, 'presolve': True,",---------------------------------------------------------------------------NameError                                 Traceback (most recent call last)/tmp/ipykernel_14220/412018292.py in <cell line: 0
581a58,1,16,38,NameError,NameError: name 'check_set' is not defined,print(check_set(selected)),---------------------------------------------------------------------------NameError                                 Traceback (most recent call last)/tmp/ipykernel_14220/1617541884.py in <cell line: 
581a58,1,19,7,NameError,NameError: name 'matches' is not defined,"def generate_code():
    while True:
        # random 3x6 matrix over GF(3)
        M = sp.Matrix([[random.randint(0,2) for _ in range(6)] for _ in range(3)])
        if M.rank() == 3:
            # g",---------------------------------------------------------------------------NameError                                 Traceback (most recent call last)/tmp/ipykernel_11184/440600116.py in <cell line: 0
581a58,1,19,10,NameError,NameError: name 'strings' is not defined,"def greedy_random(iterations=1000):
    best_set = []
    for _ in range(iterations):
        # random order of all strings
        order = list(range(len(strings)))
        random.shuffle(order)
    ",---------------------------------------------------------------------------NameError                                 Traceback (most recent call last)/tmp/ipykernel_11184/709395831.py in <cell line: 0
581a58,1,19,16,NameError,NameError: name 'random' is not defined,"def is_compatible(s, cur):
    for t in cur:
        if matches(s, t) not in (0,2):
            return False
    return True

def local_search(iterations=1000):
    cur = []
    # start with random ve",---------------------------------------------------------------------------NameError                                 Traceback (most recent call last)/tmp/ipykernel_13615/1855347206.py in <cell line: 
581a58,1,19,18,NameError,NameError: name 'strings' is not defined,"best = []
for _ in range(2000):
    cur = local_search()
    if len(cur) > len(best):
        best = cur
len(best)",---------------------------------------------------------------------------NameError                                 Traceback (most recent call last)/tmp/ipykernel_13615/3894099427.py in <cell line: 
581a58,1,19,22,NameError,NameError: name 'conflict_pairs' is not defined,"import math
total_pairs = len(strings)*(len(strings)-1)//2
conflict_pairs_num = len(conflict_pairs)
allowed_pairs_num = total_pairs - conflict_pairs_num
total_pairs, conflict_pairs_num, allowed_pairs_",---------------------------------------------------------------------------NameError                                 Traceback (most recent call last)/tmp/ipykernel_13615/722881233.py in <cell line: 0
581a58,1,19,26,NameError,NameError: name 'greedy_random' is not defined,"best = greedy_random(5000)
best[:5], len(best)",---------------------------------------------------------------------------NameError                                 Traceback (most recent call last)/tmp/ipykernel_15219/3809822373.py in <cell line: 
581a58,1,22,7,NameError,NameError: name 'n' is not defined,"# compute degree in allowed graph
deg_allowed = [0]*n
for i,j in allowed:
    deg_allowed[i]+=1
    deg_allowed[j]+=1
max_deg = max(deg_allowed)
min_deg = min(deg_allowed)
max_deg, min_deg",---------------------------------------------------------------------------NameError                                 Traceback (most recent call last)/tmp/ipykernel_12240/2191888534.py in <cell line: 
581a58,1,22,8,NameError,NameError: name 'words' is not defined,"n = len(words)
deg_allowed = [0]*n
for i,j in allowed:
    deg_allowed[i]+=1
    deg_allowed[j]+=1
max_deg = max(deg_allowed)
min_deg = min(deg_allowed)
max_deg, min_deg",---------------------------------------------------------------------------NameError                                 Traceback (most recent call last)/tmp/ipykernel_12240/2477354493.py in <cell line: 
581a58,1,22,13,NameError,NameError: name 'n' is not defined,"# Build adjacency list for allowed graph (set of neighbors)
neighbors = [set() for _ in range(n)]
for i,j in allowed:
    neighbors[i].add(j)
    neighbors[j].add(i)

# Quick function to find a large ",---------------------------------------------------------------------------NameError                                 Traceback (most recent call last)/tmp/ipykernel_13266/2131649386.py in <cell line: 
581a58,1,22,14,NameError,NameError: name 'words' is not defined,"n = len(words)
neighbors = [set() for _ in range(n)]
for i,j in allowed:
    neighbors[i].add(j)
    neighbors[j].add(i)

def greedy_clique():
    order = list(range(n))
    random.shuffle(order)
    ",---------------------------------------------------------------------------NameError                                 Traceback (most recent call last)/tmp/ipykernel_13266/1182814529.py in <cell line: 
581a58,1,22,23,NameError,NameError: name 'time' is not defined,"def bron_kerbosch_pivot(R, P, X, depth=0):
    global max_clique, max_size
    if not P and not X:
        # found maximal clique R
        if len(R) > max_size:
            max_size = len(R)
        ",---------------------------------------------------------------------------NameError                                 Traceback (most recent call last)/tmp/ipykernel_13956/637525335.py in <cell line: 0
581a58,1,22,27,NameError,NameError: name 'time' is not defined,"def max_clique_branch_and_bound():
    global max_clique, max_size
    max_clique = set()
    max_size = 0
    # order vertices by degeneracy ordering maybe
    # We'll use simple recursion with bound",---------------------------------------------------------------------------NameError                                 Traceback (most recent call last)/tmp/ipykernel_14481/45027642.py in <cell line: 0>
581a58,1,22,29,NameError,NameError: name 'n' is not defined,"start = time.time()
clique, size = max_clique_branch_and_bound()
print(""size"", size, ""time"", time.time()-start)",---------------------------------------------------------------------------NameError                                 Traceback (most recent call last)/tmp/ipykernel_14481/1428468851.py in <cell line: 
581a58,1,22,33,NameError,NameError: name 'n' is not defined,"# Build adjacency matrix as numpy array of dtype uint8
A = np.zeros((n,n), dtype=np.uint8)
for i,j in allowed:
    A[i,j] = 1
    A[j,i] = 1
# diagonal zero
# compute eigenvalues using numpy.linalg.ei",---------------------------------------------------------------------------NameError                                 Traceback (most recent call last)/tmp/ipykernel_14716/2539586580.py in <cell line: 
581a58,1,22,39,NameError,NameError: name 'disallowed' is not defined,"# compute degree in disallowed graph for first vertex
deg_disallowed = [0]*n
for i,j in disallowed:
    deg_disallowed[i]+=1
    deg_disallowed[j]+=1
deg_disallowed[0], max(deg_disallowed), min(deg_di",---------------------------------------------------------------------------NameError                                 Traceback (most recent call last)/tmp/ipykernel_14716/2208570949.py in <cell line: 
581a58,1,22,43,NameError,NameError: name 'n' is not defined,"def greedy_random(iterations=2000):
    best = []
    for _ in range(iterations):
        # random order of vertices
        order = list(range(n))
        random.shuffle(order)
        clique = []
  ",---------------------------------------------------------------------------NameError                                 Traceback (most recent call last)/tmp/ipykernel_15261/3816927384.py in <cell line: 
581a58,1,21,11,NameError,NameError: name 'n' is not defined,"# Build adjacency list for forbidden pairs (conflict graph)
conflict_adj = [set() for _ in range(n)]
for i,j in forbidden_pairs:
    conflict_adj[i].add(j)
    conflict_adj[j].add(i)
    
def greedy_i",---------------------------------------------------------------------------NameError                                 Traceback (most recent call last)/tmp/ipykernel_11976/985194736.py in <cell line: 0
581a58,1,21,22,AttributeError,AttributeError: module 'networkx.algorithms.approximation' has no attribute 'maximum_clique',"approx_clique = nx.algorithms.approximation.maximum_clique(G)
len(approx_clique)",---------------------------------------------------------------------------AttributeError                            Traceback (most recent call last)/tmp/ipykernel_11976/2678781879.py in <cell line: 
581a58,1,21,29,NameError,NameError: name 'time' is not defined,"start = time.time()
best, mask = max_clique_bitset()
elapsed = time.time() - start
best, elapsed",---------------------------------------------------------------------------NameError                                 Traceback (most recent call last)/tmp/ipykernel_14178/3704535953.py in <cell line: 
581a58,1,21,31,NameError,NameError: name 'vectors' is not defined,"start = time.time()
best, mask = max_clique_bitset()
elapsed = time.time() - start
best, elapsed",---------------------------------------------------------------------------NameError                                 Traceback (most recent call last)/tmp/ipykernel_14178/3704535953.py in <cell line: 
581a58,1,21,37,NameError,NameError: name 'time' is not defined,"def exists_clique_of_size(k):
    # returns True if there is a clique of size k
    n = len(vectors)
    adj = [0]*n
    for i,j in allowed_pairs:
        adj[i] |= 1 << j
        adj[j] |= 1 << i
   ",---------------------------------------------------------------------------NameError                                 Traceback (most recent call last)/tmp/ipykernel_14949/852727254.py in <cell line: 0
581a58,1,21,38,NameError,NameError: name 'vectors' is not defined,"import time
start = time.time()
exists19 = exists_clique_of_size(19)
elapsed = time.time() - start
exists19, elapsed",---------------------------------------------------------------------------NameError                                 Traceback (most recent call last)/tmp/ipykernel_14949/2621523232.py in <cell line: 
581a58,1,21,41,NameError,NameError: name 'best_mask' is not defined,"indices = [i for i in range(n) if (best_mask >> i) & 1]
patterns = [''.join(str(d) for d in vectors[i]) for i in indices]
patterns",---------------------------------------------------------------------------NameError                                 Traceback (most recent call last)/tmp/ipykernel_14949/4134148628.py in <cell line: 
581a58,1,21,42,NameError,NameError: name 'max_clique_bitset' is not defined,"best_size, best_mask = max_clique_bitset()
indices = [i for i in range(n) if (best_mask >> i) & 1]
patterns = [''.join(str(d) for d in vectors[i]) for i in indices]
len(patterns), patterns[:5]",---------------------------------------------------------------------------NameError                                 Traceback (most recent call last)/tmp/ipykernel_14949/969748022.py in <cell line: 0
581a58,1,15,5,AttributeError,AttributeError: module 'networkx.algorithms.approximation' has no attribute 'maximum_clique',"max_clique = nx.algorithms.approximation.maximum_clique(G)  # approximate
len(max_clique)",---------------------------------------------------------------------------AttributeError                            Traceback (most recent call last)/tmp/ipykernel_9462/2235982739.py in <cell line: 0
581a58,1,15,6,NameError,NameError: name 'G' is not defined,"max_size = 0
max_cliques = []
for clique in nx.find_cliques(G):
    size = len(clique)
    if size > max_size:
        max_size = size
        max_cliques = [clique]
    elif size == max_size:
       ",---------------------------------------------------------------------------NameError                                 Traceback (most recent call last)/tmp/ipykernel_9462/9178650.py in <cell line: 0>()
581a58,1,15,18,NameError,NameError: name 'n' is not defined,"best_clique = []
def bronk(R, P, X):
    global best_clique
    # pruning
    if len(R) + len(P) <= len(best_clique):
        return
    if not P and not X:
        if len(R) > len(best_clique):
     ",---------------------------------------------------------------------------NameError                                 Traceback (most recent call last)/tmp/ipykernel_13350/1525970665.py in <cell line: 
581a58,1,15,23,NameError,NameError: name 'n' is not defined,"degrees = [len(adj[i]) for i in range(n)]
max(degrees), min(degrees)",---------------------------------------------------------------------------NameError                                 Traceback (most recent call last)/tmp/ipykernel_13830/3183322730.py in <cell line: 
581a58,1,15,45,NameError,NameError: name 'nx' is not defined,nx.algorithms.approximation.clique.large_clique_size(G),---------------------------------------------------------------------------NameError                                 Traceback (most recent call last)/tmp/ipykernel_14842/4279998002.py in <cell line: 
581a58,1,18,8,NameError,NameError: name 'vectors' is not defined,"# Build list of conflict pairs (disallowed)
conflict_pairs = []
for i in range(len(vectors)):
    vi = vectors[i]
    for j in range(i+1, len(vectors)):
        vj = vectors[j]
        m = matches(vi,",---------------------------------------------------------------------------NameError                                 Traceback (most recent call last)/tmp/ipykernel_11100/87959703.py in <cell line: 0>
581a58,1,18,12,NameError,NameError: name 'vectors' is not defined,"import random, itertools, math, time

def compatible(v, S):
    for u in S:
        m = matches(v,u)
        if m not in (0,2):
            return False
    return True

def greedy_random(iterations=1",---------------------------------------------------------------------------NameError                                 Traceback (most recent call last)/tmp/ipykernel_12348/3563237432.py in <cell line: 
581a58,1,18,17,NameError,NameError: name 'vectors' is not defined,"G = nx.Graph()
G.add_nodes_from(range(len(vectors)))
for i in range(len(vectors)):
    for j in adj_sets[i]:
        if j > i:
            G.add_edge(i, j)

max_clique_approx = nx.algorithms.approxima",---------------------------------------------------------------------------NameError                                 Traceback (most recent call last)/tmp/ipykernel_13764/3317008985.py in <cell line: 
581a58,1,18,19,AttributeError,AttributeError: module 'networkx.algorithms.clique' has no attribute 'graph_clique_number',"size = nx.algorithms.clique.graph_clique_number(G)
size",---------------------------------------------------------------------------AttributeError                            Traceback (most recent call last)/tmp/ipykernel_13764/2133268218.py in <cell line: 
581a58,1,18,27,NameError,NameError: name 'matches' is not defined,"def generate_set():
    S = []
    for a in range(3):
        for b in range(3):
            for c in range(3):
                v = (a, b, c, (a+b)%3, (b+c)%3, (c+a)%3)
                S.append(v)
   ",---------------------------------------------------------------------------NameError                                 Traceback (most recent call last)/tmp/ipykernel_15099/1411898778.py in <cell line: 
581a58,1,12,7,NameError,NameError: name 'n' is not defined,"total_pairs = n*(n-1)//2
allowed_pairs = sum(len(neigh) for neigh in adj)//2
forbidden_pairs = total_pairs - allowed_pairs
total_pairs, allowed_pairs, forbidden_pairs",---------------------------------------------------------------------------NameError                                 Traceback (most recent call last)/tmp/ipykernel_11742/2159007232.py in <cell line: 
581a58,1,12,12,NameError,NameError: name 'n' is not defined,"def greedy_clique(start):
    # start is vertex index
    clique = [start]
    # candidate set: vertices adjacent to all in clique
    candidates = set(adj[start])
    while candidates:
        # choo",---------------------------------------------------------------------------NameError                                 Traceback (most recent call last)/tmp/ipykernel_12954/813823859.py in <cell line: 0
581a58,1,12,18,NameError,NameError: name 'best_set' is not defined,"def verify_set(indices):
    for i in range(len(indices)):
        for j in range(i+1, len(indices)):
            d = hamming_distance(words[indices[i]], words[indices[j]])
            if d not in all",---------------------------------------------------------------------------NameError                                 Traceback (most recent call last)/tmp/ipykernel_12954/3932803397.py in <cell line: 
581a58,1,12,19,NameError,NameError: name 'greedy_random' is not defined,"best_set = greedy_random(2000)
len(best_set), best_set[:5]",---------------------------------------------------------------------------NameError                                 Traceback (most recent call last)/tmp/ipykernel_12954/1668986342.py in <cell line: 
581a58,1,12,28,NameError,NameError: name 'n' is not defined,"import networkx as nx
G = nx.Graph()
G.add_nodes_from(range(n))
# add forbidden edges (distance not allowed)
for i,j in forbidden_pairs:
    G.add_edge(i,j)
# approximate maximum independent set (i.e.",---------------------------------------------------------------------------NameError                                 Traceback (most recent call last)/tmp/ipykernel_13993/1247964930.py in <cell line: 
581a58,1,12,35,NameError,NameError: name 'adj' is not defined,"def words_to_index():
    # map tuple to index using base-3 conversion
    mapping = {}
    for idx, tup in enumerate(itertools.product(range(3), repeat=6)):
        mapping[tup] = idx
    return mapp",---------------------------------------------------------------------------NameError                                 Traceback (most recent call last)/tmp/ipykernel_13993/4143598614.py in <cell line: 
581a58,1,12,39,NameError,NameError: name 'random' is not defined,"def random_greedy_clique(iterations=20000):
    best = []
    for _ in range(iterations):
        start = random.randrange(n)
        clique = [start]
        candidates = set(adj[start])
        whil",---------------------------------------------------------------------------NameError                                 Traceback (most recent call last)/tmp/ipykernel_14907/2914099977.py in <cell line: 
581a58,1,12,41,NameError,NameError: name 'n' is not defined,"best_clique = random_greedy_clique(2000)
len(best_clique)",---------------------------------------------------------------------------NameError                                 Traceback (most recent call last)/tmp/ipykernel_14907/2259993036.py in <cell line: 
d4b03c,1,19,4,AttributeError,AttributeError: module 'math' has no attribute 'phi',"def ordered_coprime_pairs(t):
    cnt=0
    for a in range(1,t+1):
        for b in range(1,t+1):
            if math.gcd(a,b)==1:
                cnt+=1
    return cnt

def formula(t):
    return 2*s",---------------------------------------------------------------------------AttributeError                            Traceback (most recent call last)/tmp/ipykernel_15219/3077361066.py in <cell line: 
d4b03c,1,10,6,NameError,NameError: name 'is_pretty' is not defined,"def is_pretty_simple(m,n,k):
    return (m+n>k) and (k % math.gcd(m,n) == 0)

def is_cool_simple(m,n,k):
    if not is_pretty_simple(m,n,k):
        return False
    # cool condition: max(m,n) <= k
  ",---------------------------------------------------------------------------NameError                                 Traceback (most recent call last)/tmp/ipykernel_15519/3485841468.py in <cell line: 
d4b03c,1,23,2,NameError,NameError: name 'pairs' is not defined,len(pairs),---------------------------------------------------------------------------NameError                                 Traceback (most recent call last)/tmp/ipykernel_15099/1253807782.py in <cell line: 
d4b03c,1,23,3,NameError,NameError: name 'pretty_pairs' is not defined,"alpha = math.sqrt(2)
k=2310
pairs = pretty_pairs(alpha,k,2000)
len(pairs)",---------------------------------------------------------------------------NameError                                 Traceback (most recent call last)/tmp/ipykernel_15099/1041241454.py in <cell line: 
d4b03c,1,23,13,NameError,NameError: name 'pretty_pairs' is not defined,"alpha=math.sqrt(2)
k=2310
pairs=pretty_pairs(alpha,k,2000)
cool=set()
for m,n in pairs:
    cond1 = (m>n) and ((m-n,n) in set(pairs))
    cond2 = (n>m) and ((m,n-m) in set(pairs))
    if not cond1 and",---------------------------------------------------------------------------NameError                                 Traceback (most recent call last)/tmp/ipykernel_15567/2459887629.py in <cell line: 
d4b03c,1,17,9,NameError,NameError: name 'k' is not defined,"def condition_exists(m,n,k):
    # check existence of x in (0,1) such that (k - m)/n < x < k/n and also x<1
    lower = max(0, (k - m)/n)
    upper = min(1, k / n)
    return lower < upper

# test for",---------------------------------------------------------------------------NameError                                 Traceback (most recent call last)/tmp/ipykernel_15393/305595767.py in <cell line: 0
d4b03c,1,17,11,NameError,NameError: name 'alpha' is not defined,"def pretty_alpha(alpha,k,m,n):
    return m*(math.floor(n*alpha)+1) - n*math.floor(m*alpha) == k

def condition_exists(m,n,k):
    lower = max(0, (k - m)/n)
    upper = min(1, k / n)
    return lower ",---------------------------------------------------------------------------NameError                                 Traceback (most recent call last)/tmp/ipykernel_15393/4210756646.py in <cell line: 
d4b03c,1,4,14,NameError,NameError: name 'cool_count' is not defined,"def cool_count_alpha(alpha,k,limit):
    return cool_count(alpha,k,limit)

def cool_counts_for_alpha(k, limit=2000):
    alphas = [math.sqrt(2), math.pi, math.e, math.sqrt(3), 1.618033988749895] # gol",---------------------------------------------------------------------------NameError                                 Traceback (most recent call last)/tmp/ipykernel_15939/3558643477.py in <cell line: 
d4b03c,1,4,19,NameError,NameError: name 'cool_count' is not defined,"def num_divisors(n):
    cnt=0
    for i in range(1,int(math.sqrt(n))+1):
        if n%i==0:
            cnt+=2
    if int(math.sqrt(n))**2==n:
        cnt-=1
    return cnt

for k_test in range(1,13)",---------------------------------------------------------------------------NameError                                 Traceback (most recent call last)/tmp/ipykernel_16107/1522189173.py in <cell line: 
d4b03c,1,4,20,NameError,NameError: name 'alpha' is not defined,"def cool_count_bruteforce(alpha,k,limit):
    cool=set()
    for m in range(1, limit+1):
        for n in range(1, limit+1):
            if m*math.ceil(n*alpha) - n*math.floor(m*alpha) == k:
         ",---------------------------------------------------------------------------NameError                                 Traceback (most recent call last)/tmp/ipykernel_16107/1706205710.py in <cell line: 
d4b03c,1,14,8,NameError,NameError: name 'sp' is not defined,"def C(t):
    cnt=0
    for a in range(1,t+1):
        for b in range(1,t+1):
            if math.gcd(a,b)==1:
                cnt+=1
    return cnt

for t in range(1,6):
    print(t, C(t), 2*sum(sp.t",---------------------------------------------------------------------------NameError                                 Traceback (most recent call last)/tmp/ipykernel_15813/3087788981.py in <cell line: 
d4b03c,1,14,12,NameError,NameError: name 'pretty' is not defined,"def pretty_condition(m,n,k):
    return (m+n>k) and (k % math.gcd(m,n)==0)

def brute_pretty(alpha,k,limit):
    res=[]
    for m in range(1,limit+1):
        for n in range(1,limit+1):
            if",---------------------------------------------------------------------------NameError                                 Traceback (most recent call last)/tmp/ipykernel_15813/142943304.py in <cell line: 0
d4b03c,1,14,15,NameError,NameError: name 'cool' is not defined,"def count_cool_up_to(alpha,k,limit):
    cnt=0
    for m in range(1,limit+1):
        for n in range(1,limit+1):
            if cool(alpha,k,m,n):
                cnt+=1
    return cnt

alpha1=math.sq",---------------------------------------------------------------------------NameError                                 Traceback (most recent call last)/tmp/ipykernel_15813/2379371598.py in <cell line: 
d4b03c,1,12,11,NameError,NameError: name 'pretty_pairs' is not defined,"def interval_length(m,n,alpha):
    A = math.floor(m*alpha)
    B = math.floor(n*alpha)
    left = max(A/m, B/n)
    right = min((A+1)/m, (B+1)/n)
    return max(0, right-left)

alpha = math.sqrt(2)
p",---------------------------------------------------------------------------NameError                                 Traceback (most recent call last)/tmp/ipykernel_15435/3551636346.py in <cell line: 
d4b03c,1,13,25,NameError,NameError: name 'cool_pairs' is not defined,"def max_mn_limit(alpha,k,limit):
    pairs = cool_pairs(alpha,k,limit)
    if not pairs:
        return 0,0
    maxm = max(m for m,n in pairs)
    maxn = max(n for m,n in pairs)
    return maxm, maxn
",---------------------------------------------------------------------------NameError                                 Traceback (most recent call last)/tmp/ipykernel_16023/2090797379.py in <cell line: 
d4b03c,1,13,31,NameError,NameError: name 'count_cool' is not defined,"alpha3 = math.sqrt(3)
for k in range(1,11):
    cnt = count_cool(alpha3,k,2000)
    print(k,cnt)",---------------------------------------------------------------------------NameError                                 Traceback (most recent call last)/tmp/ipykernel_16023/3959755156.py in <cell line: 
d4b03c,1,8,13,NameError,NameError: name 'sigma' is not defined,"def count_cool_limit(alpha,k,limit):
    pretty=set()
    for m in range(1,limit+1):
        floor_m = math.floor(m*alpha)
        for n in range(1,limit+1):
            if m*math.ceil(n*alpha) - n*fl","54 2000 119
54 4000 120
54 8000 120
54 12000 120
---------------------------------------------------------------------------NameError                                 Traceback (most recent call last)/"
d4b03c,1,8,23,NameError,NameError: name 'cool_pairs' is not defined,"cool = cool_pairs(alpha,10,2000)
len(cool), sorted(cool)[:30]",---------------------------------------------------------------------------NameError                                 Traceback (most recent call last)/tmp/ipykernel_16065/3811741222.py in <cell line: 
d4b03c,1,20,10,NameError,NameError: name 'cool_pairs_alpha' is not defined,"def count_cool_up_to(k, max_val, alpha):
    cool = cool_pairs_alpha(k, max_val, max_val, alpha)
    return len(cool)

for k in range(1,6):
    for max_val in [20,40,80,160]:
        print(k, max_val,",---------------------------------------------------------------------------NameError                                 Traceback (most recent call last)/tmp/ipykernel_15897/2099180221.py in <cell line: 
d4b03c,1,1,20,AttributeError,AttributeError: 'One' object has no attribute 'divides',"def pretty_by_conditions(alpha,k,limit):
    pairs=[]
    for m in range(1,limit+1):
        for n in range(1,limit+1):
            if m+n>k and sp.gcd(m,n).divides(k):
                if m*math.ceil(",---------------------------------------------------------------------------AttributeError                            Traceback (most recent call last)/tmp/ipykernel_13308/3566460822.py in <cell line: 
d4b03c,1,9,12,NameError,NameError: name 'pretty_pairs' is not defined,"def chain(alpha, K, m, n):
    seq = [(m,n)]
    while True:
        if m>n:
            m2 = m-n
            n2 = n
        elif n>m:
            m2 = m
            n2 = n-m
        else:
           ",---------------------------------------------------------------------------NameError                                 Traceback (most recent call last)/tmp/ipykernel_15477/1113710816.py in <cell line: 
d4b03c,1,16,27,TypeError,TypeError: pretty_check() takes 3 positional arguments but 4 were given,"def cool_ancestor(alpha, m, n, K):
    # assume (m,n) pretty
    while True:
        if m>n:
            # check if (m-n,n) pretty
            if pretty_check(alpha,m-n,n,K):
                # need to",---------------------------------------------------------------------------TypeError                                 Traceback (most recent call last)/tmp/ipykernel_14613/2855938530.py in <cell line: 
d4b03c,1,26,8,NameError,NameError: name 'brute_check' is not defined,"limit=500
pretty_set=brute_check(limit)
cond_set=condition_set(limit)
len(pretty_set), len(cond_set), len(pretty_set - cond_set), len(cond_set - pretty_set)",---------------------------------------------------------------------------NameError                                 Traceback (most recent call last)/tmp/ipykernel_16383/114497154.py in <cell line: 0
d4b03c,1,41,15,NameError,NameError: name 'count_cool' is not defined,"cnt,cool=count_cool(6,alpha,limit=5000)
cnt, sorted(cool)[:20]",---------------------------------------------------------------------------NameError                                 Traceback (most recent call last)/tmp/ipykernel_16803/1031795731.py in <cell line: 
d4b03c,1,30,20,NameError,NameError: name 'sum_of_divisors' is not defined,"def cool_pairs_for_k(alpha, k, max_mn=5000):
    # compute all pretty pairs up to max_mn for both m,n
    pretty = {}
    for m in range(1, max_mn+1):
        floor_m = math.floor(m*alpha)
        for",---------------------------------------------------------------------------NameError                                 Traceback (most recent call last)/tmp/ipykernel_17058/1936168554.py in <cell line: 
d4b03c,1,30,28,NameError,NameError: name 'list_cool' is not defined,"alpha = math.sqrt(2)
cool6 = list_cool(alpha, 6, 2000)
len(cool6), cool6[:20]",---------------------------------------------------------------------------NameError                                 Traceback (most recent call last)/tmp/ipykernel_17058/1777503176.py in <cell line: 
d4b03c,1,44,9,NameError,NameError: name 'count_pretty_cool' is not defined,"pretty, cool = count_pretty_cool(alpha, k, max_m=200)
len(pretty)",---------------------------------------------------------------------------NameError                                 Traceback (most recent call last)/tmp/ipykernel_16635/547706359.py in <cell line: 0
d4b03c,1,36,10,TypeError,TypeError: 'set' object is not subscriptable,"def reachable_k(m,n,alpha_samples=10000):
    ks=set()
    for a in np.random.rand(alpha_samples)*10+0.1: # random irrationals approximated
        # ensure irrational? random real is almost surely ir",---------------------------------------------------------------------------TypeError                                 Traceback (most recent call last)/tmp/ipykernel_16761/2180713461.py in <cell line: 
d4b03c,1,36,12,NameError,NameError: name 'random' is not defined,"def reachable_k_irrational(m,n,tries=20000):
    ks=set()
    for _ in range(tries):
        # generate random irrational by sqrt of random integer not perfect square
        a = random.random()*10+0.",---------------------------------------------------------------------------NameError                                 Traceback (most recent call last)/tmp/ipykernel_16761/4066103814.py in <cell line: 
d4b03c,1,36,15,NameError,NameError: name 'count_cool_up_to' is not defined,"cnt,cool_pairs=count_cool_up_to(alpha,1,200)
cnt, cool_pairs[:10]",---------------------------------------------------------------------------NameError                                 Traceback (most recent call last)/tmp/ipykernel_16761/1371594409.py in <cell line: 
d4b03c,1,36,16,NameError,NameError: name 'alpha' is not defined,"def count_cool_up_to(alpha,k,limit):
    pretty=set()
    for m in range(1,limit+1):
        for n in range(1,limit+1):
            if is_pretty(m,n,alpha,k):
                pretty.add((m,n))
    coo",---------------------------------------------------------------------------NameError                                 Traceback (most recent call last)/tmp/ipykernel_16761/3248728953.py in <cell line: 
d4b03c,1,36,17,NameError,NameError: name 'is_pretty' is not defined,"alpha=math.sqrt(2)
cnt,cool_pairs=count_cool_up_to(alpha,1,200)
cnt, sorted(cool_pairs)[:20]",---------------------------------------------------------------------------NameError                                 Traceback (most recent call last)/tmp/ipykernel_16761/570777702.py in <cell line: 0
d4b03c,1,47,11,NameError,NameError: name 'pretty' is not defined,"from collections import Counter
cnt_per_m = Counter([m for (m,n) in pretty])
cnt_per_m.most_common(10)",---------------------------------------------------------------------------NameError                                 Traceback (most recent call last)/tmp/ipykernel_16467/3450094547.py in <cell line: 
d4b03c,1,27,17,NameError,NameError: name 'cool_pairs' is not defined,"def cool_pairs_list(alpha,k,max_mn):
    return cool_pairs(alpha,k,max_mn)

cool10 = cool_pairs_list(math.sqrt(2),10,5000)
max_m = max(m for m,n in cool10)
max_n = max(n for m,n in cool10)
len(cool10)",---------------------------------------------------------------------------NameError                                 Traceback (most recent call last)/tmp/ipykernel_16890/2720461986.py in <cell line: 
d4b03c,1,27,26,NameError,NameError: name 'cool_pairs' is not defined,"def count_cool_limit(alpha,k,limit):
    return len(cool_pairs(alpha,k,limit))

def test_up_to(maxk):
    for k in range(1,maxk+1):
        cnt = count_cool_limit(math.sqrt(2),k,2000)
        sigma_k ",---------------------------------------------------------------------------NameError                                 Traceback (most recent call last)/tmp/ipykernel_17100/3684136888.py in <cell line: 
d4b03c,1,27,27,NameError,NameError: name 'sp' is not defined,"def pretty_pairs(alpha,k,limit):
    res=[]
    for m in range(1,limit+1):
        A = math.floor(m*alpha)
        for n in range(1,limit+1):
            B = math.floor(n*alpha)
            if m*(B+1)",---------------------------------------------------------------------------NameError                                 Traceback (most recent call last)/tmp/ipykernel_17100/2514180508.py in <cell line: 
d4b03c,1,39,12,NameError,NameError: name 'alpha' is not defined,"def cool_pairs(alpha,k,limit):
    pretty=set(pretty_pairs_limit(alpha,k,limit))
    cool=[]
    for m,n in pretty:
        ok=True
        if m>n and (m-n,n) in pretty:
            ok=False
        i",---------------------------------------------------------------------------NameError                                 Traceback (most recent call last)/tmp/ipykernel_16677/3122078495.py in <cell line: 
d4b03c,1,39,13,NameError,NameError: name 'pretty_pairs_limit' is not defined,"alpha=math.sqrt(2)
for k in [10,20,30,40,50,60,70,80,90,100]:
    ratio = max_mn_ratio(alpha,k,2000)
    print(k, ratio)",---------------------------------------------------------------------------NameError                                 Traceback (most recent call last)/tmp/ipykernel_16677/2965943951.py in <cell line: 
d4b03c,1,32,29,TypeError,TypeError: cannot unpack non-iterable NoneType object,"p,q = solve_mq_np(m,n,1310)
p,q",---------------------------------------------------------------------------TypeError                                 Traceback (most recent call last)/tmp/ipykernel_16107/3397244538.py in <cell line: 
d4b03c,1,28,20,NameError,NameError: name 'coollist' is not defined,"cool_set = set(coollist)
any(m>k for m,n in cool_set), any(n>k for m,n in cool_set)",---------------------------------------------------------------------------NameError                                 Traceback (most recent call last)/tmp/ipykernel_16932/329258281.py in <cell line: 0
d4b03c,1,28,21,NameError,NameError: name 'alpha' is not defined,"def cool_pairs_up_to(alpha,k,limit):
    pretty = set(pretty_pairs(alpha,k,limit))
    cool = set()
    for (m,n) in pretty:
        cond1 = (m>n) and ((m-n,n) in pretty)
        cond2 = (n>m) and ((m",---------------------------------------------------------------------------NameError                                 Traceback (most recent call last)/tmp/ipykernel_16932/889886211.py in <cell line: 0
d4b03c,1,28,22,NameError,NameError: name 'pretty_pairs' is not defined,"alpha = math.sqrt(2)
k = 2310
cool_set = cool_pairs_up_to(alpha,k,5000)
len(cool_set), sum(1 for m,n in cool_set if m>k or n>k)",---------------------------------------------------------------------------NameError                                 Traceback (most recent call last)/tmp/ipykernel_16932/2651770563.py in <cell line: 
d4b03c,1,37,8,NameError,NameError: name 'alpha' is not defined,"def cool_pairs(alpha, k=2310, limit=2000):
    pretty=set()
    for m in range(1, limit+1):
        floor_m = math.floor(m*alpha)
        for n in range(1, limit+1):
            if m*math.ceil(n*alpha",---------------------------------------------------------------------------NameError                                 Traceback (most recent call last)/tmp/ipykernel_16470/3662744992.py in <cell line: 
d4b03c,1,37,25,KeyError,"KeyError: slice(None, 5, None)","def cool_count_limit(alpha, k):
    # compute cool count with bound large enough using heuristic: bound m up to 5*k maybe
    bound = 5*k
    return cool_count_bruteforce(alpha, k, bound)

# compute f",---------------------------------------------------------------------------KeyError                                  Traceback (most recent call last)/tmp/ipykernel_16470/2181286463.py in <cell line: 
d4b03c,1,45,23,NameError,NameError: name 'is_cool' is not defined,"def cool_count(alpha,k,limit):
    cnt=0
    for m in range(1,limit+1):
        # n must be > k - m
        start = max(1, k - m + 1)
        for n in range(start, limit+1):
            if is_cool((m,",---------------------------------------------------------------------------NameError                                 Traceback (most recent call last)/tmp/ipykernel_17016/379399776.py in <cell line: 0
d4b03c,1,45,36,NameError,NameError: name 'cool_pairs_up_to' is not defined,"def total_cool(alpha,k,limit):
    return len(cool_pairs_up_to(alpha,k,limit))

def total_cool_until(alpha,k):
    # increase limit until count stabilizes
    prev=-1
    limit= k*10
    while True:
 ",---------------------------------------------------------------------------NameError                                 Traceback (most recent call last)/tmp/ipykernel_17016/2925619049.py in <cell line: 
d4b03c,1,38,53,NameError,NameError: name 'cool6' is not defined,"def cool_condition(pair, k):
    m,n = pair
    return (m <= k and n <= k) or (m <= k < n) or (n <= k < m)

for pair in cool6:
    print(pair, cool_condition(pair,6))",---------------------------------------------------------------------------NameError                                 Traceback (most recent call last)/tmp/ipykernel_17142/3322049270.py in <cell line: 
d4b03c,1,38,54,NameError,NameError: name 'cool_pairs' is not defined,"cool6 = cool_pairs(math.sqrt(2), 6, 2000)
len(cool6)",---------------------------------------------------------------------------NameError                                 Traceback (most recent call last)/tmp/ipykernel_17142/1384706286.py in <cell line: 
d4b03c,1,31,23,NameError,NameError: name 'pretty_pairs_bruteforce' is not defined,"def cool_count(k, max_m=2000):
    alpha = math.sqrt(2)
    pretty = set(pretty_pairs_bruteforce(k, max_m))
    cool = cool_pairs(pretty)
    return len(cool)

for k in range(1,21):
    print(k, cool_",---------------------------------------------------------------------------NameError                                 Traceback (most recent call last)/tmp/ipykernel_16974/742489502.py in <cell line: 0
3980cd,0,12,6,NameError,NameError: name 'test' is not defined,"for N in [3,5,7,9,15,21]:
    print(N, test(N))",---------------------------------------------------------------------------NameError                                 Traceback (most recent call last)/tmp/ipykernel_16677/1142800055.py in <cell line: 
3980cd,0,12,19,NameError,NameError: name 'primitive_roots' is not defined,"def test_N_full(N, max_e):
    roots=primitive_roots(N)
    for e in range(1, max_e+1):
        prod=1+0j
        for r in roots:
            prod*= (r**e + 1)
        if abs(prod-1)>1e-6:
           ",---------------------------------------------------------------------------NameError                                 Traceback (most recent call last)/tmp/ipykernel_17364/186975035.py in <cell line: 0
3980cd,0,5,3,ImportError,ImportError: cannot import name 'primitive_root_of_unity' from 'sympy' (/usr/local/lib/python3.12/dist-packages/sympy/__init__.py),"from sympy import primitive_root_of_unity, N
candidates = [sp.Integer(0)]
for n in range(2,9):
    for k in range(1,n):
        candidates.append(primitive_root_of_unity(n)**k)
len(candidates)",---------------------------------------------------------------------------ImportError                               Traceback (most recent call last)/tmp/ipykernel_16803/427080685.py in <cell line: 0
3980cd,0,3,18,TypeError,TypeError: 'Symbol' object is not iterable,"def find_solution(m, trials=10):
    # variables r1..rm
    rs = sp.symbols(' '.join([f'r{i+1}' for i in range(m)]))
    equations = []
    for e in range(1, m+1):
        prod = 1
        for r in rs",---------------------------------------------------------------------------TypeError                                 Traceback (most recent call last)/tmp/ipykernel_17016/500530853.py in <cell line: 0
3980cd,0,3,19,TypeError,TypeError: 'Symbol' object is not iterable,"def find_solution(m, trials=10):
    rs = sp.symbols(' '.join([f'r{i+1}' for i in range(m)]))
    equations = []
    for e in range(1, m+1):
        prod = 1
        for r in rs:
            prod *= (",---------------------------------------------------------------------------TypeError                                 Traceback (most recent call last)/tmp/ipykernel_17016/3248634899.py in <cell line: 
3980cd,0,3,20,NameError,NameError: name 'random' is not defined,"def find_solution(m, trials=10):
    if m == 1:
        rs = (sp.symbols('r1'),)
    else:
        rs = sp.symbols(' '.join([f'r{i+1}' for i in range(m)]))
    equations = []
    for e in range(1, m+1",---------------------------------------------------------------------------NameError                                 Traceback (most recent call last)/tmp/ipykernel_17016/2154091781.py in <cell line: 
3980cd,0,23,14,NameError,NameError: name 'sp' is not defined,sp.factorint(1365),---------------------------------------------------------------------------NameError                                 Traceback (most recent call last)/tmp/ipykernel_17448/3415028686.py in <cell line: 
3980cd,0,4,6,ValueError,ValueError: Could not find root within given tolerance. (0.00000001916192691868420273611889692159492693128195259767997489081149957518869 > 1.85460307534371069286586763077381975668378238937889550122651,"import sympy as sp
a,b,c = sp.symbols('a b c')
eq1 = (a+1)*(b+1)*(c+1)-1
eq2 = (a**2+1)*(b**2+1)*(c**2+1)-1
eq3 = (a**3+1)*(b**3+1)*(c**3+1)-1
# Use nsolve with random initial guesses
sol = sp.nsolve(",---------------------------------------------------------------------------ValueError                                Traceback (most recent call last)/tmp/ipykernel_15855/3044400652.py in <cell line: 
3980cd,0,4,14,AttributeError,AttributeError: module 'sympy' has no attribute 'mp',"sp.mp.dps = 50
# Use higher precision nsolve
def find_solution_prec(n,m, prec=50):
    sp.mp.dps = prec
    rs = sp.symbols('r0:'+str(n))
    equations = []
    for e in range(1,m+1):
        prod = 1",---------------------------------------------------------------------------AttributeError                            Traceback (most recent call last)/tmp/ipykernel_15855/2589778554.py in <cell line: 
3980cd,0,4,28,NameError,NameError: name 'sp' is not defined,"a=sp.symbols('a')
eq = sp.expand((a**2+1)*(2*a**2+2*a+1) - (a+1)**2)
sp.factor(eq)",---------------------------------------------------------------------------NameError                                 Traceback (most recent call last)/tmp/ipykernel_17616/40049725.py in <cell line: 0>
3980cd,0,6,16,NameError,NameError: name 'solve_n_m_numeric' is not defined,"sol4 = solve_n_m_numeric(4,4,tries=20)
print(sol4)",---------------------------------------------------------------------------NameError                                 Traceback (most recent call last)/tmp/ipykernel_17490/2674702429.py in <cell line: 
3980cd,0,6,19,NameError,NameError: name 'np' is not defined,"roots = np.roots([1,0,0,1,1])
roots",---------------------------------------------------------------------------NameError                                 Traceback (most recent call last)/tmp/ipykernel_17574/1006609921.py in <cell line: 
676ce2,1,20,5,NameError,NameError: name 'feasible_js' is not defined,"def min_total_given_gap():
    total = 1997
    feasible_js = []
    for j in range(1, 38+1):  # j index where first large jump occurs (a_j)
        # early count = j-1
        early_cnt = j-1
       ",---------------------------------------------------------------------------NameError                                 Traceback (most recent call last)/tmp/ipykernel_17364/2535178027.py in <cell line: 
676ce2,1,19,5,AttributeError,AttributeError: module 'scipy.optimize' has no attribute '__version__',opt.__version__,---------------------------------------------------------------------------AttributeError                            Traceback (most recent call last)/tmp/ipykernel_14220/23301051.py in <cell line: 0>
676ce2,1,19,7,TypeError,TypeError: milp() got an unexpected keyword argument 'A_ub',"def feasible_S(S):
    n = 38
    m = 37
    total_vars = n + m  # x_i and y_k
    # variable order: x0..x37, y0..y36
    # bounds
    lb = np.zeros(total_vars)
    ub = np.full(total_vars, np.inf)
  ",---------------------------------------------------------------------------TypeError                                 Traceback (most recent call last)/tmp/ipykernel_14220/1374023907.py in <cell line: 
676ce2,1,9,4,AttributeError,AttributeError: module 'sympy' has no attribute 'ceil',"def min_S_for_L_d(L,d,total=1997):
    R = 37 - L
    # minimal prefix sum
    X0 = L*(L+1)//2
    # a_k = L + d
    a_k = L + d
    # minimal suffix sum
    Y0 = R*a_k + R*(R+1)//2
    T_min = X0 + a",---------------------------------------------------------------------------AttributeError                            Traceback (most recent call last)/tmp/ipykernel_17100/992964459.py in <cell line: 0
1ec970,0,3,12,NameError,NameError: name 'random_points_in_circle' is not defined,"def random_sum():
    pts=random_points_in_circle(100, radius=1.0)
    a,s=max_visible(pts)
    return s

best=0
for _ in range(30):
    s=random_sum()
    if s>best:
        best=s
print(""best random",---------------------------------------------------------------------------NameError                                 Traceback (most recent call last)/tmp/ipykernel_18078/3597929533.py in <cell line: 
1ec970,0,3,18,NameError,NameError: name 'hill_climb_general' is not defined,"s,b=hill_climb_general(init, iterations=5000, step=0.1)
print(s)",---------------------------------------------------------------------------NameError                                 Traceback (most recent call last)/tmp/ipykernel_18288/1307838851.py in <cell line: 
1ec970,0,3,19,NameError,NameError: name 'points_on_arc' is not defined,"def hill_climb_general(initial_pts, iterations=5000, step=0.05):
    pts=[p for p in initial_pts]
    a,s = max_visible(pts)
    best_s=s
    best_pts=[p for p in pts]
    for it in range(iterations):",---------------------------------------------------------------------------NameError                                 Traceback (most recent call last)/tmp/ipykernel_18288/3413614936.py in <cell line: 
1ec970,0,3,21,NameError,NameError: name 'max_visible' is not defined,"init=points_on_arc(100, radius=1.0, arc_deg=90)
s,b=hill_climb_general(init, iterations=5000, step=0.05)
print(s)",---------------------------------------------------------------------------NameError                                 Traceback (most recent call last)/tmp/ipykernel_18288/442153265.py in <cell line: 0
1ec970,0,3,23,NameError,NameError: name 'random' is not defined,"init=points_on_arc(100, radius=1.0, arc_deg=90)
s,b=hill_climb_general(init, iterations=5000, step=0.05)
print(s)",---------------------------------------------------------------------------NameError                                 Traceback (most recent call last)/tmp/ipykernel_18288/442153265.py in <cell line: 0
1ec970,0,3,26,NameError,NameError: name 'init' is not defined,"def multi_hill(initial_pts, runs=5, iters=5000, step=0.05):
    best_s=0
    best_pts=None
    for r in range(runs):
        s,pts=hill_climb_general(initial_pts, iterations=iters, step=step)
        ",---------------------------------------------------------------------------NameError                                 Traceback (most recent call last)/tmp/ipykernel_18546/2189931038.py in <cell line: 
1ec970,0,3,27,NameError,NameError: name 'points_on_arc' is not defined,"init=points_on_arc(100, radius=1.0, arc_deg=90)
best_s,best_pts=multi_hill(init, runs=5, iters=5000, step=0.05)
print(best_s)",---------------------------------------------------------------------------NameError                                 Traceback (most recent call last)/tmp/ipykernel_18546/2409773351.py in <cell line: 
1ec970,0,3,29,NameError,NameError: name 'hill_climb_general' is not defined,"init=points_on_arc(100, radius=1.0, arc_deg=90)
best_s,best_pts=multi_hill(init, runs=5, iters=5000, step=0.05)
print(best_s)",---------------------------------------------------------------------------NameError                                 Traceback (most recent call last)/tmp/ipykernel_18546/2409773351.py in <cell line: 
1ec970,0,3,31,NameError,NameError: name 'max_visible' is not defined,"def multi_hill(initial_pts, runs=5, iters=5000, step=0.05):
    best_s=0
    best_pts=None
    for r in range(runs):
        s,pts=hill_climb_general(initial_pts, iterations=iters, step=step)
        ",---------------------------------------------------------------------------NameError                                 Traceback (most recent call last)/tmp/ipykernel_18546/140784730.py in <cell line: 0
1ec970,0,3,33,NameError,NameError: name 'random' is not defined,"best_s,best_pts=multi_hill(init, runs=5, iters=5000, step=0.05)
print(best_s)",---------------------------------------------------------------------------NameError                                 Traceback (most recent call last)/tmp/ipykernel_18546/1122726417.py in <cell line: 
1ec970,0,3,35,NameError,NameError: name 'points_on_arc' is not defined,"def sum_arc(N):
    pts=points_on_arc(N, radius=1.0, arc_deg=90)  # arc length arbitrary
    a,s=max_visible(pts)
    return s, a

for N in [10,20,30,40,50,60,80,100]:
    s,_=sum_arc(N)
    print(N, ",---------------------------------------------------------------------------NameError                                 Traceback (most recent call last)/tmp/ipykernel_18840/450746344.py in <cell line: 0
1ec970,0,3,37,NameError,NameError: name 'random' is not defined,"def sum_line_positions(positions):
    # positions list of x values
    N=len(positions)
    a=[]
    for i in range(N):
        xi=positions[i]
        left=sum(1 for x in positions if x<xi)
        ",---------------------------------------------------------------------------NameError                                 Traceback (most recent call last)/tmp/ipykernel_18840/2219934595.py in <cell line: 
1ec970,0,3,41,NameError,NameError: name 'max_visible' is not defined,"def hill_climb_simple(iterations=2000, step=0.05):
    # start from collinear equally spaced points (line)
    pts=[(i,0) for i in range(100)]  # line along x-axis
    best_s=0
    best_pts=None
    f",---------------------------------------------------------------------------NameError                                 Traceback (most recent call last)/tmp/ipykernel_18840/227031819.py in <cell line: 0
1ec970,0,3,44,NameError,NameError: name 'points_on_arc' is not defined,"def hill_climb_from_arc(iterations=3000, step=0.05, arc_deg=90):
    pts=points_on_arc(100, radius=1.0, arc_deg=arc_deg)
    best_s=0
    best_pts=None
    for it in range(iterations):
        i=rando",---------------------------------------------------------------------------NameError                                 Traceback (most recent call last)/tmp/ipykernel_18840/343437507.py in <cell line: 0
1ec970,0,12,3,NameError,NameError: name 'random_points_in_sector' is not defined,"def compute_a_vals(points, view_angle=math.radians(100)):
    n=len(points)
    a_vals=[]
    for i in range(n):
        xi, yi = points[i]
        angles=[]
        for j in range(n):
            if ",---------------------------------------------------------------------------NameError                                 Traceback (most recent call last)/tmp/ipykernel_16470/1032517911.py in <cell line: 
1ec970,0,12,31,TypeError,TypeError: cannot unpack non-iterable int object,"best30, pts30 = max_total_random_n(30, 5000)
best30",---------------------------------------------------------------------------TypeError                                 Traceback (most recent call last)/tmp/ipykernel_16470/3441818197.py in <cell line: 
1ec970,0,9,7,NameError,NameError: name 'sum_a' is not defined,"S100_eq, a100_eq = sum_a(equally_spaced_on_circle(100))
S100_eq",---------------------------------------------------------------------------NameError                                 Traceback (most recent call last)/tmp/ipykernel_18162/1464501842.py in <cell line: 
1ec970,0,9,10,NameError,NameError: name 'hill_climb' is not defined,"best_S, best_pts = hill_climb(100, iterations=5000, step=0.2)
best_S",---------------------------------------------------------------------------NameError                                 Traceback (most recent call last)/tmp/ipykernel_18162/1521423763.py in <cell line: 
1ec970,0,9,11,NameError,NameError: name 'random_points_in_circle' is not defined,"def hill_climb(n, iterations=5000, step=0.2):
    pts = random_points_in_circle(n)
    best_pts = pts[:]
    best_S = compute_S(pts)
    for it in range(iterations):
        i = random.randrange(n)
  ",---------------------------------------------------------------------------NameError                                 Traceback (most recent call last)/tmp/ipykernel_18162/660926614.py in <cell line: 0
1ec970,0,9,12,NameError,NameError: name 'compute_S' is not defined,"def random_points_in_circle(n):
    pts = []
    for _ in range(n):
        r = math.sqrt(random.random())
        theta = random.random()*2*math.pi
        pts.append((r*math.cos(theta), r*math.sin(t",---------------------------------------------------------------------------NameError                                 Traceback (most recent call last)/tmp/ipykernel_18162/1762220589.py in <cell line: 
1ec970,0,9,16,NameError,NameError: name 'random' is not defined,"def cluster_points_on_circle(n, cluster_center, spread=0.05):
    # spread is angular spread in radians
    pts = []
    for _ in range(n):
        delta = (random.random()*2-1)*spread
        ang = c",---------------------------------------------------------------------------NameError                                 Traceback (most recent call last)/tmp/ipykernel_18750/1027423950.py in <cell line: 
1ec970,0,9,17,NameError,NameError: name 'sum_a' is not defined,"import random, math
pts_two = two_clusters(50, spread=0.2)
S_two, a_two = sum_a(pts_two)
S_two",---------------------------------------------------------------------------NameError                                 Traceback (most recent call last)/tmp/ipykernel_18750/1179087949.py in <cell line: 
1ec970,0,9,18,NameError,NameError: name 'compute_a' is not defined,"def sum_a(pts):
    a = compute_a(pts)
    return sum(a), a

S_two, a_two = sum_a(pts_two)
S_two",---------------------------------------------------------------------------NameError                                 Traceback (most recent call last)/tmp/ipykernel_18750/2881127780.py in <cell line: 
1ec970,0,9,28,TypeError,TypeError: object of type 'int' has no len(),"def random_modify(pts, steps=10):
    n = len(pts)
    best = compute_S(pts)
    best_pts = pts[:]
    for _ in range(steps):
        i = random.randrange(n)
        # small random move within circle ",---------------------------------------------------------------------------TypeError                                 Traceback (most recent call last)/tmp/ipykernel_18750/791499028.py in <cell line: 0
1ec970,0,22,35,NameError,NameError: name 'line_points' is not defined,"def optimize_points_limited(n, iterations=20000):
    pts=line_points(n)
    best_sum=compute_sum(pts)
    best_pts=pts[:]
    current_sum=best_sum
    for it in range(iterations):
        i=random.ra",---------------------------------------------------------------------------NameError                                 Traceback (most recent call last)/tmp/ipykernel_18498/3151896541.py in <cell line: 
1ec970,0,22,39,NameError,NameError: name 'optimize_points_limited' is not defined,"best_sum50, pts50 = optimize_points_limited(50, iterations=10000)
best_sum50",---------------------------------------------------------------------------NameError                                 Traceback (most recent call last)/tmp/ipykernel_18834/1231942265.py in <cell line: 
1ec970,0,22,40,NameError,NameError: name 'line_points' is not defined,"def optimize_points_random(n, iterations=20000):
    pts=line_points(n)
    best_sum=compute_sum(pts)
    best_pts=pts[:]
    for it in range(iterations):
        i=random.randrange(n)
        old=pts",---------------------------------------------------------------------------NameError                                 Traceback (most recent call last)/tmp/ipykernel_18834/3559390248.py in <cell line: 
1ec970,0,22,43,ModuleNotFoundError,ModuleNotFoundError: No module named 'matplotlib',"import matplotlib.pyplot as plt, numpy as np, math, random, sys, json, os, itertools, collections, fractions, decimal, heapq, statistics",---------------------------------------------------------------------------ModuleNotFoundError                       Traceback (most recent call last)/tmp/ipykernel_18834/2555473065.py in <cell line: 
1ec970,0,22,45,NameError,NameError: name 'compute_sum' is not defined,"def semicircle_points_n(n, radius=1.0):
    # points evenly spaced on arc from -90° to 90°
    angles = [ -math.pi/2 + math.pi*i/(n-1) for i in range(n) ]
    pts = [(radius*math.cos(a), radius*math.s",---------------------------------------------------------------------------NameError                                 Traceback (most recent call last)/tmp/ipykernel_19254/1830950484.py in <cell line: 
1ec970,0,20,9,NameError,NameError: name 'random' is not defined,"def wedge_needed(points, i):
    # compute minimal wedge angle covering all other points
    # return minimal angular width needed (in degrees)
    xi, yi = points[i]
    angles = []
    for j, (xj, y",---------------------------------------------------------------------------NameError                                 Traceback (most recent call last)/tmp/ipykernel_18120/733170629.py in <cell line: 0
1ec970,0,20,11,NameError,NameError: name 'random_point_in_circle' is not defined,"def compute_all_a(points, angle_deg=100):
    N = len(points)
    a = [0]*N
    angle_rad = math.radians(angle_deg)
    for i in range(N):
        xi, yi = points[i]
        angles = []
        for j ",---------------------------------------------------------------------------NameError                                 Traceback (most recent call last)/tmp/ipykernel_18120/942243188.py in <cell line: 0
1ec970,0,20,19,NameError,NameError: name 'wedge_needed' is not defined,"def wedge_needed_for_point_on_arc(N, arc_deg):
    # points equally spaced on arc from 0 to arc_deg degrees
    pts = [(math.cos(math.radians(i*arc_deg/(N-1))), math.sin(math.radians(i*arc_deg/(N-1)))",---------------------------------------------------------------------------NameError                                 Traceback (most recent call last)/tmp/ipykernel_18708/935706809.py in <cell line: 0
1ec970,0,20,21,NameError,NameError: name 'best_pts' is not defined,"def analyze_configuration(points):
    a = compute_all_a(points)
    return a, sum(a), max(a), min(a)

a_vals, total, mx, mn = analyze_configuration(best_pts)
total, mx, mn",---------------------------------------------------------------------------NameError                                 Traceback (most recent call last)/tmp/ipykernel_18708/1970208600.py in <cell line: 
1ec970,0,20,22,NameError,NameError: name 'hill_climb_N' is not defined,"best_sum_100, best_pts_100, best_a_100 = hill_climb_N(100, iterations=5000)
best_sum_100, max(best_a_100), min(best_a_100)",---------------------------------------------------------------------------NameError                                 Traceback (most recent call last)/tmp/ipykernel_18708/3684011574.py in <cell line: 
1ec970,0,20,25,NameError,NameError: name 'random' is not defined,"def generate_arc_cluster(N, arc_deg=100, radius=1.0):
    # place points on arc from -arc/2 to +arc/2 on circle of given radius
    pts = []
    for _ in range(N):
        theta = random.uniform(-math",---------------------------------------------------------------------------NameError                                 Traceback (most recent call last)/tmp/ipykernel_19086/2742184776.py in <cell line: 
1ec970,0,19,21,NameError,NameError: name 'optimize_sa' is not defined,"best_val,_=optimize_sa(20, iterations=50000)
best_val",---------------------------------------------------------------------------NameError                                 Traceback (most recent call last)/tmp/ipykernel_18372/56320093.py in <cell line: 0>
1ec970,0,19,24,NameError,NameError: name 'max_sum_collinear' is not defined,"def collinear_sum(n):
    return max_sum_collinear(n)
for n in [10,15,20,25,30]:
    print(n, collinear_sum(n))",---------------------------------------------------------------------------NameError                                 Traceback (most recent call last)/tmp/ipykernel_18372/2355819624.py in <cell line: 
1ec970,0,19,26,NameError,NameError: name 'random_point_in_disk' is not defined,"def best_random_n(n, trials=5000):
    best=0
    for _ in range(trials):
        pts=[random_point_in_disk() for _ in range(n)]
        s=sum_a_fast(pts)
        if s>best:
            best=s
    ret",---------------------------------------------------------------------------NameError                                 Traceback (most recent call last)/tmp/ipykernel_18372/574544190.py in <cell line: 0
1ec970,0,19,34,NameError,NameError: name 'random' is not defined,"def generate_hull_plus_center(n, h=3):
    # h hull points equally spaced on unit circle
    hull_pts=[]
    for k in range(h):
        theta=2*math.pi*k/h
        hull_pts.append((math.cos(theta), ma",---------------------------------------------------------------------------NameError                                 Traceback (most recent call last)/tmp/ipykernel_19212/1440785499.py in <cell line: 
1ec970,0,19,35,NameError,NameError: name 'sum_a_fast' is not defined,"import random, math
pts=generate_hull_plus_center(100, h=3)
s=compute_sum_config(pts)
s",---------------------------------------------------------------------------NameError                                 Traceback (most recent call last)/tmp/ipykernel_19212/4271110988.py in <cell line: 
1ec970,0,15,18,NameError,NameError: name 'random_circle_points' is not defined,"def max_sum_n(n, trials=10, hill_iters=2000):
    best=0
    for t in range(trials):
        init = random_circle_points(n)
        s,_ = hill_climb_circle(init, iterations=hill_iters, step_angle=0.1)",---------------------------------------------------------------------------NameError                                 Traceback (most recent call last)/tmp/ipykernel_18918/3455006587.py in <cell line: 
1ec970,0,15,21,NameError,NameError: name 'semicircle_points' is not defined,"def semicircle_sum(n):
    pts = semicircle_points(n)
    return sum(compute_a(pts))

for n in [10,15,20,30,40,50,60,80,100]:
    print(n, semicircle_sum(n), n*(n-1))",---------------------------------------------------------------------------NameError                                 Traceback (most recent call last)/tmp/ipykernel_18918/4251494478.py in <cell line: 
1ec970,0,15,22,NameError,NameError: name 'np' is not defined,"def semicircle_points(n, radius=1.0):
    # points equally spaced on a semicircle from -pi/2 to pi/2
    angles = np.linspace(-math.pi/2, math.pi/2, n)
    pts = [(radius*math.cos(a), radius*math.sin(",---------------------------------------------------------------------------NameError                                 Traceback (most recent call last)/tmp/ipykernel_18918/3197051586.py in <cell line: 
1ec970,0,16,10,NameError,NameError: name 'random_points_in_sector' is not defined,"def estimate_best_sector(n, sector_list, iters=500):
    best_overall = 0
    best_sector = None
    for deg in sector_list:
        best = 0
        for _ in range(iters):
            pts = random_po",---------------------------------------------------------------------------NameError                                 Traceback (most recent call last)/tmp/ipykernel_18246/390716471.py in <cell line: 0
1ec970,0,16,21,NameError,NameError: name 'hill_climb_from_initial' is not defined,"best_val2, pts2 = hill_climb_from_initial(init_pts, iterations=5000, step=0.05)
best_val2",---------------------------------------------------------------------------NameError                                 Traceback (most recent call last)/tmp/ipykernel_19002/1672718579.py in <cell line: 
1ec970,0,6,7,NameError,NameError: name 'test_arc' is not defined,"for deg in range(10, 181, 10):
    th = math.radians(deg)
    mx, mn, sm = test_arc(th, n=100)
    print(deg, mx, mn, sm)",---------------------------------------------------------------------------NameError                                 Traceback (most recent call last)/tmp/ipykernel_16593/2488653539.py in <cell line: 
1ec970,0,8,9,NameError,NameError: name 'random_points_in_circle' is not defined,"def hill_climb_random(iterations=3, steps=2000):
    best_overall=0
    for _ in range(iterations):
        pts=random_points_in_circle(100,1.0)
        best=hill_climb(pts,steps)
        if best>best",---------------------------------------------------------------------------NameError                                 Traceback (most recent call last)/tmp/ipykernel_18204/3666155313.py in <cell line: 
1ec970,0,8,12,NameError,NameError: name 'hill_climb_random' is not defined,"best=0
for it in range(5):
    val=hill_climb_random(3,2500)
    if val>best:
        best=val
        print(""new best"",best)
print(""final best"",best)",---------------------------------------------------------------------------NameError                                 Traceback (most recent call last)/tmp/ipykernel_18456/3605442733.py in <cell line: 
1ec970,0,8,13,NameError,NameError: name 'random_points_in_circle' is not defined,"def hill_climb_random(iterations=3, steps=2500):
    best_overall=0
    for _ in range(iterations):
        pts=random_points_in_circle(100,1.0)
        best=hill_climb(pts,steps)
        if best>best",---------------------------------------------------------------------------NameError                                 Traceback (most recent call last)/tmp/ipykernel_18456/1312124596.py in <cell line: 
1ec970,0,8,16,NameError,NameError: name 'hill_climb_random' is not defined,"print(hill_climb_random(3,3000))",---------------------------------------------------------------------------NameError                                 Traceback (most recent call last)/tmp/ipykernel_18960/2455956331.py in <cell line: 
1ec970,0,8,18,NameError,NameError: name 'total_sum' is not defined,"def points_on_circle_sector(N,R=1.0,sector_angle=80):
    # place N points uniformly on arc of central angle sector_angle (degrees)
    start=-sector_angle/2*math.pi/180
    end=sector_angle/2*math.pi",---------------------------------------------------------------------------NameError                                 Traceback (most recent call last)/tmp/ipykernel_19128/1719656982.py in <cell line: 
1ec970,0,8,21,NameError,NameError: name 'best' is not defined,best,---------------------------------------------------------------------------NameError                                 Traceback (most recent call last)/tmp/ipykernel_19128/1663223992.py in <cell line: 
1ec970,0,8,24,NameError,NameError: name 'generate_mixed' is not defined,"def test_one():
    pts=generate_mixed(100)
    return total_sum(pts)

for _ in range(5):
    print(test_one())",---------------------------------------------------------------------------NameError                                 Traceback (most recent call last)/tmp/ipykernel_19128/2011974837.py in <cell line: 
1ec970,0,13,17,NameError,NameError: name 'simulated_anneal' is not defined,"def best_for_n_quick(n, runs=2, iters=3000):
    best = 0
    for _ in range(runs):
        val,_ = simulated_anneal(n, iters=iters)
        if val > best:
            best = val
    return best

for ",---------------------------------------------------------------------------NameError                                 Traceback (most recent call last)/tmp/ipykernel_18624/2375568522.py in <cell line: 
1ec970,0,14,24,NameError,NameError: name 'total_sum_fast' is not defined,"import random, math, copy

def boundary_points_from_angles(angles, R=1.0):
    return [(R*math.cos(a), R*math.sin(a)) for a in angles]

def total_sum_angles(angles):
    pts = boundary_points_from_ang",---------------------------------------------------------------------------NameError                                 Traceback (most recent call last)/tmp/ipykernel_18414/692464502.py in <cell line: 0
1ec970,0,10,24,NameError,NameError: name 'random_points_sector_bias' is not defined,"def search_best(iterations, radius=10):
    best_sum=-1
    best_pts=None
    for _ in range(iterations):
        pts = random_points_sector_bias(100, angle_deg=100, radius=radius)
        s = total_s",---------------------------------------------------------------------------NameError                                 Traceback (most recent call last)/tmp/ipykernel_18666/557949423.py in <cell line: 0
1ec970,0,10,30,NameError,NameError: name 'compute_stats' is not defined,"a_vals = compute_stats(best_pts)
min(a_vals), max(a_vals), sum(a_vals), sum(a_vals)/100",---------------------------------------------------------------------------NameError                                 Traceback (most recent call last)/tmp/ipykernel_18666/1703981722.py in <cell line: 
1ec970,0,10,33,NameError,NameError: name 'search_best' is not defined,"def search_best_batches(total_iters, batch=2000, radius=0.5):
    best_sum=-1
    best_pts=None
    iters=0
    while iters < total_iters:
        s, pts = search_best(batch, radius)
        if s>best",---------------------------------------------------------------------------NameError                                 Traceback (most recent call last)/tmp/ipykernel_19170/1821151147.py in <cell line: 
1ec970,0,10,35,NameError,NameError: name 'random_points_sector_bias' is not defined,"best_sum, best_pts = search_best_batches(20000, batch=2000, radius=0.5)
best_sum",---------------------------------------------------------------------------NameError                                 Traceback (most recent call last)/tmp/ipykernel_19170/679194503.py in <cell line: 0
1ec970,0,10,37,NameError,NameError: name 'random' is not defined,"best_sum, best_pts = search_best_batches(20000, batch=2000, radius=0.5)
best_sum",---------------------------------------------------------------------------NameError                                 Traceback (most recent call last)/tmp/ipykernel_19170/679194503.py in <cell line: 0
1ec970,0,10,39,NameError,NameError: name 'total_sum_points' is not defined,"best_sum, best_pts = search_best_batches(20000, batch=2000, radius=0.5)
best_sum",---------------------------------------------------------------------------NameError                                 Traceback (most recent call last)/tmp/ipykernel_19170/679194503.py in <cell line: 0
1ec970,0,24,33,NameError,NameError: name 'hill_climb' is not defined,"best100, pts100 = hill_climb(100, iterations=10000, step=0.2)
print(best100)",---------------------------------------------------------------------------NameError                                 Traceback (most recent call last)/tmp/ipykernel_18540/2451588427.py in <cell line: 
1ec970,0,24,36,NameError,NameError: name 'pts100' is not defined,"def per_point_counts(pts):
    return [max_visible_from_point(p, [q for q in pts if q!=p]) for p in pts]

counts = per_point_counts(pts100)
print(min(counts), max(counts), sum(counts))",---------------------------------------------------------------------------NameError                                 Traceback (most recent call last)/tmp/ipykernel_19008/2214275859.py in <cell line: 
1ec970,0,24,37,NameError,NameError: name 'hill_climb' is not defined,"best100, pts100 = hill_climb(100, iterations=8000, step=0.2)
counts = per_point_counts(pts100)
print(min(counts), max(counts), sum(counts))",---------------------------------------------------------------------------NameError                                 Traceback (most recent call last)/tmp/ipykernel_19008/4032999620.py in <cell line: 
1ec970,0,24,40,NameError,NameError: name 'generate_arc_points' is not defined,"counts = per_point_counts(generate_arc_points(100, math.radians(30)))
print(min(counts), max(counts), sum(counts))",---------------------------------------------------------------------------NameError                                 Traceback (most recent call last)/tmp/ipykernel_19008/455111116.py in <cell line: 0
1ec970,0,7,1,ZeroDivisionError,ZeroDivisionError: float division by zero,"import math

def angular_spread(theta, phi):
    # theta: total central angle of arc (radians)
    # phi: angle of point P relative to center (radians), within [-theta/2, theta/2]
    R = 1.0
    # co",---------------------------------------------------------------------------ZeroDivisionError                         Traceback (most recent call last)/tmp/ipykernel_16803/3346130233.py in <cell line: 
1ec970,0,23,14,NameError,NameError: name 'simulated_annealing' is not defined,"best_sum, best_pts=simulated_annealing(100, iterations=3000)
best_sum",---------------------------------------------------------------------------NameError                                 Traceback (most recent call last)/tmp/ipykernel_18330/3440830693.py in <cell line: 
1ec970,0,23,18,NameError,NameError: name 'random' is not defined,"def points_on_circle(thetas):
    return [(math.cos(t), math.sin(t)) for t in thetas]

def compute_sum_thetas(thetas):
    pts = points_on_circle(thetas)
    return compute_sum_fast(pts)

def hill_cli",---------------------------------------------------------------------------NameError                                 Traceback (most recent call last)/tmp/ipykernel_18792/3457608072.py in <cell line: 
1ec970,0,23,19,NameError,NameError: name 'compute_sum_fast' is not defined,"import random, math
best_sum_circ, _ = hill_climb_circle(100, steps=800)
best_sum_circ",---------------------------------------------------------------------------NameError                                 Traceback (most recent call last)/tmp/ipykernel_18792/207467183.py in <cell line: 0
1ec970,0,23,21,NameError,NameError: name 'best_cfg' is not defined,"def analyze_points(points):
    n=len(points)
    a_list=compute_ai_list(points)
    return a_list

a_list=analyze_points(best_cfg)
min(a_list), max(a_list), sum(a_list)",---------------------------------------------------------------------------NameError                                 Traceback (most recent call last)/tmp/ipykernel_18792/2537826489.py in <cell line: 
1ec970,0,23,22,NameError,NameError: name 'simulated_annealing' is not defined,"best_sum,best_cfg=simulated_annealing(100, iterations=1200)
best_sum",---------------------------------------------------------------------------NameError                                 Traceback (most recent call last)/tmp/ipykernel_18792/2989581296.py in <cell line: 
1ec970,0,23,24,NameError,NameError: name 'compute_a_i' is not defined,"def compute_ai_list(points):
    return [compute_a_i(points,i) for i in range(len(points))]

a_list=compute_ai_list(best_cfg)
(min(a_list), max(a_list), sum(a_list))",---------------------------------------------------------------------------NameError                                 Traceback (most recent call last)/tmp/ipykernel_18792/2667667043.py in <cell line: 
a249a3,1,16,8,NameError,NameError: name 'base' is not defined,"def pell_solutions(limit_u):
    # generate solutions to x^2 - 7 u^2 = 93 using fundamental solution (8,3)
    # start with fundamental solutions to the particular equation: find minimal solutions (x0",---------------------------------------------------------------------------NameError                                 Traceback (most recent call last)/tmp/ipykernel_19008/2311450669.py in <cell line: 
a249a3,1,17,14,NameError,NameError: name 'ratio_z' is not defined,print(ratio_z),---------------------------------------------------------------------------NameError                                 Traceback (most recent call last)/tmp/ipykernel_17142/2276983616.py in <cell line: 
91b02b,1,18,3,NameError,NameError: name 'count_perm' is not defined,"import itertools, math

def crt_pair(a1_mods, a3_mods, mods):
    # Solve CRT for two numbers a1 and a3 simultaneously? Actually we need to combine residues for a1 and a3 separately.
    # We'll compu",---------------------------------------------------------------------------NameError                                 Traceback (most recent call last)/tmp/ipykernel_19944/3426524946.py in <cell line: 
91b02b,1,1,3,ImportError,ImportError: cannot import name 'crt' from 'sympy' (/usr/local/lib/python3.12/dist-packages/sympy/__init__.py),"import itertools
from sympy import crt

def solutions_mod_p(p):
    sols=[]
    for a1 in range(p):
        for a3 in range(p):
            values = [(a1*x + a3*pow(x,3,p)) % p for x in range(p)]
    ",---------------------------------------------------------------------------ImportError                               Traceback (most recent call last)/tmp/ipykernel_19879/1689034538.py in <cell line: 
91b02b,1,1,4,NameError,NameError: name 'solutions_mod_p' is not defined,"from sympy.ntheory.modular import crt
sol3 = solutions_mod_p(3)
sol11 = solutions_mod_p(11)
sol61 = solutions_mod_p(61)
len(sol3), len(sol11), len(sol61)",---------------------------------------------------------------------------NameError                                 Traceback (most recent call last)/tmp/ipykernel_19879/1027609633.py in <cell line: 
91b02b,1,7,13,NameError,NameError: name 'list_pairs' is not defined,"import itertools, math
mod=2013
primes=[3,11,61]
pairs_mod = {
    3: list_pairs(3),
    11: list_pairs(11),
    61: list_pairs(61)
}
# Use CRT to combine residues for a1 and a3 separately.
def crt_pa",---------------------------------------------------------------------------NameError                                 Traceback (most recent call last)/tmp/ipykernel_20112/1692786112.py in <cell line: 
91b02b,1,21,3,NameError,NameError: name 'count_perm' is not defined,"import itertools
from sympy.ntheory.modular import crt

primes=[3,11,61]
Np=[]
pairs_modp=[]
for p in primes:
    cnt,_=count_perm(p)
    Np.append(cnt)
    # store pairs for later
    _,pairs=count_p",---------------------------------------------------------------------------NameError                                 Traceback (most recent call last)/tmp/ipykernel_20028/3065842562.py in <cell line: 
91b02b,1,12,7,NameError,NameError: name 'is_perm_mod_n' is not defined,"def count_mod_p(p):
    cnt=0
    for a1 in range(p):
        for a3 in range(p):
            if is_perm_mod_n(a1,a3,p):
                cnt+=1
    return cnt

for p in [3,11,61]:
    print(p, count_m",---------------------------------------------------------------------------NameError                                 Traceback (most recent call last)/tmp/ipykernel_20364/1941794962.py in <cell line: 
91b02b,1,24,7,NameError,NameError: name 'is_perm' is not defined,"def count_types(p):
    total=0
    both=0
    a3zero=0
    a1zero=0
    bothzero=0
    for a3 in range(p):
        for a1 in range(p):
            if is_perm(p,a3,a1):
                total+=1
      ",---------------------------------------------------------------------------NameError                                 Traceback (most recent call last)/tmp/ipykernel_20215/621094133.py in <cell line: 0
91b02b,1,14,11,NameError,NameError: name 'count_good' is not defined,"import itertools, math

def crt_pair(a_mods, moduli):
    # a_mods: list of residues for each modulus
    # moduli: list of moduli, pairwise coprime
    # returns integer modulo product
    M = math.p",---------------------------------------------------------------------------NameError                                 Traceback (most recent call last)/tmp/ipykernel_20196/884278787.py in <cell line: 0
91b02b,1,17,3,NameError,NameError: name 'is_permutation_mod_p' is not defined,"def count_N_bruteforce(p):
    cnt=0
    sols=[]
    for a1 in range(p):
        for a3 in range(p):
            if is_permutation_mod_p(a1,a3,p):
                cnt+=1
                sols.append((a",---------------------------------------------------------------------------NameError                                 Traceback (most recent call last)/tmp/ipykernel_20154/827960659.py in <cell line: 0
91b02b,1,11,5,ImportError,ImportError: cannot import name 'crt' from 'sympy' (/usr/local/lib/python3.12/dist-packages/sympy/__init__.py),"import itertools, math
from sympy import crt

def good_pairs_mod(p):
    # returns list of (a1,a3) residues modulo p that are good
    good=[]
    for a1 in range(p):
        for a3 in range(p):
     ",---------------------------------------------------------------------------ImportError                               Traceback (most recent call last)/tmp/ipykernel_19518/3541019794.py in <cell line: 
91b02b,1,11,7,NameError,NameError: name 'good3' is not defined,"def combine_pairs():
    total=0
    # precompute good lists as tuples
    for a1_3,a3_3 in good3:
        for a1_11,a3_11 in good11:
            for a1_61,a3_61 in good61:
                # combine a",---------------------------------------------------------------------------NameError                                 Traceback (most recent call last)/tmp/ipykernel_19518/3112192347.py in <cell line: 
91b02b,1,23,2,ImportError,ImportError: cannot import name 'crt' from 'sympy' (/usr/local/lib/python3.12/dist-packages/sympy/__init__.py),"import itertools
from sympy import crt

# Precompute solutions for each prime as lists of tuples (a0,a1,a2,a3)
sols_mod = {}
for p in [3,11,61]:
    cnt, sols = count_solutions(p)
    sols_mod[p] = so",---------------------------------------------------------------------------ImportError                               Traceback (most recent call last)/tmp/ipykernel_19686/1778107844.py in <cell line: 
91b02b,1,23,3,NameError,NameError: name 'sols_mod' is not defined,"from sympy.ntheory.modular import crt
solutions_mod2013 = []
for sol3 in sols_mod[3]:
    for sol11 in sols_mod[11]:
        for sol61 in sols_mod[61]:
            coeffs = []
            for i in ran",---------------------------------------------------------------------------NameError                                 Traceback (most recent call last)/tmp/ipykernel_19686/2551992163.py in <cell line: 
91b02b,1,2,7,NameError,NameError: name 'perms' is not defined,"import itertools
from sympy.ntheory.modular import crt

primes=[3,11,61]
# compute list of good residues for each prime
good_residues={}
for p in primes:
    good_residues[p]=perms(p)  # list of (a1,a",---------------------------------------------------------------------------NameError                                 Traceback (most recent call last)/tmp/ipykernel_20070/2171095046.py in <cell line: 
91b02b,1,2,11,NameError,NameError: name 'N' is not defined,print(N(5)),---------------------------------------------------------------------------NameError                                 Traceback (most recent call last)/tmp/ipykernel_20070/1477354219.py in <cell line: 
ca2a54,1,21,1,IndexError,IndexError: list assignment index out of range,"def construct_sequence():
    n=7926
    a=[0]*(n+1) # a[1..n], plus a_{n+1}=a_1
    # decreasing from 500 to 1
    a[1]=500
    for i in range(2,500):
        a[i]=500-(i-1)  # i=2 => 499, i=500 => 1",---------------------------------------------------------------------------IndexError                                Traceback (most recent call last)/tmp/ipykernel_19518/283976289.py in <cell line: 0
ca2a54,1,21,2,IndexError,IndexError: list assignment index out of range,"def construct_sequence():
    n=7926
    a=[0]*(n+2)  # 1..n, plus a_{n+1}
    a[1]=500
    # decreasing steps: from a[1]=500 down to a[500]=1
    for i in range(2,501):
        a[i]=500-(i-1)  # i=2 ",---------------------------------------------------------------------------IndexError                                Traceback (most recent call last)/tmp/ipykernel_19518/1584767594.py in <cell line: 
ca2a54,1,21,10,NameError,NameError: name 'min_S_bruteforce_small' is not defined,"for n in range(2,10):
    minS=min_S_bruteforce_small(n,5)
    print(f""n={n}, minS={minS}, floor((n+1)//2)={ (n+1)//2 }"")",---------------------------------------------------------------------------NameError                                 Traceback (most recent call last)/tmp/ipykernel_20490/641214276.py in <cell line: 0
3e5546,1,19,6,ZeroDivisionError,ZeroDivisionError: float division by zero,"def max_on_grid(step):
    best = 0
    best_xyz = None
    n = int(1/step)+1
    for i in range(n+1):
        x = i*step
        for j in range(n+1-i):
            y = j*step
            z = 1 - x - ",---------------------------------------------------------------------------ZeroDivisionError                         Traceback (most recent call last)/tmp/ipykernel_19879/444609999.py in <cell line: 0
3e5546,1,8,4,ZeroDivisionError,ZeroDivisionError: float division by zero,"def grid_search(N=200):
    best = 0
    best_xyz = None
    for i in range(N+1):
        for j in range(N+1-i):
            k = N - i - j
            x = i/N
            y = j/N
            z = k/N
 ",---------------------------------------------------------------------------ZeroDivisionError                         Traceback (most recent call last)/tmp/ipykernel_20364/595765213.py in <cell line: 0
3e5546,1,20,3,ZeroDivisionError,ZeroDivisionError: float division by zero,"import numpy as np, math

def G_grid(N=200):
    best=0
    best_pt=None
    for i in range(N+1):
        for j in range(N+1-i):
            a=i/N
            b=j/N
            c=1-a-b
            if ",---------------------------------------------------------------------------ZeroDivisionError                         Traceback (most recent call last)/tmp/ipykernel_20215/197720883.py in <cell line: 0
07a0c9,1,22,6,NameError,NameError: name 'points' is not defined,"# precompute isosceles triple masks
isos_masks = []
for combo in itertools.combinations(range(15),3):
    p1,p2,p3 = [points[i] for i in combo]
    if is_isosceles(p1,p2,p3):
        # compute mask
  ",---------------------------------------------------------------------------NameError                                 Traceback (most recent call last)/tmp/ipykernel_20754/399336415.py in <cell line: 0
07a0c9,1,19,4,NameError,NameError: name 'has_isosceles' is not defined,"max_no_iso = 0
max_subsets = []
for mask in range(1<<15):
    # compute subset list
    subset = [i for i in range(15) if (mask>>i)&1]
    # quick prune: if size <= max_no_iso skip? We'll compute anyw",---------------------------------------------------------------------------NameError                                 Traceback (most recent call last)/tmp/ipykernel_20712/1157692213.py in <cell line: 
07a0c9,1,19,10,NameError,NameError: name 'has_isosceles' is not defined,"def exists_subset_without_iso(k):
    for subset in itertools.combinations(range(15), k):
        if not has_isosceles(subset):
            return True, subset
    return False, None

exists_subset_wi",---------------------------------------------------------------------------NameError                                 Traceback (most recent call last)/tmp/ipykernel_20880/2330118299.py in <cell line: 
07a0c9,1,8,16,NameError,NameError: name 'has_isosceles_triangle' is not defined,"midpoints = [(0,2),(2,0),(2,2)]
def subset_has_isosceles_with_midpoint(mid):
    for subset in combinations([p for p in points if p != mid],5):
        full = (mid,) + subset
        if not has_isosce",---------------------------------------------------------------------------NameError                                 Traceback (most recent call last)/tmp/ipykernel_19560/2187712342.py in <cell line: 
07a0c9,1,18,21,NameError,NameError: name 'test_set' is not defined,print(test_set),---------------------------------------------------------------------------NameError                                 Traceback (most recent call last)/tmp/ipykernel_20070/3968031935.py in <cell line: 
07a0c9,1,18,22,KeyError,"KeyError: (2, 0)","# list points on side AB (k=0)
side_ab = [mapping[(2,i)] for i in range(5)]
side_ab",---------------------------------------------------------------------------KeyError                                  Traceback (most recent call last)/tmp/ipykernel_20070/933519929.py in <cell line: 0
07a0c9,1,11,3,TypeError,TypeError:,"# compute intersections
points = set()
for i in range(len(lines)):
    for j in range(i+1, len(lines)):
        inter = lines[i].intersection(lines[j])
        if inter:
            pt = inter[0]
    ",---------------------------------------------------------------------------TypeError                                 Traceback (most recent call last)/tmp/ipykernel_17658/2496307079.py in <cell line: 
07a0c9,1,11,4,AttributeError,AttributeError: 'Segment2D' object has no attribute 'area',"points = set()
tri = sp.Polygon(A,B,C)
for i in range(len(lines)):
    for j in range(i+1, len(lines)):
        inter = lines[i].intersection(lines[j])
        if inter:
            obj = inter[0]
   ",---------------------------------------------------------------------------AttributeError                            Traceback (most recent call last)/tmp/ipykernel_17658/112503727.py in <cell line: 0
07a0c9,1,11,7,AttributeError,AttributeError: 'Segment2D' object has no attribute 'area',"import itertools, math

# list of points as sympy Points
pts = sorted_points  # list of 15 points

def is_isosceles(p1, p2, p3):
    # Check if triangle formed by three points is isosceles (including ",---------------------------------------------------------------------------AttributeError                            Traceback (most recent call last)/tmp/ipykernel_17658/1431722688.py in <cell line: 
07a0c9,1,11,9,NameError,NameError: name 'pts' is not defined,"max_size = 0
max_subsets = []
for mask in range(1<<15):
    # count bits
    size = bin(mask).count('1')
    if size <= max_size:
        continue
    # build subset list
    subset = [pts[i] for i in",---------------------------------------------------------------------------NameError                                 Traceback (most recent call last)/tmp/ipykernel_20838/2237537593.py in <cell line: 
07a0c9,1,11,13,NameError,NameError: name 'pts' is not defined,"# Precompute distance squared as rational numbers
dist2 = {}
for i in range(15):
    for j in range(i+1,15):
        p1 = pts[i]; p2 = pts[j]
        # compute squared distance as rational
        dx ",---------------------------------------------------------------------------NameError                                 Traceback (most recent call last)/tmp/ipykernel_20964/2021261644.py in <cell line: 
07a0c9,1,11,20,NameError,NameError: name 'has_isosceles' is not defined,"subset = [pts[i] for i in indices_AB] + [pts[top_index]]
has_isosceles(subset)",---------------------------------------------------------------------------NameError                                 Traceback (most recent call last)/tmp/ipykernel_20964/1586068179.py in <cell line: 
07a0c9,1,11,21,NameError,NameError: name 'is_isosceles' is not defined,"def has_isosceles_subset(subset):
    for (p1,p2,p3) in itertools.combinations(subset,3):
        if is_isosceles(p1,p2,p3):
            return True
    return False

has_isosceles_subset(subset)",---------------------------------------------------------------------------NameError                                 Traceback (most recent call last)/tmp/ipykernel_20964/1439942913.py in <cell line: 
07a0c9,1,16,9,NameError,NameError: name 'sp' is not defined,"def max_no_iso_m(m):
    pts = []
    for i in range(m+1):
        for j in range(m+1):
            if i+j <= m:
                x = sp.Rational(i) + sp.Rational(1,2)*j
                y = sqrt3/2 * j",---------------------------------------------------------------------------NameError                                 Traceback (most recent call last)/tmp/ipykernel_20796/1388296101.py in <cell line: 
07a0c9,1,16,10,NameError,NameError: name 'combinations' is not defined,"import sympy as sp
sqrt3 = sp.sqrt(3)
for m in range(1,5):
    print(m, max_no_iso_m(m))",---------------------------------------------------------------------------NameError                                 Traceback (most recent call last)/tmp/ipykernel_20796/983896761.py in <cell line: 0
07a0c9,1,16,11,NameError,NameError: name 'is_isosceles' is not defined,"import itertools
def max_no_iso_m(m):
    pts = []
    for i in range(m+1):
        for j in range(m+1):
            if i+j <= m:
                x = sp.Rational(i) + sp.Rational(1,2)*j
              ",---------------------------------------------------------------------------NameError                                 Traceback (most recent call last)/tmp/ipykernel_20796/4156728977.py in <cell line: 
07a0c9,1,16,13,NameError,NameError: name 'pts' is not defined,"def distinct_distances_from(p_idx):
    p = pts[p_idx]
    dists = set()
    for q_idx, q in enumerate(pts):
        if q_idx == p_idx:
            continue
        # compute squared distance
        ",---------------------------------------------------------------------------NameError                                 Traceback (most recent call last)/tmp/ipykernel_20796/3443030655.py in <cell line: 
07a0c9,1,16,14,NameError,NameError: name 'points' is not defined,"pts = points  # from earlier
max_distinct = 0
for idx in range(len(pts)):
    cnt, ds = distinct_distances_from(idx)
    max_distinct = max(max_distinct, cnt)
max_distinct",---------------------------------------------------------------------------NameError                                 Traceback (most recent call last)/tmp/ipykernel_20796/477424595.py in <cell line: 0
07a0c9,1,16,17,NameError,NameError: name 'subset_has_isosceles' is not defined,"noncollinear_no_iso = []
for sub in itertools.combinations(range(15),5):
    # check collinear: if all points lie on a line? We'll just test if any triple non-collinear exists.
    # Actually we need ",---------------------------------------------------------------------------NameError                                 Traceback (most recent call last)/tmp/ipykernel_20796/3724615827.py in <cell line: 
07a0c9,1,16,27,NameError,NameError: name 'len_groups' is not defined,"import networkx as nx

len_match_sizes = {}
for d2, edges in len_groups.items():
    G = nx.Graph()
    G.add_nodes_from(range(15))
    G.add_edges_from(edges)
    # maximum matching
    matching = nx",---------------------------------------------------------------------------NameError                                 Traceback (most recent call last)/tmp/ipykernel_21006/1921697654.py in <cell line: 
07a0c9,1,16,28,NameError,NameError: name 'vectors' is not defined,"# recompute len_groups
len_groups = {}
for (i1,i2), (p,q) in vectors.items():
    d2 = squared_length(p,q)
    len_groups.setdefault(d2, []).append((i1,i2))

len(len_groups)",---------------------------------------------------------------------------NameError                                 Traceback (most recent call last)/tmp/ipykernel_21006/2291533515.py in <cell line: 
07a0c9,1,16,29,NameError,NameError: name 'sp' is not defined,"# recompute points and vectors
pts = []
for i in range(5):
    for j in range(5):
        if i + j <= 4:
            x = sp.Rational(i) + sp.Rational(1,2)*j
            y = sqrt3/2 * j
            pts",---------------------------------------------------------------------------NameError                                 Traceback (most recent call last)/tmp/ipykernel_21006/2605924423.py in <cell line: 
07a0c9,1,13,7,NameError,NameError: name 'points' is not defined,"# Assign indices to points
point_indices = {pt:i for i,pt in enumerate(points)}
# Precompute isosceles triples (non-collinear)
isosceles_triple_masks = []
for (i,p), (j,q), (k,r) in itertools.combinat",---------------------------------------------------------------------------NameError                                 Traceback (most recent call last)/tmp/ipykernel_20922/812688218.py in <cell line: 0
07a0c9,1,13,8,NameError,NameError: name 'sorted_points' is not defined,"# Recompute points list
points = sorted_points
point_indices = {pt:i for i,pt in enumerate(points)}
len(points)",---------------------------------------------------------------------------NameError                                 Traceback (most recent call last)/tmp/ipykernel_20922/1646981716.py in <cell line: 
07a0c9,1,13,21,TypeError,TypeError: unsupported operand type(s) for &: 'tuple' and 'int',"example = max_sets_5[0]
mask_to_points(example)",---------------------------------------------------------------------------TypeError                                 Traceback (most recent call last)/tmp/ipykernel_20922/3930986341.py in <cell line: 
07a0c9,1,13,26,NameError,NameError: name 'subset_has_isosceles' is not defined,"other_points = [pt for pt in points if pt not in side_CA]
def has_iso_with_extra(extra):
    subset = side_CA + [extra]
    return subset_has_isosceles(subset)

for pt in other_points:
    print(pt, h",---------------------------------------------------------------------------NameError                                 Traceback (most recent call last)/tmp/ipykernel_20922/3453086029.py in <cell line: 
07a0c9,1,13,37,NameError,NameError: name 'edges_by_dist' is not defined,"import networkx as nx
max_match_sizes = {}
for d, edges in edges_by_dist.items():
    G = nx.Graph()
    G.add_nodes_from(range(n))
    G.add_edges_from(edges)
    matching = nx.max_weight_matching(G,",---------------------------------------------------------------------------NameError                                 Traceback (most recent call last)/tmp/ipykernel_21090/894973.py in <cell line: 0>()
07a0c9,1,13,38,NameError,NameError: name 'sorted_points' is not defined,"# recompute points
points = sorted_points
n = len(points)

def squared_distance(p,q):
    dx = p.x - q.x
    dy = p.y - q.y
    return sp.simplify(dx*dx + dy*dy)

edges_by_dist = {}
for i in range(n):",---------------------------------------------------------------------------NameError                                 Traceback (most recent call last)/tmp/ipykernel_21090/392343949.py in <cell line: 0
07a0c9,1,13,39,NameError,NameError: name 'sp' is not defined,"# recompute points as before
sqrt3 = sp.sqrt(3)
A = sp.Point(0,0)
B = sp.Point(1,0)
C = sp.Point(sp.Rational(1,2), sqrt3/2)
# division points interior
D1 = sp.Point(sp.Rational(1,4), 0)
D2 = sp.Point(",---------------------------------------------------------------------------NameError                                 Traceback (most recent call last)/tmp/ipykernel_21090/1933016598.py in <cell line: 
7c78ab,0,12,7,RuntimeError,RuntimeError: LP failed,"for n in range(1,11):
    f_val,_ = compute_f_lp(n)
    print(n, f_val)",---------------------------------------------------------------------------RuntimeError                              Traceback (most recent call last)/tmp/ipykernel_20754/200486523.py in <cell line: 0
cf3142,1,19,2,NameError,NameError: name 'np' is not defined,"def count_matrices(n):
    half=n//2
    rows_list=list(itertools.combinations(range(n), half))
    count=0
    for rows in itertools.product(rows_list, repeat=n):
        A=np.zeros((n,n), dtype=int)",---------------------------------------------------------------------------NameError                                 Traceback (most recent call last)/tmp/ipykernel_19644/632172177.py in <cell line: 0
cf3142,1,19,4,NameError,NameError: name 'np' is not defined,"def count_matrices_n2():
    n=2
    half=1
    rows_list=[(0,),(1,)]
    count=0
    mats=[]
    for rows in itertools.product(rows_list, repeat=n):
        A=np.zeros((n,n), dtype=int)
        for i",---------------------------------------------------------------------------NameError                                 Traceback (most recent call last)/tmp/ipykernel_21528/1334107021.py in <cell line: 
b286eb,1,22,1,KeyError,"KeyError: slice(None, 10, None)","import math, itertools, sys, time, collections, random, functools, math, sympy as sp, numpy as np, itertools, collections, math, sys, time, math
def count_n_for_k(k, Nmax):
    cnt=0
    ns=set()
    ",---------------------------------------------------------------------------KeyError                                  Traceback (most recent call last)/tmp/ipykernel_16848/3145652161.py in <cell line: 
b286eb,1,15,6,NameError,NameError: name 'find_any_n_gt1' is not defined,"for k in [2,4,8,16,32,64,128]:
    res=find_any_n_gt1(k,5000)
    print(k, res)",---------------------------------------------------------------------------NameError                                 Traceback (most recent call last)/tmp/ipykernel_21660/34980659.py in <cell line: 0>
b286eb,1,14,1,KeyError,"KeyError: slice(None, 10, None)","import sympy as sp

def count_solutions(k, Nmax=500):
    cnt=0
    sols=[]
    for a in range(1,k):
        b=k-a
        if sp.gcd(a,b)!=1:
            continue
        for n in range(1,Nmax+1,2): #",---------------------------------------------------------------------------KeyError                                  Traceback (most recent call last)/tmp/ipykernel_20028/1242224547.py in <cell line: 
b286eb,1,9,13,NameError,NameError: name 'sp' is not defined,"def odd_divisor_count(k):
    return sum(1 for d in sp.divisors(k) if d%2==1)

data=[]
for k in range(2,101):
    cnt,_=count_ns_up_to(k,2000)
    data.append((k,cnt,odd_divisor_count(k)))
    
# sort",---------------------------------------------------------------------------NameError                                 Traceback (most recent call last)/tmp/ipykernel_21618/1848810321.py in <cell line: 
b286eb,1,18,11,AttributeError,AttributeError: module 'sympy' has no attribute 'crt',"def find_possible_n_for_pair(a,b,limit_prime=200):
    solutions=[]
    for p in sympy.primerange(3, limit_prime):
        if p==2: continue
        if a%p==0 or b%p==0: continue
        # compute ord",---------------------------------------------------------------------------AttributeError                            Traceback (most recent call last)/tmp/ipykernel_20196/3613897646.py in <cell line: 
b286eb,1,24,1,KeyError,"KeyError: slice(None, 10, None)","import math, itertools, sympy as sp

def solutions_for_k(k, Nmax=2000):
    sols = []
    for a in range(1, k):
        b = k - a
        if math.gcd(a,b)!=1:
            continue
        for n in ran",---------------------------------------------------------------------------KeyError                                  Traceback (most recent call last)/tmp/ipykernel_21486/735084037.py in <cell line: 0
b286eb,1,1,17,NameError,NameError: name 'sp' is not defined,"def order_mod(a,p):
    return sp.n_order(a, p)

def primes_up_to(N):
    return list(sp.primerange(2,N+1))

def find_primes_with_order_condition(a,b,limit=200):
    res=[]
    for p in primes_up_to(l",---------------------------------------------------------------------------NameError                                 Traceback (most recent call last)/tmp/ipykernel_21744/1288591567.py in <cell line: 
b286eb,1,1,22,NameError,NameError: name 'count_solutions' is not defined,"def has_solution_beyond_one_for_pair(a,b,limit):
    sols=count_solutions(a,b,limit)
    return len(sols)>1, sols[:10]

def test_power_of_two(m):
    k=2**m
    a=1
    b=k-1
    flag, sols=has_soluti",---------------------------------------------------------------------------NameError                                 Traceback (most recent call last)/tmp/ipykernel_21786/1793167082.py in <cell line: 
170362,1,11,6,NameError,NameError: name 'last_nonzero_digit' is not defined,"from functools import lru_cache

@lru_cache(maxsize=None)
def D(n):
    if n < 5:
        # compute directly
        res = 1
        for i in range(2, n+1):
            res = (res*i) % 10
        # re",---------------------------------------------------------------------------NameError                                 Traceback (most recent call last)/tmp/ipykernel_21937/4014846361.py in <cell line: 
170362,1,11,14,NameError,NameError: name 'test_k' is not defined,test_k(1250),---------------------------------------------------------------------------NameError                                 Traceback (most recent call last)/tmp/ipykernel_21937/991486380.py in <cell line: 0
170362,1,14,6,NameError,NameError: name 'last_nonzero_digit_factorial' is not defined,"def D_rec(n):
    # last non-zero digit of n! using recurrence
    if n < 5:
        # compute directly
        d = [1,1,2,6,4]
        return d[n]
    # recursion
    # compute D(n//5) recursively
  ",---------------------------------------------------------------------------NameError                                 Traceback (most recent call last)/tmp/ipykernel_21876/426422359.py in <cell line: 0
170362,1,22,30,NameError,NameError: name 'test_k' is not defined,"test_k(625*16, 5000)",---------------------------------------------------------------------------NameError                                 Traceback (most recent call last)/tmp/ipykernel_22044/1656061504.py in <cell line: 
a9dbc8,0,14,5,ValueError,ValueError: `bounds.lb` and `bounds.ub` must contain reals and be broadcastable to `c.shape`.,"for N in range(1, 11, 2):  # odd N
    print(N, min_moves(N))",---------------------------------------------------------------------------ValueError                                Traceback (most recent call last)/usr/local/lib/python3.12/dist-packages/scipy/opti
a9dbc8,0,14,6,ValueError,ValueError: `integrality` must contain integers 0-3 and be broadcastable to `c.shape`.,"def min_moves(N):
    num_f = N-1
    num_s = N
    num_t = N
    num_z = N
    total_vars = num_f + num_s + num_t + num_z
    # bounds: lower 0, upper None
    lb = np.zeros(total_vars)
    ub = np.f","1 1
---------------------------------------------------------------------------ValueError                                Traceback (most recent call last)/tmp/ipykernel_21937/210306442.py in <cell lin"
a9dbc8,0,17,1,IndexError,IndexError: list index out of range,"def min_moves(n=7873):
    a = [0]*(n+1)  # 1-indexed
    for i in range(1,n+1):
        a[i] = 2 if i%2==1 else 0  # mod 4 values 2 or 0
    best = None
    best_pair = None
    # iterate start and e",---------------------------------------------------------------------------IndexError                                Traceback (most recent call last)/tmp/ipykernel_20532/2730640595.py in <cell line: 
a9dbc8,0,16,6,NameError,NameError: name 'get_path' is not defined,"p = get_path(9)
p, len(p)",---------------------------------------------------------------------------NameError                                 Traceback (most recent call last)/tmp/ipykernel_22446/3264993810.py in <cell line: 
a9dbc8,0,15,1,IndexError,IndexError: list index out of range,"def compute_x(b):
    N = len(b)  # b indexed from 1..N
    x = [0]*(N)  # x[0] unused? We'll use x[0]=0, x[1..N-1] edges
    x_prev = 0
    xs = []
    for i in range(1, N):  # i corresponds to b_i, ",---------------------------------------------------------------------------IndexError                                Traceback (most recent call last)/tmp/ipykernel_21360/2507364989.py in <cell line: 
a9dbc8,0,2,6,NameError,NameError: name 'min_moves' is not defined,"for n in range(1, 23, 2):
    print(n, min_moves(n), min_moves(n)-n)",---------------------------------------------------------------------------NameError                                 Traceback (most recent call last)/tmp/ipykernel_22782/1651317552.py in <cell line: 
a9dbc8,0,12,7,TypeError,TypeError: unsupported operand type(s) for ^=: 'tuple' and 'int',"def find_path(N):
    init = tuple(1 if i%2==0 else 0 for i in range(N))
    target = tuple(0 for _ in range(N))
    from collections import deque
    q = deque()
    q.append((init, -1, []))
    visi",---------------------------------------------------------------------------TypeError                                 Traceback (most recent call last)/tmp/ipykernel_22572/3458496353.py in <cell line: 
a9dbc8,0,12,9,TypeError,TypeError: unsupported operand type(s) for ^=: 'tuple' and 'int',"def find_path(N):
    init = tuple(1 if i%2==0 else 0 for i in range(N))
    target = tuple(0 for _ in range(N))
    from collections import deque
    q = deque()
    q.append((init, -1, []))
    visi",---------------------------------------------------------------------------TypeError                                 Traceback (most recent call last)/tmp/ipykernel_22572/2560343509.py in <cell line: 
a9dbc8,0,12,10,TypeError,TypeError: unsupported operand type(s) for ^=: 'tuple' and 'int',"def find_path_debug(N):
    init = tuple(1 if i%2==0 else 0 for i in range(N))
    target = tuple(0 for _ in range(N))
    from collections import deque
    q = deque()
    q.append((init, -1, []))
  ","nested tuple ((0, 0, 1, 0, 1), 0)
nested tuple ((1, 1, 1, 0, 1), 1)
---------------------------------------------------------------------------TypeError                                 Traceback (most"
a9dbc8,0,18,3,NameError,NameError: name 'min_moves' is not defined,"vals = {}
for n in range(1,16):
    vals[n] = min_moves(n)
    print(n, vals[n])",---------------------------------------------------------------------------NameError                                 Traceback (most recent call last)/tmp/ipykernel_22284/2362593200.py in <cell line: 
a9dbc8,0,18,7,NameError,NameError: name 'min_moves_bitmask' is not defined,"for n in range(20,24):
    print(n, min_moves_bitmask(n))",---------------------------------------------------------------------------NameError                                 Traceback (most recent call last)/tmp/ipykernel_22530/380440505.py in <cell line: 0
a9dbc8,0,23,13,NameError,NameError: name 'find_path' is not defined,print(find_path(9)),---------------------------------------------------------------------------NameError                                 Traceback (most recent call last)/tmp/ipykernel_22890/592977005.py in <cell line: 0
a9dbc8,0,8,4,NameError,NameError: name 'formula' is not defined,"def min_moves_limit(N):
    # BFS with pruning maybe
    from collections import deque
    init = 0
    for i in range(N):
        if (i+1)%2==0:
            init |= (1<<i)
    target = (1<<N)-1
    q",---------------------------------------------------------------------------NameError                                 Traceback (most recent call last)/tmp/ipykernel_22290/906684190.py in <cell line: 0
a9dbc8,0,6,12,NameError,NameError: name 'min_flips' is not defined,print(min_flips(4)),---------------------------------------------------------------------------NameError                                 Traceback (most recent call last)/tmp/ipykernel_22614/2852146214.py in <cell line: 
53de2d,1,9,3,ZeroDivisionError,ZeroDivisionError: float division by zero,"import sympy as sp
import math

def has_solution(a,b):
    # returns True if there exist real x,y satisfying conditions
    # handle a=0 case separately
    if a == 0:
        # solve equations direct",---------------------------------------------------------------------------ZeroDivisionError                         Traceback (most recent call last)/tmp/ipykernel_21048/287085256.py in <cell line: 0
53de2d,1,24,2,AttributeError,AttributeError: 'Float' object has no attribute 'real',"def find_solution_xy(a,b):
    # returns (x,y) if found else None
    if a == 0:
        if b <= 0:
            return None
        # t must be 1
        t = 1.0
        v = b/(1 + t)
        # need u",---------------------------------------------------------------------------AttributeError                            Traceback (most recent call last)/tmp/ipykernel_22614/4051220008.py in <cell line: 
53de2d,1,5,5,NameError,NameError: name 'pairs2' is not defined,"valid_pairs = []
for a,b in pairs2:  # earlier pairs2 maybe empty due to timeout; we have pairs list from earlier
    pass",---------------------------------------------------------------------------NameError                                 Traceback (most recent call last)/tmp/ipykernel_23028/1959311469.py in <cell line: 
53de2d,1,8,3,ZeroDivisionError,ZeroDivisionError: float division by zero,"import sympy as sp
import itertools, math

def exists_solution(a,b):
    # a,b integers
    # condition a^2 + b^2 <= 19
    if a*a + b*b > 19:
        return False
    # b must be positive? Let's not ",---------------------------------------------------------------------------ZeroDivisionError                         Traceback (most recent call last)/tmp/ipykernel_21618/711926196.py in <cell line: 0
53de2d,1,8,4,ZeroDivisionError,ZeroDivisionError: float division by zero,"def exists_solution(a,b):
    if a*a + b*b > 19:
        return False
    # handle b=0 quickly: likely no solution because b/v - 2/D = 1 requires b/v defined.
    if b == 0:
        return False
    #",---------------------------------------------------------------------------ZeroDivisionError                         Traceback (most recent call last)/tmp/ipykernel_21618/2659583395.py in <cell line: 
53de2d,1,15,19,NameError,NameError: name 'has_solution_bruteforce' is not defined,"has_solution_bruteforce(0,0)",---------------------------------------------------------------------------NameError                                 Traceback (most recent call last)/tmp/ipykernel_23112/3403208421.py in <cell line: 
53de2d,1,15,20,NameError,NameError: name 'sp' is not defined,"def has_solution_poly(a,b):
    s = sp.symbols('s', real=True)
    poly = 12*s**4 - 24*a*s**3 + (15*a**2 + b**2 - 8)*s**2 + (-3*a**3 - a*b**2 + 8*a)*s - 2*a**2
    roots = sp.nroots(poly)
    for r in",---------------------------------------------------------------------------NameError                                 Traceback (most recent call last)/tmp/ipykernel_23112/1379366527.py in <cell line: 
53de2d,1,17,2,TypeError,TypeError: Invalid NaN comparison,"def exists_solution_s(a,b):
    s = sp.symbols('s', real=True)
    # Equation
    eq = sp.Eq(2, s * b**2 / (1 + s)**2 + 3 * a**2 * s / (1 - s)**2)
    # Solve equation for s
    sols = sp.solve(eq, s,",---------------------------------------------------------------------------TypeError                                 Traceback (most recent call last)/tmp/ipykernel_21528/1661915333.py in <cell line: 
53de2d,1,17,3,ZeroDivisionError,ZeroDivisionError: division by zero,"def exists_solution_s(a,b):
    s = sp.symbols('s', real=True)
    eq = sp.Eq(2, s * b**2 / (1 + s)**2 + 3 * a**2 * s / (1 - s)**2)
    sols = sp.solve(eq, s)
    for sol in sols:
        sol_n = sp.N",---------------------------------------------------------------------------ZeroDivisionError                         Traceback (most recent call last)/tmp/ipykernel_21528/2748223960.py in <cell line: 
53de2d,1,22,4,ZeroDivisionError,ZeroDivisionError: float division by zero,"def verify_pair(a,b):
    # returns True if we find x,y that satisfy original equations within tolerance
    # We'll solve for t and then compute x,y.
    if a == 0:
        # t must be 1
        t = ",---------------------------------------------------------------------------ZeroDivisionError                         Traceback (most recent call last)/tmp/ipykernel_22290/1566855922.py in <cell line: 
53de2d,1,22,8,NameError,NameError: name 'random' is not defined,"def has_solution_general2(a,b):
    if a*a + b*b > 19:
        return False
    # try many random initial guesses covering range 0.001 to 100
    for _ in range(100):
        x0 = 10**random.uniform(-",---------------------------------------------------------------------------NameError                                 Traceback (most recent call last)/tmp/ipykernel_22290/4167623063.py in <cell line: 
53de2d,1,22,10,NameError,NameError: name 'pairs2' is not defined,"all([a*a+b*b<=19 for a,b in pairs2])",---------------------------------------------------------------------------NameError                                 Traceback (most recent call last)/tmp/ipykernel_23196/747379263.py in <cell line: 0
53de2d,1,22,11,NameError,NameError: name 'has_solution_correct' is not defined,"pairs2 = [(a,b) for a in range(-4,5) for b in range(-4,5) if a*a+b*b<=19 and has_solution_correct(a,b)]
len(pairs2), pairs2[:30]",---------------------------------------------------------------------------NameError                                 Traceback (most recent call last)/tmp/ipykernel_23196/3963128935.py in <cell line: 
53de2d,1,21,13,NameError,NameError: name 'exists_solution' is not defined,"exists_solution(0,4)",---------------------------------------------------------------------------NameError                                 Traceback (most recent call last)/tmp/ipykernel_23154/1268763609.py in <cell line: 
53de2d,1,21,15,NameError,NameError: name 'sp' is not defined,"exists_solution_quartic(0,4)",---------------------------------------------------------------------------NameError                                 Traceback (most recent call last)/tmp/ipykernel_23154/2485432232.py in <cell line: 
53de2d,1,16,9,NameError,NameError: name 'pairs' is not defined,"def find_solution_uv(a,b):
    # returns (u,v) if exists else None
    if b <= 0:
        return None
    p = sp.symbols('p', real=True)
    expr = sp.simplify(2/(1-p) - (b**2/(2-p)**2 + 3*a**2/p**2))",---------------------------------------------------------------------------NameError                                 Traceback (most recent call last)/tmp/ipykernel_23070/3638920616.py in <cell line: 
53de2d,1,16,11,NameError,NameError: name 'sp' is not defined,"valid_check = []
for a,b in pairs:
    uv = find_solution_uv(a,b)
    if uv:
        valid_check.append((a,b))
len(valid_check), valid_check",---------------------------------------------------------------------------NameError                                 Traceback (most recent call last)/tmp/ipykernel_23070/597416963.py in <cell line: 0
53de2d,1,16,15,NameError,NameError: name 'valid_check' is not defined,"# List of known solutions
known = set(valid_check + [(0,1),(0,2)])
unknown = [pair for pair in pairs if pair not in known]
len(unknown)",---------------------------------------------------------------------------NameError                                 Traceback (most recent call last)/tmp/ipykernel_23238/2555679232.py in <cell line: 
53de2d,1,16,16,NameError,NameError: name 'pairs' is not defined,"valid_check = [(a,b) for a,b in pairs if find_solution_uv(a,b) is not None]
known = set(valid_check + [(0,1),(0,2)])
unknown = [pair for pair in pairs if pair not in known]
len(unknown)",---------------------------------------------------------------------------NameError                                 Traceback (most recent call last)/tmp/ipykernel_23238/593470445.py in <cell line: 0
53de2d,1,16,17,NameError,NameError: name 'find_solution_uv' is not defined,"pairs = [(a,b) for a in range(-5,6) for b in range(-5,6) if a*a + b*b <= 19]
valid_check = [(a,b) for a,b in pairs if find_solution_uv(a,b) is not None]
known = set(valid_check + [(0,1),(0,2)])
unknow",---------------------------------------------------------------------------NameError                                 Traceback (most recent call last)/tmp/ipykernel_23238/2547201459.py in <cell line: 
53de2d,1,16,18,NameError,NameError: name 'sp' is not defined,"def find_solution_uv(a,b):
    if b <= 0:
        return None
    p = sp.symbols('p', real=True)
    expr = sp.simplify(2/(1-p) - (b**2/(2-p)**2 + 3*a**2/p**2))
    num = sp.together(expr).as_numer_de",---------------------------------------------------------------------------NameError                                 Traceback (most recent call last)/tmp/ipykernel_23238/2140071056.py in <cell line: 
53de2d,1,16,22,NameError,NameError: name 'random' is not defined,"def find_solution_numeric(a,b,tries=100):
    x, y = sp.symbols('x y')
    eq1 = a/sp.sqrt(x) + 2/(y+3*x) - 1
    eq2 = b/sp.sqrt(y) - 2/(y+3*x) - 1
    for _ in range(tries):
        guess = (random.",---------------------------------------------------------------------------NameError                                 Traceback (most recent call last)/tmp/ipykernel_23238/4175240366.py in <cell line: 
53de2d,1,16,24,NameError,NameError: name 'pairs' is not defined,"positive_b_pairs = [(a,b) for a,b in pairs if b>0]
len(positive_b_pairs)",---------------------------------------------------------------------------NameError                                 Traceback (most recent call last)/tmp/ipykernel_23280/3132040439.py in <cell line: 
53de2d,1,16,26,NameError,NameError: name 'known' is not defined,"known_set = set(known)
missing = [pair for pair in positive_b_pairs if pair not in known_set]
missing",---------------------------------------------------------------------------NameError                                 Traceback (most recent call last)/tmp/ipykernel_23280/2662981503.py in <cell line: 
53de2d,1,16,27,NameError,NameError: name 'valid_check' is not defined,"known_set = set(valid_check + [(0,1),(0,2)])
missing = [pair for pair in positive_b_pairs if pair not in known_set]
missing",---------------------------------------------------------------------------NameError                                 Traceback (most recent call last)/tmp/ipykernel_23280/881694075.py in <cell line: 0
53de2d,1,16,28,NameError,NameError: name 'find_solution_uv' is not defined,"valid_check = [(a,b) for a,b in pairs if find_solution_uv(a,b) is not None]
known_set = set(valid_check + [(0,1),(0,2)])
missing = [pair for pair in positive_b_pairs if pair not in known_set]
missing",---------------------------------------------------------------------------NameError                                 Traceback (most recent call last)/tmp/ipykernel_23280/1305017865.py in <cell line: 
53de2d,1,16,29,NameError,NameError: name 'sp' is not defined,"def find_solution_uv(a,b):
    if b <= 0:
        return None
    p = sp.symbols('p', real=True)
    expr = sp.simplify(2/(1-p) - (b**2/(2-p)**2 + 3*a**2/p**2))
    num = sp.together(expr).as_numer_de",---------------------------------------------------------------------------NameError                                 Traceback (most recent call last)/tmp/ipykernel_23280/954355247.py in <cell line: 0
cbbc1b,1,15,16,ValueError,ValueError: Could not find root within given tolerance. (0.0000000000004210229322480435012141097247252526001204923495392783474014232797475625 > 1.854603075343710692865867630773819756683782389378895501,"dFdt = sp.diff(F_t, t)
# Solve derivative = 0 within interval
critical = sp.nsolve(dFdt, 0.05)  # initial guess
critical",---------------------------------------------------------------------------ValueError                                Traceback (most recent call last)/tmp/ipykernel_20532/56801081.py in <cell line: 0>
cbbc1b,1,23,19,ValueError,ValueError: Could not find root within given tolerance. (0.0000000000004210229322480435012141097247252526001204923495392783474014232797475625 > 1.854603075343710692865867630773819756683782389378895501,"sol_a = sp.nsolve(sp.diff(E_a_eq_m, a), 0.05)  # initial guess
sol_a",---------------------------------------------------------------------------ValueError                                Traceback (most recent call last)/tmp/ipykernel_23154/2612388767.py in <cell line: 
cbbc1b,1,21,9,NameError,NameError: name 'sp' is not defined,"c_root = sp.N(0.243484204580000, 30)
c_root",---------------------------------------------------------------------------NameError                                 Traceback (most recent call last)/tmp/ipykernel_23412/1197979826.py in <cell line: 
cbbc1b,1,21,14,TypeError,TypeError: argument should be a string or a Rational instance,"from fractions import Fraction
Fraction(F_max).limit_denominator(1000)",---------------------------------------------------------------------------TypeError                                 Traceback (most recent call last)/tmp/ipykernel_23412/3089020711.py in <cell line: 
cbbc1b,1,6,13,NameError,NameError: name 'sp' is not defined,"sol = sp.nsolve([da, dc], (a,c), (-0.05, 0.3))
sol",---------------------------------------------------------------------------NameError                                 Traceback (most recent call last)/tmp/ipykernel_23580/1930501868.py in <cell line: 
cbbc1b,1,20,10,NameError,NameError: name 'compute_F_full' is not defined,"def compute_F_full_from_values(a,m,b):
    x = np.array([a]*4 + [m] + [b]*4)
    return compute_F_full(x)

compute_F_full_from_values(-1/18, 1/9, 5/18)",---------------------------------------------------------------------------NameError                                 Traceback (most recent call last)/tmp/ipykernel_23496/1324819905.py in <cell line: 
cbbc1b,1,2,14,NameError,NameError: name 'np' is not defined,"def batch_search(batch_size, batches):
    best_val = -1
    best_vec = None
    for _ in range(batches):
        xs = np.random.normal(size=(batch_size,9))
        # adjust sum to 1
        row_means",---------------------------------------------------------------------------NameError                                 Traceback (most recent call last)/tmp/ipykernel_23454/2897810910.py in <cell line: 
cbbc1b,1,2,20,NameError,NameError: name 'sp' is not defined,"a=sp.symbols('a', real=True)
c_expr = (1 - 5*a)/4
C_expr = 5*a**2 + 4*c_expr**2
D_expr = 1 - 9*a
E_expr = sp.simplify(D_expr**2 * (9*C_expr - 1) / C_expr**3)
sp.simplify(E_expr)",---------------------------------------------------------------------------NameError                                 Traceback (most recent call last)/tmp/ipykernel_23454/4054908312.py in <cell line: 
cbbc1b,1,2,37,NameError,NameError: name 'expr_np' is not defined,"def random_search_best(N):
    best_val = -1
    best_vec = None
    for _ in range(N):
        xs = np.random.normal(size=9)
        xs = xs - xs.mean() + 1/9
        xs.sort()
        val = expr_np(",---------------------------------------------------------------------------NameError                                 Traceback (most recent call last)/tmp/ipykernel_23454/1708953308.py in <cell line: 
cbbc1b,1,7,52,NameError,NameError: name 'N1' is not defined,"import sympy as sp
sol = sp.nsolve((N1, N2), (S, m), (-0.2, -0.05))
sol",---------------------------------------------------------------------------NameError                                 Traceback (most recent call last)/tmp/ipykernel_22572/1626010118.py in <cell line: 
69ce73,1,4,4,NameError,NameError: name 'T' is not defined,"import sympy as sp
def angle(p, a, b):
    # angle at point a between vectors a->p and a->b
    v1 = sp.Matrix([p.x - a.x, p.y - a.y])
    v2 = sp.Matrix([b.x - a.x, b.y - a.y])
    # compute angle us",---------------------------------------------------------------------------NameError                                 Traceback (most recent call last)/tmp/ipykernel_20532/1565328590.py in <cell line: 
69ce73,1,21,3,NameError,NameError: name 'ang_R' is not defined,print(sp.N(ang_R*180/sp.pi)),---------------------------------------------------------------------------NameError                                 Traceback (most recent call last)/tmp/ipykernel_23028/2614923172.py in <cell line: 
69ce73,1,5,2,NameError,NameError: name 'xR' is not defined,"import sympy as sp
# Use nsolve with initial guesses
xS_var, yS_var, t_var = sp.symbols('xS_var yS_var t_var')
eq1_n = (xS_var - xR)**2 + (yS_var - yR)**2 - 2
eq2_n = (xR - 2)*(xS_var - xR) + yR*(yS_v",---------------------------------------------------------------------------NameError                                 Traceback (most recent call last)/tmp/ipykernel_23670/2504422025.py in <cell line: 
69ce73,1,8,3,AttributeError,AttributeError: 'Point2D' object has no attribute 'as_real_imag',sp.nsimplify(RS),---------------------------------------------------------------------------AttributeError                            Traceback (most recent call last)/tmp/ipykernel_23196/2532880859.py in <cell line: 
69ce73,1,8,17,AttributeError,AttributeError: 'tuple' object has no attribute 'x',"import math
def angle(p, q, r):
    # angle at q formed by p-q-r
    v1 = (p[0]-q[0], p[1]-q[1])
    v2 = (r[0]-q[0], r[1]-q[1])
    dot = v1[0]*v2[0] + v1[1]*v2[1]
    norm1 = math.hypot(v1[0], v1[1]",---------------------------------------------------------------------------AttributeError                            Traceback (most recent call last)/tmp/ipykernel_23196/1158610392.py in <cell line: 
69ce73,1,22,8,ValueError,"ValueError: shapes (2,1) and (2,1) not aligned: 1 (dim 1) != 2 (dim 0)","import math, numpy as np
def angle(v,w):
    v=np.array(v,float)
    w=np.array(w,float)
    dot=v.dot(w)
    return math.degrees(math.acos(dot/(np.linalg.norm(v)*np.linalg.norm(w))))
print(angle(a_n,",---------------------------------------------------------------------------ValueError                                Traceback (most recent call last)/tmp/ipykernel_23496/1866008145.py in <cell line: 
69ce73,1,16,8,ModuleNotFoundError,ModuleNotFoundError: No module named 'matplotlib',"import matplotlib.pyplot as plt, math, numpy as np, sys, json, os, textwrap, itertools, fractions, random, collections, decimal, statistics, sympy as sp
def get_coords(sgn, y):
    pts = polygon_coord",---------------------------------------------------------------------------ModuleNotFoundError                       Traceback (most recent call last)/tmp/ipykernel_17406/2121563545.py in <cell line: 
69ce73,1,16,9,NameError,NameError: name 'coords' is not defined,coords,---------------------------------------------------------------------------NameError                                 Traceback (most recent call last)/tmp/ipykernel_17406/3742148906.py in <cell line: 
69ce73,1,1,3,NameError,NameError: name 'sol_T' is not defined,"def compute_PT_variant(sign_Q, sign_R, sign_P):
    # sign = +1 for CCW rotation, -1 for CW rotation
    # sign_P indicates orientation for interior angle at P: we need rotate (P - T) by sign_P*90° to",---------------------------------------------------------------------------NameError                                 Traceback (most recent call last)/tmp/ipykernel_22242/2049175867.py in <cell line: 
69ce73,1,17,51,NameError,NameError: name 'expr' is not defined,"def compute_PT_exterior():
    # exterior turn = 180 - interior
    theta0 = 0
    turn_Q = 180-105  # 75
    theta1 = theta0 + turn_Q*deg  # direction of QR
    turn_R = 180-90  # 90
    theta2 = the",---------------------------------------------------------------------------NameError                                 Traceback (most recent call last)/tmp/ipykernel_21048/2563617306.py in <cell line: 
69ce73,1,17,55,NameError,NameError: name 'sol_phi' is not defined,"def PT_for_L(L):
    # L side length
    # Use same orientation as before (add 90 at R)
    theta0 = 0
    theta1 = 105*deg
    theta2 = theta1 + 90*deg
    phi = sp.symbols('phi')
    theta3 = theta2",---------------------------------------------------------------------------NameError                                 Traceback (most recent call last)/tmp/ipykernel_21048/3540487378.py in <cell line: 
69ce73,1,18,51,TypeError,TypeError: Cannot convert complex to float,float(sp.sqrt(10 - 6*sp.sqrt(3)) + 2),---------------------------------------------------------------------------TypeError                                 Traceback (most recent call last)/tmp/ipykernel_21618/3611281526.py in <cell line: 
69ce73,1,24,12,NameError,NameError: name 'L' is not defined,"target = float(L)
candidates = []
for A in range(1,5000):
    diff = math.sqrt(A) - target
    if abs(diff - round(diff)) < 1e-12:
        candidates.append((A, int(round(diff))))
candidates[:20]",---------------------------------------------------------------------------NameError                                 Traceback (most recent call last)/tmp/ipykernel_23712/3227978017.py in <cell line: 
69ce73,1,24,21,ModuleNotFoundError,ModuleNotFoundError: No module named 'matplotlib',"import numpy as np, math, matplotlib.pyplot as plt
P = np.array([0.0,0.0])
Q = np.array([2.0,0.0])
R = np.array([float((5 - math.sqrt(3))/2), float((1 + math.sqrt(3))/2)])
S = np.array([float(2 - math",---------------------------------------------------------------------------ModuleNotFoundError                       Traceback (most recent call last)/tmp/ipykernel_23712/2594100075.py in <cell line: 
69ce73,1,24,22,NameError,NameError: name 'P' is not defined,"def is_convex(poly):
    # poly list of points (x,y) in order, closed (first not repeated)
    n = len(poly)
    sign = None
    for i in range(n):
        a = poly[i]
        b = poly[(i+1)%n]
      ",---------------------------------------------------------------------------NameError                                 Traceback (most recent call last)/tmp/ipykernel_23712/2393938016.py in <cell line: 
69ce73,1,24,31,IndexError,IndexError: list index out of range,"def compute_PT(s):
    # s is side length for QR, RS, ST
    # Use orientation cw (right turns)
    # P(0,0), Q(2,0)
    # Q->R direction rotate -105 deg
    theta_Q = -105*sp.pi/180
    QR_dir = sp.M",---------------------------------------------------------------------------IndexError                                Traceback (most recent call last)/tmp/ipykernel_23712/2832982338.py in <cell line: 
69ce73,1,24,38,IndexError,IndexError: list index out of range,target_L = compute_PT(1)[0]  # we need to solve again manually,---------------------------------------------------------------------------IndexError                                Traceback (most recent call last)/tmp/ipykernel_23712/1115572547.py in <cell line: 
69ce73,1,11,20,NameError,NameError: name 'ang_Q' is not defined,print(float(ang_Q)),---------------------------------------------------------------------------NameError                                 Traceback (most recent call last)/tmp/ipykernel_23154/1392391165.py in <cell line: 
69ce73,1,11,30,ModuleNotFoundError,ModuleNotFoundError: No module named 'matplotlib',"import matplotlib.pyplot as plt, numpy as np, math, sys, json, os, itertools, collections, fractions, random, statistics, decimal, sympy as sp
P = np.array([0.0,0.0])
Q = np.array([2.0,0.0])
R = np.ar",---------------------------------------------------------------------------ModuleNotFoundError                       Traceback (most recent call last)/tmp/ipykernel_23154/4107570417.py in <cell line: 
69ce73,1,11,39,IndexError,IndexError: tuple index out of range,"y2 = -1 - sp.sqrt(4*sp.sqrt(3) - 5)
T2 = sp.Point(0, y2)
cross_vals2 = [cross(points[i], points[(i+1)%5], points[(i+2)%5]) for i, points in enumerate([P,Q,R,S,T2])]",---------------------------------------------------------------------------IndexError                                Traceback (most recent call last)/tmp/ipykernel_23154/2998628717.py in <cell line: 
a53356,1,16,5,ModuleNotFoundError,ModuleNotFoundError: No module named 'matplotlib',"import matplotlib.pyplot as plt
import numpy as np, math, itertools, sys, sympy as sp, matplotlib
xs = np.linspace(-40,40,800)
ys = np.linspace(-40,40,800)
# Plot curve: we can compute implicit functi",---------------------------------------------------------------------------ModuleNotFoundError                       Traceback (most recent call last)/tmp/ipykernel_19879/1047458132.py in <cell line: 
a53356,1,11,1,ModuleNotFoundError,ModuleNotFoundError: No module named 'matplotlib',"import numpy as np, math, itertools, sys, json, sympy as sp, matplotlib.pyplot as plt",---------------------------------------------------------------------------ModuleNotFoundError                       Traceback (most recent call last)/tmp/ipykernel_23028/4285844539.py in <cell line: 
a53356,1,23,2,ModuleNotFoundError,ModuleNotFoundError: No module named 'matplotlib',"import matplotlib.pyplot as plt
import numpy as np, math, sys, json, itertools, sympy as sp
xs = np.linspace(-40,40,8001)
ys = []
for x in xs:
    if x>=0:
        # compute y solutions
        # y = ",---------------------------------------------------------------------------ModuleNotFoundError                       Traceback (most recent call last)/tmp/ipykernel_23712/2679198374.py in <cell line: 
a53356,1,17,4,ModuleNotFoundError,ModuleNotFoundError: No module named 'matplotlib',"import matplotlib.pyplot as plt
import numpy as np

xs_pos = np.linspace(0, 30, 400)
ys1 = -20*np.ones_like(xs_pos)  # y=-20
ys2 = 20 - 2*xs_pos

xs_neg = np.linspace(-30, 0, 400)
ys3 = 20*np.ones_lik",---------------------------------------------------------------------------ModuleNotFoundError                       Traceback (most recent call last)/tmp/ipykernel_23196/4271508619.py in <cell line: 
a53356,1,15,3,ModuleNotFoundError,ModuleNotFoundError: No module named 'matplotlib',"import numpy as np, matplotlib.pyplot as plt
def curve_points(num=400):
    xs = np.linspace(-40,40,800)
    pts = []
    for x in xs:
        if x>=0:
            # y = -20 always solution
          ",---------------------------------------------------------------------------ModuleNotFoundError                       Traceback (most recent call last)/tmp/ipykernel_23454/280641097.py in <cell line: 0
a53356,1,2,2,ModuleNotFoundError,ModuleNotFoundError: No module named 'matplotlib',"import matplotlib.pyplot as plt
import numpy as np, math, sys, json, itertools, collections, fractions, random, statistics, decimal, heapq, functools, sympy as sp
# Let's plot the lines and points
poi",---------------------------------------------------------------------------ModuleNotFoundError                       Traceback (most recent call last)/tmp/ipykernel_22824/914204040.py in <cell line: 0
a53356,1,12,2,ModuleNotFoundError,ModuleNotFoundError: No module named 'matplotlib',"import numpy as np, matplotlib.pyplot as plt, math, sys, json, os, itertools, random, collections, fractions, decimal, statistics, sympy as sp",---------------------------------------------------------------------------ModuleNotFoundError                       Traceback (most recent call last)/tmp/ipykernel_23412/3714306615.py in <cell line: 
a53356,1,6,2,ModuleNotFoundError,ModuleNotFoundError: No module named 'matplotlib',"import matplotlib.pyplot as plt
import numpy as np

# define lines
x_vals = np.linspace(-30,30,400)
y1 = np.full_like(x_vals,20) # top horizontal for x<=0
y2 = np.full_like(x_vals,-20) # bottom horizo",---------------------------------------------------------------------------ModuleNotFoundError                       Traceback (most recent call last)/tmp/ipykernel_20532/606116482.py in <cell line: 0
bad5bf,1,1,3,ValueError,ValueError: min() iterable argument is empty,"def in_R1(x,y):
    return abs(x-2)+abs(y) <= 1+1e-12
def in_R2(x,y):
    return abs(x+2)+abs(y) <= 1+1e-12

samples_R1 = []
samples_R2 = []
for _ in range(200000):
    x = random.uniform(1,3) # appro",---------------------------------------------------------------------------ValueError                                Traceback (most recent call last)/tmp/ipykernel_20532/4100430744.py in <cell line: 
bad5bf,1,7,2,TypeError,TypeError: both arguments should be Rational instances,"import random, math
def in_left(x,y):
    # left region condition
    d = min(abs(x-2), abs(x+2))
    return d + abs(y) <= 1 + 1e-12 and -3 <= x <= -1
def in_right(x,y):
    d = min(abs(x-2), abs(x+2)",---------------------------------------------------------------------------TypeError                                 Traceback (most recent call last)/tmp/ipykernel_23028/669903113.py in <cell line: 0
bad5bf,1,21,5,NameError,NameError: name 'left_vals' is not defined,"print(min(left_vals), max(left_vals))
print(min(right_vals), max(right_vals))",---------------------------------------------------------------------------NameError                                 Traceback (most recent call last)/tmp/ipykernel_21048/1450513518.py in <cell line: 
bad5bf,1,19,6,NameError,NameError: name 'sample_points' is not defined,"vals = sample_points(50000)
neg_vals = [v for v in vals if v < 0]
pos_vals = [v for v in vals if v > 0]
max_gap_neg = max(sorted(neg_vals)[i+1] - sorted(neg_vals)[i] for i in range(len(neg_vals)-1))
m",---------------------------------------------------------------------------NameError                                 Traceback (most recent call last)/tmp/ipykernel_24030/1432296399.py in <cell line: 
bad5bf,1,19,8,NameError,NameError: name 'sample_points' is not defined,"vals = sample_points(20000)
neg_vals = [v for v in vals if v < 0]
pos_vals = [v for v in vals if v > 0]
max_gap_neg = max(sorted(neg_vals)[i+1] - sorted(neg_vals)[i] for i in range(len(neg_vals)-1))
m",---------------------------------------------------------------------------NameError                                 Traceback (most recent call last)/tmp/ipykernel_24072/569340990.py in <cell line: 0
bad5bf,1,19,10,NameError,NameError: name 'sp' is not defined,"x=sp.symbols('x')
f_min_left1 = (2*x+3)/(2*x-1)
sp.diff(f_min_left1, x).simplify()",---------------------------------------------------------------------------NameError                                 Traceback (most recent call last)/tmp/ipykernel_24114/3526872874.py in <cell line: 
686753,1,2,8,ValueError,ValueError: Could not find root within given tolerance. (0.000000000000002498158957497116836586967191164816101057532208026709723087021010795362 > 1.8546030753437106928658676307738197566837823893788955,"import sympy as sp

# define symbols
h,k,k2,xs,ys = sp.symbols('h k k2 xs ys', real=True)

eqA2 = sp.sqrt((9 + (h - k)**2)*(4 + k**2)) - (6 + h*k - k**2)
eqB2 = sp.sqrt((4 + (h - k2)**2)*(9 + k2**2)) ",---------------------------------------------------------------------------ValueError                                Traceback (most recent call last)/tmp/ipykernel_21360/1564794351.py in <cell line: 
686753,1,18,1,NotImplementedError,NotImplementedError:,"import sympy as sp

# define symbols
k, y1, y2, R = sp.symbols('k y1 y2 R', real=True)

eq1 = sp.sqrt(9 + y1**2) + sp.sqrt(4 + (y1 - k)**2) - R
eq2 = sp.sqrt(4 + y2**2) + sp.sqrt(9 + (y2 - k)**2) - R
",---------------------------------------------------------------------------NotImplementedError                       Traceback (most recent call last)/tmp/ipykernel_23670/964038695.py in <cell line: 0
686753,1,10,3,ValueError,ValueError: Could not find root within given tolerance. (2.522196977772590256560332708240110657610488599761558832185452114576846 > 1.8546030753437106928658676307738197566837823893788955012265195294587,"# Define equations
eqA = sp.sqrt(9 + (h - y1)**2) + sp.sqrt(4 + y1**2) - sp.sqrt(25 + h**2)
eqB = sp.sqrt(4 + (h - y2)**2) + sp.sqrt(9 + y2**2) - sp.sqrt(25 + h**2)
N = (21 - 4*h**2)*((y1 - y2)**2 + 2",---------------------------------------------------------------------------ValueError                                Traceback (most recent call last)/tmp/ipykernel_23412/1205640603.py in <cell line: 
686753,1,20,2,ValueError,ValueError: Could not find root within given tolerance. (0.000000736690708436071872711181640625 > 1.854603075343710692865867630773819756683782389378895501226519529458791e-68),"h, y1, y2 = sp.symbols('h y1 y2', real=True)

eqA2 = sp.Eq((h**2 + 25)*(4 + (y1 - h)**2), (h**2 - h*y1 + 10)**2)
eqB2 = sp.Eq((h**2 + 25)*(9 + (y2 - h)**2), (h**2 - h*y2 + 15)**2)
t = y2 - y1
eqE2 = s",---------------------------------------------------------------------------ValueError                                Traceback (most recent call last)/tmp/ipykernel_23454/3594348326.py in <cell line: 
686753,1,12,1,ZeroDivisionError,ZeroDivisionError: matrix is numerically singular,"import sympy as sp

# define symbols
k, y1, y2 = sp.symbols('k y1 y2', real=True)

R0 = sp.sqrt(25 + k**2)

eq1 = sp.sqrt(4 + y1**2) - (10 + k*y1)/R0
eq2 = sp.sqrt(9 + y2**2) - (15 + k*y2)/R0
eq3 = (5",---------------------------------------------------------------------------ZeroDivisionError                         Traceback (most recent call last)/tmp/ipykernel_23796/3371292200.py in <cell line: 
686753,1,16,2,ValueError,ValueError: Could not find root within given tolerance. (0.0000001745104393060392707230434681527086770919941266057671907182387081131207 > 1.854603075343710692865867630773819756683782389378895501226519,"sol = sp.nsolve((eqA, eqB, eqC), (k, y1, y2), (3, 2, -1))
sol",---------------------------------------------------------------------------ValueError                                Traceback (most recent call last)/tmp/ipykernel_22824/3385717831.py in <cell line: 
686753,1,19,6,ValueError,ValueError: Could not find root within given tolerance. (0.000000000000002118748489810878468177424978708537377502209238855975439558922151933421 > 1.8546030753437106928658676307738197566837823893788955,"# Define equations
eq1 = sp.sqrt(9 + (k - y1)**2) - (sp.sqrt(25 + k**2) - sp.sqrt(4 + y1**2))
eq2 = sp.sqrt(4 + (k - y2)**2) - (sp.sqrt(25 + k**2) - sp.sqrt(9 + y2**2))
eq3 = (5 - k*(y1 - y2))**2 / ((",---------------------------------------------------------------------------ValueError                                Traceback (most recent call last)/tmp/ipykernel_23280/8395917.py in <cell line: 0>(
686753,1,15,8,TypeError,TypeError: _lambdifygenerated() missing 1 required positional argument: 'b',"h = sp.symbols('h', positive=True)
R0_expr = sp.sqrt(25 + h**2)
a, b = sp.symbols('a b', real=True)

eq1 = sp.Eq(sp.sqrt(9 + a**2), R0_expr - sp.sqrt(4 + (a - h)**2))
eq2 = sp.Eq(sp.sqrt(4 + b**2), R0",---------------------------------------------------------------------------TypeError                                 Traceback (most recent call last)/usr/local/lib/python3.12/dist-packages/mpmath/cal
686753,1,4,1,NotImplementedError,NotImplementedError:,"import sympy as sp

# define symbols
h, y1, y2 = sp.symbols('h y1 y2', real=True)

R = sp.sqrt(25 + h**2)  # big radius

# equations from tangency
eq1 = sp.sqrt(9 + y1**2) - (R - sp.sqrt(4 + (h - y1)*",---------------------------------------------------------------------------NotImplementedError                       Traceback (most recent call last)/tmp/ipykernel_23370/67744376.py in <cell line: 0>
686753,1,4,2,ValueError,ValueError: Could not find root within given tolerance. (0.000001087078715262102560924244881630487702844729957322722209652997986493782 > 1.8546030753437106928658676307738197566837823893788955012265195,"h, y1, y2 = sp.symbols('h y1 y2', real=True)

R = sp.sqrt(25 + h**2)

eq1 = sp.sqrt(9 + y1**2) - (R - sp.sqrt(4 + (h - y1)**2))
eq2 = sp.sqrt(4 + y2**2) - (R - sp.sqrt(9 + (h - y2)**2))

eq3 = 4*(-5 +",---------------------------------------------------------------------------ValueError                                Traceback (most recent call last)/tmp/ipykernel_23370/3635537455.py in <cell line: 
686753,1,4,6,ValueError,ValueError: Could not find root within given tolerance. (0.0000000000009291705354989905043191289209424680491399592114519097422609634029384538 > 1.854603075343710692865867630773819756683782389378895501,"h, y1, y2, R = sp.symbols('h y1 y2 R', real=True)

eq1 = sp.Eq(R**2, h**2 + 25)
eq4 = sp.Eq(R*sp.sqrt(4 + (h - y1)**2) + h*y1, h**2 + 10)  # using r1 = sqrt(...)
eq5 = sp.Eq(R*sp.sqrt(9 + (h - y2)**2)",---------------------------------------------------------------------------ValueError                                Traceback (most recent call last)/tmp/ipykernel_23370/2227118542.py in <cell line: 
686753,1,11,2,ValueError,ValueError: Could not find root within given tolerance. (0.0000000000003802477933847940663173827707513056022403098181786409281831477550293419 > 1.854603075343710692865867630773819756683782389378895501,"# Use nsolve
eq1_s = sp.Eq(eq1, 0)
eq2_s = sp.Eq(eq2, 0)
eq3_s = sp.Eq(eq3, 0)

# convert to expressions
f1 = eq1
f2 = eq2
f3 = eq3

# initial guess
guess = {k:3, y1:0, y2:0}
sol = sp.nsolve([f1, f2, ",---------------------------------------------------------------------------ValueError                                Traceback (most recent call last)/tmp/ipykernel_21937/1526386494.py in <cell line: 
686753,1,11,9,TypeError,TypeError: nsimplify() got an unexpected keyword argument 'maxsteps',"sp.nsimplify(RS_len_n**2, maxsteps=50)",---------------------------------------------------------------------------TypeError                                 Traceback (most recent call last)/tmp/ipykernel_21937/1033719164.py in <cell line: 
686753,1,24,4,ValueError,ValueError: Could not find root within given tolerance. (0.000000000000000001760432736335878782596915438639311979686908690520781758606356123161322 > 1.8546030753437106928658676307738197566837823893788,"sol = sp.nsolve([eq1, eq2, eq3, eq4, eq5, eq6, eq7],
                [h, Rbig, y1, y2, vx, vy, s],
                [-2.6, 5.6, -1.5, -1.0, -0.1, 0.99, 2.5])
sol",---------------------------------------------------------------------------ValueError                                Traceback (most recent call last)/tmp/ipykernel_24114/4132686082.py in <cell line: 
686753,1,24,6,AttributeError,AttributeError: 'BooleanFalse' object has no attribute 'lhs',"eqs_sub = [eq.subs({h:sol_initial[0], Rbig:sol_initial[1], y1:sol_initial[2], y2:sol_initial[3], vx:sol_initial[4], vy:sol_initial[5], s:sol_initial[6]}) for eq in eqs]
[sp.N(eq.lhs - eq.rhs) for eq i",---------------------------------------------------------------------------AttributeError                            Traceback (most recent call last)/tmp/ipykernel_24114/4024336131.py in <cell line: 
686753,1,24,9,NameError,NameError: name 'residuals' is not defined,print(residuals),---------------------------------------------------------------------------NameError                                 Traceback (most recent call last)/tmp/ipykernel_24114/4123385069.py in <cell line: 
686753,1,24,11,TypeError,TypeError: type MutableDenseMatrix doesn't define __round__ method,"def find_solution(initial):
    try:
        sol = sp.nsolve([eq1, eq2, eq3, eq4, eq5, eq6, eq7],
                        [h, Rbig, y1, y2, vx, vy, s],
                        initial, tol=1e-14, maxs",---------------------------------------------------------------------------TypeError                                 Traceback (most recent call last)/tmp/ipykernel_24114/3954097564.py in <cell line: 
686753,1,17,1,NotImplementedError,NotImplementedError:,"import sympy as sp

# define symbols
d,R,y1,y2 = sp.symbols('d R y1 y2', real=True)

eq1 = sp.Eq(R**2, d**2 + 25)

r1_sq = 4 + (y1 - d)**2
r2_sq = 9 + (y2 - d)**2

eq4 = sp.Eq(sp.sqrt(9 + y1**2), R - ",---------------------------------------------------------------------------NotImplementedError                       Traceback (most recent call last)/tmp/ipykernel_21048/1305729089.py in <cell line: 
686753,1,17,8,TypeError,TypeError: nsimplify() got an unexpected keyword argument 'maxsteps',"sp.nsimplify(RS_sq, [sp.Rational(1,2), sp.Rational(1,4), sp.Rational(5,2), sp.Rational(25,4)], maxsteps=100)",---------------------------------------------------------------------------TypeError                                 Traceback (most recent call last)/tmp/ipykernel_21048/3739704393.py in <cell line: 
686753,1,17,9,AttributeError,AttributeError: module 'sympy' has no attribute 'mp',"# Use higher precision nsolve
sp.mp.dps = 80
sol_high = sp.nsolve(eqs, [d,R,y1,y2], [2.6,5.6,1.5,1.0], prec=80, maxsteps=200)
sol_high",---------------------------------------------------------------------------AttributeError                            Traceback (most recent call last)/tmp/ipykernel_21048/3062990956.py in <cell line: 
686753,1,17,10,ValueError,ValueError: Could not find root within given tolerance. (5.9316062895273367653358139322027985286143462991541757516682140747033531762464546932194e-29 > 2.05902303578721156725558086938867558744335183249,"import mpmath as mp
mp.mp.dps = 80
sol_high = sp.nsolve(eqs, [d,R,y1,y2], [2.618,5.644,1.571,1.047])
sol_high",---------------------------------------------------------------------------ValueError                                Traceback (most recent call last)/tmp/ipykernel_21048/1163802914.py in <cell line: 
686753,1,6,32,AttributeError,AttributeError: module 'sympy' has no attribute 'abs',"# define S as reflection
S = S_reflected
# compute distance from O to line RS
x1, y1 = R_pt.x, R_pt.y
x2, y2 = S.x, S.y
# numerator absolute value of cross product of vectors R and S (since O at origi",---------------------------------------------------------------------------AttributeError                            Traceback (most recent call last)/tmp/ipykernel_22242/2359458955.py in <cell line: 
686753,1,6,37,TypeError,TypeError: argument should be a string or a Rational instance,"from fractions import Fraction
Fraction(RS_len**2).limit_denominator(10000)",---------------------------------------------------------------------------TypeError                                 Traceback (most recent call last)/tmp/ipykernel_22242/4248770240.py in <cell line: 
686753,1,6,57,TypeError,TypeError: loop of ufunc does not support argument 0 of type Float which has no callable sqrt method,"def compute_RS(Rb_val):
    y0 = mp.sqrt(Rb_val**2 - 25)
    r1 = mp.sqrt(5)
    r2 = 3*mp.sqrt(5)/2
    R_pt = (-1, y0)
    O1 = ((Rb_val - r1)/Rb_val * -5, (Rb_val - r1)/Rb_val * y0)
    O2 = ((Rb_v",---------------------------------------------------------------------------AttributeError                            Traceback (most recent call last)AttributeError: 'Float' object has no attribute 's
686753,1,6,64,KeyError,PolynomialError: 1/(6561*Rb**6 - 32400*Rb**5*s + 297200*Rb**4 - 240000*Rb**3*s + 360000*Rb**2) contains an element of the set of generators.,"Rb, s, T = sp.symbols('Rb s T')
# define N, B as before
N = 5120*Rb**6 + 89264*Rb**4 - 7396725*Rb**2 - 10325000
B = -26112*Rb**5 + 601640*Rb**3 + 6529000*Rb
eq1 = sp.Eq(N + s*B, 0)

# RS_sq_expr with ",---------------------------------------------------------------------------KeyError                                  Traceback (most recent call last)/usr/local/lib/python3.12/dist-packages/sympy/poly
686753,1,6,69,NameError,NameError: name 'coeffs' is not defined,"from sympy import igcd
g = igcd(coeffs[0], coeffs[1])
for c in coeffs[2:]:
    g = igcd(g, c)
g",---------------------------------------------------------------------------NameError                                 Traceback (most recent call last)/tmp/ipykernel_22242/1754536970.py in <cell line: 
686753,1,6,77,AttributeError,AttributeError: 'Poly' object has no attribute 'rational_root_test',"poly_T_int = sp.Poly(poly_T, T)
poly_T_int.rational_root_test()",---------------------------------------------------------------------------AttributeError                            Traceback (most recent call last)/tmp/ipykernel_22242/2071424478.py in <cell line: 
686753,1,6,80,TypeError,TypeError: nsimplify() got an unexpected keyword argument 'maxsteps',"root_val = roots_T[1]  # second root approx 6.12422008854112
sp.nsimplify(root_val, maxsteps=100)",---------------------------------------------------------------------------TypeError                                 Traceback (most recent call last)/tmp/ipykernel_22242/2210357775.py in <cell line: 
686753,1,8,7,NameError,NameError: name 'sp' is not defined,"k, y2 = sp.symbols('k y2')
eq2 = 100*y2**2 + (4*k**3 + 20*k)*y2 - (k**4 - 6*k**2 - 375)
eq3 = -1711*k**2 - 1304*k*y2 + 525*y2**2 + 15625
res = sp.resultant(eq2, eq3, y2)
sp.factor(res)",---------------------------------------------------------------------------NameError                                 Traceback (most recent call last)/tmp/ipykernel_24207/3678362596.py in <cell line: 
686753,1,8,17,KeyError,PolynomialError: 1/(y1**2 - 2*y1*y2 + y2**2 + 25) contains an element of the set of generators.,"RS_reduced = G.reduce(RS_sq_expr)[1]  # remainder
RS_reduced",---------------------------------------------------------------------------KeyError                                  Traceback (most recent call last)/usr/local/lib/python3.12/dist-packages/sympy/poly
686753,1,8,20,TypeError,TypeError: nsimplify() got an unexpected keyword argument 'maxsteps',"sp.nsimplify(RS_sq, maxsteps=100)",---------------------------------------------------------------------------TypeError                                 Traceback (most recent call last)/tmp/ipykernel_24207/1200299954.py in <cell line: 
686753,1,8,21,TypeError,TypeError: nsimplify() got an unexpected keyword argument 'maxsteps',"sp.nsimplify(RS_sq, [], maxsteps=20)",---------------------------------------------------------------------------TypeError                                 Traceback (most recent call last)/tmp/ipykernel_24207/2281364389.py in <cell line: 
686753,1,8,40,NameError,NameError: name 'val' is not defined,"N_val = sp.expand(N.subs(s, val))
N_val",---------------------------------------------------------------------------NameError                                 Traceback (most recent call last)/tmp/ipykernel_24207/3285600140.py in <cell line: 
686753,1,8,41,NameError,NameError: name 'num' is not defined,"val = sp.Rational(num, den)
N_val = sp.expand(N.subs(s, val))
N_val",---------------------------------------------------------------------------NameError                                 Traceback (most recent call last)/tmp/ipykernel_24207/3175717262.py in <cell line: 
686753,1,8,51,NameError,NameError: name 'RS_sq_sym' is not defined,RS_sq_sym,---------------------------------------------------------------------------NameError                                 Traceback (most recent call last)/tmp/ipykernel_24207/1095978138.py in <cell line: 
686753,1,8,58,AttributeError,AttributeError: module 'sympy' has no attribute 'mp',"import sympy as sp
sp.mp.dps = 50  # set high precision for mpmath maybe not needed

# define algebraic numbers using RootOf for k^2 as before
t = sp.Symbol('t')
poly_t = 673407*t**4 + 50207892*t**3 -",---------------------------------------------------------------------------AttributeError                            Traceback (most recent call last)/tmp/ipykernel_24207/1138333228.py in <cell line: 
686753,1,8,65,AttributeError,AttributeError: module 'mpmath' has no attribute 'dot',"# line RS param t: R_pt + t*(S - R_pt)
dir_vec = S - R_pt
# big circle radius
R_big = mp.sqrt(25 + k**2)
# Solve quadratic for t where point lies on big circle
a = mp.dot(dir_vec, dir_vec)
b = 2 * mp.",---------------------------------------------------------------------------AttributeError                            Traceback (most recent call last)/tmp/ipykernel_24249/2187618796.py in <cell line: 
686753,1,8,71,NameError,NameError: name 'sp' is not defined,"k, y1, y2 = sp.symbols('k y1 y2')
R = sp.sqrt(25 + k**2)
eq3_original = ((-k*(y2 - y1) + 5)**2) / (25 + (y2 - y1)**2) - (R**2 - sp.Rational(121,4))
sp.simplify(eq3_original)",---------------------------------------------------------------------------NameError                                 Traceback (most recent call last)/tmp/ipykernel_24249/2464853289.py in <cell line: 
686753,1,8,76,NameError,NameError: name 'np' is not defined,"k_val = float(sol[0])
y1_val = 0.6*k_val
y2_val = float(sol[1])
# recompute geometry
C = np.array([-5.0, k_val])
R_pt = np.array([-1.0, k_val])
D = np.array([5.0, k_val])
O1 = np.array([-3.0, y1_val])",---------------------------------------------------------------------------NameError                                 Traceback (most recent call last)/tmp/ipykernel_24249/4249810175.py in <cell line: 
3eee67,1,7,8,ValueError,ValueError: need at least one array to concatenate,"import itertools, math
import numpy as np
from scipy.optimize import milp, LinearConstraint, Bounds

def max_f_milp(n):
    # map edge (i,j) with i<j to index
    edges = [(i,j) for i in range(n) for ",---------------------------------------------------------------------------ValueError                                Traceback (most recent call last)/tmp/ipykernel_22488/972088982.py in <cell line: 0
3eee67,1,2,6,ValueError,ValueError: `integrality` must contain integers 0-3 and be broadcastable to `c.shape`.,"import numpy as np, math, itertools, sys, time, random, collections, itertools, math, sys, os, json, fractions, decimal, functools, heapq, statistics, typing, fractions, math, numpy as np
from scipy.o",---------------------------------------------------------------------------ValueError                                Traceback (most recent call last)/tmp/ipykernel_23496/2220499582.py in <cell line: 
dbbfe8,1,19,4,NameError,NameError: name 'cell_to_dominos' is not defined,"rows = []
ub = []

# constraint type 1: blocking
for i, (typ, cov) in enumerate(dominos):
    r0,c0 = cov[0]
    r1,c1 = cov[1]
    # define required cells per direction
    required_cells = []
    if",---------------------------------------------------------------------------NameError                                 Traceback (most recent call last)/tmp/ipykernel_24855/1389610019.py in <cell line: 
dbbfe8,1,19,12,ValueError,ValueError: `integrality` must contain integers 0-3 and be broadcastable to `c.shape`.,"# add constraint sum <= 21
rows2 = rows.copy()
ub2 = ub.copy()
# add constraint sum <= 21
coeff_sum = np.ones(num)
rows2.append(coeff_sum)
ub2.append(21.0)

A2 = np.vstack(rows2)
lin_con2 = LinearCons",---------------------------------------------------------------------------ValueError                                Traceback (most recent call last)/usr/local/lib/python3.12/dist-packages/scipy/opti
dbbfe8,1,17,4,UnboundLocalError,UnboundLocalError: cannot access local variable 'constraint_count' where it is not associated with a value,"data = []
row_ind = []
col_ind = []
lb = []
ub = []

constraint_count = 0

# Non-overlap constraints: for each cell, sum_{placements covering cell} x_i <= 1
for r in range(R):
    for c in range(C):
 ",---------------------------------------------------------------------------UnboundLocalError                         Traceback (most recent call last)/tmp/ipykernel_22242/430860790.py in <cell line: 0
dbbfe8,1,7,14,ValueError,"ValueError: `lb`, `ub`, and `keep_feasible` must be broadcastable to shape `A.shape[0:1]`","# Add both lower bound 1 and upper bound 21
A_feas2 = np.vstack([A2, sum_coeff, sum_coeff])
lb_feas2 = np.append(lb2, 1)   # lower bound for first sum constraint
ub_feas2 = np.append(ub2, 21)  # upper",---------------------------------------------------------------------------ValueError                                Traceback (most recent call last)/usr/local/lib/python3.12/dist-packages/scipy/opti
dbbfe8,1,23,12,ValueError,ValueError: `integrality` must contain integers 0-3 and be broadcastable to `c.shape`.,"# Add constraint sum x_i <= 21, plus all other constraints (including >=1)
row_sum = np.ones(n_vars, dtype=int)
A2 = np.vstack([A, row_sum])
lb2 = np.append(lb, -np.inf)  # lower bound unchanged for t",---------------------------------------------------------------------------ValueError                                Traceback (most recent call last)/usr/local/lib/python3.12/dist-packages/scipy/opti
dbbfe8,1,20,6,NameError,NameError: name 'cell_to_placements' is not defined,"import numpy as np

n = len(placements)
m = 0
rows = []
lb = []
ub = []

# cell coverage constraints: sum <= 1
for r in range(R):
    for c in range(C):
        row = np.zeros(n, dtype=int)
        fo",---------------------------------------------------------------------------NameError                                 Traceback (most recent call last)/tmp/ipykernel_25005/2692824762.py in <cell line: 
dbbfe8,1,20,16,ValueError,ValueError: `integrality` must contain integers 0-3 and be broadcastable to `c.shape`.,"def blocking_cells_strict(p):
    typ, r, c = p
    blocks = {}
    if typ == 'H':
        if c-1 >= 0:
            blocks['L'] = [(r, c-1)]
        if c+2 < C:
            blocks['R'] = [(r, c+2)]
  ",---------------------------------------------------------------------------ValueError                                Traceback (most recent call last)/usr/local/lib/python3.12/dist-packages/scipy/opti
dbbfe8,1,3,6,NameError,NameError: name 'cell_to_dominos' is not defined,"from scipy.optimize import milp, LinearConstraint, Bounds

num_vars = len(dominos)
# Build constraints
A_rows = []
lb = []
ub = []

# Non-overlap constraints for each cell
for r in range(n):
    for c",---------------------------------------------------------------------------NameError                                 Traceback (most recent call last)/tmp/ipykernel_21360/2609114770.py in <cell line: 
dbbfe8,1,24,5,AttributeError,AttributeError: 'numpy.ndarray' object has no attribute 'append',"# Add constraint sum_i x_i >= 1
coeff = np.ones(n_vars, dtype=int)
rows.append(coeff)
lb.append(1)
ub.append(np.inf)

A = np.vstack(rows)
lb = np.array(lb, dtype=float)
ub = np.array(ub, dtype=float)
",---------------------------------------------------------------------------AttributeError                            Traceback (most recent call last)/tmp/ipykernel_25155/3216010988.py in <cell line: 
dbbfe8,1,21,7,ValueError,"ValueError: setting an array element with a sequence. The requested array has an inhomogeneous shape after 1 dimensions. The detected shape was (1074,) + inhomogeneous part.","num_constraints = len(b)
A = sp.csr_matrix((data, (row_inds, col_inds)), shape=(num_constraints, num_vars))
lb = np.full(num_constraints, -np.inf)
ub = np.full(num_constraints, np.inf)
for i, s in enu",---------------------------------------------------------------------------ValueError                                Traceback (most recent call last)/tmp/ipykernel_23196/3374090136.py in <cell line: 
dbbfe8,1,10,12,NameError,NameError: name 'feasible_with_bounds' is not defined,"success, res = feasible_with_bounds(1, 21)
print(""success:"", success)",---------------------------------------------------------------------------NameError                                 Traceback (most recent call last)/tmp/ipykernel_25797/784261690.py in <cell line: 0
dbbfe8,1,10,13,NameError,NameError: name 'selected' is not defined,"def board_representation(selected):
    board = [['.' for _ in range(7)] for _ in range(7)]
    # assign letters or numbers to each domino
    for idx, (typ, r, c) in enumerate(selected):
        labe",---------------------------------------------------------------------------NameError                                 Traceback (most recent call last)/tmp/ipykernel_25797/2137600477.py in <cell line: 
dbbfe8,1,10,14,NameError,NameError: name 'solve_min_positive' is not defined,"res2, placements2 = solve_min_positive()
sol = np.round(res2.x).astype(int)
selected = [placements2[i] for i, v in enumerate(sol) if v==1]
len(selected)",---------------------------------------------------------------------------NameError                                 Traceback (most recent call last)/tmp/ipykernel_25797/3031025019.py in <cell line: 
dbbfe8,1,10,15,NameError,NameError: name 'np' is not defined,"def solve_min_positive():
    n_rows = n_cols = 7
    placements = []
    for r in range(n_rows):
        for c in range(n_cols-1):
            placements.append(('H', r, c))
    for r in range(n_rows",---------------------------------------------------------------------------NameError                                 Traceback (most recent call last)/tmp/ipykernel_25797/3863336892.py in <cell line: 
dbbfe8,1,10,16,NameError,NameError: name 'Bounds' is not defined,"import numpy as np, collections
res2, placements2 = solve_min_positive()
sol = np.round(res2.x).astype(int)
selected = [placements2[i] for i, v in enumerate(sol) if v==1]
len(selected)",---------------------------------------------------------------------------NameError                                 Traceback (most recent call last)/tmp/ipykernel_25797/817115406.py in <cell line: 0
dbbfe8,1,11,11,ValueError,ValueError: `integrality` must contain integers 0-3 and be broadcastable to `c.shape`.,"A2 = np.vstack([np.vstack([row for row,_ in constraints2]), np.ones(len(placements), dtype=int)])
lb2 = np.append(np.array([lb for _,lb in constraints2]), 1)
ub2 = np.full(A2.shape[0], np.inf)

res3 =",---------------------------------------------------------------------------ValueError                                Traceback (most recent call last)/usr/local/lib/python3.12/dist-packages/scipy/opti
dbbfe8,1,11,13,ValueError,ValueError: `integrality` must contain integers 0-3 and be broadcastable to `c.shape`.,"res3 = opt.milp(c=c, constraints=opt.LinearConstraint(A_all, lb_all, ub_all), integrality=integrality, bounds=bounds, options={""presolve"": True, ""disp"": False})
print(res3.success, res3.fun)",---------------------------------------------------------------------------ValueError                                Traceback (most recent call last)/usr/local/lib/python3.12/dist-packages/scipy/opti
dbbfe8,1,11,17,AttributeError,AttributeError: 'LinearConstraint' object has no attribute 'shape',"from scipy.optimize import LinearConstraint
lincon = LinearConstraint(A_all, lb_all, ub_all)
print(lincon.shape)",---------------------------------------------------------------------------AttributeError                            Traceback (most recent call last)/tmp/ipykernel_22824/482763284.py in <cell line: 0
dbbfe8,1,11,18,ValueError,ValueError: `integrality` must contain integers 0-3 and be broadcastable to `c.shape`.,"res3 = opt.milp(c=c, constraints=LinearConstraint(A_all, lb_all, ub_all), integrality=integrality, bounds=bounds, options={""disp"": False})
print(res3.success, res3.fun)",---------------------------------------------------------------------------ValueError                                Traceback (most recent call last)/usr/local/lib/python3.12/dist-packages/scipy/opti
dbbfe8,1,11,19,AttributeError,AttributeError: 'int' object has no attribute 'shape',print(c.shape),---------------------------------------------------------------------------AttributeError                            Traceback (most recent call last)/tmp/ipykernel_22824/3114194319.py in <cell line: 
dbbfe8,1,11,23,NameError,NameError: name 'obj' is not defined,"res3 = opt.milp(c=obj, constraints=lincon, integrality=integrality, bounds=bounds, options={""disp"": False, ""time_limit"": 30})
print(res3.success, res3.fun)",---------------------------------------------------------------------------NameError                                 Traceback (most recent call last)/tmp/ipykernel_22824/1340446886.py in <cell line: 
dbbfe8,1,11,26,NameError,NameError: name 'milp' is not defined,"res = milp(c=c_obj, constraints=lincon, integrality=integrality, bounds=bounds, options={""disp"": True})
print(""Success:"", res.success, ""Obj:"", res.fun)",---------------------------------------------------------------------------NameError                                 Traceback (most recent call last)/tmp/ipykernel_25677/2438201048.py in <cell line: 
dbbfe8,1,11,27,NameError,NameError: name 'c_obj' is not defined,"from scipy.optimize import milp, LinearConstraint, Bounds
res = milp(c=c_obj, constraints=lincon, integrality=integrality, bounds=bounds, options={""disp"": True})
print(""Success:"", res.success, ""Obj:"",",---------------------------------------------------------------------------NameError                                 Traceback (most recent call last)/tmp/ipykernel_25677/3166708432.py in <cell line: 
dbbfe8,1,11,28,NameError,NameError: name 'np' is not defined,"c_obj = np.ones(num_vars, dtype=int)
integrality = np.ones(num_vars, dtype=int)
bounds = Bounds(0, 1)
res = milp(c=c_obj, constraints=lincon, integrality=integrality, bounds=bounds, options={""disp"": T",---------------------------------------------------------------------------NameError                                 Traceback (most recent call last)/tmp/ipykernel_25677/2044422501.py in <cell line: 
dbbfe8,1,11,29,NameError,NameError: name 'num_vars' is not defined,"import numpy as np
c_obj = np.ones(num_vars, dtype=int)
integrality = np.ones(num_vars, dtype=int)
bounds = Bounds(0, 1)
res = milp(c=c_obj, constraints=lincon, integrality=integrality, bounds=bounds,",---------------------------------------------------------------------------NameError                                 Traceback (most recent call last)/tmp/ipykernel_25677/750095559.py in <cell line: 0
dbbfe8,1,11,32,NameError,NameError: name 'cell_to_placements' is not defined,"# Add non-overlap constraints: each cell at most one domino
cell_constraints = []
cell_lb = []
for cell, plist in cell_to_placements.items():
    coeff = np.zeros(num_vars, dtype=int)
    for j in pli",---------------------------------------------------------------------------NameError                                 Traceback (most recent call last)/tmp/ipykernel_25917/1847580150.py in <cell line: 
dbbfe8,1,15,15,ValueError,ValueError: `integrality` must contain integers 0-3 and be broadcastable to `c.shape`.,"def solve_min(min_dom):
    A_aug = np.vstack([A, np.ones(N_vars, dtype=int)])
    lb_aug = np.append(lb, min_dom)
    ub_aug = np.append(ub, np.inf)
    lin = LinearConstraint(A_aug, lb_aug, ub_aug)
",---------------------------------------------------------------------------ValueError                                Traceback (most recent call last)/usr/local/lib/python3.12/dist-packages/scipy/opti
dbbfe8,1,15,16,AttributeError,AttributeError: 'int' object has no attribute 'shape',c.shape,---------------------------------------------------------------------------AttributeError                            Traceback (most recent call last)/tmp/ipykernel_23028/186725170.py in <cell line: 0
dbbfe8,1,15,20,NameError,NameError: name 'solve_min' is not defined,"res1 = solve_min(1)
print(res1.success)",---------------------------------------------------------------------------NameError                                 Traceback (most recent call last)/tmp/ipykernel_25719/3432597608.py in <cell line: 
dbbfe8,1,15,21,NameError,NameError: name 'N_vars' is not defined,"from itertools import combinations

def is_feasible(subset):
    # subset: list of domino indices
    occupied = set()
    # check non-overlap
    for i in subset:
        for cell in cells_of(dominos",---------------------------------------------------------------------------NameError                                 Traceback (most recent call last)/tmp/ipykernel_25719/1249575118.py in <cell line: 
dbbfe8,1,15,23,NameError,NameError: name 'np' is not defined,"c = np.ones(N_vars, dtype=int)",---------------------------------------------------------------------------NameError                                 Traceback (most recent call last)/tmp/ipykernel_25923/1461192041.py in <cell line: 
dbbfe8,1,15,24,NameError,NameError: name 'N_vars' is not defined,"import numpy as np
c = np.ones(N_vars, dtype=int)",---------------------------------------------------------------------------NameError                                 Traceback (most recent call last)/tmp/ipykernel_25923/2623790564.py in <cell line: 
dbbfe8,1,2,7,TypeError,TypeError: loop of ufunc does not support argument 0 of type NoneType which has no callable rint method,"# Add constraint sum x_i >= 1
A2 = np.vstack([A, np.ones(n)])
lb2 = np.append(lb, 1.0)
ub2 = np.append(ub, np.inf)

res2 = milp(c=c, constraints=LinearConstraint(A2, lb2, ub2), bounds=bounds, integral","False
---------------------------------------------------------------------------AttributeError                            Traceback (most recent call last)AttributeError: 'NoneType' object has no att"
dbbfe8,1,1,18,TypeError,TypeError: linprog() got an unexpected keyword argument 'constraints',"from scipy.optimize import linprog

c_vec = np.zeros(num_vars)  # dummy objective
lin_con = LinearConstraint(A, lb, ub)
bounds = Bounds(0, 1)
lp_res = linprog(c=c_vec, A_eq=None, b_eq=None, bounds=bou",---------------------------------------------------------------------------TypeError                                 Traceback (most recent call last)/tmp/ipykernel_23712/286096227.py in <cell line: 0
dbbfe8,1,1,29,ValueError,ValueError: `c` must be a one-dimensional array of finite numbers with at least one element.,"res1, _ = solve_min_dominos_nonstrict(1)
print(res1.success)",---------------------------------------------------------------------------ValueError                                Traceback (most recent call last)/tmp/ipykernel_23712/3787168174.py in <cell line: 
dbbfe8,1,1,31,IndexError,IndexError: list index out of range,"import random

def random_search(n, trials=100000):
    # generate dominos list
    dominos = []
    for r in range(1, n+1):
        for c in range(1, n):
            dominos.append(('H', r, c))
    f",---------------------------------------------------------------------------IndexError                                Traceback (most recent call last)/tmp/ipykernel_23712/1882461742.py in <cell line: 
dbbfe8,1,1,33,TypeError,TypeError: unhashable type: 'list',"def solve_min_dominos_conditional(n, strict=True):
    # generate dominos
    dominos = []
    for r in range(1, n+1):
        for c in range(1, n):
            dominos.append(('H', r, c))
    for r i",---------------------------------------------------------------------------TypeError                                 Traceback (most recent call last)/tmp/ipykernel_23712/1559256106.py in <cell line: 
dbbfe8,1,13,16,NameError,NameError: name 'np' is not defined,"def feasible_with_min_m(min_m):
    A2 = np.ones((1, n), dtype=int)
    lb2 = np.array([min_m])
    ub2 = np.array([84])  # maximum possible
    A_comb = np.vstack([A, A2])
    lb_comb = np.hstack([-n",---------------------------------------------------------------------------NameError                                 Traceback (most recent call last)/tmp/ipykernel_25875/247227379.py in <cell line: 0
dbbfe8,1,13,18,NameError,NameError: name 'n' is not defined,"def feasible_with_min_m(min_m):
    A2 = np.ones((1, n), dtype=int)
    lb2 = np.array([min_m])
    ub2 = np.array([84])  # max possible dominoes
    A_comb = np.vstack([A, A2])
    lb_comb = np.hstac",---------------------------------------------------------------------------NameError                                 Traceback (most recent call last)/tmp/ipykernel_25875/272636567.py in <cell line: 0
dbbfe8,1,13,21,NameError,NameError: name 'np' is not defined,"# Try solving with sum >= 1
A2 = np.ones((1, n), dtype=int)
lb2 = np.array([1])
ub2 = np.array([84])
A_comb = np.vstack([A, A2])
lb_comb = np.hstack([-np.inf*np.ones(len(constraints)), lb2])
ub_comb =",---------------------------------------------------------------------------NameError                                 Traceback (most recent call last)/tmp/ipykernel_26109/2350131481.py in <cell line: 
dbbfe8,1,13,23,NameError,NameError: name 'n' is not defined,"A2 = np.ones((1, n), dtype=int)
lb2 = np.array([1])
ub2 = np.array([84])
A_comb = np.vstack([A, A2])
lb_comb = np.hstack([-np.inf*np.ones(len(constraints)), lb2])
ub_comb = np.hstack([ub, ub2])
lin_co",---------------------------------------------------------------------------NameError                                 Traceback (most recent call last)/tmp/ipykernel_26109/3479206060.py in <cell line: 
dbbfe8,1,13,27,NameError,NameError: name 'np' is not defined,"def solve_board(n_rows, n_cols, min_m=1):
    # enumerate placements
    placements = []
    for r in range(n_rows):
        for c in range(n_cols-1):
            placements.append(('H', r, c, [(r,c),",---------------------------------------------------------------------------NameError                                 Traceback (most recent call last)/tmp/ipykernel_26187/3060696910.py in <cell line: 
dbbfe8,1,13,28,NameError,NameError: name 'Bounds' is not defined,"import numpy as np, collections
print(solve_board(2,2,1))",---------------------------------------------------------------------------NameError                                 Traceback (most recent call last)/tmp/ipykernel_26187/277012127.py in <cell line: 0
414a5b,0,4,8,NameError,NameError: name 'prob_given_keep' is not defined,"def best_prob_for_triple(a,b,c):
    # compute best probability across n=0..3
    # keep none
    best = prob_given_keep([])
    # keep one
    best = max(best, prob_given_keep([a]), prob_given_keep([",---------------------------------------------------------------------------NameError                                 Traceback (most recent call last)/tmp/ipykernel_24813/1379655262.py in <cell line: 
414a5b,0,24,2,KeyError,"KeyError: (0, -1)","import itertools

# function g(k,t) number of ordered k-tuples of dice (1..6) sum to t
def g(k, t):
    # use recursion or DP
    from functools import lru_cache
    @lru_cache(None)
    def count(k, ",---------------------------------------------------------------------------KeyError                                  Traceback (most recent call last)/tmp/ipykernel_26187/2864895133.py in <cell line: 
414a5b,0,7,3,TypeError,TypeError: both arguments should be Rational instances,"from itertools import product

def max_prob_up_to_n(initial, max_n):
    # initial triple
    a,b,c = initial
    # we can choose any subset of size <= max_n to re-roll.
    # Equivalent to choose whi",---------------------------------------------------------------------------TypeError                                 Traceback (most recent call last)/tmp/ipykernel_24855/1636417792.py in <cell line: 
414a5b,0,7,4,UnboundLocalError,UnboundLocalError: cannot access local variable 'best_count' where it is not associated with a value,"def max_favorable_count_up_to_n(initial, max_n):
    a,b,c = initial
    dice = [a,b,c]
    best = 0
    for keep_mask in range(1<<3):
        keep = [i for i in range(3) if keep_mask & (1<<i)]
      ",---------------------------------------------------------------------------UnboundLocalError                         Traceback (most recent call last)/tmp/ipykernel_24855/3070592315.py in <cell line: 
414a5b,0,5,5,TypeError,TypeError: 'int' object is not callable,"N_vals = {m: N(m) for m in range(1,7)}
N_vals",---------------------------------------------------------------------------TypeError                                 Traceback (most recent call last)/tmp/ipykernel_22890/4284280733.py in <cell line: 
