problem_id,attempt_num,turn_num,has_reasoning,reasoning_chars,has_code,code_chars,code_lines,has_output,output_chars,is_error,error_type
2e2ccb,6,1,0,0,1,164,7,1,3,0,
2e2ccb,6,2,0,0,1,93,7,1,1,0,
2e2ccb,6,3,0,0,1,584,22,1,4,0,
2e2ccb,18,1,1,0,0,0,0,0,0,0,
2e2ccb,20,1,0,0,1,146,8,1,3,0,
2e2ccb,20,2,0,0,1,60,2,1,2,0,
2e2ccb,23,1,0,0,1,158,7,1,4,0,
2e2ccb,23,2,0,0,1,173,7,1,4,0,
2e2ccb,23,3,0,0,1,478,19,1,5,0,
2e2ccb,23,4,0,0,1,53,2,1,5,0,
2e2ccb,23,5,0,0,1,1345,44,1,3,0,
2e2ccb,23,6,0,0,1,435,14,1,3,0,
2e2ccb,23,7,0,0,1,305,10,1,12,0,
2e2ccb,23,8,0,0,1,335,13,1,90,0,
2e2ccb,12,1,0,0,1,408,20,1,3,0,
2e2ccb,12,2,0,0,1,20,1,1,120,0,
2e2ccb,12,3,0,0,1,89,3,1,30,0,
2e2ccb,12,4,0,0,1,312,13,1,459,1,AttributeError
2e2ccb,12,5,0,0,1,371,15,1,656,1,AttributeError
2e2ccb,12,6,0,0,1,31,2,1,1425,0,
2e2ccb,12,7,0,0,1,62,2,1,1166,0,
2e2ccb,12,8,0,0,1,468,20,1,4,0,
2e2ccb,12,9,0,0,1,230,11,1,46,0,
2e2ccb,12,10,0,0,1,786,26,1,23,0,
2e2ccb,12,11,0,0,1,52,2,1,63,0,
2e2ccb,12,12,0,0,1,268,11,1,4,0,
2e2ccb,12,13,0,0,1,564,21,1,4,0,
2e2ccb,12,14,0,0,1,59,3,1,3,0,
2e2ccb,12,15,0,0,1,509,20,1,4,0,
2e2ccb,12,16,0,0,1,2225,75,1,1101,1,KeyError
2e2ccb,12,17,0,0,1,63,2,1,2,0,
2e2ccb,4,1,0,0,1,160,8,1,3,0,
2e2ccb,4,2,0,0,1,595,25,1,4,0,
2e2ccb,4,3,0,0,1,107,4,1,379,1,AttributeError
2e2ccb,4,4,0,0,1,178,6,1,268,0,
2e2ccb,4,5,0,0,1,3577,106,1,899,1,NameError
2e2ccb,4,6,0,0,1,2000,77,1,1511,1,RecursionError
2e2ccb,4,7,0,0,1,534,23,1,99,0,
2e2ccb,4,8,0,0,1,28,1,1,4,0,
2e2ccb,1,1,0,0,1,158,8,1,70,0,
2e2ccb,1,2,0,0,1,60,3,1,1,0,
2e2ccb,1,3,0,0,1,19,1,1,4,0,
2e2ccb,1,4,0,0,1,19,1,1,4,0,
2e2ccb,1,5,0,0,1,19,1,1,5,0,
2e2ccb,1,6,0,0,1,578,25,1,45,0,
2e2ccb,1,7,0,0,1,394,17,1,46,0,
2e2ccb,1,8,0,0,1,146,7,1,4,0,
2e2ccb,1,9,0,0,1,178,8,1,70,0,
2e2ccb,1,10,0,0,1,68,3,1,1,0,
2e2ccb,1,11,0,0,1,140,7,1,44,1,
2e2ccb,1,12,0,0,1,166,8,1,70,0,
2e2ccb,1,13,0,0,1,1829,63,1,4,0,
2e2ccb,1,14,0,0,1,2658,47,1,45,0,
2e2ccb,1,15,0,0,1,235,11,1,3,0,
2e2ccb,1,16,0,0,1,23,1,1,3,0,
2e2ccb,1,17,0,0,1,23,1,1,3,0,
2e2ccb,1,18,0,0,1,28,1,1,76,0,
2e2ccb,1,19,0,0,1,28,1,1,75,0,
2e2ccb,1,20,0,0,1,223,10,1,45,0,
2e2ccb,1,21,0,0,1,64,3,1,45,0,
2e2ccb,1,22,0,0,1,298,14,1,2,0,
2e2ccb,1,23,1,0,0,0,0,0,0,0,
2e2ccb,5,1,0,0,1,266,14,1,3,0,
2e2ccb,5,2,0,0,1,314,13,1,3,0,
2e2ccb,5,3,0,0,1,590,23,1,2,0,
2e2ccb,5,4,0,0,1,1603,55,1,2,0,
2e2ccb,5,5,0,0,1,87,3,1,44,1,
2e2ccb,5,6,0,0,1,231,10,1,3,0,
2e2ccb,5,7,0,0,1,32,1,1,76,0,
2e2ccb,5,8,0,0,1,242,11,1,572,1,TypeError
2e2ccb,5,9,0,0,1,206,9,1,1205,1,TypeError
2e2ccb,5,10,0,0,1,243,10,1,515,1,ImportError
2e2ccb,5,11,0,0,1,176,2,1,1425,0,
2e2ccb,5,12,0,0,1,62,2,1,410,0,
2e2ccb,5,13,0,0,1,294,6,1,15,0,
2e2ccb,5,14,0,0,1,44,2,1,10,0,
2e2ccb,5,15,0,0,1,16,1,1,43,0,
2e2ccb,5,16,0,0,1,21,1,1,14,0,
2e2ccb,5,17,0,0,1,32,1,1,312,1,AttributeError
2e2ccb,5,18,0,0,1,388,12,1,4,0,
2e2ccb,5,19,0,0,1,602,26,1,2,0,
2e2ccb,5,20,0,0,1,372,17,1,2,0,
2e2ccb,5,21,0,0,1,358,15,1,27,0,
2e2ccb,5,22,0,0,1,2284,78,1,2,0,
2e2ccb,5,23,1,0,0,0,0,0,0,0,
2e2ccb,15,1,0,0,1,299,9,1,1,0,
2e2ccb,15,2,0,0,1,81,3,1,24,0,
2e2ccb,15,3,0,0,1,176,6,1,66,0,
2e2ccb,15,4,0,0,1,81,3,1,15,0,
2e2ccb,15,5,0,0,1,135,5,1,5,0,
2e2ccb,15,6,0,0,1,364,15,1,4,0,
2e2ccb,15,7,0,0,1,24,1,1,44,1,
2e2ccb,15,8,0,0,1,377,17,1,4,0,
2e2ccb,15,9,0,0,1,187,7,1,45,0,
2e2ccb,15,10,0,0,1,67,3,1,45,0,
2e2ccb,15,11,0,0,1,164,8,1,2,0,
2e2ccb,15,12,0,0,1,25,1,1,2,0,
2e2ccb,15,13,0,0,1,36,2,1,13,0,
2e2ccb,15,14,0,0,1,212,11,1,5,0,
2e2ccb,15,15,0,0,1,29,2,1,1,0,
2e2ccb,15,16,0,0,1,139,5,1,5,0,
2e2ccb,15,17,0,0,1,159,7,1,21,0,
2e2ccb,15,18,0,0,1,189,7,1,4,0,
2e2ccb,15,19,0,0,1,1136,45,1,3,0,
2e2ccb,15,20,0,0,1,195,6,1,4,0,
2e2ccb,15,21,0,0,1,481,17,1,129,0,
2e2ccb,15,22,0,0,1,149,5,1,101,0,
2e2ccb,15,23,0,0,1,1504,66,1,37,0,
2e2ccb,15,24,1,0,0,0,0,0,0,0,
2e2ccb,24,1,0,0,1,449,21,1,4,0,
2e2ccb,24,2,0,0,1,166,7,1,44,1,
2e2ccb,24,3,0,0,1,295,14,1,45,0,
2e2ccb,24,4,0,0,1,168,8,1,3,0,
2e2ccb,24,5,0,0,1,25,1,1,3,0,
2e2ccb,24,6,0,0,1,30,1,1,76,0,
2e2ccb,24,7,0,0,1,67,4,1,3,0,
2e2ccb,24,8,0,0,1,36,2,1,13,0,
2e2ccb,24,9,0,0,1,17,1,1,19,0,
2e2ccb,24,10,0,0,1,5330,127,1,2479,1,RecursionError
2e2ccb,24,11,0,0,1,2886,98,1,3,0,
2e2ccb,24,12,0,0,1,15,1,1,4,0,
2e2ccb,24,13,0,0,1,17,1,1,19,0,
2e2ccb,24,14,0,0,1,29,2,1,1,0,
2e2ccb,24,15,0,0,1,170,8,1,90,0,
2e2ccb,24,16,0,0,1,6271,163,1,4,0,
2e2ccb,3,1,0,0,1,559,26,1,45,0,
2e2ccb,3,2,0,0,1,178,7,1,45,0,
2e2ccb,3,3,0,0,1,261,12,1,3,0,
2e2ccb,3,4,0,0,1,28,1,1,3,0,
2e2ccb,3,5,0,0,1,267,8,1,45,0,
2e2ccb,3,6,0,0,1,98,5,1,2,0,
2e2ccb,3,7,0,0,1,262,8,1,45,0,
2e2ccb,3,8,0,0,1,275,9,1,85,0,
2e2ccb,3,9,0,0,1,24,1,1,5,0,
2e2ccb,3,10,0,0,1,531,17,1,91,0,
2e2ccb,3,11,0,0,1,401,13,1,2087,0,
2e2ccb,3,12,0,0,1,289,12,1,4,0,
2e2ccb,3,13,0,0,1,20,1,1,44,1,
2e2ccb,3,14,0,0,1,96,3,1,3,0,
2e2ccb,3,15,0,0,1,50,2,1,1,0,
2e2ccb,3,16,0,0,1,271,12,1,56,0,
2e2ccb,3,17,0,0,1,512,22,1,36,0,
2e2ccb,3,18,0,0,1,18,1,1,1,0,
2e2ccb,3,19,0,0,1,169,5,1,8,0,
2e2ccb,3,20,0,0,1,546,23,1,36,0,
2e2ccb,3,21,0,0,1,54,2,1,13,0,
2e2ccb,3,22,0,0,1,93,4,1,9,0,
2e2ccb,3,23,0,0,1,23,1,1,1,0,
2e2ccb,3,24,0,0,1,73,2,1,8,0,
2e2ccb,3,25,0,0,1,74,2,1,67,0,
2e2ccb,3,26,0,0,1,61,2,1,56,0,
2e2ccb,3,27,0,0,1,16,1,1,3,0,
2e2ccb,3,28,0,0,1,733,28,1,12,0,
2e2ccb,3,29,0,0,1,51,2,1,55,0,
2e2ccb,3,30,0,0,1,1041,42,1,440,1,AttributeError
2e2ccb,3,31,1,0,0,0,0,0,0,0,
2e2ccb,21,1,0,0,1,36,2,1,14,0,
2e2ccb,21,2,0,0,1,35,2,1,4,0,
2e2ccb,21,3,0,0,1,84,5,1,9,0,
2e2ccb,21,4,0,0,1,16,1,1,1,0,
2e2ccb,21,5,0,0,1,8,1,1,3,0,
2e2ccb,21,6,0,0,1,288,7,1,1,0,
2e2ccb,21,7,0,0,1,92,3,1,23,0,
2e2ccb,21,8,0,0,1,129,7,1,3,0,
2e2ccb,21,9,0,0,1,10,1,1,3,0,
2e2ccb,21,10,0,0,1,139,7,1,7,0,
2e2ccb,21,11,0,0,1,113,1,1,45,0,
2e2ccb,21,12,0,0,1,1435,41,1,45,0,
2e2ccb,21,13,0,0,1,119,5,1,2700,1,TypeError
2e2ccb,21,14,0,0,1,761,20,1,45,0,
2e2ccb,21,15,0,0,1,37,1,1,4,0,
2e2ccb,21,16,0,0,1,265,11,1,3,0,
2e2ccb,21,17,0,0,1,15,1,1,4,0,
2e2ccb,21,18,0,0,1,81,4,1,4,0,
2e2ccb,21,19,0,0,1,198,9,1,2,0,
2e2ccb,21,20,0,0,1,856,25,1,116,0,
2e2ccb,21,21,0,0,1,244,9,1,12,0,
2e2ccb,21,22,0,0,1,243,10,1,114,0,
2e2ccb,21,23,0,0,1,190,9,1,30,0,
2e2ccb,21,24,0,0,1,54,2,1,103,0,
2e2ccb,21,25,0,0,1,74,2,1,25,0,
2e2ccb,21,26,0,0,1,86,2,1,39,0,
2e2ccb,21,27,0,0,1,29,2,1,1,0,
2e2ccb,21,28,0,0,1,100,4,1,50,0,
2e2ccb,21,29,0,0,1,193,7,1,17,0,
2e2ccb,21,30,0,0,1,106,5,1,60,0,
2e2ccb,21,31,0,0,1,29,1,1,5,0,
2e2ccb,21,32,0,0,1,24,1,1,3,0,
2e2ccb,21,33,0,0,1,886,29,1,18,0,
2e2ccb,21,34,0,0,1,41,1,1,9,0,
2e2ccb,21,35,0,0,1,105,3,1,28,0,
2e2ccb,21,36,0,0,1,133,4,1,38,0,
2e2ccb,21,37,0,0,1,154,4,1,20,0,
2e2ccb,21,38,0,0,1,64,3,1,648,1,ValueError
2e2ccb,21,39,0,0,1,17,1,1,87,0,
2e2ccb,21,40,1,0,0,0,0,0,0,0,
2e2ccb,16,1,0,0,1,158,8,1,70,0,
2e2ccb,16,2,0,0,1,60,3,1,1,0,
2e2ccb,16,3,0,0,1,19,1,1,5,0,
2e2ccb,16,4,0,0,1,154,7,1,42,0,
2e2ccb,16,5,0,0,1,253,10,1,45,0,
2e2ccb,16,6,0,0,1,264,10,1,4,0,
2e2ccb,16,7,0,0,1,166,7,1,38,0,
2e2ccb,16,8,0,0,1,26,1,1,5,0,
2e2ccb,16,9,0,0,1,162,6,1,61,0,
2e2ccb,16,10,0,0,1,62,2,1,59,0,
2e2ccb,16,11,0,0,1,64,3,1,1,0,
2e2ccb,16,12,0,0,1,30,2,1,1,0,
2e2ccb,16,13,0,0,1,775,31,1,105,0,
2e2ccb,16,14,0,0,1,1911,57,1,4,0,
2e2ccb,16,15,0,0,1,141,7,1,2,0,
2e2ccb,16,16,0,0,1,21,1,1,5,0,
2e2ccb,16,17,0,0,1,16,1,1,1,0,
2e2ccb,16,18,0,0,1,95,4,1,10,0,
2e2ccb,16,19,0,0,1,307,14,1,25,0,
2e2ccb,16,20,0,0,1,522,20,1,3,0,
2e2ccb,16,21,0,0,1,189,9,1,19,0,
2e2ccb,16,22,0,0,1,1369,47,1,29,0,
2e2ccb,16,23,0,0,1,184,10,1,7,0,
2e2ccb,16,24,0,0,1,48,2,1,25,0,
2e2ccb,16,25,0,0,1,6,1,1,1,0,
2e2ccb,16,26,0,0,1,1130,42,1,4,0,
2e2ccb,16,27,0,0,1,120,5,1,113,0,
2e2ccb,16,28,0,0,1,83,2,1,2,0,
2e2ccb,16,29,0,0,1,17,1,1,1,0,
2e2ccb,16,30,0,0,1,237,6,1,4,0,
2e2ccb,16,31,0,0,1,1113,44,1,4,0,
2e2ccb,16,32,0,0,1,26,1,1,5,0,
2e2ccb,16,33,0,0,1,31,1,1,8,0,
2e2ccb,16,34,0,0,1,266,14,1,3,0,
2e2ccb,16,35,0,0,1,1792,63,1,85,0,
2e2ccb,16,36,0,0,1,17,1,1,1,0,
2e2ccb,16,37,0,0,1,19,1,1,3,0,
2e2ccb,16,38,0,0,1,666,29,1,45,0,
2e2ccb,16,39,0,0,1,54,2,1,45,0,
2e2ccb,16,40,0,0,1,689,28,1,45,0,
2e2ccb,16,41,0,0,1,54,2,1,45,0,
2e2ccb,16,42,0,0,1,54,2,1,320,1,NameError
2e2ccb,16,43,0,0,1,140,4,1,45,0,
2e2ccb,16,44,0,0,1,632,27,1,17,0,
2e2ccb,19,1,0,0,1,169,9,1,1,0,
2e2ccb,19,2,0,0,1,168,9,1,3,0,
2e2ccb,19,3,0,0,1,1326,50,1,854,1,IndexError
2e2ccb,19,4,0,0,1,248,12,1,2,0,
2e2ccb,19,5,0,0,1,173,10,1,5,0,
2e2ccb,19,6,0,0,1,1461,60,1,4,0,
2e2ccb,19,7,0,0,1,655,31,1,56,0,
2e2ccb,19,8,0,0,1,1161,41,1,62,0,
2e2ccb,19,9,0,0,1,681,35,1,87,0,
2e2ccb,9,1,0,0,1,2005,65,1,4,0,
2e2ccb,9,2,0,0,1,911,33,1,4,0,
2e2ccb,9,3,0,0,1,184,8,1,1343,0,
2e2ccb,9,4,0,0,1,187,7,1,1,0,
2e2ccb,9,5,0,0,1,167,8,1,120,0,
2e2ccb,9,6,0,0,1,19,1,1,3,0,
2e2ccb,9,7,0,0,1,27,1,1,3,0,
2e2ccb,9,8,0,0,1,287,8,1,5,0,
2e2ccb,9,9,0,0,1,18,1,1,1,0,
2e2ccb,9,10,0,0,1,465,18,1,104,0,
2e2ccb,9,11,0,0,1,22,1,1,5,0,
2e2ccb,9,12,0,0,1,18,1,1,1,0,
2e2ccb,9,13,0,0,1,22,1,1,5,0,
2e2ccb,9,14,0,0,1,4686,119,1,45,0,
2e2ccb,9,15,0,0,1,128,7,1,15,0,
2e2ccb,13,1,0,0,1,126,6,1,5,0,
2e2ccb,13,2,0,0,1,258,10,1,485,0,
2e2ccb,13,3,0,0,1,55,1,1,78,0,
2e2ccb,13,4,0,0,1,153,4,1,45,0,
2e2ccb,13,5,0,0,1,198,7,1,45,0,
2e2ccb,13,6,0,0,1,49,2,1,13,0,
2e2ccb,13,7,0,0,1,49,2,1,13,0,
2e2ccb,13,8,0,0,1,13,1,1,13,0,
2e2ccb,13,9,0,0,1,66,2,1,370,1,AttributeError
2e2ccb,13,10,0,0,1,36,2,1,821,0,
2e2ccb,13,11,0,0,1,37,2,1,6,0,
2e2ccb,13,12,0,0,1,107,4,1,13,0,
2e2ccb,13,13,0,0,1,427,19,1,302,0,
2e2ccb,13,14,0,0,1,361,17,1,45,0,
2e2ccb,13,15,0,0,1,99,6,1,4,0,
2e2ccb,13,16,0,0,1,1935,65,1,15,0,
2e2ccb,13,17,0,0,1,16,1,1,4,0,
2e2ccb,13,18,0,0,1,414,19,1,8,0,
2e2ccb,13,19,0,0,1,880,34,1,4,0,
2e2ccb,13,20,0,0,1,142,7,1,4,0,
2e2ccb,13,21,0,0,1,161,7,1,44,1,
2e2ccb,13,22,0,0,1,351,15,1,551,1,NameError
2e2ccb,13,23,0,0,1,64,3,1,582,1,NameError
2e2ccb,13,24,0,0,1,485,22,1,4,0,
2e2ccb,13,25,0,0,1,207,10,1,540,1,NameError
2e2ccb,13,26,0,0,1,355,14,1,5,0,
2e2ccb,13,27,0,0,1,26,1,1,5,0,
2e2ccb,13,28,0,0,1,26,1,1,5,0,
2e2ccb,13,29,0,0,1,26,1,1,5,0,
2e2ccb,13,30,0,0,1,124,6,1,54,0,
2e2ccb,13,31,0,0,1,451,16,1,42,0,
2e2ccb,13,32,0,0,1,86,3,1,33,0,
2e2ccb,13,33,0,0,1,17,1,1,14,0,
2e2ccb,13,34,0,0,1,196,8,1,1,0,
2e2ccb,13,35,0,0,1,364,17,1,2,0,
2e2ccb,13,36,0,0,1,18,1,1,2,0,
2e2ccb,13,37,0,0,1,24,1,1,2,0,
2e2ccb,13,38,1,0,0,0,0,0,0,0,
2e2ccb,22,1,0,0,1,205,10,1,246,0,
2e2ccb,22,2,0,0,1,167,8,1,38,0,
2e2ccb,22,3,0,0,1,44,2,1,23,0,
2e2ccb,22,4,0,0,1,19,1,1,5,0,
2e2ccb,22,5,0,0,1,19,1,1,5,0,
2e2ccb,22,6,0,0,1,19,1,1,5,0,
2e2ccb,22,7,0,0,1,1103,48,1,4,0,
2e2ccb,22,8,0,0,1,22,1,1,4,0,
2e2ccb,22,9,0,0,1,192,9,1,8,0,
2e2ccb,22,10,0,0,1,50,2,1,44,1,
2e2ccb,22,11,0,0,1,1283,46,1,566,1,NameError
2e2ccb,22,12,0,0,1,1406,58,1,5,0,
2e2ccb,22,13,0,0,1,26,2,1,8,0,
2e2ccb,22,14,0,0,1,27,3,1,1,0,
2e2ccb,22,15,0,0,1,28,2,1,3,0,
2e2ccb,22,16,0,0,1,173,9,1,10,0,
2e2ccb,22,17,0,0,1,188,6,1,7,0,
2e2ccb,22,18,0,0,1,5,1,1,2,0,
2e2ccb,22,19,0,0,1,21,1,1,5,0,
2e2ccb,22,20,0,0,1,534,18,1,71,0,
2e2ccb,22,21,0,0,1,18,1,1,2,0,
2e2ccb,22,22,0,0,1,464,18,1,4,0,
2e2ccb,22,23,0,0,1,220,12,1,2,0,
2e2ccb,22,24,0,0,1,88,2,1,4,0,
2e2ccb,22,25,0,0,1,49,1,1,10,0,
2e2ccb,22,26,0,0,1,32,1,1,9,0,
2e2ccb,22,27,0,0,1,128,5,1,5,0,
2e2ccb,22,28,0,0,1,35,2,1,4,0,
2e2ccb,22,29,0,0,1,30,2,1,1,0,
2e2ccb,22,30,0,0,1,363,13,1,45,0,
2e2ccb,22,31,0,0,1,455,18,1,499,1,ImportError
2e2ccb,22,32,0,0,1,39,2,1,821,0,
2e2ccb,22,33,0,0,1,40,2,1,1425,0,
2e2ccb,22,34,0,0,1,55,2,1,410,0,
2e2ccb,22,35,0,0,1,255,10,1,101,0,
2e2ccb,22,36,0,0,1,72,2,1,14,0,
2e2ccb,22,37,0,0,1,38,1,1,45,0,
2e2ccb,22,38,0,0,1,361,14,1,671,1,TypeError
2e2ccb,22,39,0,0,1,366,14,1,1290,1,TypeError
2e2ccb,22,40,0,0,1,36,2,1,14,0,
2e2ccb,22,41,0,0,1,25,1,1,14,0,
2e2ccb,22,42,0,0,1,23,1,1,10,0,
2e2ccb,22,43,0,0,1,44,1,1,389,1,ImportError
2e2ccb,22,44,0,0,1,55,2,1,410,0,
2e2ccb,22,45,0,0,1,319,11,1,27,0,
2e2ccb,22,46,0,0,1,527,22,1,4,0,
2e2ccb,22,47,0,0,1,101,4,1,5,0,
2e2ccb,22,48,0,0,1,198,9,1,5,0,
2e2ccb,22,49,0,0,1,54,2,1,5,0,
2e2ccb,22,50,1,0,0,0,0,0,0,0,
2e2ccb,10,1,0,0,1,213,11,1,10,0,
2e2ccb,10,2,0,0,1,30,2,1,1,0,
2e2ccb,10,3,0,0,1,18,1,1,1,0,
2e2ccb,10,4,0,0,1,18,1,1,1,0,
2e2ccb,10,5,0,0,1,677,25,1,33,0,
2e2ccb,10,6,0,0,1,566,24,1,7,0,
2e2ccb,10,7,0,0,1,1162,45,1,780,1,AttributeError
2e2ccb,10,8,0,0,1,1059,45,1,4,0,
2e2ccb,10,9,0,0,1,134,5,1,4,0,
2e2ccb,10,10,0,0,1,19,1,1,3,0,
2e2ccb,10,11,0,0,1,16,1,1,1,0,
2e2ccb,10,12,0,0,1,161,8,1,1,0,
2e2ccb,10,13,0,0,1,793,29,1,88,0,
2e2ccb,14,1,0,0,1,331,16,1,3,0,
2e2ccb,14,2,0,0,1,154,8,1,3,0,
2e2ccb,14,3,0,0,1,247,11,1,5,0,
2e2ccb,14,4,0,0,1,53,2,1,119,0,
2e2ccb,14,5,0,0,1,36,2,1,14,0,
2e2ccb,14,6,0,0,1,262,9,1,19,0,
2e2ccb,14,7,0,0,1,60,3,1,1,0,
2e2ccb,14,8,0,0,1,862,35,1,4,0,
2e2ccb,14,9,0,0,1,433,17,1,2,0,
2e2ccb,14,10,0,0,1,25,1,1,157,0,
2e2ccb,14,11,0,0,1,362,15,1,4,0,
2e2ccb,14,12,0,0,1,46,2,1,44,1,
2e2ccb,14,13,0,0,1,541,22,1,609,1,AttributeError
2e2ccb,14,14,0,0,1,566,24,1,18,0,
2e2ccb,14,15,0,0,1,201,10,1,4,0,
2e2ccb,14,16,0,0,1,25,1,1,4,0,
2e2ccb,14,17,0,0,1,25,1,1,4,0,
2e2ccb,14,18,0,0,1,25,1,1,4,0,
2e2ccb,14,19,0,0,1,25,1,1,4,0,
2e2ccb,14,20,0,0,1,25,1,1,4,0,
2e2ccb,14,21,0,0,1,25,1,1,5,0,
2e2ccb,14,22,0,0,1,25,1,1,5,0,
2e2ccb,14,23,0,0,1,118,6,1,3,0,
2e2ccb,14,24,0,0,1,248,7,1,1,0,
2e2ccb,14,25,0,0,1,17,1,1,19,0,
2e2ccb,14,26,0,0,1,202,10,1,5,0,
2e2ccb,14,27,0,0,1,18,1,1,9,0,
2e2ccb,14,28,0,0,1,18,1,1,1,0,
2e2ccb,14,29,1,0,0,0,0,0,0,0,
2e2ccb,2,1,1,0,0,0,0,0,0,0,
2e2ccb,11,1,0,0,1,1253,55,1,4,0,
2e2ccb,11,2,0,0,1,196,10,1,4,0,
2e2ccb,11,3,0,0,1,112,5,1,106,0,
2e2ccb,11,4,0,0,1,168,8,1,3,0,
2e2ccb,11,5,0,0,1,549,25,1,12,0,
2e2ccb,11,6,0,0,1,2817,91,1,13,0,
2e2ccb,11,7,0,0,1,316,14,1,15,0,
2e2ccb,11,8,0,0,1,99,3,1,29,0,
2e2ccb,11,9,0,0,1,75,2,1,15,0,
2e2ccb,11,10,0,0,1,28,1,1,6,0,
2e2ccb,11,11,0,0,1,2672,88,1,44,1,
2e2ccb,11,12,0,0,1,237,9,1,599,1,NameError
2e2ccb,11,13,0,0,1,311,13,1,8,0,
2e2ccb,11,14,0,0,1,1303,53,1,4,0,
2e2ccb,11,15,0,0,1,270,15,1,5,0,
2e2ccb,11,16,0,0,1,271,13,1,20,0,
2e2ccb,11,17,0,0,1,37,2,1,1,0,
2e2ccb,11,18,0,0,1,428,22,1,525,1,NameError
2e2ccb,11,19,0,0,1,494,21,1,4,0,
2e2ccb,11,20,1,0,0,0,0,0,0,0,
2e2ccb,17,1,0,0,1,1738,77,1,4,0,
2e2ccb,17,2,0,0,1,629,28,1,4,0,
2e2ccb,17,3,0,0,1,343,13,1,4,0,
2e2ccb,17,4,0,0,1,189,8,1,8,0,
2e2ccb,17,5,0,0,1,36,1,1,3,0,
2e2ccb,17,6,0,0,1,36,1,1,3,0,
2e2ccb,17,7,0,0,1,36,2,1,6,0,
2e2ccb,17,8,0,0,1,383,19,1,3,0,
2e2ccb,17,9,0,0,1,21,1,1,265,0,
2e2ccb,17,10,0,0,1,21,1,1,3,0,
2e2ccb,17,11,0,0,1,21,1,1,3,0,
2e2ccb,17,12,0,0,1,26,1,1,3,0,
2e2ccb,17,13,0,0,1,18,1,1,9,0,
2e2ccb,17,14,0,0,1,24,1,1,5,0,
2e2ccb,17,15,0,0,1,685,23,1,52,0,
2e2ccb,17,16,0,0,1,33,2,1,6,0,
2e2ccb,17,17,0,0,1,33,2,1,12,0,
2e2ccb,17,18,0,0,1,33,2,1,18,0,
2e2ccb,17,19,0,0,1,287,12,1,4,0,
2e2ccb,17,20,0,0,1,317,13,1,31,0,
2e2ccb,17,21,0,0,1,5343,141,1,3,0,
2e2ccb,17,22,0,0,1,15,1,1,4,0,
2e2ccb,17,23,0,0,1,6872,151,1,88,0,
2e2ccb,8,1,0,0,1,345,12,1,132,0,
2e2ccb,8,2,0,0,1,79,3,1,15,0,
2e2ccb,8,3,0,0,1,87,2,1,45,0,
2e2ccb,8,4,0,0,1,375,13,1,912,1,AttributeError
2e2ccb,8,5,0,0,1,15,1,1,1425,0,
2e2ccb,8,6,0,0,1,31,1,1,1166,0,
2e2ccb,8,7,0,0,1,158,6,1,57,0,
2e2ccb,8,8,0,0,1,20,1,1,4,0,
2e2ccb,8,9,0,0,1,19,1,1,5,0,
2e2ccb,8,10,0,0,1,750,34,1,116,0,
2e2ccb,8,11,0,0,1,2216,84,1,4,0,
2e2ccb,8,12,0,0,1,163,6,1,51,0,
2e2ccb,8,13,0,0,1,701,28,1,4,0,
2e2ccb,8,14,0,0,1,373,16,1,4,0,
2e2ccb,8,15,0,0,1,133,5,1,5,0,
2e2ccb,8,16,0,0,1,214,7,1,5,0,
2e2ccb,8,17,0,0,1,564,17,1,45,0,
2e2ccb,8,18,0,0,1,155,5,1,446,1,NameError
2e2ccb,8,19,0,0,1,357,14,1,55,0,
2e2ccb,8,20,0,0,1,203,11,1,4,0,
2e2ccb,8,21,0,0,1,137,7,1,155,1,
4e5a01,10,1,1,0,0,0,0,0,0,0,
4e5a01,20,1,0,0,1,115,1,1,45,0,
4e5a01,20,2,0,0,1,476,21,1,3,0,
4e5a01,20,3,0,0,1,142,2,1,10,0,
4e5a01,20,4,0,0,1,38,2,1,340,1,AttributeError
4e5a01,20,5,0,0,1,767,31,1,3,0,
4e5a01,20,6,0,0,1,183,11,1,18,0,
4e5a01,20,7,0,0,1,49,2,1,11,0,
4e5a01,20,8,0,0,1,1057,29,1,4,0,
4e5a01,20,9,1,0,0,0,0,0,0,0,
4e5a01,15,1,0,0,1,749,24,1,3,0,
4e5a01,15,2,0,0,1,908,27,1,3,0,
4e5a01,15,3,0,0,1,129,9,1,15,0,
4e5a01,15,4,0,0,1,55,4,1,11,0,
4e5a01,23,1,0,0,1,448,18,1,40,0,
4e5a01,23,2,0,0,1,393,14,1,58,0,
4e5a01,23,3,1,0,0,0,0,0,0,0,
4e5a01,2,1,0,0,1,159,1,1,45,0,
4e5a01,2,2,0,0,1,936,23,1,493,1,TypeError
4e5a01,2,3,0,0,1,819,31,1,3,0,
4e5a01,2,4,0,0,1,346,16,1,40,0,
4e5a01,2,5,0,0,1,360,15,1,40,0,
4e5a01,2,6,0,0,1,1627,37,1,45,0,
4e5a01,5,1,0,0,1,104,1,1,45,0,
4e5a01,5,2,0,0,1,1347,51,1,7,0,
4e5a01,5,3,0,0,1,1748,54,1,2,0,
4e5a01,5,4,0,0,1,343,13,1,947,0,
4e5a01,5,5,0,0,1,189,5,1,377,0,
4e5a01,5,6,0,0,1,264,6,1,161,0,
4e5a01,5,7,0,0,1,63,3,1,379,0,
4e5a01,5,8,0,0,1,63,3,1,379,0,
4e5a01,5,9,0,0,1,802,17,1,7,0,
4e5a01,5,10,0,0,1,136,4,1,2,0,
4e5a01,5,11,0,0,1,104,1,1,45,0,
4e5a01,5,12,0,0,1,93,1,1,45,0,
4e5a01,5,13,0,0,1,28,1,1,45,0,
4e5a01,5,14,0,0,1,2315,58,1,45,0,
4e5a01,5,15,0,0,1,673,18,1,1082,1,TypeError
4e5a01,5,16,0,0,1,89,2,1,1538,0,
4e5a01,5,17,0,0,1,1914,62,1,1,0,
4e5a01,5,18,0,0,1,438,15,1,21,0,
4e5a01,5,19,0,0,1,38,1,1,27,0,
4e5a01,5,20,0,0,1,38,1,1,33,0,
4e5a01,5,21,0,0,1,38,1,1,39,0,
4e5a01,5,22,0,0,1,38,1,1,44,1,
4e5a01,5,23,0,0,1,251,7,1,712,1,NameError
4e5a01,5,24,0,0,1,1573,52,1,3,0,
4e5a01,5,25,0,0,1,36,1,1,1,0,
4e5a01,13,1,0,0,1,113,1,1,45,0,
4e5a01,13,2,0,0,1,1467,54,1,3,0,
4e5a01,13,3,0,0,1,1169,38,1,4,0,
4e5a01,13,4,0,0,1,1047,38,1,44,1,
4e5a01,13,5,0,0,1,93,1,1,45,0,
4e5a01,13,6,0,0,1,2780,79,1,879,1,IndexError
4e5a01,13,7,0,0,1,1837,61,1,328,0,
4e5a01,13,8,0,0,1,20,1,1,533,0,
4e5a01,13,9,0,0,1,20,1,1,738,0,
4e5a01,13,10,0,0,1,500,17,1,80,0,
4e5a01,14,1,0,0,1,1006,26,1,3,0,
4e5a01,14,2,0,0,1,820,32,1,3,0,
4e5a01,14,3,0,0,1,204,7,1,3,0,
4e5a01,14,4,0,0,1,1671,49,1,2,0,
4e5a01,14,5,0,0,1,248,9,1,947,0,
4e5a01,14,6,0,0,1,71,3,1,947,0,
4e5a01,14,7,0,0,1,72,3,1,950,0,
4e5a01,14,8,0,0,1,72,3,1,950,0,
4e5a01,14,9,0,0,1,444,21,1,2,0,
4e5a01,14,10,0,0,1,482,20,1,9,0,
4e5a01,14,11,1,0,0,0,0,0,0,0,
4e5a01,21,1,0,0,1,974,37,1,16,0,
4e5a01,21,2,0,0,1,1036,35,1,2,0,
4e5a01,21,3,0,0,1,32,1,1,2,0,
4e5a01,21,4,0,0,1,1160,35,1,44,1,
4e5a01,21,5,0,0,1,1238,37,1,241,0,
4e5a01,21,6,0,0,1,418,15,1,2,0,
4e5a01,21,7,0,0,1,62,2,1,2,0,
4e5a01,21,8,0,0,1,62,2,1,44,1,
4e5a01,21,9,1,0,0,0,0,0,0,0,
4e5a01,22,1,0,0,1,132,1,1,45,0,
4e5a01,22,2,0,0,1,1606,49,1,3,0,
4e5a01,22,3,0,0,1,2387,61,1,2,0,
4e5a01,22,4,0,0,1,92,2,1,11,0,
4e5a01,22,5,0,0,1,257,6,1,449,0,
4e5a01,22,6,0,0,1,118,6,1,2,0,
4e5a01,22,7,0,0,1,143,4,1,5,0,
4e5a01,22,8,0,0,1,89,4,1,172,0,
4e5a01,22,9,0,0,1,42,2,1,2,0,
4e5a01,22,10,0,0,1,6,1,1,306,0,
4e5a01,22,11,0,0,1,1402,41,1,1,0,
4e5a01,22,12,0,0,1,856,31,1,88,0,
4e5a01,22,13,0,0,1,713,26,1,133,0,
4e5a01,22,14,0,0,1,46,1,1,4,0,
4e5a01,22,15,0,0,1,956,29,1,3,0,
4e5a01,22,16,0,0,1,98,4,1,24,0,
4e5a01,22,17,0,0,1,64,2,1,6,0,
4e5a01,22,18,0,0,1,97,4,1,32,0,
4e5a01,22,19,0,0,1,366,15,1,13,0,
4e5a01,22,20,0,0,1,441,16,1,164,0,
4e5a01,22,21,0,0,1,2281,62,1,45,0,
4e5a01,7,1,0,0,1,1978,49,1,44,1,
4e5a01,7,2,0,0,1,300,11,1,613,1,NameError
4e5a01,7,3,0,0,1,971,32,1,1,0,
4e5a01,7,4,0,0,1,361,15,1,2,0,
4e5a01,7,5,0,0,1,31,1,1,2,0,
4e5a01,7,6,0,0,1,1726,44,1,15,0,
4e5a01,7,7,1,0,0,0,0,0,0,0,
4e5a01,16,1,0,0,1,135,1,1,45,0,
4e5a01,16,2,0,0,1,2355,61,1,45,0,
4e5a01,16,3,0,0,1,365,17,1,3,0,
4e5a01,16,4,0,0,1,345,8,1,1,0,
4e5a01,16,5,0,0,1,2938,61,1,2,0,
4e5a01,16,6,0,0,1,275,10,1,950,0,
4e5a01,16,7,0,0,1,84,3,1,953,0,
4e5a01,16,8,0,0,1,1105,33,1,45,0,
4e5a01,16,9,0,0,1,217,9,1,16,0,
4e5a01,16,10,0,0,1,822,26,1,104,0,
4e5a01,16,11,0,0,1,578,19,1,71,0,
4e5a01,16,12,0,0,1,405,15,1,19,0,
4e5a01,16,13,1,0,0,0,0,0,0,0,
4e5a01,18,1,0,0,1,1649,51,1,3,0,
4e5a01,18,2,0,0,1,726,30,1,3,0,
4e5a01,18,3,0,0,1,216,8,1,1,0,
4e5a01,18,4,0,0,1,1990,52,1,2,0,
4e5a01,18,5,0,0,1,335,10,1,31,0,
4e5a01,18,6,0,0,1,374,13,1,5,0,
4e5a01,18,7,0,0,1,21,1,1,5,0,
4e5a01,18,8,0,0,1,373,12,1,12,0,
4e5a01,18,9,0,0,1,2133,52,1,3,0,
4e5a01,18,10,0,0,1,252,10,1,74,0,
4e5a01,18,11,0,0,1,51,2,1,73,0,
4e5a01,18,12,0,0,1,1638,49,1,4,0,
4e5a01,18,13,0,0,1,13,1,1,2,0,
4e5a01,18,14,0,0,1,64,2,1,161,0,
4e5a01,18,15,0,0,1,172,8,1,3,0,
4e5a01,18,16,0,0,1,188,7,1,3,0,
4e5a01,18,17,0,0,1,58,4,1,4,0,
4e5a01,18,18,0,0,1,869,23,1,550,1,AssertionError
4e5a01,18,19,0,0,1,39,1,1,500,1,AssertionError
4e5a01,18,20,0,0,1,793,21,1,711,1,TypeError
4e5a01,18,21,0,0,1,866,21,1,9,0,
4e5a01,18,22,0,0,1,881,22,1,8,0,
4e5a01,18,23,0,0,1,328,14,1,69,0,
4e5a01,18,24,0,0,1,913,26,1,19,0,
4e5a01,18,25,0,0,1,826,27,1,40,0,
4e5a01,18,26,0,0,1,70,2,1,44,1,
4e5a01,18,27,1,0,0,0,0,0,0,0,
4e5a01,11,1,0,0,1,825,25,1,3,0,
4e5a01,11,2,0,0,1,748,26,1,3,0,
4e5a01,11,3,0,0,1,622,10,1,45,0,
4e5a01,11,4,0,0,1,2372,57,1,6,0,
4e5a01,11,5,0,0,1,186,6,1,6,0,
4e5a01,11,6,0,0,1,114,9,1,15,0,
4e5a01,11,7,0,0,1,67,4,1,69,0,
4e5a01,11,8,0,0,1,1872,48,1,1,0,
4e5a01,11,9,0,0,1,234,9,1,1,0,
4e5a01,11,10,0,0,1,889,23,1,1,0,
4e5a01,11,11,0,0,1,321,13,1,7,0,
4e5a01,11,12,0,0,1,29,1,1,7,0,
4e5a01,11,13,0,0,1,371,15,1,44,1,
4e5a01,11,14,0,0,1,118,4,1,6,0,
4e5a01,11,15,0,0,1,117,2,1,379,1,NameError
4e5a01,1,1,0,0,1,145,1,1,45,0,
4e5a01,1,2,0,0,1,936,23,1,44,1,
4e5a01,1,3,0,0,1,61,3,1,331,1,NameError
4e5a01,1,4,0,0,1,80,4,1,364,1,NameError
4e5a01,1,5,0,0,1,526,23,1,10,0,
4e5a01,1,6,0,0,1,800,29,1,3,0,
4e5a01,1,7,0,0,1,1980,54,1,4,0,
4e5a01,1,8,0,0,1,1658,49,1,9,0,
4e5a01,1,9,0,0,1,228,10,1,947,0,
4e5a01,1,10,0,0,1,76,3,1,950,0,
4e5a01,1,11,0,0,1,25,1,1,379,0,
4e5a01,1,12,0,0,1,459,14,1,65,0,
4e5a01,1,13,0,0,1,256,11,1,5,0,
4e5a01,1,14,0,0,1,68,2,1,5,0,
4e5a01,1,15,0,0,1,340,14,1,17,0,
4e5a01,1,16,0,0,1,267,10,1,1,0,
4e5a01,1,17,0,0,1,10,1,1,61,0,
4e5a01,1,18,0,0,1,656,19,1,87,0,
4e5a01,9,1,0,0,1,153,1,1,45,0,
4e5a01,9,2,0,0,1,1447,51,1,3,0,
4e5a01,9,3,0,0,1,3289,82,1,2,0,
4e5a01,9,4,0,0,1,303,12,1,1123,0,
4e5a01,9,5,0,0,1,84,2,1,46,0,
4e5a01,9,6,0,0,1,40,2,1,295,0,
4e5a01,9,7,0,0,1,175,8,1,379,0,
4e5a01,9,8,0,0,1,24,1,1,2,0,
4e5a01,9,9,0,0,1,97,2,1,83,0,
4e5a01,9,10,0,0,1,9,1,1,323,0,
4e5a01,9,11,0,0,1,1018,39,1,28,0,
4e5a01,9,12,0,0,1,88,1,1,45,0,
4e5a01,9,13,0,0,1,2680,87,1,1585,1,ValueError
4e5a01,9,14,0,0,1,82,1,1,45,0,
4e5a01,9,15,0,0,1,1315,44,1,1,0,
4e5a01,9,16,0,0,1,26,1,1,44,1,
4e5a01,9,17,0,0,1,3426,96,1,946,1,NameError
4e5a01,9,18,0,0,1,762,33,1,3,0,
4e5a01,9,19,0,0,1,44,1,1,5,0,
4e5a01,9,20,0,0,1,3035,90,1,1,0,
4e5a01,9,21,0,0,1,3934,93,1,87,0,
4e5a01,9,22,1,0,0,0,0,0,0,0,
4e5a01,19,1,0,0,1,115,1,1,45,0,
4e5a01,19,2,0,0,1,704,25,1,599,1,AttributeError
4e5a01,19,3,0,0,1,45,2,1,275,0,
4e5a01,19,4,0,0,1,850,30,1,2,0,
4e5a01,19,5,0,0,1,1117,38,1,2,0,
4e5a01,19,6,0,0,1,302,10,1,947,0,
4e5a01,19,7,0,0,1,454,18,1,379,0,
4e5a01,19,8,0,0,1,42,2,1,379,0,
4e5a01,19,9,0,0,1,2100,56,1,3,0,
4e5a01,19,10,0,0,1,419,14,1,992,0,
4e5a01,19,11,0,0,1,697,24,1,44,1,
4e5a01,19,12,0,0,1,475,14,1,613,1,NameError
4e5a01,19,13,0,0,1,812,32,1,12,0,
4e5a01,19,14,0,0,1,230,8,1,5,0,
4e5a01,19,15,0,0,1,674,26,1,3,0,
4e5a01,19,16,0,0,1,819,30,1,3,0,
4e5a01,19,17,0,0,1,144,4,1,430,1,NameError
4e5a01,19,18,0,0,1,50,1,1,306,1,NameError
4e5a01,19,19,0,0,1,50,2,1,325,1,NameError
4e5a01,19,20,0,0,1,1062,40,1,354,1,NameError
4e5a01,19,21,0,0,1,147,4,1,2,0,
4e5a01,19,22,0,0,1,52,2,1,3,0,
4e5a01,19,23,0,0,1,98,3,1,3,0,
4e5a01,19,24,0,0,1,2199,56,1,79,0,
4e5a01,19,25,0,0,1,1344,27,1,34,0,
4e5a01,19,26,0,0,1,340,12,1,87,0,
4e5a01,3,1,0,0,1,2616,80,1,44,1,
4e5a01,3,2,0,0,1,1615,59,1,609,1,NameError
4e5a01,3,3,0,0,1,119,4,1,44,1,
4e5a01,3,4,0,0,1,861,34,1,557,1,NameError
4e5a01,3,5,0,0,1,66,3,1,26,0,
4e5a01,3,6,0,0,1,1883,58,1,27,0,
4e5a01,3,7,0,0,1,1441,53,1,49,0,
4e5a01,3,8,0,0,1,1234,47,1,26,0,
4e5a01,3,9,0,0,1,2424,84,1,45,0,
4e5a01,3,10,0,0,1,595,18,1,629,1,NameError
4e5a01,3,11,0,0,1,1551,61,1,27,0,
4e5a01,3,12,0,0,1,3479,104,1,87,0,
4e5a01,3,13,1,0,0,0,0,0,0,0,
4e5a01,8,1,0,0,1,1594,55,1,3,0,
4e5a01,8,2,0,0,1,2345,61,1,2,0,
4e5a01,8,3,0,0,1,322,11,1,3,0,
4e5a01,8,4,0,0,1,92,2,1,1,0,
4e5a01,8,5,0,0,1,339,6,1,65,0,
4e5a01,8,6,0,0,1,281,11,1,7,0,
4e5a01,8,7,0,0,1,182,9,1,5,0,
4e5a01,8,8,0,0,1,301,12,1,6,0,
4e5a01,8,9,0,0,1,54,2,1,7,0,
4e5a01,8,10,0,0,1,514,24,1,11,0,
4e5a01,8,11,0,0,1,426,16,1,11,0,
4e5a01,8,12,0,0,1,264,10,1,59,0,
4e5a01,8,13,0,0,1,1862,39,1,45,0,
4e5a01,8,14,0,0,1,1005,21,1,797,1,NameError
4e5a01,8,15,0,0,1,1390,56,1,2,0,
4e5a01,8,16,0,0,1,256,11,1,4,0,
4e5a01,8,17,0,0,1,396,16,1,401,1,IndexError
4e5a01,8,18,0,0,1,13,1,1,1,0,
4e5a01,8,19,0,0,1,19,3,1,3,0,
4e5a01,8,20,0,0,1,171,8,1,3,0,
4e5a01,8,21,0,0,1,167,8,1,5,0,
4e5a01,8,22,0,0,1,193,8,1,6,0,
4e5a01,8,23,0,0,1,54,2,1,7,0,
4e5a01,8,24,0,0,1,628,26,1,44,1,
4e5a01,6,1,0,0,1,844,29,1,44,1,
4e5a01,6,2,0,0,1,1940,56,1,3,0,
4e5a01,6,3,0,0,1,3923,74,1,6,0,
4e5a01,6,4,0,0,1,404,15,1,947,0,
4e5a01,6,5,0,0,1,113,4,1,2,0,
4e5a01,6,6,0,0,1,179,6,1,950,0,
4e5a01,6,7,0,0,1,510,18,1,108,0,
4e5a01,6,8,0,0,1,292,10,1,108,0,
4e5a01,6,9,0,0,1,66,3,1,5,0,
4e5a01,6,10,0,0,1,42,2,1,3,0,
4e5a01,6,11,0,0,1,122,5,1,2,0,
4e5a01,6,12,0,0,1,77,2,1,49,0,
4e5a01,6,13,1,0,0,0,0,0,0,0,
4e5a01,24,1,0,0,1,2303,68,1,44,1,
4e5a01,24,2,0,0,1,1513,53,1,44,1,
4e5a01,24,3,0,0,1,633,26,1,32,0,
4e5a01,24,4,0,0,1,810,18,1,45,0,
4e5a01,24,5,0,0,1,2492,63,1,12,0,
4e5a01,24,6,0,0,1,411,16,1,301,0,
4e5a01,24,7,0,0,1,799,34,1,733,1,NameError
4e5a01,24,8,0,0,1,980,43,1,44,1,
4e5a01,24,9,1,0,0,0,0,0,0,0,
4e5a01,12,1,0,0,1,201,1,1,45,0,
4e5a01,12,2,0,0,1,1813,54,1,3,0,
4e5a01,12,3,0,0,1,239,9,1,1,0,
4e5a01,12,4,0,0,1,2268,57,1,2,0,
4e5a01,12,5,0,0,1,14,1,1,5425,0,
4e5a01,12,6,0,0,1,18,1,1,2,0,
4e5a01,12,7,0,0,1,212,5,1,779,0,
4e5a01,12,8,0,0,1,40,2,1,779,0,
4e5a01,12,9,0,0,1,40,2,1,779,0,
4e5a01,12,10,0,0,1,947,34,1,6,0,
4e5a01,12,11,0,0,1,369,12,1,1,0,
4e5a01,12,12,0,0,1,1864,55,1,36,0,
4e5a01,12,13,0,0,1,640,23,1,6,0,
4e5a01,12,14,0,0,1,1385,52,1,1,0,
4e5a01,12,15,0,0,1,59,2,1,111,0,
4e5a01,12,16,0,0,1,472,18,1,12,0,
4e5a01,12,17,0,0,1,678,27,1,16,0,
4e5a01,12,18,1,0,0,0,0,0,0,0,
4e5a01,17,1,0,0,1,110,1,1,45,0,
4e5a01,17,2,0,0,1,709,21,1,3,0,
4e5a01,17,3,0,0,1,862,30,1,3,0,
4e5a01,17,4,0,0,1,1976,53,1,2,0,
4e5a01,17,5,0,0,1,330,10,1,950,0,
4e5a01,17,6,0,0,1,231,6,1,38,0,
4e5a01,17,7,0,0,1,214,7,1,462,0,
4e5a01,17,8,0,0,1,239,11,1,4,0,
4e5a01,17,9,0,0,1,3630,120,1,1,0,
4e5a01,17,10,0,0,1,1896,56,1,1,0,
4e5a01,17,11,0,0,1,1454,51,1,1,0,
4e5a01,17,12,0,0,1,57,4,1,57,0,
4e5a01,17,13,0,0,1,1312,47,1,6,0,
4e5a01,17,14,0,0,1,626,24,1,2,0,
4e5a01,17,15,0,0,1,233,10,1,44,1,
4e5a01,4,1,0,0,1,1266,26,1,3,0,
4e5a01,4,2,0,0,1,891,31,1,3,0,
4e5a01,4,3,0,0,1,2839,65,1,2,0,
4e5a01,4,4,0,0,1,320,11,1,962,0,
4e5a01,4,5,0,0,1,468,23,1,3,0,
4e5a01,4,6,0,0,1,165,7,1,3,0,
4e5a01,4,7,0,0,1,85,3,1,379,0,
4e5a01,4,8,0,0,1,145,5,1,43,0,
4e5a01,4,9,0,0,1,115,5,1,3,0,
4e5a01,4,10,0,0,1,120,5,1,46,0,
4e5a01,4,11,0,0,1,58,2,1,379,0,
4e5a01,4,12,0,0,1,232,11,1,115,0,
4e5a01,4,13,0,0,1,288,13,1,57,0,
4e5a01,4,14,0,0,1,565,25,1,4,0,
4e5a01,4,15,0,0,1,9,1,1,52,0,
4e5a01,4,16,0,0,1,3090,82,1,155,1,
b70a49,11,1,0,0,1,130,3,1,21,0,
b70a49,11,2,0,0,1,114,6,1,37,0,
b70a49,11,3,0,0,1,240,12,1,640,0,
b70a49,11,4,0,0,1,183,7,1,125,0,
b70a49,11,5,0,0,1,42,1,1,60,0,
b70a49,6,1,0,0,1,111,2,1,11,0,
b70a49,6,2,0,0,1,151,6,1,9,0,
b70a49,6,3,0,0,1,362,17,1,124,0,
b70a49,6,4,0,0,1,7,1,1,54,0,
b70a49,6,5,0,0,1,268,12,1,91,0,
b70a49,4,1,0,0,1,217,10,1,124,0,
b70a49,4,2,0,0,1,36,2,1,89,0,
b70a49,4,3,0,0,1,11,1,1,3,0,
b70a49,23,1,0,0,1,149,8,1,21,0,
b70a49,23,2,0,0,1,74,5,1,37,0,
b70a49,23,3,0,0,1,276,11,1,194,0,
b70a49,23,4,0,0,1,54,2,1,86,0,
b70a49,23,5,0,0,1,502,15,1,75,0,
b70a49,22,1,0,0,1,69,2,1,19,0,
b70a49,22,2,0,0,1,29,1,1,56,0,
b70a49,22,3,0,0,1,49,2,1,37,0,
b70a49,22,4,0,0,1,186,9,1,316,0,
b70a49,22,5,0,0,1,159,7,1,86,0,
b70a49,22,6,0,0,1,354,14,1,89,0,
b70a49,7,1,0,0,1,79,2,1,7,0,
b70a49,7,2,0,0,1,111,2,1,11,0,
b70a49,7,3,0,0,1,163,6,1,9,0,
b70a49,7,4,0,0,1,233,11,1,124,0,
b70a49,7,5,0,0,1,238,11,1,124,0,
b70a49,20,1,0,0,1,83,2,1,9,0,
b70a49,20,2,0,0,1,372,13,1,9,0,
b70a49,20,3,0,0,1,16,1,1,3,0,
b70a49,20,4,0,0,1,233,12,1,115,0,
b70a49,20,5,0,0,1,117,6,1,276,0,
b70a49,20,6,0,0,1,222,11,1,89,0,
b70a49,16,1,0,0,1,79,2,1,7,0,
b70a49,16,2,0,0,1,111,2,1,11,0,
b70a49,16,3,0,0,1,19,1,1,1,0,
b70a49,16,4,0,0,1,151,6,1,9,0,
b70a49,16,5,0,0,1,7,1,1,6,0,
b70a49,16,6,0,0,1,246,10,1,124,0,
b70a49,16,7,0,0,1,266,10,1,89,0,
b70a49,1,1,0,0,1,79,2,1,7,0,
b70a49,1,2,0,0,1,83,2,1,9,0,
b70a49,1,3,0,0,1,143,6,1,4,0,
b70a49,1,4,0,0,1,104,2,1,5,0,
b70a49,1,5,0,0,1,213,9,1,124,0,
b70a49,1,6,0,0,1,257,11,1,89,0,
b70a49,5,1,0,0,1,79,2,1,9,0,
b70a49,5,2,0,0,1,232,9,1,19,0,
b70a49,5,3,0,0,1,42,1,1,45,0,
b70a49,5,4,0,0,1,50,1,1,47,0,
b70a49,5,5,0,0,1,102,4,1,53,0,
b70a49,5,6,0,0,1,271,13,1,194,0,
b70a49,5,7,0,0,1,331,12,1,91,0,
b70a49,15,1,0,0,1,107,2,1,11,0,
b70a49,15,2,0,0,1,311,11,1,19,0,
b70a49,15,3,0,0,1,54,2,1,30,0,
b70a49,15,4,0,0,1,115,5,1,28,0,
b70a49,15,5,0,0,1,224,9,1,124,0,
b70a49,15,6,0,0,1,65,2,1,62,0,
b70a49,10,1,0,0,1,267,12,1,121,0,
b70a49,10,2,0,0,1,194,8,1,232,0,
b70a49,10,3,0,0,1,257,12,1,121,0,
b70a49,17,1,0,0,1,111,2,1,11,0,
b70a49,17,2,0,0,1,173,7,1,9,0,
b70a49,17,3,0,0,1,58,2,1,47,0,
b70a49,17,4,0,0,1,319,15,1,121,0,
b70a49,17,5,0,0,1,9,1,1,7,0,
b70a49,17,6,0,0,1,41,2,1,86,0,
b70a49,17,7,0,0,1,235,11,1,278,0,
b70a49,21,1,0,0,1,261,12,1,201,0,
b70a49,21,2,0,0,1,218,10,1,89,0,
b70a49,19,1,0,0,1,65,2,1,9,0,
b70a49,19,2,0,0,1,148,7,1,11,0,
b70a49,19,3,0,0,1,113,5,1,21,0,
b70a49,19,4,0,0,1,469,17,1,124,0,
b70a49,19,5,0,0,1,7,1,1,6,0,
b70a49,19,6,0,0,1,7,1,1,6,0,
b70a49,19,7,0,0,1,7,1,1,6,0,
b70a49,19,8,0,0,1,11,1,1,86,0,
b70a49,19,9,0,0,1,268,11,1,88,0,
b70a49,19,10,0,0,1,58,2,1,86,0,
b70a49,24,1,0,0,1,255,11,1,124,0,
b70a49,24,2,0,0,1,50,2,1,44,0,
b70a49,24,3,0,0,1,201,7,1,4,0,
b70a49,24,4,0,0,1,7,1,1,7,0,
b70a49,24,5,0,0,1,52,2,1,90,0,
b70a49,24,6,0,0,1,102,3,1,9,0,
b70a49,24,7,0,0,1,96,2,1,21,0,
b70a49,24,8,0,0,1,6,1,1,6,0,
b70a49,24,9,0,0,1,6,1,1,6,0,
b70a49,24,10,0,0,1,6,1,1,6,0,
b70a49,13,1,0,0,1,133,6,1,9,0,
b70a49,13,2,0,0,1,559,26,1,201,0,
b70a49,13,3,0,0,1,187,7,1,86,0,
b70a49,13,4,0,0,1,31,3,1,12,0,
b70a49,13,5,1,0,0,0,0,0,0,0,
b70a49,9,1,0,0,1,145,8,1,21,0,
b70a49,9,2,0,0,1,114,6,1,37,0,
b70a49,9,3,0,0,1,471,17,1,194,0,
b70a49,9,4,0,0,1,63,2,1,121,0,
b70a49,9,5,0,0,1,11,1,1,3,0,
b70a49,2,1,0,0,1,114,5,1,7,0,
b70a49,2,2,0,0,1,79,2,1,9,0,
b70a49,2,3,0,0,1,276,11,1,6,0,
b70a49,2,4,0,0,1,243,11,1,194,0,
b70a49,2,5,0,0,1,281,10,1,89,0,
b70a49,3,1,0,0,1,295,14,1,124,0,
b70a49,3,2,0,0,1,54,2,1,124,0,
b70a49,3,3,0,0,1,73,2,1,19,0,
b70a49,3,4,0,0,1,31,1,1,56,0,
b70a49,18,1,0,0,1,199,5,1,526,1,AttributeError
b70a49,18,2,0,0,1,95,4,1,20,0,
b70a49,18,3,0,0,1,248,10,1,124,0,
b70a49,18,4,0,0,1,7,1,1,6,0,
b70a49,18,5,0,0,1,7,1,1,86,0,
b70a49,18,6,0,0,1,52,2,1,125,0,
b70a49,18,7,0,0,1,253,12,1,86,0,
b70a49,14,1,0,0,1,407,13,1,19,0,
b70a49,14,2,0,0,1,337,15,1,115,0,
b70a49,14,3,0,0,1,110,5,1,276,0,
b70a49,14,4,0,0,1,229,11,1,89,0,
b70a49,8,1,0,0,1,303,11,1,19,0,
b70a49,8,2,0,0,1,55,2,1,47,0,
b70a49,8,3,0,0,1,635,28,1,115,0,
b70a49,8,4,0,0,1,42,3,1,8,0,
b70a49,8,5,0,0,1,187,9,1,70,0,
b70a49,8,6,0,0,1,58,2,1,54,0,
b70a49,12,1,0,0,1,79,2,1,7,0,
b70a49,12,2,0,0,1,83,2,1,9,0,
b70a49,12,3,0,0,1,113,2,1,21,0,
b70a49,12,4,0,0,1,238,11,1,6,0,
b70a49,12,5,0,0,1,90,5,1,37,0,
b70a49,12,6,0,0,1,118,5,1,84,0,
b70a49,12,7,0,0,1,206,11,1,124,0,
b70a49,12,8,0,0,1,236,11,1,202,0,
485d27,10,1,0,0,1,144,8,1,53,0,
485d27,5,1,0,0,1,198,10,1,198,0,
485d27,5,2,0,0,1,779,21,1,3,0,
485d27,5,3,0,0,1,588,19,1,26,0,
485d27,5,4,0,0,1,213,10,1,61,0,
485d27,5,5,0,0,1,371,16,1,12,0,
485d27,1,1,0,0,1,162,8,1,124,0,
485d27,1,2,0,0,1,931,24,1,57,0,
485d27,1,3,0,0,1,393,13,1,26,0,
485d27,1,4,0,0,1,113,7,1,1,0,
485d27,18,1,0,0,1,385,17,1,15,0,
485d27,18,2,0,0,1,786,29,1,16,0,
485d27,18,3,0,0,1,728,25,1,110,0,
485d27,18,4,0,0,1,721,24,1,27,0,
485d27,20,1,0,0,1,283,11,1,46,0,
485d27,20,2,0,0,1,62,2,1,112,0,
485d27,20,3,0,0,1,268,11,1,46,0,
485d27,24,1,0,0,1,36,2,1,14,0,
485d27,24,2,0,0,1,17,1,1,20,0,
485d27,24,3,0,0,1,68,2,1,3,0,
485d27,8,1,0,0,1,636,21,1,14,0,
485d27,8,2,0,0,1,189,9,1,2,0,
485d27,8,3,0,0,1,421,13,1,21,0,
485d27,8,4,0,0,1,163,1,1,45,0,
485d27,8,5,0,0,1,141,1,1,45,0,
485d27,8,6,0,0,1,28,1,1,45,0,
485d27,8,7,0,0,1,57,1,1,45,0,
485d27,8,8,0,0,1,1956,65,1,70,0,
485d27,8,9,0,0,1,76,3,1,159,0,
485d27,8,10,0,0,1,76,3,1,159,0,
485d27,8,11,0,0,1,80,3,1,39,0,
485d27,8,12,0,0,1,760,26,1,26,0,
485d27,19,1,0,0,1,594,22,1,34,0,
485d27,19,2,0,0,1,55,2,1,23,0,
485d27,19,3,0,0,1,17,1,1,20,0,
485d27,19,4,0,0,1,92,5,1,2,0,
485d27,19,5,0,0,1,122,8,1,1,0,
485d27,19,6,0,0,1,243,11,1,114,0,
485d27,19,7,1,0,0,0,0,0,0,0,
485d27,7,1,0,0,1,506,26,1,3,0,
485d27,7,2,0,0,1,373,12,1,47,0,
485d27,7,3,0,0,1,445,22,1,3,0,
485d27,7,4,0,0,1,5,1,1,2,0,
485d27,7,5,0,0,1,56,2,1,3,0,
485d27,7,6,0,0,1,91,1,1,14,0,
485d27,7,7,0,0,1,120,3,1,7,0,
485d27,7,8,0,0,1,512,23,1,3,0,
485d27,7,9,0,0,1,385,12,1,12,0,
485d27,15,1,0,0,1,763,20,1,26,0,
485d27,15,2,0,0,1,24,2,1,26,0,
485d27,15,3,0,0,1,430,8,1,45,0,
485d27,15,4,0,0,1,648,16,1,47,0,
485d27,15,5,0,0,1,178,7,1,6,0,
485d27,15,6,0,0,1,726,23,1,26,0,
485d27,15,7,0,0,1,2423,75,1,102,0,
485d27,14,1,0,0,1,622,21,1,35,0,
485d27,21,1,0,0,1,582,18,1,157,0,
485d27,21,2,0,0,1,360,12,1,45,0,
485d27,21,3,0,0,1,420,15,1,28,0,
485d27,21,4,0,0,1,32,2,1,26,0,
485d27,21,5,0,0,1,328,12,1,143,0,
485d27,21,6,0,0,1,1638,47,1,229,0,
485d27,21,7,0,0,1,70,2,1,117,0,
485d27,21,8,0,0,1,82,2,1,202,0,
485d27,21,9,0,0,1,291,6,1,45,0,
485d27,6,1,0,0,1,508,18,1,31,0,
485d27,6,2,0,0,1,177,1,1,45,0,
485d27,6,3,0,0,1,175,2,1,45,0,
485d27,6,4,0,0,1,2229,76,1,70,0,
485d27,6,5,0,0,1,207,7,1,361,0,
485d27,6,6,0,0,1,208,7,1,1780,1,
485d27,6,7,0,0,1,103,3,1,23,0,
485d27,6,8,0,0,1,288,9,1,44,1,
485d27,6,9,0,0,1,223,11,1,1,0,
485d27,6,10,0,0,1,574,16,1,1,0,
485d27,22,1,0,0,1,144,8,1,46,0,
485d27,22,2,0,0,1,265,9,1,21,0,
485d27,22,3,0,0,1,851,31,1,97,0,
485d27,22,4,0,0,1,27,3,1,6,0,
485d27,22,5,0,0,1,7,1,1,1,0,
485d27,2,1,0,0,1,104,1,1,45,0,
485d27,2,2,0,0,1,54,1,1,45,0,
485d27,2,3,0,0,1,28,1,1,45,0,
485d27,2,4,1,0,0,0,0,0,0,0,
485d27,2,5,0,0,1,20,1,1,4,0,
485d27,2,6,0,0,1,2126,68,1,694,0,
485d27,2,7,0,0,1,52,1,1,45,0,
485d27,2,8,0,0,1,34,1,1,69,0,
485d27,2,9,0,0,1,1845,52,1,2528,1,ValueError
485d27,2,10,0,0,1,1711,48,1,78,0,
485d27,2,11,0,0,1,61,2,1,22,0,
485d27,2,12,0,0,1,2002,54,1,128,0,
485d27,2,13,0,0,1,128,3,1,75,0,
485d27,2,14,0,0,1,85,3,1,40,0,
485d27,2,15,0,0,1,347,13,1,4,0,
485d27,2,16,0,0,1,296,14,1,10,0,
485d27,2,17,0,0,1,70,2,1,5,0,
485d27,2,18,0,0,1,70,2,1,4,0,
485d27,2,19,0,0,1,70,2,1,4,0,
485d27,2,20,0,0,1,70,2,1,4,0,
485d27,17,1,0,0,1,1536,46,1,153,0,
485d27,17,2,0,0,1,108,1,1,45,0,
485d27,17,3,0,0,1,57,1,1,45,0,
485d27,17,4,0,0,1,122,2,1,6,0,
485d27,17,5,0,0,1,1929,57,1,4,0,
485d27,17,6,0,0,1,256,12,1,73,0,
485d27,17,7,0,0,1,57,2,1,13,0,
485d27,17,8,0,0,1,57,2,1,44,1,
485d27,17,9,0,0,1,132,5,1,422,1,NameError
485d27,17,10,0,0,1,212,10,1,350,1,NameError
485d27,17,11,0,0,1,45,2,1,306,1,NameError
485d27,17,12,0,0,1,1416,47,1,4,0,
485d27,17,13,0,0,1,188,8,1,1778,0,
485d27,17,14,0,0,1,232,7,1,122,0,
485d27,17,15,0,0,1,247,12,1,4,0,
485d27,17,16,0,0,1,168,6,1,13,0,
485d27,17,17,0,0,1,225,3,1,28,0,
485d27,17,18,0,0,1,349,6,1,36,0,
485d27,17,19,0,0,1,163,3,1,55,0,
485d27,9,1,0,0,1,75,1,1,45,0,
485d27,9,2,0,0,1,103,1,1,45,0,
485d27,9,3,0,0,1,57,1,1,45,0,
485d27,9,4,0,0,1,2681,72,1,45,0,
485d27,9,5,0,0,1,205,8,1,2632,1,ValueError
485d27,9,6,0,0,1,1774,65,1,34,0,
485d27,9,7,0,0,1,1445,54,1,38,0,
485d27,9,8,0,0,1,1470,51,1,4,0,
485d27,9,9,0,0,1,37,2,1,33,0,
485d27,9,10,0,0,1,1433,51,1,5,0,
485d27,9,11,0,0,1,230,9,1,16,0,
485d27,9,12,0,0,1,30,1,1,102,0,
485d27,9,13,0,0,1,30,1,1,87,0,
485d27,9,14,0,0,1,35,1,1,80,0,
485d27,9,15,0,0,1,262,12,1,2,0,
485d27,9,16,0,0,1,276,11,1,123,0,
485d27,9,17,0,0,1,234,10,1,27,0,
485d27,9,18,0,0,1,87,5,1,2,0,
485d27,13,1,0,0,1,448,15,1,10,0,
485d27,13,2,0,0,1,275,11,1,2,0,
485d27,13,3,0,0,1,117,5,1,2,0,
485d27,13,4,0,0,1,176,8,1,16,0,
485d27,13,5,0,0,1,8,1,1,5,0,
485d27,13,6,0,0,1,9,1,1,6,0,
485d27,13,7,0,0,1,1228,32,1,13,0,
485d27,13,8,0,0,1,27,1,1,24,0,
485d27,3,1,0,0,1,885,24,1,20,0,
485d27,3,2,0,0,1,60,2,1,26,0,
485d27,3,3,0,0,1,928,29,1,6,0,
485d27,3,4,0,0,1,2410,51,1,42,0,
485d27,3,5,0,0,1,33,1,1,3,0,
485d27,3,6,0,0,1,1613,48,1,1,0,
485d27,3,7,0,0,1,32,1,1,44,1,
485d27,3,8,0,0,1,926,31,1,559,1,NameError
485d27,3,9,0,0,1,404,12,1,45,0,
485d27,3,10,0,0,1,36,1,1,1,0,
485d27,3,11,0,0,1,37,1,1,44,1,
485d27,3,12,0,0,1,776,23,1,575,1,NameError
485d27,3,13,0,0,1,404,12,1,45,0,
485d27,3,14,0,0,1,52,2,1,83,0,
485d27,3,15,0,0,1,527,19,1,91,0,
485d27,3,16,0,0,1,283,11,1,419,0,
485d27,3,17,1,0,0,0,0,0,0,0,
485d27,12,1,0,0,1,1049,32,1,16,0,
485d27,12,2,0,0,1,35,1,1,40,0,
485d27,12,3,0,0,1,122,1,1,45,0,
485d27,12,4,0,0,1,77,1,1,45,0,
485d27,12,5,0,0,1,57,1,1,45,0,
485d27,12,6,0,0,1,1700,53,1,4,0,
485d27,12,7,0,0,1,108,3,1,44,1,
485d27,12,8,0,0,1,29,1,1,284,1,NameError
485d27,12,9,0,0,1,1337,45,1,4,0,
485d27,12,10,0,0,1,73,2,1,44,1,
485d27,12,11,0,0,1,41,1,1,296,1,NameError
485d27,12,12,0,0,1,1110,31,1,4,0,
485d27,12,13,0,0,1,31,1,1,4,0,
485d27,12,14,0,0,1,31,1,1,4,0,
485d27,12,15,0,0,1,31,1,1,4,0,
485d27,12,16,0,0,1,31,1,1,44,1,
485d27,11,1,0,0,1,839,27,1,221,0,
485d27,11,2,0,0,1,237,11,1,49,0,
485d27,11,3,0,0,1,105,2,1,2,0,
485d27,11,4,0,0,1,802,24,1,180,0,
485d27,11,5,0,0,1,796,24,1,44,1,
485d27,11,6,0,0,1,1526,52,1,3,0,
485d27,11,7,0,0,1,373,12,1,27,0,
485d27,11,8,0,0,1,5,1,1,260,1,NameError
485d27,11,9,0,0,1,927,37,1,3,0,
485d27,11,10,0,0,1,807,26,1,33,0,
485d27,11,11,0,0,1,357,13,1,16,0,
485d27,11,12,0,0,1,274,12,1,3,0,
485d27,11,13,0,0,1,794,28,1,3,0,
485d27,11,14,0,0,1,385,12,1,12,0,
485d27,11,15,0,0,1,829,25,1,45,0,
485d27,16,1,0,0,1,792,26,1,140,0,
485d27,16,2,0,0,1,176,1,1,45,0,
485d27,16,3,0,0,1,141,1,1,45,0,
485d27,16,4,0,0,1,57,1,1,45,0,
485d27,16,5,0,0,1,2517,63,1,5,0,
485d27,16,6,0,0,1,44,2,1,4,0,
485d27,16,7,0,0,1,44,2,1,5,0,
485d27,16,8,0,0,1,275,5,1,44,1,
485d27,16,9,0,0,1,1342,39,1,639,1,NameError
485d27,16,10,0,0,1,90,3,1,646,1,NameError
485d27,16,11,0,0,1,83,3,1,702,1,NameError
485d27,16,12,0,0,1,122,3,1,44,1,
485d27,16,13,0,0,1,64,2,1,336,1,NameError
485d27,16,14,0,0,1,1446,41,1,44,1,
485d27,16,15,1,0,0,0,0,0,0,0,
485d27,23,1,0,0,1,142,8,1,132,0,
485d27,23,2,0,0,1,55,2,1,35,0,
485d27,23,3,0,0,1,17,1,1,14,0,
485d27,23,4,0,0,1,900,29,1,11,0,
485d27,23,5,0,0,1,1037,34,1,21,0,
485d27,23,6,0,0,1,745,25,1,46,0,
485d27,23,7,0,0,1,903,29,1,31,0,
485d27,23,8,0,0,1,846,26,1,35,0,
485d27,23,9,0,0,1,489,16,1,26,0,
485d27,23,10,0,0,1,933,25,1,44,1,
485d27,23,11,0,0,1,814,23,1,76,0,
485d27,23,12,0,0,1,636,19,1,6,0,
485d27,23,13,0,0,1,35,1,1,6,0,
485d27,23,14,0,0,1,40,1,1,46,0,
485d27,23,15,0,0,1,78,2,1,7,0,
485d27,23,16,0,0,1,20,1,1,50,0,
485d27,23,17,0,0,1,78,2,1,44,1,
485d27,23,18,1,0,0,0,0,0,0,0,
485d27,4,1,0,0,1,260,9,1,5,0,
485d27,4,2,0,0,1,95,1,1,45,0,
485d27,4,3,0,0,1,86,1,1,45,0,
485d27,4,4,0,0,1,57,1,1,45,0,
485d27,4,5,0,0,1,2019,67,1,86,0,
485d27,4,6,0,0,1,2016,61,1,59,0,
485d27,4,7,0,0,1,111,3,1,83,0,
485d27,4,8,0,0,1,207,10,1,37,0,
485d27,4,9,0,0,1,15,1,1,3,0,
485d27,4,10,0,0,1,29,3,1,45,0,
485d27,4,11,0,0,1,321,13,1,5,0,
485d27,4,12,0,0,1,421,15,1,514,0,
485d27,4,13,0,0,1,363,13,1,4,0,
485d27,4,14,0,0,1,107,3,1,26,0,
485d27,4,15,0,0,1,91,2,1,44,1,
485d27,4,16,0,0,1,79,2,1,354,1,NameError
485d27,4,17,0,0,1,1709,54,1,51,0,
485d27,4,18,0,0,1,91,2,1,44,1,
485d27,4,19,1,0,0,0,0,0,0,0,
c9a608,4,1,0,0,1,764,34,1,92,0,
c9a608,4,2,1,0,0,0,0,0,0,0,
c9a608,20,1,0,0,1,167,8,1,7,0,
c9a608,20,2,0,0,1,24,1,1,9,0,
c9a608,20,3,0,0,1,94,3,1,7,0,
c9a608,20,4,1,0,0,0,0,0,0,0,
c9a608,23,1,0,0,1,478,15,1,60,0,
c9a608,23,2,0,0,1,1497,51,1,37,0,
c9a608,23,3,0,0,1,49,2,1,15,0,
c9a608,23,4,0,0,1,75,3,1,12,0,
c9a608,23,5,0,0,1,993,36,1,47,0,
c9a608,23,6,1,0,0,0,0,0,0,0,
c9a608,6,1,0,0,1,112,3,1,28,0,
c9a608,6,2,0,0,1,1599,40,1,118,0,
c9a608,6,3,0,0,1,310,13,1,60,0,
c9a608,6,4,0,0,1,592,15,1,175,0,
c9a608,6,5,0,0,1,283,11,1,37,0,
c9a608,6,6,0,0,1,491,19,1,56,0,
c9a608,6,7,0,0,1,66,3,1,15,0,
c9a608,6,8,0,0,1,23,2,1,24,0,
c9a608,6,9,0,0,1,269,11,1,45,0,
c9a608,6,10,1,0,0,0,0,0,0,0,
c9a608,24,1,0,0,1,109,5,1,12,0,
c9a608,24,2,0,0,1,8,1,1,15,0,
c9a608,24,3,0,0,1,1203,42,1,103,0,
c9a608,24,4,0,0,1,41,2,1,3,0,
c9a608,24,5,0,0,1,227,9,1,24,0,
c9a608,24,6,0,0,1,758,27,1,163,0,
c9a608,7,1,0,0,1,49,2,1,15,0,
c9a608,7,2,0,0,1,110,2,1,45,0,
c9a608,7,3,0,0,1,144,5,1,12,0,
c9a608,7,4,0,0,1,31,1,1,8,0,
c9a608,7,5,0,0,1,976,36,1,47,0,
c9a608,7,6,0,0,1,160,5,1,12,0,
c9a608,7,7,0,0,1,167,5,1,12,0,
c9a608,7,8,0,0,1,732,28,1,62,0,
c9a608,7,9,0,0,1,695,31,1,29,0,
c9a608,7,10,0,0,1,48,4,1,4,0,
c9a608,9,1,0,0,1,49,2,1,15,0,
c9a608,9,2,0,0,1,105,2,1,45,0,
c9a608,9,3,0,0,1,93,3,1,811,1,TypeError
c9a608,9,4,0,0,1,213,10,1,12,0,
c9a608,9,5,0,0,1,26,1,1,19,0,
c9a608,9,6,0,0,1,235,11,1,21,0,
c9a608,9,7,0,0,1,724,26,1,28,0,
c9a608,9,8,0,0,1,2172,68,1,4,0,
c9a608,9,9,0,0,1,151,8,1,27,0,
c9a608,9,10,0,0,1,1304,51,1,74,0,
c9a608,9,11,0,0,1,173,8,1,33,0,
c9a608,9,12,0,0,1,413,16,1,54,0,
c9a608,9,13,0,0,1,260,11,1,37,0,
c9a608,9,14,0,0,1,28,2,1,24,0,
c9a608,9,15,0,0,1,15,1,1,34,0,
c9a608,9,16,0,0,1,299,13,1,58,0,
c9a608,9,17,0,0,1,194,11,1,4,0,
c9a608,9,18,0,0,1,1212,41,1,4,0,
c9a608,17,1,0,0,1,102,1,1,45,0,
c9a608,17,2,0,0,1,691,30,1,4,0,
c9a608,17,3,0,0,1,613,25,1,1,0,
c9a608,17,4,0,0,1,279,11,1,51,0,
c9a608,17,5,0,0,1,45,2,1,2,0,
c9a608,17,6,0,0,1,251,8,1,177,0,
c9a608,17,7,0,0,1,951,40,1,4,0,
c9a608,17,8,0,0,1,520,19,1,18,0,
c9a608,17,9,0,0,1,264,10,1,18,0,
c9a608,17,10,0,0,1,826,32,1,23,0,
c9a608,17,11,0,0,1,48,2,1,28,0,
c9a608,17,12,0,0,1,122,3,1,21,0,
c9a608,17,13,0,0,1,49,2,1,38,0,
c9a608,17,14,0,0,1,190,8,1,24,0,
c9a608,17,15,0,0,1,20,1,1,18,0,
c9a608,17,16,0,0,1,63,2,1,29,0,
c9a608,17,17,0,0,1,119,3,1,45,0,
c9a608,17,18,0,0,1,400,14,1,3,0,
c9a608,17,19,0,0,1,203,5,1,3,0,
c9a608,17,20,0,0,1,264,10,1,19,0,
c9a608,17,21,0,0,1,984,24,1,45,0,
c9a608,17,22,0,0,1,602,22,1,96,0,
c9a608,17,23,0,0,1,407,20,1,4,0,
c9a608,17,24,0,0,1,188,9,1,4,0,
c9a608,5,1,0,0,1,1596,25,1,45,0,
c9a608,5,2,0,0,1,650,21,1,12,0,
c9a608,5,3,0,0,1,48,2,1,33,0,
c9a608,5,4,0,0,1,774,23,1,12,0,
c9a608,5,5,0,0,1,45,2,1,33,0,
c9a608,5,6,0,0,1,873,30,1,28,0,
c9a608,5,7,1,0,0,0,0,0,0,0,
c9a608,3,1,0,0,1,128,1,1,45,0,
c9a608,3,2,0,0,1,1598,51,1,23,0,
c9a608,3,3,0,0,1,136,6,1,28,0,
c9a608,3,4,0,0,1,1541,53,1,36,0,
c9a608,3,5,0,0,1,10,1,1,2,0,
c9a608,3,6,0,0,1,251,11,1,3,0,
c9a608,3,7,0,0,1,957,33,1,28,0,
c9a608,3,8,0,0,1,1489,50,1,4,0,
c9a608,14,1,0,0,1,95,3,1,11,0,
c9a608,14,2,0,0,1,159,5,1,28,0,
c9a608,14,3,0,0,1,1041,34,1,23,0,
c9a608,14,4,0,0,1,701,24,1,6,0,
c9a608,14,5,0,0,1,86,5,1,33,0,
c9a608,14,6,0,0,1,680,28,1,60,0,
c9a608,14,7,0,0,1,44,2,1,54,0,
c9a608,14,8,0,0,1,30,2,1,48,0,
c9a608,14,9,0,0,1,1514,50,1,36,0,
c9a608,14,10,0,0,1,250,11,1,16,0,
c9a608,1,1,0,0,1,84,3,1,791,1,TypeError
c9a608,1,2,0,0,1,198,9,1,12,0,
c9a608,1,3,0,0,1,8,1,1,15,0,
c9a608,1,4,0,0,1,913,36,1,71,0,
c9a608,1,5,0,0,1,716,22,1,31,0,
c9a608,1,6,0,0,1,722,29,1,49,0,
c9a608,1,7,0,0,1,728,27,1,580,1,NameError
c9a608,1,8,0,0,1,79,2,1,4,0,
c9a608,1,9,0,0,1,47,1,1,4,0,
c9a608,1,10,0,0,1,283,15,1,24,0,
c9a608,1,11,0,0,1,172,8,1,28,0,
c9a608,1,12,0,0,1,33,2,1,27,0,
c9a608,1,13,0,0,1,497,19,1,54,0,
c9a608,1,14,0,0,1,48,3,1,27,0,
c9a608,18,1,0,0,1,87,3,1,28,0,
c9a608,18,2,0,0,1,117,1,1,45,0,
c9a608,18,3,0,0,1,1640,50,1,17,0,
c9a608,18,4,0,0,1,891,29,1,60,0,
c9a608,18,5,0,0,1,39,2,1,3,0,
c9a608,18,6,0,0,1,217,9,1,24,0,
c9a608,18,7,0,0,1,1390,40,1,94,0,
c9a608,18,8,0,0,1,25,2,1,24,0,
c9a608,18,9,0,0,1,1836,50,1,87,0,
c9a608,10,1,0,0,1,471,21,1,27,0,
c9a608,10,2,0,0,1,992,36,1,44,1,
c9a608,10,3,0,0,1,708,31,1,19,0,
c9a608,10,4,0,0,1,805,32,1,28,0,
c9a608,10,5,0,0,1,184,1,1,45,0,
c9a608,10,6,0,0,1,3683,113,1,45,0,
c9a608,10,7,0,0,1,2754,96,1,8,0,
c9a608,10,8,0,0,1,50,2,1,44,1,
c9a608,10,9,0,0,1,640,24,1,353,1,NameError
c9a608,10,10,0,0,1,65,3,1,343,1,NameError
c9a608,10,11,0,0,1,3175,109,1,620,1,NameError
c9a608,10,12,0,0,1,101,4,1,735,1,NameError
c9a608,10,13,0,0,1,123,4,1,33,0,
c9a608,10,14,0,0,1,381,17,1,87,0,
c9a608,16,1,0,0,1,72,3,1,12,0,
c9a608,16,2,0,0,1,613,26,1,44,1,
c9a608,16,3,0,0,1,561,23,1,23,0,
c9a608,16,4,0,0,1,19,1,1,28,0,
c9a608,16,5,0,0,1,1225,40,1,54,0,
c9a608,16,6,0,0,1,254,10,1,24,0,
c9a608,16,7,0,0,1,1566,49,1,898,1,UnboundLocalError
c9a608,16,8,0,0,1,1349,45,1,4,0,
c9a608,16,9,0,0,1,238,9,1,33,0,
c9a608,16,10,0,0,1,395,17,1,214,0,
c9a608,16,11,0,0,1,44,2,1,27,0,
c9a608,16,12,0,0,1,391,13,1,87,0,
c9a608,12,1,0,0,1,106,1,1,45,0,
c9a608,12,2,0,0,1,840,35,1,2,0,
c9a608,12,3,0,0,1,282,12,1,174,0,
c9a608,12,4,0,0,1,737,30,1,24,0,
c9a608,12,5,0,0,1,100,1,1,45,0,
c9a608,12,6,0,0,1,246,11,1,57,0,
c9a608,12,7,0,0,1,45,2,1,3,0,
c9a608,12,8,0,0,1,565,24,1,1,0,
c9a608,12,9,0,0,1,63,2,1,47,0,
c9a608,12,10,0,0,1,233,11,1,43,0,
c9a608,12,11,0,0,1,840,31,1,35,0,
c9a608,12,12,0,0,1,49,2,1,34,0,
c9a608,12,13,0,0,1,134,5,1,112,0,
c9a608,12,14,0,0,1,92,4,1,24,0,
c9a608,12,15,0,0,1,35,1,1,4,0,
c9a608,12,16,1,0,0,0,0,0,0,0,
c9a608,19,1,0,0,1,95,3,1,12,0,
c9a608,19,2,0,0,1,29,1,1,15,0,
c9a608,19,3,0,0,1,1528,49,1,103,0,
c9a608,19,4,0,0,1,249,9,1,120,0,
c9a608,19,5,0,0,1,79,3,1,33,0,
c9a608,19,6,0,0,1,1807,54,1,4,0,
c9a608,19,7,0,0,1,36,2,1,19,0,
c9a608,19,8,1,0,0,0,0,0,0,0,
c9a608,2,1,0,0,1,69,3,1,28,0,
c9a608,2,2,0,0,1,101,2,1,1,0,
c9a608,2,3,0,0,1,1213,54,1,158,0,
c9a608,2,4,0,0,1,1351,55,1,31,0,
c9a608,2,5,1,0,0,0,0,0,0,0,
c9a608,15,1,0,0,1,928,38,1,31,0,
c9a608,15,2,0,0,1,417,17,1,58,0,
c9a608,15,3,0,0,1,210,10,1,97,0,
c9a608,15,4,0,0,1,474,20,1,1,0,
c9a608,15,5,0,0,1,452,18,1,24,0,
c9a608,15,6,1,0,0,0,0,0,0,0,
c9a608,13,1,0,0,1,85,4,1,12,0,
c9a608,13,2,0,0,1,8,1,1,15,0,
c9a608,13,3,0,0,1,1601,39,1,23,0,
c9a608,13,4,0,0,1,682,28,1,3,0,
c9a608,13,5,0,0,1,746,31,1,28,0,
c9a608,13,6,0,0,1,1301,39,1,38,0,
c9a608,13,7,1,0,0,0,0,0,0,0,
c9a608,8,1,0,0,1,261,12,1,19,0,
c9a608,8,2,0,0,1,1119,42,1,143,0,
c9a608,8,3,0,0,1,446,19,1,104,0,
c9a608,8,4,1,0,0,0,0,0,0,0,
c9a608,21,1,0,0,1,450,18,1,106,0,
c9a608,21,2,0,0,1,9,1,1,1,0,
c9a608,21,3,0,0,1,19,1,1,112,0,
c9a608,21,4,0,0,1,55,1,1,45,0,
c9a608,21,5,0,0,1,81,6,1,15,0,
c9a608,21,6,0,0,1,150,7,1,12,0,
c9a608,21,7,0,0,1,27,1,1,8,0,
c9a608,21,8,0,0,1,811,30,1,15,0,
c9a608,21,9,0,0,1,149,6,1,56,0,
c9a608,21,10,0,0,1,359,12,1,125,0,
c9a608,21,11,0,0,1,1409,46,1,31,0,
c9a608,21,12,1,0,0,0,0,0,0,0,
c9a608,22,1,0,0,1,94,3,1,813,1,TypeError
c9a608,22,2,0,0,1,186,8,1,28,0,
c9a608,22,3,0,0,1,902,35,1,37,0,
c9a608,22,4,0,0,1,616,28,1,12,0,
c9a608,22,5,0,0,1,373,15,1,37,0,
c9a608,22,6,0,0,1,1340,40,1,3,0,
c9a608,22,7,0,0,1,17,1,1,3,0,
c9a608,22,8,0,0,1,17,1,1,3,0,
c9a608,22,9,0,0,1,974,38,1,54,0,
c9a608,22,10,0,0,1,237,9,1,12,0,
c9a608,22,11,0,0,1,232,10,1,88,0,
c9a608,11,1,0,0,1,541,20,1,60,0,
c9a608,11,2,0,0,1,278,10,1,45,0,
c9a608,11,3,0,0,1,54,2,1,15,0,
c9a608,11,4,0,0,1,981,31,1,44,1,
c9a608,11,5,0,0,1,488,21,1,19,0,
c9a608,11,6,0,0,1,517,22,1,28,0,
c9a608,11,7,0,0,1,1363,44,1,23,0,
c9a608,11,8,0,0,1,1024,36,1,3,0,
c9a608,11,9,0,0,1,1448,56,1,58,0,
c9a608,11,10,0,0,1,208,10,1,24,0,
c9a608,11,11,1,0,0,0,0,0,0,0,
25e584,8,1,0,0,1,189,7,1,18,0,
25e584,8,2,0,0,1,831,20,1,5,0,
25e584,8,3,0,0,1,523,17,1,5,0,
25e584,8,4,0,0,1,790,31,1,161,0,
25e584,8,5,0,0,1,52,2,1,38,0,
25e584,8,6,0,0,1,255,9,1,44,1,
25e584,8,7,0,0,1,432,14,1,651,1,NameError
25e584,8,8,0,0,1,466,15,1,5,0,
25e584,8,9,0,0,1,71,3,1,156,0,
25e584,8,10,0,0,1,166,5,1,2,0,
25e584,8,11,0,0,1,494,21,1,55,0,
25e584,8,12,0,0,1,369,14,1,56,0,
25e584,14,1,0,0,1,175,7,1,18,0,
25e584,14,2,0,0,1,800,22,1,5,0,
25e584,14,3,0,0,1,586,18,1,5,0,
25e584,14,4,0,0,1,122,3,1,44,1,
25e584,14,5,0,0,1,88,4,1,156,0,
25e584,14,6,0,0,1,862,22,1,679,1,NameError
25e584,14,7,0,0,1,91,3,1,44,1,
25e584,14,8,0,0,1,545,16,1,601,1,NameError
25e584,14,9,0,0,1,87,3,1,625,0,
25e584,14,10,0,0,1,52,2,1,744,0,
25e584,14,11,0,0,1,45,2,1,5,0,
25e584,14,12,0,0,1,45,2,1,5,0,
25e584,14,13,0,0,1,52,2,1,5,0,
25e584,14,14,0,0,1,540,19,1,1,0,
25e584,14,15,0,0,1,265,6,1,79,0,
25e584,23,1,0,0,1,88,4,1,17,0,
25e584,23,2,0,0,1,15,1,1,156,0,
25e584,23,3,0,0,1,158,5,1,2,0,
25e584,23,4,0,0,1,46,2,1,228,0,
25e584,23,5,0,0,1,617,21,1,3,0,
25e584,23,6,0,0,1,209,9,1,37,0,
25e584,23,7,0,0,1,305,10,1,44,1,
25e584,23,8,0,0,1,149,5,1,436,1,NameError
25e584,23,9,0,0,1,168,6,1,30,0,
25e584,23,10,0,0,1,323,15,1,548,1,NameError
25e584,23,11,0,0,1,478,21,1,66,0,
25e584,23,12,0,0,1,245,9,1,19,0,
25e584,23,13,0,0,1,222,6,1,1601,0,
25e584,23,14,0,0,1,69,2,1,271,0,
25e584,23,15,0,0,1,107,3,1,1245,1,MultivariatePolynomialError
25e584,23,16,0,0,1,75,2,1,2,0,
25e584,23,17,0,0,1,116,3,1,2835,1,
25e584,23,18,0,0,1,69,2,1,2,0,
25e584,23,19,0,0,1,224,4,1,329,0,
25e584,23,20,0,0,1,92,2,1,564,0,
25e584,23,21,0,0,1,77,3,1,1663,0,
25e584,23,22,0,0,1,275,9,1,407,0,
25e584,23,23,0,0,1,17,1,1,405,0,
25e584,23,24,0,0,1,223,5,1,2,0,
25e584,23,25,0,0,1,554,20,1,2,0,
25e584,23,26,0,0,1,14,1,1,662,0,
25e584,23,27,0,0,1,311,7,1,531,1,AttributeError
25e584,23,28,0,0,1,209,6,1,2,0,
25e584,23,29,0,0,1,440,13,1,1,0,
25e584,23,30,0,0,1,15,1,1,391,0,
25e584,23,31,0,0,1,287,12,1,605,1,NameError
25e584,23,32,0,0,1,113,6,1,37,0,
25e584,1,1,0,0,1,166,6,1,1105,0,
25e584,1,2,0,0,1,174,1,1,45,0,
25e584,1,3,0,0,1,600,24,1,1,0,
25e584,1,4,0,0,1,10,1,1,141,0,
25e584,1,5,0,0,1,277,8,1,44,1,
25e584,1,6,0,0,1,71,3,1,342,1,NameError
25e584,1,7,0,0,1,90,4,1,156,0,
25e584,1,8,0,0,1,159,5,1,30,0,
25e584,1,9,0,0,1,175,6,1,228,0,
25e584,1,10,0,0,1,176,4,1,1486,0,
25e584,1,11,0,0,1,48,2,1,228,0,
25e584,1,12,0,0,1,267,7,1,104,0,
25e584,1,13,0,0,1,307,10,1,84,0,
25e584,1,14,0,0,1,98,3,1,171,0,
25e584,21,1,0,0,1,190,1,1,45,0,
25e584,21,2,0,0,1,424,15,1,3,0,
25e584,21,3,0,0,1,192,8,1,37,0,
25e584,21,4,0,0,1,316,14,1,44,1,
25e584,21,5,0,0,1,471,12,1,468,1,NameError
25e584,21,6,0,0,1,175,6,1,42,0,
25e584,21,7,0,0,1,507,14,1,17,0,
25e584,21,8,0,0,1,130,4,1,44,1,
25e584,21,9,0,0,1,71,3,1,342,1,NameError
25e584,21,10,0,0,1,90,4,1,156,0,
25e584,21,11,0,0,1,197,7,1,65,0,
25e584,21,12,0,0,1,60,3,1,99,0,
25e584,21,13,0,0,1,280,8,1,181,0,
25e584,21,14,0,0,1,88,3,1,152,0,
25e584,21,15,0,0,1,396,11,1,399,0,
25e584,21,16,0,0,1,9,1,1,614,0,
25e584,21,17,0,0,1,525,17,1,292,0,
25e584,21,18,0,0,1,12,1,1,48,0,
25e584,22,1,0,0,1,288,7,1,2,0,
25e584,22,2,0,0,1,406,15,1,4,0,
25e584,22,3,0,0,1,332,13,1,3,0,
25e584,22,4,0,0,1,9,1,1,1309,0,
25e584,22,5,0,0,1,366,14,1,367,1,NameError
25e584,22,6,0,0,1,64,2,1,79,0,
25e584,22,7,0,0,1,316,11,1,395,1,TypeError
25e584,22,8,0,0,1,143,7,1,108,0,
25e584,22,9,0,0,1,57,2,1,44,1,
25e584,22,10,0,0,1,156,5,1,443,1,NameError
25e584,22,11,0,0,1,175,6,1,30,0,
25e584,22,12,0,0,1,164,6,1,228,0,
25e584,22,13,0,0,1,25,1,1,228,0,
25e584,22,14,0,0,1,900,24,1,1573,1,NotImplementedError
25e584,22,15,0,0,1,248,4,1,37,0,
25e584,22,16,0,0,1,869,26,1,550,0,
25e584,22,17,0,0,1,145,6,1,765,0,
25e584,22,18,0,0,1,93,2,1,352,0,
25e584,22,19,0,0,1,117,6,1,86,0,
25e584,22,20,0,0,1,138,5,1,1105,0,
25e584,22,21,0,0,1,565,16,1,2,0,
25e584,22,22,0,0,1,104,2,1,352,0,
25e584,22,23,0,0,1,186,7,1,55,0,
25e584,22,24,0,0,1,98,3,1,45,0,
25e584,17,1,0,0,1,191,7,1,18,0,
25e584,17,2,0,0,1,647,22,1,2,0,
25e584,17,3,0,0,1,10,1,1,833,0,
25e584,17,4,0,0,1,131,6,1,36,0,
25e584,17,5,0,0,1,534,22,1,115,0,
25e584,17,6,0,0,1,316,13,1,117,0,
25e584,17,7,0,0,1,130,5,1,228,0,
25e584,17,8,0,0,1,26,1,1,228,0,
25e584,17,9,0,0,1,23,1,1,43,0,
25e584,17,10,0,0,1,40,1,1,350,0,
25e584,17,11,0,0,1,74,1,1,174,0,
25e584,17,12,0,0,1,688,23,1,5,0,
25e584,17,13,0,0,1,179,6,1,1,0,
25e584,17,14,0,0,1,259,10,1,44,1,
25e584,17,15,0,0,1,708,26,1,1017,0,
25e584,17,16,0,0,1,184,7,1,1203,0,
25e584,17,17,0,0,1,48,2,1,220,0,
25e584,17,18,0,0,1,220,9,1,1,0,
25e584,17,19,0,0,1,4,1,1,43,0,
25e584,17,20,0,0,1,194,7,1,17,0,
25e584,17,21,0,0,1,190,9,1,181,0,
25e584,17,22,0,0,1,83,3,1,152,0,
25e584,17,23,0,0,1,299,8,1,418,0,
25e584,17,24,0,0,1,188,6,1,449,0,
25e584,17,25,0,0,1,157,6,1,44,1,
25e584,17,26,0,0,1,75,3,1,346,1,NameError
25e584,17,27,0,0,1,94,4,1,156,0,
25e584,10,1,0,0,1,155,7,1,146,0,
25e584,10,2,0,0,1,160,1,1,45,0,
25e584,10,3,0,0,1,158,5,1,228,0,
25e584,10,4,0,0,1,543,20,1,1,0,
25e584,10,5,0,0,1,9,1,1,130,0,
25e584,10,6,0,0,1,101,4,1,18,0,
25e584,10,7,0,0,1,600,20,1,3,0,
25e584,10,8,0,0,1,172,7,1,21,0,
25e584,10,9,0,0,1,139,5,1,1105,0,
25e584,10,10,0,0,1,612,16,1,2,0,
25e584,10,11,0,0,1,16,1,1,1030,0,
25e584,10,12,0,0,1,8,1,1,1,0,
25e584,10,13,0,0,1,6,1,1,1,0,
25e584,10,14,0,0,1,16,1,1,5,0,
25e584,10,15,0,0,1,860,19,1,1,0,
25e584,10,16,0,0,1,482,17,1,65,0,
25e584,10,17,0,0,1,161,5,1,18,0,
25e584,10,18,0,0,1,244,9,1,44,1,
25e584,10,19,0,0,1,211,9,1,413,1,NameError
25e584,10,20,0,0,1,230,10,1,44,1,
25e584,10,21,0,0,1,288,4,1,228,0,
25e584,10,22,0,0,1,1055,23,1,1,0,
25e584,10,23,0,0,1,151,5,1,2,0,
25e584,10,24,0,0,1,138,5,1,228,0,
25e584,10,25,0,0,1,616,18,1,664,1,ValueError
25e584,10,26,0,0,1,638,20,1,3,0,
25e584,10,27,0,0,1,9,1,1,1205,0,
25e584,10,28,0,0,1,153,6,1,1688,1,ValueError
25e584,10,29,0,0,1,128,5,1,36,0,
25e584,10,30,0,0,1,1352,32,1,1,0,
25e584,10,31,0,0,1,330,4,1,3,0,
25e584,10,32,0,0,1,325,11,1,575,0,
25e584,10,33,0,0,1,412,16,1,88,0,
25e584,7,1,0,0,1,308,9,1,44,1,
25e584,7,2,0,0,1,172,5,1,459,1,NameError
25e584,7,3,0,0,1,191,6,1,18,0,
25e584,7,4,0,0,1,148,5,1,44,1,
25e584,7,5,0,0,1,40,4,1,10,0,
25e584,7,6,0,0,1,568,25,1,235,0,
25e584,7,7,0,0,1,33,2,1,3,0,
25e584,7,8,0,0,1,14,1,1,17,0,
25e584,7,9,0,0,1,285,6,1,558,1,NameError
25e584,7,10,0,0,1,257,7,1,30,0,
25e584,7,11,0,0,1,180,5,1,2,0,
25e584,7,12,0,0,1,455,14,1,44,1,
25e584,7,13,0,0,1,368,10,1,5,0,
25e584,7,14,0,0,1,184,5,1,475,1,NameError
25e584,7,15,0,0,1,420,18,1,114,0,
25e584,7,16,0,0,1,147,4,1,37,0,
25e584,7,17,0,0,1,204,7,1,228,0,
25e584,7,18,0,0,1,14,1,1,228,0,
25e584,7,19,0,0,1,683,19,1,5,0,
25e584,7,20,0,0,1,629,18,1,1541,0,
25e584,7,21,0,0,1,200,9,1,900,0,
25e584,7,22,0,0,1,53,1,1,728,0,
25e584,7,23,0,0,1,148,4,1,80,0,
25e584,7,24,0,0,1,190,8,1,49,0,
25e584,7,25,0,0,1,139,5,1,1105,0,
25e584,7,26,0,0,1,145,7,1,1,0,
25e584,7,27,0,0,1,7,1,1,386,0,
25e584,7,28,0,0,1,83,3,1,1105,0,
25e584,7,29,0,0,1,105,4,1,30,0,
25e584,2,1,0,0,1,144,1,1,45,0,
25e584,2,2,0,0,1,125,1,1,45,0,
25e584,2,3,0,0,1,49,1,1,45,0,
25e584,2,4,0,0,1,43,1,1,45,0,
25e584,2,5,0,0,1,489,17,1,2,0,
25e584,2,6,0,0,1,9,1,1,990,0,
25e584,2,7,0,0,1,186,6,1,1098,1,NotImplementedError
25e584,2,8,0,0,1,139,5,1,1105,0,
25e584,2,9,0,0,1,245,2,1,228,0,
25e584,2,10,0,0,1,166,4,1,131,0,
25e584,2,11,0,0,1,122,4,1,228,0,
25e584,2,12,0,0,1,73,1,1,45,0,
25e584,2,13,0,0,1,611,20,1,24,0,
25e584,2,14,0,0,1,121,4,1,70,0,
25e584,2,15,0,0,1,414,3,1,45,0,
25e584,2,16,0,0,1,412,15,1,2,0,
25e584,2,17,0,0,1,54,2,1,3,0,
25e584,2,18,0,0,1,404,15,1,2,0,
25e584,2,19,0,0,1,58,2,1,885,0,
25e584,2,20,0,0,1,158,6,1,45,0,
25e584,2,21,0,0,1,143,5,1,1106,0,
25e584,2,22,0,0,1,289,3,1,3,0,
25e584,2,23,0,0,1,60,1,1,45,0,
25e584,2,24,0,0,1,282,9,1,45,0,
25e584,2,25,0,0,1,40,1,1,45,0,
25e584,2,26,0,0,1,426,15,1,990,1,TypeError
25e584,2,27,0,0,1,418,15,1,44,1,
25e584,2,28,0,0,1,67,1,1,45,0,
25e584,2,29,0,0,1,515,17,1,446,1,NameError
25e584,2,30,0,0,1,298,3,1,45,0,
25e584,2,31,0,0,1,386,14,1,2,0,
25e584,2,32,0,0,1,412,15,1,1,0,
25e584,2,33,0,0,1,64,2,1,272,0,
25e584,2,34,0,0,1,236,10,1,1398,0,
25e584,2,35,0,0,1,218,6,1,528,0,
25e584,2,36,0,0,1,110,5,1,1,0,
25e584,2,37,0,0,1,88,2,1,701,0,
25e584,2,38,0,0,1,518,13,1,45,0,
25e584,2,39,0,0,1,1150,29,1,475,0,
25e584,2,40,0,0,1,404,15,1,515,0,
25e584,2,41,0,0,1,159,6,1,742,0,
25e584,2,42,0,0,1,166,6,1,2,0,
25e584,2,43,0,0,1,727,21,1,86,0,
25e584,2,44,0,0,1,112,6,1,119,0,
25e584,2,45,0,0,1,341,3,1,45,0,
25e584,2,46,0,0,1,852,23,1,1,0,
25e584,2,47,0,0,1,180,5,1,3,0,
25e584,2,48,0,0,1,20,1,1,1,0,
25e584,2,49,0,0,1,72,3,1,646,0,
25e584,2,50,0,0,1,75,3,1,156,0,
25e584,2,51,0,0,1,158,5,1,30,0,
25e584,2,52,0,0,1,322,8,1,1,0,
25e584,2,53,1,0,0,0,0,0,0,0,
25e584,9,1,0,0,1,306,11,1,121,0,
25e584,9,2,0,0,1,107,3,1,44,1,
25e584,9,3,0,0,1,742,30,1,114,0,
25e584,9,4,0,0,1,154,5,1,440,1,NameError
25e584,9,5,0,0,1,173,6,1,1105,0,
25e584,9,6,0,0,1,270,2,1,228,0,
25e584,9,7,0,0,1,282,11,1,1,0,
25e584,9,8,0,0,1,7,1,1,37,0,
25e584,9,9,0,0,1,20,2,1,18,0,
25e584,9,10,0,0,1,11,1,1,18,0,
25e584,9,11,0,0,1,543,12,1,228,0,
25e584,9,12,0,0,1,742,18,1,1,0,
25e584,9,13,0,0,1,9,1,1,132,0,
25e584,9,14,0,0,1,102,3,1,21,0,
25e584,9,15,0,0,1,339,3,1,45,0,
25e584,9,16,0,0,1,123,3,1,426,1,AttributeError
25e584,9,17,0,0,1,11,1,1,272,0,
25e584,9,18,0,0,1,53,2,1,58,0,
25e584,9,19,0,0,1,166,6,1,228,0,
25e584,9,20,0,0,1,22,2,1,228,0,
25e584,9,21,0,0,1,316,11,1,1,0,
25e584,9,22,0,0,1,804,23,1,1398,0,
25e584,9,23,0,0,1,136,6,1,889,0,
25e584,9,24,0,0,1,87,2,1,367,0,
25e584,9,25,0,0,1,222,9,1,1,0,
25e584,9,26,0,0,1,12,1,1,43,0,
25e584,9,27,0,0,1,216,6,1,29,0,
25e584,9,28,0,0,1,203,6,1,29,0,
25e584,9,29,0,0,1,186,9,1,181,0,
25e584,9,30,0,0,1,98,3,1,152,0,
25e584,9,31,0,0,1,440,13,1,455,1,AttributeError
25e584,9,32,0,0,1,215,8,1,472,0,
25e584,9,33,0,0,1,160,5,1,4,0,
25e584,9,34,0,0,1,148,7,1,44,1,
25e584,9,35,0,0,1,547,17,1,2,0,
25e584,9,36,0,0,1,504,14,1,2,0,
25e584,9,37,0,0,1,504,14,1,2,0,
25e584,9,38,0,0,1,1286,23,1,365,1,NameError
25e584,9,39,0,0,1,435,13,1,472,0,
25e584,9,40,0,0,1,323,11,1,887,0,
25e584,9,41,0,0,1,82,3,1,37,0,
25e584,20,1,0,0,1,104,1,1,45,0,
25e584,20,2,0,0,1,80,1,1,45,0,
25e584,20,3,0,0,1,67,1,1,45,0,
25e584,20,4,0,0,1,54,1,1,45,0,
25e584,20,5,0,0,1,54,1,1,45,0,
25e584,20,6,0,0,1,54,1,1,45,0,
25e584,20,7,0,0,1,13,1,1,4,0,
25e584,20,8,0,0,1,60,1,1,45,0,
25e584,20,9,0,0,1,549,23,1,5,0,
25e584,20,10,0,0,1,14,1,1,471,0,
25e584,20,11,0,0,1,63,3,1,601,0,
25e584,20,12,0,0,1,263,8,1,45,0,
25e584,20,13,0,0,1,128,3,1,228,0,
25e584,20,14,0,0,1,357,3,1,45,0,
25e584,20,15,0,0,1,73,1,1,45,0,
25e584,20,16,0,0,1,397,18,1,36,0,
25e584,20,17,0,0,1,290,14,1,44,1,
25e584,20,18,0,0,1,73,1,1,45,0,
25e584,20,19,0,0,1,651,18,1,4,0,
25e584,20,20,0,0,1,90,4,1,17,0,
25e584,20,21,0,0,1,15,1,1,156,0,
25e584,20,22,0,0,1,413,12,1,2279,0,
25e584,20,23,0,0,1,263,9,1,111,0,
25e584,20,24,0,0,1,886,17,1,1,0,
25e584,20,25,0,0,1,235,9,1,1,0,
25e584,20,26,0,0,1,98,2,1,228,0,
25e584,20,27,0,0,1,53,1,1,45,0,
25e584,20,28,0,0,1,291,8,1,1,0,
25e584,20,29,0,0,1,37,2,1,291,0,
25e584,20,30,0,0,1,113,2,1,2824,1,
25e584,20,31,0,0,1,243,6,1,326,0,
25e584,20,32,0,0,1,412,20,1,37,0,
25e584,20,33,0,0,1,309,13,1,590,1,NameError
25e584,20,34,0,0,1,118,6,1,52,0,
25e584,20,35,0,0,1,61,1,1,45,0,
25e584,20,36,0,0,1,290,3,1,3,0,
25e584,20,37,0,0,1,168,5,1,2,0,
25e584,20,38,0,0,1,11,1,1,323,0,
25e584,20,39,0,0,1,972,22,1,1,0,
25e584,20,40,0,0,1,9,1,1,550,0,
25e584,20,41,0,0,1,25,1,1,1,0,
25e584,20,42,0,0,1,36,1,1,4,0,
25e584,20,43,0,0,1,39,1,1,31,0,
25e584,20,44,0,0,1,137,5,1,186,0,
25e584,20,45,0,0,1,299,16,1,39,0,
25e584,20,46,0,0,1,316,13,1,277,0,
25e584,20,47,0,0,1,91,2,1,5,0,
25e584,20,48,0,0,1,67,2,1,7,0,
25e584,20,49,0,0,1,67,1,1,45,0,
25e584,20,50,0,0,1,306,9,1,504,1,AttributeError
25e584,20,51,0,0,1,211,7,1,14,0,
25e584,20,52,1,0,0,0,0,0,0,0,
25e584,19,1,0,0,1,123,1,1,45,0,
25e584,19,2,0,0,1,145,5,1,1105,0,
25e584,19,3,0,0,1,40,2,1,228,0,
25e584,19,4,0,0,1,86,1,1,45,0,
25e584,19,5,0,0,1,86,1,1,45,0,
25e584,19,6,0,0,1,73,1,1,45,0,
25e584,19,7,0,0,1,573,22,1,2,0,
25e584,19,8,0,0,1,8,1,1,234,0,
25e584,19,9,0,0,1,199,6,1,417,0,
25e584,19,10,0,0,1,160,6,1,2,0,
25e584,19,11,0,0,1,180,7,1,228,0,
25e584,19,12,0,0,1,267,3,1,228,0,
25e584,19,13,0,0,1,43,2,1,47,0,
25e584,19,14,0,0,1,83,1,1,45,0,
25e584,19,15,0,0,1,91,3,1,45,0,
25e584,19,16,0,0,1,462,14,1,60,0,
25e584,19,17,0,0,1,745,22,1,275,0,
25e584,19,18,0,0,1,84,4,1,4,0,
25e584,19,19,0,0,1,167,4,1,43,0,
25e584,19,20,0,0,1,174,5,1,1117,1,NotImplementedError
25e584,19,21,0,0,1,54,2,1,341,0,
25e584,19,22,0,0,1,339,4,1,45,0,
25e584,19,23,0,0,1,474,5,1,25,0,
25e584,19,24,0,0,1,37,2,1,305,0,
25e584,19,25,0,0,1,80,2,1,545,0,
25e584,19,26,0,0,1,329,2,1,312,0,
25e584,19,27,0,0,1,83,1,1,45,0,
25e584,19,28,0,0,1,512,13,1,2,0,
25e584,19,29,0,0,1,67,1,1,45,0,
25e584,19,30,0,0,1,867,20,1,1,0,
25e584,19,31,0,0,1,9,1,1,159,0,
25e584,19,32,0,0,1,144,5,1,43,0,
25e584,19,33,0,0,1,67,1,1,45,0,
25e584,19,34,0,0,1,252,7,1,117,0,
25e584,19,35,0,0,1,777,19,1,5,0,
25e584,19,36,0,0,1,270,11,1,44,1,
25e584,19,37,0,0,1,170,6,1,444,1,NameError
25e584,19,38,0,0,1,54,1,1,45,0,
25e584,19,39,0,0,1,267,8,1,44,1,
25e584,19,40,0,0,1,527,24,1,56,0,
25e584,19,41,0,0,1,303,13,1,57,0,
25e584,19,42,0,0,1,52,2,1,55,0,
25e584,19,43,0,0,1,577,17,1,5,0,
25e584,19,44,0,0,1,158,5,1,445,1,NameError
25e584,4,1,0,0,1,172,1,1,45,0,
25e584,4,2,0,0,1,143,1,1,45,0,
25e584,4,3,0,0,1,129,1,1,45,0,
25e584,4,4,0,0,1,49,1,1,45,0,
25e584,4,5,0,0,1,37,1,1,45,0,
25e584,4,6,0,0,1,517,21,1,1,0,
25e584,4,7,0,0,1,9,1,1,138,0,
25e584,4,8,0,0,1,205,6,1,1115,1,NotImplementedError
25e584,4,9,0,0,1,61,1,1,45,0,
25e584,4,10,0,0,1,584,20,1,5,0,
25e584,4,11,0,0,1,60,1,1,45,0,
25e584,4,12,0,0,1,380,14,1,18,0,
25e584,4,13,0,0,1,379,14,1,18,0,
25e584,4,14,0,0,1,291,10,1,44,1,
25e584,4,15,0,0,1,90,4,1,156,0,
25e584,4,16,0,0,1,162,5,1,30,0,
25e584,4,17,0,0,1,143,4,1,30,0,
25e584,4,18,0,0,1,725,21,1,640,1,NameError
25e584,4,19,0,0,1,58,3,1,1372,0,
25e584,4,20,0,0,1,326,14,1,251,0,
25e584,4,21,0,0,1,45,2,1,20,0,
25e584,4,22,0,0,1,98,5,1,36,0,
25e584,4,23,0,0,1,134,5,1,228,0,
25e584,4,24,0,0,1,239,7,1,111,0,
25e584,4,25,0,0,1,15,1,1,111,0,
25e584,4,26,0,0,1,75,1,1,45,0,
25e584,4,27,0,0,1,204,8,1,65,0,
25e584,4,28,0,0,1,246,6,1,1725,1,ValueError
25e584,4,29,0,0,1,377,6,1,84,0,
25e584,4,30,0,0,1,54,1,1,45,0,
25e584,4,31,0,0,1,583,20,1,3,0,
25e584,4,32,0,0,1,948,30,1,1,0,
25e584,4,33,0,0,1,47,3,1,19,0,
25e584,4,34,0,0,1,73,3,1,37,0,
25e584,4,35,0,0,1,13,1,1,22,0,
25e584,4,36,0,0,1,470,13,1,1,0,
25e584,4,37,0,0,1,296,8,1,185,0,
25e584,4,38,0,0,1,54,2,1,20,0,
25e584,4,39,0,0,1,196,6,1,1,0,
25e584,4,40,0,0,1,396,12,1,40,0,
25e584,4,41,0,0,1,110,5,1,36,0,
25e584,4,42,0,0,1,694,19,1,777,1,ValueError
25e584,4,43,0,0,1,535,17,1,44,1,
25e584,4,44,0,0,1,114,3,1,385,1,NameError
25e584,4,45,1,0,0,0,0,0,0,0,
25e584,16,1,0,0,1,99,1,1,45,0,
25e584,16,2,0,0,1,125,1,1,45,0,
25e584,16,3,0,0,1,73,1,1,45,0,
25e584,16,4,0,0,1,67,1,1,45,0,
25e584,16,5,0,0,1,532,18,1,2,0,
25e584,16,6,0,0,1,9,1,1,993,0,
25e584,16,7,0,0,1,218,9,1,37,0,
25e584,16,8,0,0,1,280,8,1,116,0,
25e584,16,9,0,0,1,72,2,1,44,1,
25e584,16,10,0,0,1,71,3,1,342,1,NameError
25e584,16,11,0,0,1,90,4,1,156,0,
25e584,16,12,0,0,1,345,9,1,8,0,
25e584,16,13,0,0,1,73,1,1,45,0,
25e584,16,14,0,0,1,468,18,1,113,0,
25e584,16,15,0,0,1,332,13,1,116,0,
25e584,16,16,0,0,1,278,11,1,121,0,
25e584,16,17,0,0,1,57,2,1,44,1,
25e584,16,18,0,0,1,249,7,1,454,1,NameError
25e584,16,19,0,0,1,229,7,1,1055,1,NotImplementedError
25e584,16,20,0,0,1,270,9,1,683,1,NameError
25e584,16,21,0,0,1,438,15,1,60,0,
25e584,16,22,0,0,1,468,11,1,70,0,
25e584,16,23,0,0,1,138,5,1,229,0,
25e584,16,24,0,0,1,282,3,1,229,0,
25e584,16,25,0,0,1,26,1,1,1,0,
25e584,16,26,0,0,1,28,1,1,1,0,
25e584,16,27,0,0,1,596,17,1,1,0,
25e584,16,28,0,0,1,13,1,1,125,0,
25e584,16,29,0,0,1,204,6,1,228,0,
25e584,16,30,0,0,1,31,2,1,228,0,
25e584,16,31,0,0,1,26,1,1,228,0,
25e584,16,32,0,0,1,85,2,1,29,0,
25e584,16,33,0,0,1,80,1,1,45,0,
25e584,16,34,0,0,1,73,1,1,45,0,
25e584,16,35,0,0,1,268,2,1,45,0,
25e584,16,36,0,0,1,1219,31,1,1,0,
25e584,16,37,0,0,1,23,1,1,64,0,
25e584,16,38,0,0,1,44,3,1,3,0,
25e584,16,39,0,0,1,135,4,1,45,0,
25e584,16,40,0,0,1,40,2,1,298,1,NameError
25e584,16,41,0,0,1,149,5,1,26,0,
25e584,16,42,0,0,1,1197,33,1,30,0,
25e584,16,43,0,0,1,33,1,1,32,0,
25e584,16,44,0,0,1,100,3,1,44,1,
25e584,16,45,0,0,1,738,26,1,371,1,NameError
25e584,16,46,1,0,0,0,0,0,0,0,
25e584,5,1,0,0,1,294,10,1,228,0,
25e584,5,2,0,0,1,543,17,1,132,0,
25e584,5,3,0,0,1,136,5,1,1105,0,
25e584,5,4,0,0,1,128,4,1,2,0,
25e584,5,5,0,0,1,759,20,1,44,1,
25e584,5,6,0,0,1,130,5,1,36,0,
25e584,5,7,0,0,1,234,6,1,510,1,NameError
25e584,5,8,0,0,1,164,6,1,1021,1,NotImplementedError
25e584,5,9,0,0,1,149,4,1,57,0,
25e584,5,10,0,0,1,51,2,1,1546,1,ValueError
25e584,5,11,0,0,1,480,22,1,68,0,
25e584,5,12,0,0,1,175,10,1,3,0,
25e584,5,13,0,0,1,223,10,1,764,0,
25e584,5,14,0,0,1,140,5,1,30,0,
25e584,5,15,0,0,1,140,5,1,30,0,
25e584,5,16,0,0,1,810,26,1,1,0,
25e584,5,17,0,0,1,9,1,1,245,0,
25e584,5,18,0,0,1,73,3,1,22,0,
25e584,5,19,0,0,1,1104,18,1,45,0,
25e584,5,20,0,0,1,1390,34,1,1,0,
25e584,5,21,0,0,1,7,1,1,211,0,
25e584,5,22,0,0,1,154,7,1,22,0,
25e584,5,23,0,0,1,77,4,1,264,0,
25e584,5,24,0,0,1,69,2,1,264,0,
25e584,5,25,0,0,1,349,4,1,21,0,
25e584,5,26,0,0,1,528,16,1,1,0,
25e584,5,27,0,0,1,669,16,1,45,0,
25e584,5,28,0,0,1,24,1,1,282,1,NameError
25e584,5,29,0,0,1,632,16,1,45,0,
25e584,5,30,0,0,1,24,1,1,282,1,NameError
25e584,5,31,0,0,1,575,15,1,45,0,
25e584,5,32,0,0,1,13,1,1,4,0,
25e584,5,33,0,0,1,9,1,1,2,0,
25e584,5,34,0,0,1,509,13,1,45,0,
25e584,5,35,0,0,1,176,7,1,2,0,
25e584,5,36,0,0,1,275,3,1,228,0,
25e584,5,37,0,0,1,731,19,1,2,0,
25e584,5,38,0,0,1,10,1,1,1057,0,
25e584,5,39,0,0,1,90,4,1,6,0,
25e584,5,40,0,0,1,82,3,1,17,0,
25e584,5,41,0,0,1,166,6,1,1673,1,ValueError
25e584,5,42,0,0,1,415,14,1,35,0,
25e584,5,43,0,0,1,39,2,1,4,0,
25e584,5,44,0,0,1,41,2,1,4,0,
25e584,5,45,0,0,1,212,6,1,1058,1,NotImplementedError
25e584,5,46,0,0,1,764,25,1,4,0,
25e584,5,47,0,0,1,843,25,1,1,0,
25e584,5,48,0,0,1,308,12,1,4,0,
25e584,5,49,0,0,1,403,16,1,12,0,
25e584,5,50,0,0,1,416,8,1,69,0,
25e584,5,51,0,0,1,33,1,1,3,0,
25e584,5,52,0,0,1,407,15,1,119,0,
25e584,5,53,0,0,1,240,7,1,44,1,
25e584,12,1,0,0,1,105,1,1,45,0,
25e584,12,2,0,0,1,81,1,1,45,0,
25e584,12,3,0,0,1,60,1,1,45,0,
25e584,12,4,0,0,1,511,17,1,2,0,
25e584,12,5,0,0,1,9,1,1,1313,0,
25e584,12,6,0,0,1,150,4,1,22,0,
25e584,12,7,0,0,1,260,11,1,61,0,
25e584,12,8,0,0,1,228,9,1,47,0,
25e584,12,9,0,0,1,232,9,1,48,0,
25e584,12,10,0,0,1,311,11,1,44,1,
25e584,12,11,0,0,1,401,15,1,599,1,NameError
25e584,12,12,0,0,1,56,1,1,45,0,
25e584,12,13,0,0,1,43,2,1,1,0,
25e584,12,14,0,0,1,605,18,1,12,0,
25e584,12,15,0,0,1,21,1,1,14,0,
25e584,12,16,0,0,1,20,1,1,2,0,
25e584,12,17,0,0,1,20,1,1,2,0,
25e584,12,18,0,0,1,20,1,1,2,0,
25e584,12,19,0,0,1,1135,28,1,44,1,
25e584,12,20,0,0,1,243,9,1,581,1,NameError
25e584,12,21,0,0,1,32,1,1,45,0,
25e584,12,22,0,0,1,23,1,1,47,0,
25e584,12,23,0,0,1,217,8,1,436,1,NameError
25e584,12,24,0,0,1,45,1,1,45,0,
25e584,12,25,0,0,1,217,8,1,44,1,
25e584,12,26,0,0,1,161,5,1,448,1,NameError
25e584,12,27,0,0,1,185,6,1,30,0,
25e584,12,28,0,0,1,156,5,1,2,0,
25e584,12,29,0,0,1,571,20,1,509,1,NameError
25e584,12,30,0,0,1,594,21,1,1006,0,
25e584,12,31,0,0,1,161,7,1,842,0,
25e584,12,32,0,0,1,99,2,1,250,0,
25e584,12,33,0,0,1,180,9,1,36,0,
25e584,12,34,0,0,1,27,1,1,37,0,
25e584,12,35,0,0,1,171,7,1,2,0,
25e584,12,36,0,0,1,42,2,1,835,0,
25e584,12,37,0,0,1,220,9,1,225,0,
25e584,12,38,0,0,1,67,4,1,18,0,
25e584,12,39,0,0,1,167,7,1,228,0,
25e584,12,40,0,0,1,30,2,1,576,0,
25e584,12,41,0,0,1,138,5,1,1105,0,
25e584,12,42,0,0,1,34,2,1,328,1,AttributeError
25e584,12,43,0,0,1,11,1,1,272,0,
25e584,12,44,0,0,1,17,1,1,1768,0,
25e584,12,45,0,0,1,7,1,1,1167,0,
25e584,12,46,0,0,1,244,15,1,557,0,
25e584,12,47,0,0,1,390,15,1,341,0,
25e584,12,48,0,0,1,83,2,1,75,0,
25e584,12,49,0,0,1,58,2,1,354,1,TypeError
25e584,12,50,0,0,1,60,2,1,14,0,
25e584,12,51,0,0,1,5,1,1,17,0,
25e584,12,52,0,0,1,177,7,1,2,0,
25e584,12,53,0,0,1,420,12,1,66,0,
25e584,11,1,0,0,1,88,4,1,17,0,
25e584,11,2,0,0,1,15,1,1,156,0,
25e584,11,3,0,0,1,226,5,1,1652,1,ValueError
25e584,11,4,0,0,1,235,7,1,479,0,
25e584,11,5,0,0,1,235,7,1,321,0,
25e584,11,6,0,0,1,1004,24,1,44,1,
25e584,11,7,0,0,1,585,16,1,108,0,
25e584,11,8,0,0,1,414,11,1,5,0,
25e584,11,9,0,0,1,66,2,1,329,1,NameError
25e584,11,10,0,0,1,175,6,1,14,0,
25e584,11,11,0,0,1,68,2,1,16,0,
25e584,11,12,0,0,1,134,5,1,1105,0,
25e584,11,13,0,0,1,177,6,1,228,0,
25e584,11,14,0,0,1,32,2,1,228,0,
25e584,11,15,0,0,1,1088,21,1,7,0,
25e584,11,16,0,0,1,851,24,1,44,1,
25e584,11,17,0,0,1,595,17,1,45,0,
25e584,11,18,0,0,1,59,2,1,20,0,
25e584,11,19,0,0,1,66,2,1,329,1,NameError
25e584,11,20,0,0,1,194,6,1,14,0,
25e584,11,21,0,0,1,68,2,1,16,0,
25e584,11,22,0,0,1,112,3,1,52,0,
25e584,11,23,0,0,1,78,2,1,49,0,
25e584,11,24,0,0,1,32,1,1,164,0,
25e584,11,25,0,0,1,268,7,1,44,1,
25e584,11,26,0,0,1,743,23,1,663,0,
25e584,11,27,0,0,1,174,8,1,40,0,
25e584,11,28,0,0,1,403,10,1,228,0,
25e584,11,29,0,0,1,144,4,1,229,0,
25e584,11,30,0,0,1,259,2,1,1,0,
25e584,11,31,0,0,1,792,22,1,7,0,
25e584,11,32,0,0,1,518,22,1,81,0,
25e584,11,33,0,0,1,131,7,1,18,0,
25e584,11,34,0,0,1,163,7,1,905,0,
25e584,11,35,0,0,1,134,5,1,40,0,
25e584,11,36,0,0,1,191,8,1,228,0,
25e584,11,37,0,0,1,50,2,1,228,0,
25e584,11,38,0,0,1,34,2,1,328,1,AttributeError
25e584,11,39,0,0,1,60,2,1,44,0,
25e584,11,40,0,0,1,22,2,1,228,0,
25e584,11,41,0,0,1,1535,35,1,87,0,
25e584,15,1,0,0,1,202,6,1,1105,0,
25e584,15,2,0,0,1,69,2,1,1023,1,NotImplementedError
25e584,15,3,0,0,1,403,3,1,45,0,
25e584,15,4,0,0,1,12,1,1,228,0,
25e584,15,5,0,0,1,6,1,1,2427,0,
25e584,15,6,0,0,1,23,1,1,283,1,TypeError
25e584,15,7,0,0,1,21,1,1,5,0,
25e584,15,8,0,0,1,656,20,1,2,0,
25e584,15,9,0,0,1,16,1,1,234,0,
25e584,15,10,0,0,1,185,6,1,107,0,
25e584,15,11,0,0,1,60,2,1,196,0,
25e584,15,12,0,0,1,55,2,1,37,0,
25e584,15,13,0,0,1,63,3,1,37,0,
25e584,15,14,0,0,1,15,1,1,37,0,
25e584,15,15,0,0,1,141,5,1,657,0,
25e584,15,16,0,0,1,149,4,1,262,0,
25e584,15,17,0,0,1,763,7,1,45,0,
25e584,15,18,0,0,1,125,3,1,158,0,
25e584,15,19,0,0,1,1147,32,1,1,0,
25e584,15,20,0,0,1,904,27,1,1,0,
25e584,15,21,0,0,1,176,6,1,95,0,
25e584,15,22,0,0,1,943,32,1,1,0,
25e584,15,23,0,0,1,139,6,1,41,0,
25e584,15,24,0,0,1,74,2,1,1,0,
25e584,15,25,0,0,1,324,9,1,4,0,
25e584,15,26,0,0,1,75,2,1,1,0,
25e584,15,27,0,0,1,14,1,1,151,0,
25e584,15,28,0,0,1,26,1,1,228,0,
25e584,15,29,0,0,1,1144,28,1,1,0,
25e584,15,30,0,0,1,94,4,1,156,0,
25e584,15,31,0,0,1,234,9,1,44,1,
25e584,15,32,0,0,1,731,23,1,416,1,NameError
25e584,15,33,0,0,1,302,10,1,622,0,
25e584,15,34,0,0,1,276,12,1,354,0,
25e584,15,35,0,0,1,516,23,1,118,0,
25e584,15,36,0,0,1,259,10,1,14,0,
25e584,15,37,0,0,1,38,2,1,16,0,
25e584,15,38,0,0,1,39,2,1,2,0,
25e584,15,39,0,0,1,39,2,1,2,0,
25e584,15,40,0,0,1,198,7,1,228,0,
25e584,15,41,0,0,1,75,1,1,45,0,
25e584,15,42,0,0,1,383,16,1,87,0,
25e584,6,1,0,0,1,147,1,1,45,0,
25e584,6,2,0,0,1,499,19,1,1,0,
25e584,6,3,0,0,1,9,1,1,101,0,
25e584,6,4,0,0,1,174,7,1,18,0,
25e584,6,5,0,0,1,150,5,1,1105,0,
25e584,6,6,0,0,1,57,2,1,1012,1,NotImplementedError
25e584,6,7,0,0,1,69,3,1,1167,0,
25e584,6,8,0,0,1,640,23,1,45,0,
25e584,6,9,0,0,1,134,5,1,228,0,
25e584,6,10,0,0,1,569,8,1,45,0,
25e584,6,11,0,0,1,1419,37,1,44,1,
25e584,6,12,0,0,1,138,5,1,425,1,NameError
25e584,6,13,0,0,1,157,6,1,228,0,
25e584,6,14,0,0,1,48,2,1,228,0,
25e584,6,15,0,0,1,268,5,1,45,0,
25e584,6,16,0,0,1,162,5,1,457,0,
25e584,6,17,0,0,1,55,2,1,4345,0,
25e584,6,18,0,0,1,892,28,1,351,0,
25e584,6,19,0,0,1,184,8,1,281,0,
25e584,6,20,0,0,1,63,2,1,1,0,
25e584,6,21,0,0,1,993,24,1,615,1,NameError
25e584,6,22,0,0,1,75,2,1,35,0,
25e584,6,23,0,0,1,30,1,1,38,0,
25e584,6,24,0,0,1,29,1,1,2,0,
25e584,6,25,0,0,1,29,1,1,2,0,
25e584,6,26,0,0,1,29,1,1,2,0,
25e584,6,27,0,0,1,559,15,1,44,1,
25e584,6,28,0,0,1,457,13,1,664,1,NameError
25e584,6,29,0,0,1,71,3,1,680,1,NameError
25e584,6,30,0,0,1,948,21,1,45,0,
25e584,6,31,0,0,1,46,2,1,909,1,NameError
25e584,6,32,0,0,1,92,3,1,44,1,
25e584,6,33,0,0,1,475,13,1,687,1,NameError
25e584,6,34,0,0,1,77,3,1,692,1,NameError
25e584,6,35,0,0,1,776,17,1,45,0,
25e584,6,36,0,0,1,58,2,1,925,1,NameError
25e584,6,37,0,0,1,77,3,1,989,1,NameError
25e584,6,38,0,0,1,72,3,1,2,0,
25e584,24,1,0,0,1,250,6,1,1098,1,NotImplementedError
25e584,24,2,0,0,1,130,5,1,229,0,
25e584,24,3,0,0,1,682,21,1,7,0,
25e584,24,4,0,0,1,577,23,1,1,0,
25e584,24,5,0,0,1,13,1,1,90,0,
25e584,24,6,0,0,1,45,3,1,75,0,
25e584,24,7,0,0,1,14,1,1,17,0,
25e584,24,8,0,0,1,220,7,1,86,0,
25e584,24,9,0,0,1,195,6,1,2,0,
25e584,24,10,0,0,1,139,5,1,1105,0,
25e584,24,11,0,0,1,242,9,1,2,0,
25e584,24,12,0,0,1,962,26,1,44,1,
25e584,24,13,0,0,1,815,21,1,606,1,NameError
25e584,24,14,0,0,1,861,22,1,267,0,
25e584,24,15,0,0,1,129,4,1,44,1,
25e584,24,16,0,0,1,153,5,1,440,1,NameError
25e584,24,17,0,0,1,172,6,1,30,0,
25e584,24,18,0,0,1,209,6,1,30,0,
25e584,24,19,0,0,1,255,6,1,2,0,
25e584,24,20,0,0,1,406,11,1,1722,1,ValueError
25e584,24,21,0,0,1,462,19,1,617,0,
25e584,24,22,0,0,1,117,3,1,22,0,
25e584,24,23,0,0,1,267,10,1,90,0,
25e584,24,24,0,0,1,136,7,1,44,1,
25e584,24,25,0,0,1,90,4,1,156,0,
25e584,24,26,0,0,1,88,3,1,41,0,
25e584,24,27,0,0,1,62,2,1,41,0,
25e584,24,28,0,0,1,441,10,1,1601,0,
25e584,24,29,0,0,1,774,26,1,1,0,
25e584,24,30,0,0,1,764,21,1,288,0,
25e584,24,31,0,0,1,138,5,1,1105,0,
25e584,24,32,0,0,1,500,21,1,113,0,
25e584,24,33,0,0,1,377,15,1,118,0,
25e584,24,34,1,0,0,0,0,0,0,0,
25e584,24,35,0,0,1,143,6,1,228,0,
25e584,24,36,0,0,1,59,2,1,1106,0,
25e584,24,37,0,0,1,61,2,1,1105,0,
25e584,24,38,0,0,1,423,14,1,41,0,
25e584,24,39,1,0,0,0,0,0,0,0,
25e584,13,1,0,0,1,105,1,1,45,0,
25e584,13,2,0,0,1,81,1,1,45,0,
25e584,13,3,0,0,1,592,27,1,1,0,
25e584,13,4,0,0,1,323,14,1,56,0,
25e584,13,5,0,0,1,192,6,1,1105,0,
25e584,13,6,0,0,1,282,2,1,228,0,
25e584,13,7,0,0,1,163,5,1,1106,1,NotImplementedError
25e584,13,8,0,0,1,445,4,1,341,0,
25e584,13,9,0,0,1,367,3,1,336,0,
25e584,13,10,0,0,1,149,5,1,1106,0,
25e584,13,11,0,0,1,56,2,1,1011,1,NotImplementedError
25e584,13,12,0,0,1,369,2,1,342,0,
25e584,13,13,0,0,1,58,2,1,26,0,
25e584,13,14,0,0,1,45,2,1,305,0,
25e584,13,15,0,0,1,80,1,1,45,0,
25e584,13,16,0,0,1,236,7,1,117,0,
25e584,13,17,0,0,1,522,21,1,1,0,
25e584,13,18,0,0,1,289,10,1,215,0,
25e584,13,19,0,0,1,551,17,1,5,0,
25e584,13,20,0,0,1,25,1,1,18,0,
25e584,13,21,0,0,1,138,5,1,228,0,
25e584,13,22,0,0,1,321,3,1,45,0,
25e584,13,23,0,0,1,570,16,1,5,0,
25e584,13,24,0,0,1,80,1,1,45,0,
25e584,13,25,0,0,1,627,19,1,10,0,
25e584,13,26,0,0,1,40,1,1,12,0,
25e584,13,27,0,0,1,834,17,1,44,1,
25e584,13,28,0,0,1,732,16,1,717,1,NameError
25e584,13,29,0,0,1,72,3,1,719,1,NameError
25e584,13,30,0,0,1,1107,28,1,44,1,
25e584,13,31,0,0,1,709,15,1,747,1,NameError
25e584,13,32,0,0,1,65,3,1,747,1,NameError
25e584,13,33,0,0,1,1058,30,1,7,0,
25e584,18,1,0,0,1,129,1,1,45,0,
25e584,18,2,0,0,1,86,1,1,45,0,
25e584,18,3,0,0,1,73,1,1,45,0,
25e584,18,4,0,0,1,43,1,1,45,0,
25e584,18,5,0,0,1,533,18,1,1,0,
25e584,18,6,0,0,1,9,1,1,196,0,
25e584,18,7,0,0,1,47,2,1,74,0,
25e584,18,8,0,0,1,149,5,1,1105,0,
25e584,18,9,0,0,1,60,1,1,45,0,
25e584,18,10,0,0,1,472,19,1,3,0,
25e584,18,11,0,0,1,250,10,1,1,0,
25e584,18,12,0,0,1,63,3,1,22,0,
25e584,18,13,0,0,1,89,5,1,38,0,
25e584,18,14,0,0,1,134,5,1,228,0,
25e584,18,15,0,0,1,28,1,1,228,0,
25e584,18,16,0,0,1,66,2,1,1021,1,NotImplementedError
25e584,18,17,0,0,1,51,1,1,45,0,
25e584,18,18,0,0,1,746,27,1,380,0,
25e584,18,19,0,0,1,126,4,1,229,0,
25e584,18,20,0,0,1,53,1,1,229,0,
25e584,18,21,0,0,1,162,5,1,2,0,
25e584,18,22,0,0,1,185,6,1,2,0,
25e584,18,23,0,0,1,145,5,1,36,0,
25e584,18,24,0,0,1,146,5,1,38,0,
25e584,18,25,0,0,1,121,4,1,2,0,
25e584,18,26,0,0,1,145,5,1,2,0,
25e584,18,27,0,0,1,111,4,1,168,0,
25e584,18,28,0,0,1,57,2,1,168,0,
25e584,18,29,0,0,1,444,6,1,20,0,
25e584,18,30,0,0,1,67,1,1,45,0,
25e584,18,31,0,0,1,501,17,1,1,0,
25e584,18,32,0,0,1,17,1,1,109,0,
25e584,18,33,0,0,1,54,3,1,2,0,
25e584,18,34,0,0,1,198,8,1,85,0,
25e584,18,35,0,0,1,138,5,1,1105,0,
25e584,18,36,0,0,1,68,1,1,45,0,
25e584,18,37,0,0,1,1004,31,1,2,0,
25e584,18,38,0,0,1,43,2,1,20,0,
25e584,18,39,0,0,1,206,7,1,1,0,
25e584,18,40,0,0,1,925,31,1,1,0,
25e584,18,41,0,0,1,156,6,1,42,0,
25e584,18,42,0,0,1,126,4,1,41,0,
25e584,18,43,0,0,1,688,27,1,242,0,
25e584,18,44,0,0,1,370,16,1,117,0,
25e584,18,45,0,0,1,238,8,1,107,0,
25e584,18,46,0,0,1,277,8,1,44,1,
25e584,18,47,0,0,1,81,1,1,45,0,
25e584,18,48,0,0,1,827,26,1,2,0,
25e584,18,49,0,0,1,583,19,1,45,0,
25e584,18,50,0,0,1,677,19,1,5,0,
25e584,18,51,0,0,1,33,2,1,120,0,
25e584,18,52,0,0,1,34,2,1,96,0,
25e584,18,53,0,0,1,33,2,1,5,0,
25e584,18,54,0,0,1,33,2,1,5,0,
25e584,18,55,0,0,1,835,22,1,44,1,
25e584,3,1,0,0,1,157,6,1,1105,0,
25e584,3,2,0,0,1,54,2,1,1008,1,NotImplementedError
25e584,3,3,0,0,1,44,2,1,228,0,
25e584,3,4,0,0,1,14,1,1,228,0,
25e584,3,5,0,0,1,49,3,1,240,0,
25e584,3,6,0,0,1,511,18,1,1,0,
25e584,3,7,0,0,1,89,2,1,45,0,
25e584,3,8,0,0,1,228,6,1,230,0,
25e584,3,9,0,0,1,1383,31,1,4,0,
25e584,3,10,0,0,1,685,18,1,64,0,
25e584,3,11,0,0,1,114,5,1,45,0,
25e584,3,12,0,0,1,72,3,1,228,0,
25e584,3,13,0,0,1,43,2,1,228,0,
25e584,3,14,0,0,1,74,3,1,228,0,
25e584,3,15,0,0,1,320,5,1,40,0,
25e584,3,16,0,0,1,15,1,1,43,0,
25e584,3,17,0,0,1,30,1,1,350,0,
25e584,3,18,0,0,1,58,1,1,174,0,
25e584,3,19,0,0,1,563,8,1,1,0,
25e584,3,20,0,0,1,48,2,1,1105,0,
25e584,3,21,0,0,1,700,15,1,45,0,
25e584,3,22,0,0,1,50,2,1,1486,0,
25e584,3,23,0,0,1,54,2,1,228,0,
25e584,3,24,0,0,1,713,23,1,1,0,
25e584,3,25,0,0,1,10,1,1,1,0,
25e584,3,26,0,0,1,12,1,1,19,0,
25e584,3,27,0,0,1,24,1,1,5,0,
25e584,3,28,0,0,1,555,8,1,305,0,
25e584,3,29,0,0,1,506,17,1,44,1,
25e584,3,30,0,0,1,413,5,1,700,1,NameError
25e584,3,31,0,0,1,473,6,1,534,0,
25e584,3,32,0,0,1,115,4,1,2,0,
25e584,3,33,0,0,1,154,3,1,2594,1,
25e584,3,34,0,0,1,40,2,1,2,0,
25e584,3,35,0,0,1,255,5,1,168,0,
25e584,3,36,0,0,1,162,5,1,84,0,
25e584,3,37,0,0,1,132,3,1,124,0,
25e584,3,38,0,0,1,17,1,1,1,0,
25e584,3,39,0,0,1,171,6,1,228,0,
25e584,3,40,0,0,1,628,20,1,2,0,
25e584,3,41,0,0,1,9,1,1,824,0,
25e584,3,42,0,0,1,233,8,1,615,0,
25e584,3,43,0,0,1,258,9,1,193,0,
25e584,3,44,0,0,1,220,6,1,45,0,
25e584,3,45,0,0,1,253,7,1,117,0,
25e584,3,46,0,0,1,171,7,1,45,0,
25e584,3,47,0,0,1,1612,35,1,4,0,
25e584,3,48,0,0,1,39,3,1,63,0,
25e584,3,49,0,0,1,216,6,1,113,0,
25e584,3,50,0,0,1,40,3,1,65,0,
25e584,3,51,0,0,1,106,3,1,121,0,
25e584,3,52,0,0,1,1079,31,1,155,1,
06788e,11,1,0,0,1,344,15,1,204,0,
06788e,22,1,0,0,1,373,17,1,81,0,
06788e,22,2,0,0,1,24,2,1,24,0,
06788e,22,3,0,0,1,449,18,1,7,0,
06788e,7,1,0,0,1,336,15,1,74,0,
06788e,7,2,0,0,1,16,1,1,51,0,
06788e,7,3,0,0,1,307,11,1,24,0,
06788e,15,1,0,0,1,377,15,1,201,0,
06788e,15,2,0,0,1,59,2,1,139,0,
06788e,15,3,0,0,1,63,2,1,131,0,
06788e,15,4,0,0,1,87,3,1,222,0,
06788e,18,1,0,0,1,379,16,1,106,0,
06788e,18,2,0,0,1,28,2,1,24,0,
06788e,18,3,0,0,1,86,3,1,35,0,
06788e,18,4,0,0,1,67,2,1,32,0,
06788e,1,1,0,0,1,448,18,1,7,0,
06788e,1,2,0,0,1,27,1,1,4,0,
06788e,1,3,0,0,1,112,3,1,76,0,
06788e,1,4,0,0,1,25,1,1,5,0,
06788e,1,5,0,0,1,204,7,1,36,0,
06788e,19,1,0,0,1,634,24,1,4,0,
06788e,19,2,0,0,1,19,1,1,5,0,
06788e,19,3,0,0,1,334,14,1,4,0,
06788e,19,4,0,0,1,310,11,1,35,0,
06788e,23,1,0,0,1,336,14,1,73,0,
06788e,17,1,0,0,1,402,18,1,417,0,
06788e,17,2,0,0,1,441,16,1,4,0,
06788e,17,3,0,0,1,141,6,1,20,0,
06788e,17,4,0,0,1,251,11,1,42,0,
06788e,4,1,0,0,1,343,14,1,83,0,
06788e,4,2,0,0,1,146,9,1,220,0,
06788e,4,3,0,0,1,230,9,1,598,0,
06788e,4,4,0,0,1,244,10,1,51,0,
06788e,4,5,0,0,1,196,8,1,332,0,
06788e,4,6,0,0,1,173,10,1,99,0,
06788e,24,1,0,0,1,384,15,1,196,0,
06788e,8,1,0,0,1,446,16,1,82,0,
06788e,8,2,0,0,1,27,1,1,5,0,
06788e,8,3,0,0,1,325,13,1,525,0,
06788e,8,4,0,0,1,26,1,1,1603,0,
06788e,12,1,0,0,1,373,15,1,70,0,
06788e,12,2,0,0,1,287,11,1,51,0,
06788e,5,1,0,0,1,369,16,1,80,0,
06788e,9,1,0,0,1,509,18,1,51,0,
06788e,9,2,0,0,1,208,11,1,200,0,
06788e,9,3,0,0,1,46,2,1,102,0,
06788e,9,4,0,0,1,282,12,1,120,0,
06788e,9,5,0,0,1,459,14,1,45,0,
06788e,9,6,0,0,1,74,2,1,47,0,
06788e,9,7,0,0,1,64,2,1,44,0,
06788e,2,1,0,0,1,303,14,1,240,0,
06788e,2,2,0,0,1,329,12,1,24,0,
06788e,2,3,0,0,1,366,11,1,37,0,
06788e,6,1,0,0,1,377,15,1,66,0,
06788e,6,2,0,0,1,75,2,1,49,0,
06788e,20,1,0,0,1,506,17,1,78,0,
06788e,20,2,0,0,1,94,3,1,43,0,
06788e,20,3,0,0,1,70,2,1,35,0,
06788e,21,1,0,0,1,288,14,1,49,0,
06788e,21,2,0,0,1,253,11,1,31,0,
06788e,21,3,0,0,1,303,11,1,72,0,
06788e,21,4,0,0,1,25,1,1,24,0,
06788e,3,1,0,0,1,475,21,1,249,0,
06788e,3,2,0,0,1,21,1,1,51,0,
06788e,3,3,0,0,1,181,8,1,57,0,
06788e,3,4,0,0,1,254,10,1,51,0,
06788e,3,5,0,0,1,306,11,1,24,0,
06788e,3,6,0,0,1,41,1,1,24,0,
06788e,3,7,0,0,1,43,1,1,50,0,
06788e,10,1,0,0,1,412,19,1,81,0,
06788e,10,2,0,0,1,19,1,1,51,0,
06788e,10,3,0,0,1,195,11,1,220,0,
06788e,10,4,0,0,1,35,2,1,100,0,
06788e,10,5,0,0,1,302,13,1,169,0,
06788e,10,6,0,0,1,686,23,1,1034,1,ValueError
06788e,10,7,0,0,1,138,8,1,200,0,
06788e,10,8,0,0,1,75,4,1,6,0,
06788e,10,9,0,0,1,123,5,1,5,0,
06788e,16,1,0,0,1,359,18,1,48,0,
06788e,16,2,0,0,1,276,12,1,180,0,
06788e,16,3,0,0,1,229,10,1,51,0,
06788e,16,4,0,0,1,311,12,1,24,0,
06788e,16,5,0,0,1,102,4,1,82,0,
06788e,16,6,0,0,1,95,4,1,16,0,
06788e,16,7,0,0,1,16,1,1,6,0,
06788e,16,8,0,0,1,8,1,1,21,0,
06788e,16,9,0,0,1,45,3,1,18,0,
06788e,16,10,0,0,1,410,13,1,187,0,
06788e,13,1,0,0,1,151,4,1,50,0,
06788e,13,2,0,0,1,533,20,1,32,0,
06788e,13,3,0,0,1,45,2,1,169,0,
06788e,13,4,0,0,1,175,6,1,30,0,
06788e,13,5,0,0,1,137,5,1,130,0,
06788e,13,6,0,0,1,106,4,1,5,0,
06788e,13,7,0,0,1,34,1,1,24,0,
06788e,13,8,0,0,1,26,1,1,51,0,
06788e,13,9,0,0,1,344,10,1,71,0,
06788e,13,10,0,0,1,113,3,1,56,0,
06788e,13,11,0,0,1,61,2,1,4,0,
06788e,13,12,0,0,1,105,3,1,49,0,
06788e,13,13,0,0,1,100,3,1,37,0,
06788e,14,1,0,0,1,426,22,1,152,0,
06788e,14,2,0,0,1,173,10,1,220,0,
06788e,14,3,0,0,1,121,4,1,1198,0,
06788e,14,4,0,0,1,271,13,1,169,0,
06788e,14,5,0,0,1,75,4,1,118,0,
c4d8d5,22,1,0,0,1,160,9,1,30,0,
c4d8d5,22,2,0,0,1,18,1,1,2,0,
c4d8d5,4,1,0,0,1,109,1,1,45,0,
c4d8d5,4,2,0,0,1,494,24,1,54,0,
c4d8d5,11,1,0,0,1,92,1,1,45,0,
c4d8d5,11,2,0,0,1,32,1,1,45,0,
c4d8d5,11,3,0,0,1,28,1,1,45,0,
c4d8d5,11,4,0,0,1,70,4,1,221,0,
c4d8d5,11,5,0,0,1,2134,57,1,315,0,
c4d8d5,11,6,0,0,1,40,2,1,4,0,
c4d8d5,19,1,0,0,1,136,1,1,45,0,
c4d8d5,19,2,0,0,1,187,5,1,165,0,
c4d8d5,19,3,0,0,1,47,3,1,7,0,
c4d8d5,17,1,0,0,1,165,9,1,30,0,
c4d8d5,17,2,0,0,1,31,1,1,56,0,
c4d8d5,17,3,0,0,1,18,1,1,2,0,
c4d8d5,1,1,0,0,1,153,6,1,146,0,
c4d8d5,1,2,0,0,1,160,9,1,30,0,
c4d8d5,1,3,0,0,1,18,1,1,2,0,
c4d8d5,24,1,0,0,1,131,5,1,55,0,
c4d8d5,24,2,0,0,1,118,4,1,2,0,
c4d8d5,24,3,0,0,1,645,28,1,80,0,
c4d8d5,18,1,0,0,1,151,9,1,18,0,
c4d8d5,18,2,0,0,1,18,1,1,2,0,
c4d8d5,13,1,0,0,1,103,1,1,45,0,
c4d8d5,13,2,0,0,1,1427,36,1,141,0,
c4d8d5,13,3,0,0,1,46,2,1,141,0,
c4d8d5,3,1,0,0,1,81,1,1,45,0,
c4d8d5,3,2,0,0,1,575,24,1,80,0,
c4d8d5,9,1,0,0,1,176,7,1,137,0,
c4d8d5,9,2,0,0,1,1038,37,1,109,0,
c4d8d5,9,3,0,0,1,911,27,1,304,0,
c4d8d5,23,1,0,0,1,156,9,1,23,0,
c4d8d5,23,2,0,0,1,18,1,1,2,0,
c4d8d5,23,3,0,0,1,126,5,1,30,0,
c4d8d5,23,4,0,0,1,708,22,1,282,0,
c4d8d5,15,1,0,0,1,137,6,1,2,0,
c4d8d5,15,2,0,0,1,1291,43,1,144,0,
c4d8d5,8,1,0,0,1,92,1,1,45,0,
c4d8d5,8,2,0,0,1,1006,36,1,110,0,
c4d8d5,8,3,0,0,1,180,9,1,75,0,
c4d8d5,12,1,0,0,1,1234,43,1,109,0,
c4d8d5,12,2,0,0,1,153,9,1,18,0,
c4d8d5,12,3,0,0,1,18,1,1,2,0,
c4d8d5,12,4,0,0,1,188,5,1,51,0,
c4d8d5,20,1,0,0,1,1187,39,1,109,0,
c4d8d5,20,2,0,0,1,2222,55,1,177,0,
c4d8d5,20,3,0,0,1,1427,46,1,487,0,
c4d8d5,20,4,0,0,1,36,3,1,19,0,
c4d8d5,20,5,0,0,1,49,2,1,10,0,
c4d8d5,20,6,0,0,1,54,2,1,19,0,
c4d8d5,20,7,0,0,1,85,4,1,46,0,
c4d8d5,20,8,0,0,1,1308,43,1,53,0,
c4d8d5,20,9,0,0,1,401,15,1,82,0,
c4d8d5,20,10,0,0,1,426,17,1,395,0,
c4d8d5,20,11,0,0,1,486,18,1,81,0,
c4d8d5,6,1,0,0,1,1326,31,1,82,0,
c4d8d5,6,2,0,0,1,71,3,1,20,0,
c4d8d5,6,3,0,0,1,13,1,1,18,0,
c4d8d5,6,4,0,0,1,143,5,1,18,0,
c4d8d5,6,5,0,0,1,15,1,1,2,0,
c4d8d5,6,6,0,0,1,1056,35,1,146,0,
c4d8d5,6,7,0,0,1,60,3,1,18,0,
c4d8d5,14,1,0,0,1,97,1,1,45,0,
c4d8d5,14,2,0,0,1,910,34,1,78,0,
c4d8d5,21,1,0,0,1,269,11,1,76,0,
c4d8d5,21,2,0,0,1,190,5,1,18,0,
c4d8d5,21,3,0,0,1,142,1,1,45,0,
c4d8d5,21,4,0,0,1,114,1,1,45,0,
c4d8d5,21,5,0,0,1,1298,43,1,18,0,
c4d8d5,21,6,0,0,1,81,1,1,45,0,
c4d8d5,21,7,0,0,1,567,20,1,79,0,
c4d8d5,21,8,0,0,1,892,32,1,57,0,
c4d8d5,21,9,0,0,1,37,1,1,24,0,
c4d8d5,21,10,0,0,1,930,23,1,80,0,
c4d8d5,21,11,0,0,1,169,8,1,22,0,
c4d8d5,21,12,0,0,1,391,15,1,81,0,
c4d8d5,7,1,0,0,1,183,5,1,54,0,
c4d8d5,7,2,0,0,1,1006,40,1,144,0,
c4d8d5,7,3,0,0,1,643,24,1,143,0,
c4d8d5,7,4,0,0,1,469,17,1,44,1,
c4d8d5,7,5,0,0,1,957,33,1,101,0,
c4d8d5,7,6,0,0,1,527,18,1,101,0,
c4d8d5,7,7,0,0,1,1201,37,1,65,0,
c4d8d5,7,8,0,0,1,288,13,1,169,0,
c4d8d5,7,9,0,0,1,63,2,1,11,0,
c4d8d5,2,1,0,0,1,103,1,1,45,0,
c4d8d5,2,2,0,0,1,1546,55,1,89,0,
c4d8d5,2,3,0,0,1,730,21,1,45,0,
c4d8d5,2,4,0,0,1,833,30,1,89,0,
c4d8d5,2,5,0,0,1,75,2,1,44,1,
c4d8d5,2,6,0,0,1,277,13,1,91,0,
c4d8d5,2,7,0,0,1,36,2,1,114,0,
c4d8d5,2,8,0,0,1,199,5,1,96,0,
c4d8d5,2,9,0,0,1,67,2,1,40,0,
c4d8d5,2,10,0,0,1,101,4,1,158,0,
c4d8d5,2,11,0,0,1,52,2,1,158,0,
c4d8d5,2,12,0,0,1,1353,33,1,846,0,
c4d8d5,2,13,0,0,1,779,21,1,699,0,
c4d8d5,2,14,0,0,1,784,28,1,649,1,NameError
c4d8d5,2,15,0,0,1,142,3,1,698,1,NameError
c4d8d5,2,16,0,0,1,191,7,1,662,1,NameError
c4d8d5,2,17,0,0,1,144,5,1,70,0,
c4d8d5,2,18,0,0,1,891,28,1,74,0,
c4d8d5,2,19,0,0,1,829,27,1,93,0,
c4d8d5,2,20,0,0,1,808,31,1,88,0,
c4d8d5,2,21,0,0,1,53,2,1,130,0,
390c3a,3,1,0,0,1,149,7,1,34,0,
390c3a,19,1,0,0,1,298,11,1,24,0,
390c3a,1,1,0,0,1,163,7,1,24,0,
390c3a,8,1,0,0,1,151,7,1,34,0,
390c3a,15,1,0,0,1,223,10,1,24,0,
390c3a,10,1,0,0,1,240,14,1,44,0,
390c3a,11,1,0,0,1,234,10,1,24,0,
390c3a,4,1,0,0,1,162,7,1,26,0,
390c3a,20,1,0,0,1,202,13,1,44,0,
390c3a,18,1,0,0,1,188,9,1,34,0,
390c3a,21,1,0,0,1,228,10,1,136,0,
8a8e73,11,1,0,0,1,186,9,1,57,0,
8a8e73,11,2,0,0,1,168,5,1,97,0,
8a8e73,11,3,0,0,1,40,3,1,18,0,
8a8e73,9,1,0,0,1,92,5,1,18,0,
8a8e73,9,2,0,0,1,77,3,1,57,0,
8a8e73,9,3,0,0,1,201,7,1,61,0,
8a8e73,9,4,0,0,1,49,3,1,18,0,
8a8e73,9,5,0,0,1,520,21,1,85,0,
8a8e73,9,6,0,0,1,245,8,1,36,0,
8a8e73,9,7,0,0,1,196,8,1,191,0,
8a8e73,23,1,0,0,1,153,8,1,38,0,
8a8e73,23,2,0,0,1,96,3,1,223,0,
8a8e73,23,3,0,0,1,79,5,1,18,0,
8a8e73,23,4,0,0,1,66,2,1,3,0,
8a8e73,23,5,0,0,1,743,29,1,81,0,
8a8e73,23,6,0,0,1,123,5,1,65,0,
8a8e73,23,7,0,0,1,29,1,1,65,0,
8a8e73,23,8,0,0,1,207,6,1,713,0,
8a8e73,4,1,0,0,1,168,3,1,18,0,
8a8e73,4,2,0,0,1,145,4,1,57,0,
8a8e73,4,3,0,0,1,199,7,1,61,0,
8a8e73,4,4,0,0,1,44,3,1,18,0,
8a8e73,4,5,0,0,1,445,17,1,18,0,
8a8e73,3,1,0,0,1,137,5,1,305,0,
8a8e73,3,2,0,0,1,89,5,1,18,0,
8a8e73,3,3,0,0,1,10,1,1,17,0,
8a8e73,3,4,0,0,1,576,24,1,78,0,
8a8e73,3,5,0,0,1,264,7,1,285,0,
8a8e73,3,6,0,0,1,297,8,1,23,0,
8a8e73,3,7,0,0,1,35,1,1,3,0,
8a8e73,12,1,0,0,1,69,4,1,18,0,
8a8e73,12,2,0,0,1,117,4,1,305,0,
8a8e73,12,3,0,0,1,97,5,1,18,0,
8a8e73,12,4,0,0,1,57,1,1,3,0,
8a8e73,12,5,0,0,1,7,1,1,17,0,
8a8e73,12,6,0,0,1,15,1,1,51,0,
8a8e73,12,7,0,0,1,43,4,1,57,0,
8a8e73,12,8,0,0,1,33,1,1,33,0,
8a8e73,12,9,0,0,1,113,4,1,1041,0,
8a8e73,12,10,0,0,1,577,11,1,1489,1,TypeError
8a8e73,12,11,0,0,1,142,3,1,1,0,
8a8e73,12,12,0,0,1,115,2,1,123,0,
8a8e73,12,13,0,0,1,104,3,1,192,0,
8a8e73,12,14,0,0,1,60,3,1,52,0,
8a8e73,12,15,0,0,1,31,1,1,3,0,
8a8e73,6,1,0,0,1,148,5,1,305,0,
8a8e73,6,2,0,0,1,97,5,1,18,0,
8a8e73,6,3,0,0,1,75,1,1,3,0,
8a8e73,6,4,0,0,1,604,20,1,78,0,
8a8e73,6,5,0,0,1,317,12,1,22,0,
8a8e73,6,6,0,0,1,243,10,1,12,0,
8a8e73,8,1,0,0,1,70,3,1,18,0,
8a8e73,8,2,0,0,1,144,5,1,51,0,
8a8e73,8,3,0,0,1,57,3,1,57,0,
8a8e73,8,4,0,0,1,149,7,1,60,0,
8a8e73,8,5,0,0,1,44,3,1,18,0,
8a8e73,8,6,0,0,1,19,1,1,3,0,
8a8e73,8,7,0,0,1,214,6,1,122,0,
8a8e73,8,8,0,0,1,521,19,1,78,0,
8a8e73,22,1,0,0,1,103,5,1,37,0,
8a8e73,22,2,0,0,1,62,3,1,57,0,
8a8e73,22,3,0,0,1,204,7,1,61,0,
8a8e73,22,4,0,0,1,49,3,1,18,0,
8a8e73,22,5,0,0,1,77,1,1,3,0,
8a8e73,22,6,0,0,1,443,20,1,78,0,
8a8e73,22,7,0,0,1,251,9,1,12,0,
8a8e73,14,1,0,0,1,68,3,1,18,0,
8a8e73,14,2,0,0,1,80,3,1,23,0,
8a8e73,14,3,0,0,1,345,6,1,1,0,
8a8e73,14,4,0,0,1,51,2,1,2762,1,
8a8e73,14,5,0,0,1,127,4,1,51,0,
8a8e73,14,6,0,0,1,50,2,1,57,0,
8a8e73,14,7,0,0,1,193,7,1,60,0,
8a8e73,14,8,0,0,1,41,3,1,18,0,
8a8e73,14,9,0,0,1,15,1,1,3,0,
8a8e73,14,10,0,0,1,162,5,1,1639,1,ValueError
8a8e73,14,11,0,0,1,418,17,1,2,0,
8a8e73,14,12,0,0,1,51,2,1,137,0,
8a8e73,17,1,0,0,1,184,7,1,18,0,
8a8e73,17,2,0,0,1,37,2,1,57,0,
8a8e73,17,3,0,0,1,251,10,1,61,0,
8a8e73,17,4,0,0,1,41,3,1,18,0,
8a8e73,17,5,0,0,1,15,1,1,3,0,
8a8e73,17,6,0,0,1,539,21,1,75,0,
8a8e73,17,7,0,0,1,286,11,1,4,0,
8a8e73,1,1,0,0,1,157,7,1,51,0,
8a8e73,1,2,0,0,1,26,2,1,53,0,
8a8e73,1,3,0,0,1,111,3,1,63,0,
8a8e73,1,4,0,0,1,141,6,1,51,0,
8a8e73,1,5,0,0,1,58,3,1,57,0,
8a8e73,1,6,0,0,1,175,6,1,239,0,
8a8e73,1,7,0,0,1,74,3,1,18,0,
8a8e73,1,8,0,0,1,66,2,1,3,0,
8a8e73,1,9,0,0,1,547,23,1,78,0,
8a8e73,1,10,0,0,1,43,2,1,78,0,
8a8e73,1,11,0,0,1,214,6,1,215,0,
8a8e73,1,12,0,0,1,341,12,1,1154,0,
8a8e73,16,1,0,0,1,113,6,1,18,0,
8a8e73,16,2,0,0,1,113,4,1,57,0,
8a8e73,16,3,0,0,1,234,9,1,61,0,
8a8e73,16,4,0,0,1,44,3,1,18,0,
8a8e73,16,5,0,0,1,300,8,1,147,0,
8a8e73,16,6,0,0,1,228,8,1,13,0,
8a8e73,16,7,0,0,1,456,21,1,78,0,
8a8e73,24,1,0,0,1,190,8,1,57,0,
8a8e73,24,2,0,0,1,249,10,1,61,0,
8a8e73,24,3,0,0,1,40,3,1,18,0,
8a8e73,24,4,0,0,1,521,23,1,76,0,
8a8e73,24,5,0,0,1,524,18,1,79,0,
8a8e73,24,6,0,0,1,306,12,1,20,0,
8a8e73,24,7,0,0,1,287,10,1,12,0,
8a8e73,24,8,0,0,1,14,1,1,18,0,
8a8e73,24,9,0,0,1,30,3,1,18,0,
8a8e73,18,1,0,0,1,176,3,1,18,0,
8a8e73,18,2,0,0,1,142,7,1,51,0,
8a8e73,18,3,0,0,1,27,2,1,1041,0,
8a8e73,18,4,0,0,1,22,1,1,90,0,
8a8e73,18,5,0,0,1,175,4,1,61,0,
8a8e73,18,6,0,0,1,40,3,1,19,0,
8a8e73,18,7,0,0,1,7,1,1,17,0,
8a8e73,18,8,0,0,1,7,1,1,17,0,
8a8e73,18,9,0,0,1,6,1,1,61,0,
8a8e73,18,10,0,0,1,34,2,1,61,0,
8a8e73,18,11,0,0,1,42,3,1,18,0,
8a8e73,18,12,0,0,1,665,23,1,77,0,
8a8e73,18,13,0,0,1,223,7,1,215,0,
8a8e73,18,14,0,0,1,332,10,1,1380,0,
8a8e73,18,15,0,0,1,222,6,1,57,0,
8a8e73,18,16,0,0,1,103,3,1,57,0,
8a8e73,18,17,0,0,1,116,4,1,17,0,
8a8e73,18,18,0,0,1,20,1,1,3,0,
8a8e73,15,1,0,0,1,172,1,1,45,0,
8a8e73,15,2,0,0,1,60,3,1,17,0,
8a8e73,15,3,0,0,1,17,2,1,18,0,
8a8e73,15,4,0,0,1,373,17,1,49,0,
8a8e73,15,5,0,0,1,81,5,1,18,0,
8a8e73,15,6,0,0,1,14,1,1,21,0,
8a8e73,15,7,0,0,1,330,13,1,16,0,
8a8e73,15,8,0,0,1,391,16,1,28,0,
8a8e73,15,9,0,0,1,62,3,1,61,0,
8a8e73,15,10,0,0,1,62,2,1,3,0,
8a8e73,10,1,0,0,1,117,6,1,56,0,
8a8e73,10,2,0,0,1,34,2,1,67,0,
8a8e73,10,3,0,0,1,156,9,1,51,0,
8a8e73,10,4,0,0,1,36,2,1,34,0,
8a8e73,10,5,0,0,1,55,3,1,57,0,
8a8e73,10,6,0,0,1,197,9,1,605,1,TypeError
8a8e73,10,7,0,0,1,53,2,1,335,1,AttributeError
8a8e73,10,8,0,0,1,48,2,1,60,0,
8a8e73,10,9,0,0,1,34,2,1,18,0,
8a8e73,10,10,0,0,1,66,2,1,3,0,
8a8e73,10,11,0,0,1,372,14,1,192,0,
8a8e73,10,12,0,0,1,177,8,1,192,0,
8a8e73,10,13,0,0,1,52,2,1,52,0,
8a8e73,10,14,0,0,1,555,23,1,78,0,
8a8e73,10,15,0,0,1,43,2,1,77,0,
8a8e73,10,16,0,0,1,297,10,1,229,0,
8a8e73,10,17,0,0,1,100,5,1,90,0,
8a8e73,10,18,0,0,1,93,4,1,117,0,
8a8e73,21,1,0,0,1,476,12,1,52,0,
8a8e73,21,2,0,0,1,219,6,1,51,0,
8a8e73,21,3,0,0,1,502,12,1,37,0,
8a8e73,21,4,0,0,1,227,10,1,61,0,
8a8e73,21,5,0,0,1,48,3,1,18,0,
8a8e73,21,6,0,0,1,18,1,1,22,0,
8a8e73,21,7,0,0,1,327,7,1,57,0,
8a8e73,21,8,0,0,1,177,8,1,282,0,
8a8e73,21,9,0,0,1,67,3,1,81,0,
8a8e73,21,10,0,0,1,70,2,1,3,0,
8a8e73,21,11,0,0,1,62,2,1,19,0,
8a8e73,21,12,0,0,1,32,2,1,4,0,
8a8e73,21,13,0,0,1,40,1,1,2,0,
8a8e73,21,14,0,0,1,546,21,1,77,0,
8a8e73,2,1,0,0,1,68,3,1,18,0,
8a8e73,2,2,0,0,1,77,3,1,57,0,
8a8e73,2,3,0,0,1,148,3,1,185,0,
8a8e73,2,4,0,0,1,49,3,1,66,0,
8a8e73,2,5,0,0,1,66,2,1,609,1,TypeError
8a8e73,2,6,0,0,1,42,1,1,3,0,
8a8e73,2,7,0,0,1,221,8,1,1041,0,
8a8e73,2,8,0,0,1,118,5,1,8031,0,
8a8e73,2,9,0,0,1,187,2,1,3,0,
8a8e73,2,10,0,0,1,8,1,1,67,0,
8a8e73,2,11,0,0,1,35,4,1,199,0,
8a8e73,2,12,0,0,1,62,2,1,605,1,TypeError
8a8e73,2,13,0,0,1,38,1,1,2,0,
8a8e73,2,14,0,0,1,25,1,1,30,0,
8a8e73,2,15,0,0,1,21,1,1,19,0,
8a8e73,2,16,0,0,1,98,5,1,32,0,
8a8e73,2,17,0,0,1,88,2,1,20,0,
8a8e73,2,18,0,0,1,87,2,1,31,0,
8a8e73,2,19,0,0,1,51,2,1,21,0,
8a8e73,2,20,0,0,1,135,7,1,197,0,
8a8e73,20,1,0,0,1,207,5,1,37,0,
8a8e73,20,2,0,0,1,62,3,1,57,0,
8a8e73,20,3,0,0,1,266,9,1,61,0,
8a8e73,20,4,0,0,1,49,3,1,18,0,
8a8e73,20,5,0,0,1,221,8,1,1041,0,
8a8e73,20,6,0,0,1,132,3,1,8031,0,
8a8e73,20,7,0,0,1,39,1,1,3,0,
8a8e73,20,8,0,0,1,630,25,1,78,0,
8a8e73,20,9,0,0,1,44,2,1,77,0,
8a8e73,20,10,0,0,1,202,9,1,63,0,
8a8e73,20,11,0,0,1,156,10,1,75,0,
8a8e73,19,1,0,0,1,206,12,1,51,0,
8a8e73,19,2,0,0,1,38,2,1,34,0,
8a8e73,19,3,0,0,1,67,3,1,57,0,
8a8e73,19,4,0,0,1,183,9,1,60,0,
8a8e73,19,5,0,0,1,46,3,1,18,0,
8a8e73,19,6,0,0,1,39,1,1,3,0,
8a8e73,19,7,0,0,1,177,6,1,122,0,
8a8e73,19,8,0,0,1,207,8,1,17,0,
8a8e73,19,9,0,0,1,538,21,1,78,0,
8a8e73,19,10,0,0,1,59,2,1,77,0,
8a8e73,19,11,0,0,1,165,4,1,192,0,
8a8e73,19,12,0,0,1,58,2,1,52,0,
8a8e73,19,13,0,0,1,42,1,1,3,0,
8a8e73,19,14,0,0,1,20,2,1,51,0,
8a8e73,19,15,0,0,1,77,2,1,53,0,
8a8e73,19,16,0,0,1,36,1,1,4,0,
8a8e73,19,17,0,0,1,40,2,1,53,0,
8a8e73,19,18,0,0,1,22,1,1,21,0,
8a8e73,19,19,0,0,1,28,1,1,4,0,
8a8e73,5,1,0,0,1,203,6,1,51,0,
8a8e73,5,2,0,0,1,148,4,1,305,0,
8a8e73,5,3,0,0,1,97,5,1,18,0,
8a8e73,5,4,0,0,1,19,1,1,3,0,
8a8e73,5,5,0,0,1,185,6,1,29,0,
8a8e73,5,6,0,0,1,81,3,1,3,0,
8a8e73,5,7,0,0,1,193,7,1,28,0,
8a8e73,5,8,0,0,1,44,2,1,61,0,
8a8e73,5,9,0,0,1,102,5,1,65,0,
8a8e73,5,10,0,0,1,132,4,1,51,0,
8a8e73,5,11,0,0,1,115,4,1,1041,0,
8a8e73,5,12,0,0,1,293,8,1,486,1,TypeError
8a8e73,5,13,0,0,1,63,2,1,352,1,TypeError
8a8e73,5,14,0,0,1,34,2,1,57,0,
8a8e73,5,15,0,0,1,160,4,1,192,0,
8a8e73,5,16,0,0,1,51,2,1,52,0,
8a8e73,5,17,0,0,1,88,1,1,3,0,
8a8e73,5,18,0,0,1,78,7,1,19,0,
8a8e73,5,19,0,0,1,19,1,1,4,0,
8a8e73,5,20,0,0,1,15,1,1,2,0,
8a8e73,5,21,0,0,1,46,1,1,37,0,
8a8e73,5,22,0,0,1,97,4,1,20,0,
8a8e73,5,23,0,0,1,47,2,1,7,0,
8a8e73,5,24,0,0,1,93,4,1,8,0,
8a8e73,7,1,0,0,1,70,3,1,18,0,
8a8e73,7,2,0,0,1,136,5,1,57,0,
8a8e73,7,3,0,0,1,162,4,1,61,0,
8a8e73,7,4,0,0,1,40,3,1,18,0,
8a8e73,7,5,0,0,1,62,2,1,3,0,
8a8e73,7,6,0,0,1,362,13,1,18,0,
8a8e73,7,7,0,0,1,53,4,1,17,0,
8a8e73,7,8,0,0,1,51,3,1,4,0,
8a8e73,7,9,0,0,1,51,3,1,19,0,
8a8e73,7,10,0,0,1,5,1,1,19,0,
8a8e73,7,11,0,0,1,64,3,1,17,0,
8a8e73,7,12,0,0,1,33,2,1,17,0,
8a8e73,7,13,0,0,1,46,3,1,17,0,
8a8e73,7,14,0,0,1,97,4,1,32,0,
8a8e73,7,15,0,0,1,128,4,1,9,0,
8a8e73,7,16,0,0,1,74,3,1,17,0,
8a8e73,7,17,0,0,1,41,2,1,8,0,
8a8e73,7,18,0,0,1,45,3,1,3,0,
8a8e73,7,19,0,0,1,71,3,1,10,0,
8a8e73,7,20,0,0,1,35,1,1,17,0,
8a8e73,7,21,0,0,1,260,6,1,3,0,
8a8e73,13,1,0,0,1,139,4,1,51,0,
8a8e73,13,2,0,0,1,118,6,1,34,0,
8a8e73,13,3,0,0,1,28,2,1,1041,0,
8a8e73,13,4,0,0,1,46,2,1,90,0,
8a8e73,13,5,0,0,1,161,7,1,721,1,TypeError
8a8e73,13,6,0,0,1,59,2,1,131,0,
8a8e73,13,7,0,0,1,159,7,1,60,0,
8a8e73,13,8,0,0,1,46,3,1,19,0,
8a8e73,13,9,0,0,1,236,10,1,59,0,
8a8e73,13,10,0,0,1,81,2,1,11,0,
8a8e73,13,11,0,0,1,45,1,1,13,0,
8a8e73,13,12,0,0,1,16,2,1,18,0,
8a8e73,13,13,0,0,1,14,1,1,19,0,
8a8e73,13,14,0,0,1,325,11,1,192,0,
8a8e73,13,15,0,0,1,174,7,1,192,0,
8a8e73,13,16,0,0,1,43,2,1,52,0,
8a8e73,13,17,0,0,1,92,3,1,160,0,
8a8e73,13,18,0,0,1,276,10,1,402,0,
8a8e73,13,19,0,0,1,174,7,1,401,0,
8a8e73,13,20,0,0,1,51,2,1,122,0,
8a8e73,13,21,0,0,1,215,6,1,177,0,
8a8e73,13,22,0,0,1,161,4,1,1,0,
8a8e73,13,23,0,0,1,253,8,1,214,0,
8a8e73,13,24,0,0,1,580,19,1,76,0,
8a8e73,13,25,0,0,1,11,1,1,3,0,
8a8e73,13,26,0,0,1,274,10,1,82,0,
8a8e73,13,27,0,0,1,76,2,1,116,0,
11e9a1,23,1,0,0,1,53,1,1,50,0,
11e9a1,4,1,0,0,1,126,5,1,3,0,
11e9a1,9,1,0,0,1,126,5,1,117,0,
17fb59,24,1,0,0,1,485,15,1,159,0,
17fb59,24,2,0,0,1,493,16,1,35,0,
17fb59,20,1,0,0,1,398,17,1,83,0,
17fb59,20,2,0,0,1,464,16,1,23,0,
17fb59,3,1,0,0,1,472,25,1,101,0,
17fb59,3,2,0,0,1,575,20,1,75,0,
17fb59,3,3,0,0,1,251,10,1,171,0,
17fb59,2,1,0,0,1,418,19,1,60,0,
17fb59,2,2,0,0,1,1033,32,1,39,0,
17fb59,2,3,0,0,1,429,14,1,18,0,
17fb59,22,1,0,0,1,532,21,1,61,0,
17fb59,22,2,0,0,1,285,9,1,4,0,
17fb59,22,3,0,0,1,25,1,1,5,0,
17fb59,11,1,0,0,1,712,27,1,47,0,
17fb59,11,2,0,0,1,332,16,1,116,0,
17fb59,11,3,0,0,1,437,20,1,18,0,
17fb59,11,4,0,0,1,339,13,1,40,0,
17fb59,11,5,1,0,0,0,0,0,0,0,
17fb59,21,1,0,0,1,480,21,1,89,0,
17fb59,21,2,0,0,1,90,6,1,21,0,
17fb59,21,3,0,0,1,461,19,1,124,0,
17fb59,21,4,0,0,1,450,16,1,90,0,
17fb59,21,5,1,0,0,0,0,0,0,0,
17fb59,18,1,0,0,1,165,1,1,45,0,
17fb59,18,2,0,0,1,575,16,1,31,0,
17fb59,18,3,0,0,1,547,22,1,38,0,
17fb59,18,4,1,0,0,0,0,0,0,0,
17fb59,1,1,0,0,1,176,1,1,45,0,
17fb59,1,2,0,0,1,973,35,1,37,0,
17fb59,1,3,0,0,1,91,5,1,453,0,
17fb59,1,4,0,0,1,672,30,1,34,0,
17fb59,1,5,0,0,1,784,24,1,3,0,
17fb59,1,6,0,0,1,38,2,1,3,0,
17fb59,1,7,0,0,1,672,17,1,12,0,
17fb59,19,1,0,0,1,547,22,1,205,0,
17fb59,19,2,0,0,1,85,3,1,65,0,
17fb59,19,3,0,0,1,423,14,1,317,0,
17fb59,19,4,0,0,1,299,14,1,189,0,
17fb59,19,5,0,0,1,464,18,1,18,0,
17fb59,19,6,0,0,1,509,17,1,246,0,
17fb59,7,1,0,0,1,558,21,1,270,0,
17fb59,7,2,0,0,1,396,13,1,91,0,
17fb59,7,3,0,0,1,472,15,1,17,0,
17fb59,7,4,0,0,1,530,23,1,131,0,
17fb59,8,1,0,0,1,692,27,1,20,0,
17fb59,8,2,0,0,1,1363,46,1,56,0,
17fb59,8,3,0,0,1,132,6,1,96,0,
17fb59,8,4,1,0,0,0,0,0,0,0,
17fb59,6,1,0,0,1,590,16,1,45,0,
17fb59,6,2,0,0,1,677,25,1,1794,1,TypeError
17fb59,6,3,0,0,1,482,21,1,3,0,
17fb59,6,4,0,0,1,121,6,1,44,0,
17fb59,6,5,0,0,1,95,3,1,534,0,
17fb59,6,6,0,0,1,344,14,1,242,0,
17fb59,6,7,0,0,1,21,1,1,337,0,
17fb59,6,8,0,0,1,499,15,1,31,0,
17fb59,6,9,0,0,1,321,12,1,90,0,
17fb59,6,10,0,0,1,301,12,1,90,0,
17fb59,6,11,0,0,1,185,12,1,153,0,
17fb59,6,12,0,0,1,138,7,1,45,0,
17fb59,4,1,0,0,1,139,1,1,45,0,
17fb59,4,2,0,0,1,875,30,1,44,0,
17fb59,4,3,0,0,1,64,2,1,99,0,
17fb59,4,4,0,0,1,585,25,1,35,0,
17fb59,4,5,0,0,1,98,3,1,87,0,
17fb59,4,6,0,0,1,49,3,1,40,0,
17fb59,4,7,0,0,1,110,3,1,122,0,
17fb59,4,8,0,0,1,123,1,1,45,0,
17fb59,4,9,0,0,1,432,15,1,18,0,
17fb59,4,10,0,0,1,402,16,1,13,0,
17fb59,4,11,1,0,0,0,0,0,0,0,
17fb59,10,1,0,0,1,160,1,1,45,0,
17fb59,10,2,0,0,1,110,1,1,45,0,
17fb59,10,3,0,0,1,34,1,1,45,0,
17fb59,10,4,0,0,1,1521,52,1,487,1,TypeError
17fb59,10,5,0,0,1,991,36,1,43,0,
17fb59,10,6,0,0,1,924,35,1,332,0,
17fb59,10,7,0,0,1,784,29,1,44,0,
17fb59,10,8,0,0,1,538,23,1,86,0,
17fb59,10,9,0,0,1,456,17,1,41,0,
17fb59,10,10,0,0,1,715,20,1,51,0,
17fb59,10,11,0,0,1,881,23,1,215,0,
17fb59,10,12,0,0,1,411,15,1,12,0,
17fb59,13,1,0,0,1,121,1,1,45,0,
17fb59,13,2,0,0,1,1358,44,1,631,0,
17fb59,13,3,0,0,1,1580,56,1,606,0,
17fb59,13,4,0,0,1,670,23,1,50,0,
17fb59,13,5,0,0,1,415,19,1,110,0,
17fb59,13,6,0,0,1,503,19,1,29,0,
17fb59,16,1,0,0,1,530,19,1,35,0,
17fb59,16,2,0,0,1,505,17,1,29,0,
17fb59,16,3,0,0,1,444,15,1,37,0,
17fb59,16,4,0,0,1,125,4,1,30,0,
17fb59,16,5,0,0,1,475,17,1,16,0,
17fb59,16,6,0,0,1,86,3,1,15,0,
17fb59,16,7,0,0,1,537,18,1,89,0,
17fb59,16,8,0,0,1,84,4,1,13,0,
17fb59,14,1,0,0,1,149,1,1,45,0,
17fb59,14,2,0,0,1,127,1,1,45,0,
17fb59,14,3,0,0,1,127,1,1,45,0,
17fb59,14,4,0,0,1,28,1,1,45,0,
17fb59,14,5,0,0,1,1274,49,1,573,1,RuntimeError
17fb59,14,6,0,0,1,942,36,1,116,0,
17fb59,14,7,0,0,1,862,32,1,30,0,
17fb59,15,1,0,0,1,149,1,1,45,0,
17fb59,15,2,0,0,1,1518,53,1,937,0,
17fb59,15,3,0,0,1,801,31,1,1087,0,
17fb59,15,4,0,0,1,620,20,1,45,0,
17fb59,15,5,0,0,1,89,3,1,47,0,
17fb59,15,6,0,0,1,829,32,1,48,0,
17fb59,15,7,0,0,1,166,5,1,11,0,
17fb59,15,8,0,0,1,450,13,1,161,0,
17fb59,15,9,0,0,1,410,15,1,135,0,
17fb59,15,10,0,0,1,497,15,1,4,0,
17fb59,5,1,0,0,1,560,18,1,131,0,
17fb59,5,2,0,0,1,120,4,1,18,0,
17fb59,5,3,0,0,1,1160,34,1,44,1,
17fb59,5,4,0,0,1,1523,45,1,187,0,
17fb59,5,5,0,0,1,44,2,1,30,0,
17fb59,5,6,0,0,1,75,4,1,19,0,
17fb59,5,7,0,0,1,44,2,1,105,0,
17fb59,5,8,0,0,1,51,1,1,18,0,
17fb59,5,9,0,0,1,44,2,1,56,0,
17fb59,5,10,0,0,1,120,5,1,384,0,
17fb59,5,11,1,0,0,0,0,0,0,0,
17fb59,23,1,0,0,1,277,15,1,911,0,
17fb59,23,2,0,0,1,138,6,1,25,0,
17fb59,23,3,0,0,1,319,16,1,52,0,
17fb59,23,4,0,0,1,146,7,1,25,0,
17fb59,23,5,0,0,1,737,25,1,89,0,
17fb59,23,6,0,0,1,76,4,1,2,0,
17fb59,23,7,0,0,1,85,2,1,26,0,
17fb59,23,8,0,0,1,340,16,1,4,0,
17fb59,23,9,0,0,1,68,3,1,26,0,
17fb59,23,10,0,0,1,54,2,1,88,0,
17fb59,23,11,0,0,1,535,23,1,30,0,
17fb59,23,12,0,0,1,513,21,1,58,0,
17fb59,23,13,0,0,1,96,5,1,88,0,
17fb59,23,14,0,0,1,331,13,1,45,0,
17fb59,23,15,0,0,1,154,4,1,439,1,NameError
17fb59,23,16,0,0,1,374,14,1,111,0,
17fb59,23,17,0,0,1,517,23,1,66,0,
17fb59,23,18,0,0,1,56,3,1,36,0,
17fb59,23,19,1,0,0,0,0,0,0,0,
17fb59,12,1,0,0,1,106,1,1,45,0,
17fb59,12,2,0,0,1,1315,53,1,824,0,
17fb59,12,3,0,0,1,932,36,1,267,0,
17fb59,12,4,0,0,1,530,18,1,43,0,
17fb59,12,5,0,0,1,41,2,1,4,0,
17fb59,12,6,0,0,1,462,18,1,219,0,
17fb59,12,7,0,0,1,395,17,1,118,0,
17fb59,12,8,0,0,1,20,1,1,11,0,
17fb59,12,9,0,0,1,75,3,1,172,0,
17fb59,17,1,0,0,1,397,11,1,45,0,
17fb59,17,2,0,0,1,550,20,1,1773,1,TypeError
17fb59,17,3,0,0,1,503,19,1,30,0,
17fb59,17,4,0,0,1,89,3,1,198,0,
17fb59,17,5,0,0,1,197,6,1,45,0,
17fb59,17,6,0,0,1,349,15,1,390,0,
17fb59,17,7,0,0,1,37,2,1,415,0,
17fb59,17,8,0,0,1,37,2,1,119,0,
17fb59,17,9,0,0,1,41,2,1,686,0,
17fb59,17,10,0,0,1,353,20,1,90,0,
17fb59,17,11,0,0,1,278,13,1,65,0,
17fb59,17,12,0,0,1,173,10,1,96,0,
17fb59,17,13,0,0,1,18,1,1,95,0,
17fb59,17,14,0,0,1,265,1,1,45,0,
17fb59,17,15,0,0,1,1290,52,1,551,1,
17fb59,17,16,0,0,1,956,36,1,439,0,
17fb59,17,17,0,0,1,1184,44,1,550,0,
17fb59,17,18,0,0,1,1182,37,1,91,0,
17fb59,17,19,0,0,1,577,19,1,161,0,
17fb59,17,20,0,0,1,357,14,1,82,0,
17fb59,9,1,0,0,1,355,16,1,50,0,
17fb59,9,2,0,0,1,440,19,1,82,0,
17fb59,9,3,0,0,1,449,17,1,53,0,
17fb59,9,4,0,0,1,386,21,1,108,0,
17fb59,9,5,0,0,1,507,22,1,212,0,
17fb59,9,6,0,0,1,244,8,1,26,0,
17fb59,9,7,0,0,1,114,4,1,3,0,
17fb59,9,8,0,0,1,84,2,1,26,0,
17fb59,9,9,0,0,1,352,12,1,80,0,
17fb59,9,10,0,0,1,302,12,1,211,0,
17fb59,9,11,0,0,1,107,4,1,3,0,
17fb59,9,12,0,0,1,266,9,1,26,0,
17fb59,9,13,0,0,1,100,3,1,26,0,
17fb59,9,14,0,0,1,103,3,1,3,0,
17fb59,9,15,0,0,1,210,9,1,31,0,
17fb59,9,16,0,0,1,154,8,1,31,0,
17fb59,9,17,0,0,1,134,4,1,56,0,
17fb59,9,18,0,0,1,299,16,1,52,0,
17fb59,9,19,0,0,1,977,37,1,41,0,
17fb59,9,20,0,0,1,96,4,1,26,0,
17fb59,9,21,0,0,1,117,4,1,62,0,
17fb59,9,22,0,0,1,1038,22,1,131,0,
eee8f4,4,1,0,0,1,81,5,1,31,0,
eee8f4,4,2,0,0,1,93,4,1,69,0,
eee8f4,4,3,0,0,1,49,2,1,100,0,
eee8f4,4,4,0,0,1,137,7,1,25,0,
eee8f4,4,5,0,0,1,34,2,1,1,0,
eee8f4,4,6,0,0,1,506,22,1,17,0,
eee8f4,4,7,0,0,1,44,4,1,18,0,
eee8f4,4,8,0,0,1,7,1,1,7,0,
eee8f4,4,9,1,0,0,0,0,0,0,0,
eee8f4,16,1,0,0,1,118,6,1,41,0,
eee8f4,16,2,0,0,1,13,1,1,17,0,
eee8f4,16,3,0,0,1,17,1,1,18,0,
eee8f4,16,4,0,0,1,27,2,1,22,0,
eee8f4,16,5,0,0,1,12,1,1,18,0,
eee8f4,16,6,0,0,1,37,2,1,9,0,
eee8f4,16,7,0,0,1,7,1,1,7,0,
eee8f4,16,8,1,0,0,0,0,0,0,0,
eee8f4,9,1,0,0,1,138,1,1,45,0,
eee8f4,9,2,0,0,1,685,21,1,81,0,
eee8f4,9,3,0,0,1,37,4,1,17,0,
eee8f4,9,4,0,0,1,93,4,1,12,0,
eee8f4,9,5,0,0,1,7,1,1,8,0,
eee8f4,9,6,0,0,1,14,1,1,18,0,
eee8f4,9,7,0,0,1,12,1,1,18,0,
eee8f4,9,8,0,0,1,230,9,1,27,0,
eee8f4,9,9,0,0,1,34,2,1,1,0,
eee8f4,9,10,0,0,1,12,1,1,7,0,
eee8f4,9,11,0,0,1,365,16,1,17,0,
eee8f4,9,12,0,0,1,80,6,1,18,0,
eee8f4,9,13,0,0,1,153,7,1,4,0,
eee8f4,9,14,1,0,0,0,0,0,0,0,
eee8f4,3,1,0,0,1,183,1,1,45,0,
eee8f4,3,2,0,0,1,76,4,1,12,0,
eee8f4,3,3,0,0,1,35,2,1,1,0,
eee8f4,3,4,0,0,1,12,1,1,18,0,
eee8f4,3,5,0,0,1,538,20,1,18,0,
eee8f4,3,6,1,0,0,0,0,0,0,0,
eee8f4,22,1,0,0,1,97,5,1,16,0,
eee8f4,22,2,0,0,1,22,1,1,1,0,
eee8f4,22,3,0,0,1,706,31,1,18,0,
eee8f4,22,4,0,0,1,97,4,1,18,0,
eee8f4,22,5,0,0,1,32,2,1,18,0,
eee8f4,22,6,0,0,1,36,2,1,17,0,
eee8f4,22,7,1,0,0,0,0,0,0,0,
eee8f4,19,1,0,0,1,134,1,1,45,0,
eee8f4,19,2,0,0,1,858,28,1,218,0,
eee8f4,19,3,0,0,1,119,5,1,35,0,
eee8f4,19,4,0,0,1,82,3,1,19,0,
eee8f4,19,5,0,0,1,75,4,1,12,0,
eee8f4,19,6,0,0,1,36,3,1,1,0,
eee8f4,19,7,0,0,1,22,1,1,1,0,
eee8f4,19,8,0,0,1,12,1,1,7,0,
eee8f4,19,9,0,0,1,17,1,1,12,0,
eee8f4,19,10,1,0,0,0,0,0,0,0,
eee8f4,6,1,0,0,1,80,5,1,31,0,
eee8f4,6,2,0,0,1,7,1,1,8,0,
eee8f4,6,3,0,0,1,87,3,1,25,0,
eee8f4,6,4,0,0,1,34,2,1,1,0,
eee8f4,6,5,0,0,1,12,1,1,7,0,
eee8f4,6,6,1,0,0,0,0,0,0,0,
eee8f4,23,1,0,0,1,128,1,1,45,0,
eee8f4,23,2,0,0,1,929,25,1,51,0,
eee8f4,23,3,0,0,1,44,4,1,18,0,
eee8f4,23,4,0,0,1,111,4,1,47,0,
eee8f4,23,5,0,0,1,80,5,1,1,0,
eee8f4,23,6,0,0,1,54,3,1,12,0,
eee8f4,23,7,0,0,1,37,2,1,9,0,
eee8f4,23,8,0,0,1,14,1,1,4,0,
eee8f4,23,9,0,0,1,12,1,1,7,0,
eee8f4,23,10,0,0,1,652,30,1,51,0,
eee8f4,23,11,0,0,1,19,1,1,18,0,
eee8f4,23,12,1,0,0,0,0,0,0,0,
eee8f4,21,1,0,0,1,208,1,1,45,0,
eee8f4,21,2,0,0,1,122,5,1,25,0,
eee8f4,21,3,0,0,1,534,21,1,513,0,
eee8f4,21,4,0,0,1,7,1,1,7,0,
eee8f4,21,5,0,0,1,35,2,1,1,0,
eee8f4,21,6,0,0,1,14,1,1,7,0,
eee8f4,21,7,0,0,1,683,27,1,297,0,
eee8f4,21,8,1,0,0,0,0,0,0,0,
eee8f4,10,1,0,0,1,7,1,1,8,0,
eee8f4,10,2,0,0,1,57,4,1,1,0,
eee8f4,10,3,0,0,1,57,4,1,1,0,
eee8f4,10,4,0,0,1,22,1,1,1,0,
eee8f4,10,5,0,0,1,7,1,1,7,0,
eee8f4,10,6,0,0,1,699,22,1,211,0,
eee8f4,10,7,1,0,0,0,0,0,0,0,
eee8f4,15,1,0,0,1,115,6,1,49,0,
eee8f4,15,2,0,0,1,109,5,1,41,0,
eee8f4,15,3,0,0,1,27,1,1,25,0,
eee8f4,15,4,0,0,1,20,1,1,17,0,
eee8f4,15,5,0,0,1,84,4,1,12,0,
eee8f4,15,6,0,0,1,29,1,1,18,0,
eee8f4,15,7,0,0,1,79,5,1,12,0,
eee8f4,15,8,0,0,1,446,20,1,17,0,
eee8f4,15,9,0,0,1,68,4,1,18,0,
eee8f4,15,10,0,0,1,124,7,1,80,0,
eee8f4,15,11,0,0,1,55,4,1,1,0,
eee8f4,15,12,0,0,1,270,13,1,28,0,
eee8f4,15,13,0,0,1,56,2,1,12,0,
eee8f4,15,14,1,0,0,0,0,0,0,0,
eee8f4,14,1,0,0,1,20,3,1,8,0,
eee8f4,14,2,0,0,1,75,4,1,12,0,
eee8f4,14,3,0,0,1,35,2,1,1,0,
eee8f4,14,4,0,0,1,1316,40,1,157,0,
eee8f4,14,5,0,0,1,9,1,1,8,0,
eee8f4,14,6,0,0,1,58,2,1,12,0,
eee8f4,14,7,1,0,0,0,0,0,0,0,
eee8f4,12,1,0,0,1,535,15,1,30,0,
eee8f4,12,2,0,0,1,247,8,1,3,0,
eee8f4,12,3,0,0,1,484,13,1,37,0,
eee8f4,12,4,0,0,1,646,21,1,256,0,
eee8f4,12,5,0,0,1,133,4,1,57,0,
eee8f4,12,6,0,0,1,40,2,1,134,0,
eee8f4,12,7,0,0,1,34,2,1,61,0,
eee8f4,12,8,0,0,1,70,3,1,14,0,
eee8f4,12,9,0,0,1,473,19,1,504,0,
eee8f4,12,10,0,0,1,189,10,1,337,0,
eee8f4,12,11,0,0,1,125,4,1,50,0,
eee8f4,12,12,0,0,1,38,4,1,12,0,
eee8f4,12,13,0,0,1,30,2,1,1,0,
eee8f4,12,14,0,0,1,33,3,1,18,0,
eee8f4,12,15,0,0,1,416,17,1,234,0,
eee8f4,12,16,1,0,0,0,0,0,0,0,
eee8f4,2,1,0,0,1,112,4,1,50,0,
eee8f4,2,2,0,0,1,14,1,1,51,0,
eee8f4,2,3,0,0,1,14,1,1,27,0,
eee8f4,2,4,0,0,1,9,1,1,8,0,
eee8f4,2,5,0,0,1,52,4,1,1,0,
eee8f4,2,6,0,0,1,12,1,1,18,0,
eee8f4,2,7,0,0,1,22,1,1,1,0,
eee8f4,2,8,0,0,1,666,24,1,80,0,
eee8f4,2,9,0,0,1,358,15,1,39,0,
eee8f4,2,10,1,0,0,0,0,0,0,0,
eee8f4,20,1,0,0,1,127,6,1,21,0,
eee8f4,20,2,0,0,1,1729,45,1,240,0,
eee8f4,20,3,0,0,1,61,4,1,1,0,
eee8f4,20,4,0,0,1,14,1,1,7,0,
eee8f4,20,5,0,0,1,1453,40,1,243,0,
eee8f4,20,6,1,0,0,0,0,0,0,0,
eee8f4,17,1,0,0,1,124,5,1,44,0,
eee8f4,17,2,0,0,1,37,2,1,1,0,
eee8f4,17,3,0,0,1,35,2,1,1,0,
eee8f4,17,4,0,0,1,612,21,1,61,0,
eee8f4,17,5,0,0,1,248,12,1,18,0,
eee8f4,17,6,0,0,1,510,19,1,18,0,
eee8f4,17,7,0,0,1,174,10,1,63,0,
eee8f4,17,8,0,0,1,12,1,1,7,0,
eee8f4,17,9,0,0,1,172,9,1,37,0,
eee8f4,17,10,0,0,1,116,3,1,12,0,
eee8f4,17,11,0,0,1,594,25,1,18,0,
eee8f4,17,12,0,0,1,411,15,1,28,0,
eee8f4,17,13,1,0,0,0,0,0,0,0,
eee8f4,24,1,0,0,1,89,1,1,45,0,
eee8f4,24,2,0,0,1,922,33,1,185,0,
eee8f4,24,3,0,0,1,697,26,1,62,0,
eee8f4,24,4,0,0,1,214,9,1,198,0,
eee8f4,24,5,0,0,1,133,6,1,33,0,
eee8f4,24,6,0,0,1,12,1,1,47,0,
eee8f4,24,7,0,0,1,34,2,1,31,0,
eee8f4,24,8,0,0,1,14,1,1,19,0,
eee8f4,24,9,0,0,1,481,19,1,62,0,
eee8f4,24,10,0,0,1,97,4,1,25,0,
eee8f4,24,11,0,0,1,35,2,1,1,0,
eee8f4,24,12,0,0,1,398,17,1,36,0,
eee8f4,24,13,0,0,1,41,4,1,18,0,
eee8f4,24,14,1,0,0,0,0,0,0,0,
eee8f4,11,1,0,0,1,69,4,1,12,0,
eee8f4,11,2,0,0,1,14,1,1,18,0,
eee8f4,11,3,0,0,1,69,5,1,13,0,
eee8f4,11,4,0,0,1,8,1,1,17,0,
eee8f4,11,5,0,0,1,45,4,1,18,0,
eee8f4,11,6,0,0,1,41,3,1,17,0,
eee8f4,11,7,0,0,1,7,1,1,8,0,
eee8f4,11,8,0,0,1,16,1,1,8,0,
eee8f4,11,9,0,0,1,99,4,1,12,0,
eee8f4,11,10,0,0,1,34,2,1,1,0,
eee8f4,11,11,0,0,1,98,4,1,12,0,
eee8f4,11,12,0,0,1,553,21,1,124,0,
eee8f4,11,13,0,0,1,62,4,1,18,0,
eee8f4,11,14,0,0,1,334,13,1,45,0,
eee8f4,11,15,0,0,1,73,5,1,18,0,
eee8f4,11,16,0,0,1,53,2,1,12,0,
eee8f4,11,17,1,0,0,0,0,0,0,0,
eee8f4,11,18,0,0,1,29,1,1,18,0,
eee8f4,11,19,0,0,1,20,3,1,7,0,
eee8f4,11,20,1,0,0,0,0,0,0,0,
eee8f4,13,1,0,0,1,142,1,1,45,0,
eee8f4,13,2,0,0,1,599,22,1,120,0,
eee8f4,13,3,0,0,1,231,10,1,110,0,
eee8f4,13,4,0,0,1,137,4,1,23,0,
eee8f4,13,5,0,0,1,182,8,1,44,1,
eee8f4,13,6,0,0,1,831,24,1,464,0,
eee8f4,13,7,0,0,1,115,4,1,50,0,
eee8f4,13,8,0,0,1,75,3,1,19,0,
eee8f4,13,9,0,0,1,7,1,1,7,0,
eee8f4,13,10,0,0,1,50,4,1,1,0,
eee8f4,13,11,0,0,1,62,5,1,37,0,
eee8f4,13,12,1,0,0,0,0,0,0,0,
eee8f4,18,1,0,0,1,152,6,1,51,0,
eee8f4,18,2,0,0,1,15,1,1,65,0,
eee8f4,18,3,0,0,1,45,2,1,25,0,
eee8f4,18,4,0,0,1,40,2,1,14,0,
eee8f4,18,5,0,0,1,77,3,1,22,0,
eee8f4,18,6,0,0,1,93,3,1,45,0,
eee8f4,18,7,0,0,1,9,1,1,8,0,
eee8f4,18,8,0,0,1,7,1,1,8,0,
eee8f4,18,9,0,0,1,9,1,1,8,0,
eee8f4,18,10,0,0,1,86,3,1,12,0,
eee8f4,18,11,0,0,1,12,1,1,18,0,
eee8f4,18,12,0,0,1,71,3,1,45,0,
eee8f4,18,13,0,0,1,103,3,1,45,0,
eee8f4,18,14,0,0,1,36,2,1,54,0,
eee8f4,18,15,0,0,1,35,2,1,54,0,
eee8f4,18,16,0,0,1,74,2,1,26,0,
eee8f4,18,17,0,0,1,14,1,1,20,0,
eee8f4,18,18,0,0,1,56,2,1,18,0,
eee8f4,18,19,0,0,1,85,5,1,12,0,
eee8f4,18,20,0,0,1,485,17,1,16,0,
eee8f4,18,21,0,0,1,78,3,1,19,0,
eee8f4,18,22,0,0,1,78,3,1,12,0,
eee8f4,18,23,0,0,1,35,2,1,1,0,
eee8f4,18,24,0,0,1,12,1,1,7,0,
eee8f4,18,25,0,0,1,147,5,1,5,0,
eee8f4,18,26,1,0,0,0,0,0,0,0,
eee8f4,1,1,0,0,1,127,1,1,45,0,
eee8f4,1,2,0,0,1,121,1,1,45,0,
eee8f4,1,3,0,0,1,430,8,1,45,0,
eee8f4,1,4,0,0,1,619,20,1,83,0,
eee8f4,1,5,0,0,1,153,7,1,66,0,
eee8f4,1,6,0,0,1,12,1,1,39,0,
eee8f4,1,7,0,0,1,78,3,1,18,0,
eee8f4,1,8,0,0,1,16,1,1,18,0,
eee8f4,1,9,0,0,1,16,1,1,17,0,
eee8f4,1,10,0,0,1,280,13,1,127,0,
eee8f4,1,11,0,0,1,55,4,1,1,0,
eee8f4,1,12,0,0,1,171,8,1,4,0,
eee8f4,1,13,0,0,1,735,28,1,401,0,
eee8f4,1,14,1,0,0,0,0,0,0,0,
eee8f4,7,1,0,0,1,147,7,1,14,0,
eee8f4,7,2,0,0,1,35,2,1,1,0,
eee8f4,7,3,0,0,1,14,1,1,7,0,
eee8f4,7,4,0,0,1,55,2,1,12,0,
eee8f4,7,5,0,0,1,29,1,1,18,0,
eee8f4,7,6,0,0,1,730,24,1,17,0,
eee8f4,7,7,0,0,1,159,8,1,44,0,
eee8f4,7,8,0,0,1,811,29,1,93,0,
eee8f4,7,9,1,0,0,0,0,0,0,0,
eee8f4,8,1,0,0,1,74,4,1,13,0,
eee8f4,8,2,0,0,1,25,1,1,17,0,
eee8f4,8,3,0,0,1,187,6,1,49,0,
eee8f4,8,4,0,0,1,7,1,1,8,0,
eee8f4,8,5,0,0,1,54,2,1,4,0,
eee8f4,8,6,0,0,1,85,5,1,18,0,
eee8f4,8,7,0,0,1,187,7,1,12,0,
eee8f4,8,8,0,0,1,50,4,1,1,0,
eee8f4,8,9,0,0,1,44,3,1,12,0,
eee8f4,8,10,0,0,1,549,26,1,44,1,
eee8f4,8,11,0,0,1,530,21,1,17,0,
eee8f4,8,12,0,0,1,51,4,1,18,0,
eee8f4,8,13,0,0,1,198,10,1,167,0,
eee8f4,8,14,0,0,1,157,8,1,167,0,
eee8f4,8,15,0,0,1,98,6,1,102,0,
eee8f4,8,16,0,0,1,14,1,1,280,1,TypeError
eee8f4,8,17,0,0,1,392,17,1,18,0,
eee8f4,8,18,0,0,1,169,8,1,54,0,
eee8f4,8,19,0,0,1,65,4,1,12,0,
eee8f4,8,20,0,0,1,3,1,1,7,0,
eee8f4,8,21,1,0,0,0,0,0,0,0,
eee8f4,5,1,0,0,1,97,5,1,31,0,
eee8f4,5,2,0,0,1,105,4,1,31,0,
eee8f4,5,3,0,0,1,1159,44,1,209,0,
eee8f4,5,4,0,0,1,965,36,1,250,0,
eee8f4,5,5,0,0,1,249,10,1,154,0,
eee8f4,5,6,0,0,1,302,10,1,38,0,
eee8f4,5,7,0,0,1,98,4,1,30,0,
eee8f4,5,8,0,0,1,91,4,1,31,0,
eee8f4,5,9,0,0,1,51,2,1,31,0,
eee8f4,5,10,0,0,1,58,2,1,1,0,
eee8f4,5,11,0,0,1,63,4,1,18,0,
eee8f4,5,12,0,0,1,480,26,1,44,1,
eee8f4,5,13,0,0,1,781,26,1,658,1,NameError
eee8f4,5,14,0,0,1,229,7,1,355,0,
eee8f4,5,15,0,0,1,263,11,1,12,0,
eee8f4,5,16,0,0,1,137,5,1,31,0,
eee8f4,5,17,0,0,1,40,1,1,12,0,
eee8f4,5,18,0,0,1,90,4,1,31,0,
eee8f4,5,19,0,0,1,9,1,1,7,0,
eee8f4,5,20,1,0,0,0,0,0,0,0,
3f0a92,22,1,0,0,1,9,1,1,8,0,
3f0a92,22,2,0,0,1,12,1,1,8,0,
3f0a92,22,3,0,0,1,113,2,1,8,0,
3f0a92,22,4,0,0,1,12,1,1,8,0,
3f0a92,22,5,0,0,1,11,1,1,8,0,
3f0a92,22,6,0,0,1,511,21,1,107,0,
3f0a92,22,7,0,0,1,1006,33,1,144,0,
3f0a92,22,8,0,0,1,883,20,1,121,0,
3f0a92,22,9,0,0,1,137,5,1,31,0,
3f0a92,22,10,0,0,1,588,19,1,156,0,
3f0a92,22,11,0,0,1,177,5,1,156,0,
3f0a92,22,12,0,0,1,9,1,1,8,0,
3f0a92,22,13,0,0,1,1257,38,1,79,0,
3f0a92,22,14,0,0,1,47,3,1,8,0,
3f0a92,22,15,0,0,1,245,10,1,70,0,
3f0a92,22,16,0,0,1,258,12,1,77,0,
3f0a92,22,17,1,0,0,0,0,0,0,0,
3f0a92,24,1,0,0,1,47,3,1,8,0,
3f0a92,24,2,0,0,1,20,2,1,8,0,
3f0a92,24,3,0,0,1,466,20,1,71,0,
3f0a92,24,4,0,0,1,144,6,1,29,0,
3f0a92,24,5,0,0,1,288,8,1,40,0,
3f0a92,24,6,0,0,1,37,2,1,15,0,
3f0a92,24,7,0,0,1,1551,51,1,161,0,
3f0a92,24,8,0,0,1,941,28,1,48,0,
3f0a92,24,9,0,0,1,51,2,1,44,1,
3f0a92,24,10,0,0,1,246,7,1,8,0,
3f0a92,24,11,0,0,1,256,8,1,40,0,
3f0a92,24,12,0,0,1,22,3,1,8,0,
3f0a92,24,13,0,0,1,38,2,1,8,0,
3f0a92,24,14,0,0,1,14,1,1,8,0,
3f0a92,24,15,0,0,1,17,1,1,5,0,
3f0a92,24,16,0,0,1,51,3,1,8,0,
3f0a92,24,17,1,0,0,0,0,0,0,0,
3f0a92,3,1,0,0,1,85,4,1,17,0,
3f0a92,3,2,1,0,0,0,0,0,0,0,
3f0a92,21,1,0,0,1,61,4,1,17,0,
3f0a92,21,2,0,0,1,39,3,1,8,0,
3f0a92,21,3,0,0,1,421,17,1,5,0,
3f0a92,21,4,0,0,1,41,3,1,8,0,
3f0a92,21,5,0,0,1,454,18,1,5,0,
3f0a92,21,6,0,0,1,1491,43,1,8,0,
3f0a92,21,7,0,0,1,76,4,1,8,0,
3f0a92,21,8,0,0,1,7,1,1,8,0,
3f0a92,21,9,0,0,1,1803,45,1,52,0,
3f0a92,21,10,0,0,1,115,4,1,84,0,
3f0a92,21,11,0,0,1,45,3,1,8,0,
3f0a92,21,12,0,0,1,71,3,1,17,0,
3f0a92,21,13,0,0,1,517,21,1,119,0,
3f0a92,21,14,0,0,1,996,32,1,177,0,
3f0a92,21,15,0,0,1,37,3,1,8,0,
3f0a92,21,16,0,0,1,991,31,1,296,0,
3f0a92,21,17,0,0,1,714,24,1,85,0,
3f0a92,21,18,0,0,1,877,30,1,4,0,
3f0a92,21,19,1,0,0,0,0,0,0,0,
3f0a92,5,1,0,0,1,49,4,1,17,0,
3f0a92,5,2,0,0,1,29,3,1,8,0,
3f0a92,5,3,0,0,1,75,3,1,8,0,
3f0a92,5,4,0,0,1,41,3,1,8,0,
3f0a92,5,5,0,0,1,43,3,1,8,0,
3f0a92,5,6,0,0,1,446,19,1,5,0,
3f0a92,5,7,0,0,1,912,29,1,181,0,
3f0a92,5,8,0,0,1,418,18,1,5,0,
3f0a92,5,9,0,0,1,656,25,1,18,0,
3f0a92,5,10,0,0,1,109,4,1,32,0,
3f0a92,5,11,0,0,1,267,5,1,35,0,
3f0a92,5,12,0,0,1,34,2,1,34,0,
3f0a92,5,13,0,0,1,326,14,1,13,0,
3f0a92,5,14,0,0,1,173,6,1,5,0,
3f0a92,5,15,0,0,1,1006,27,1,13,0,
3f0a92,5,16,0,0,1,34,2,1,8,0,
3f0a92,5,17,0,0,1,529,19,1,9,0,
3f0a92,5,18,0,0,1,155,6,1,7,0,
3f0a92,5,19,0,0,1,186,6,1,45,0,
3f0a92,5,20,0,0,1,1156,40,1,153,0,
3f0a92,5,21,0,0,1,1338,37,1,24,0,
3f0a92,5,22,0,0,1,884,24,1,29,0,
3f0a92,5,23,0,0,1,17,1,1,5,0,
3f0a92,2,1,0,0,1,29,3,1,8,0,
3f0a92,2,2,0,0,1,29,3,1,8,0,
3f0a92,2,3,0,0,1,49,3,1,8,0,
3f0a92,2,4,0,0,1,35,2,1,8,0,
3f0a92,2,5,0,0,1,1135,36,1,19,0,
3f0a92,2,6,0,0,1,118,5,1,20,0,
3f0a92,2,7,0,0,1,17,1,1,2,0,
3f0a92,2,8,0,0,1,15,1,1,2,0,
3f0a92,2,9,0,0,1,518,21,1,5,0,
3f0a92,2,10,0,0,1,1254,29,1,45,0,
3f0a92,2,11,0,0,1,1457,37,1,52,0,
3f0a92,2,12,0,0,1,194,5,1,103,0,
3f0a92,2,13,0,0,1,766,27,1,2,0,
3f0a92,2,14,0,0,1,45,3,1,8,0,
3f0a92,2,15,0,0,1,71,3,1,17,0,
3f0a92,2,16,0,0,1,680,23,1,38,0,
3f0a92,2,17,0,0,1,85,3,1,38,0,
3f0a92,2,18,0,0,1,32,1,1,2,0,
3f0a92,2,19,0,0,1,1674,51,1,86,0,
3f0a92,2,20,0,0,1,32,2,1,44,0,
3f0a92,2,21,0,0,1,987,33,1,336,0,
3f0a92,2,22,0,0,1,1323,37,1,1,0,
3f0a92,2,23,0,0,1,28,1,1,1,0,
3f0a92,2,24,0,0,1,28,1,1,2,0,
3f0a92,2,25,0,0,1,28,1,1,44,1,
3f0a92,2,26,0,0,1,963,29,1,2,0,
3f0a92,2,27,0,0,1,48,3,1,8,0,
3f0a92,2,28,0,0,1,111,4,1,22,0,
3f0a92,2,29,1,0,0,0,0,0,0,0,
3f0a92,9,1,0,0,1,29,3,1,8,0,
3f0a92,9,2,0,0,1,24,2,1,8,0,
3f0a92,9,3,0,0,1,624,24,1,5,0,
3f0a92,9,4,0,0,1,238,8,1,4,0,
3f0a92,9,5,0,0,1,106,4,1,170,0,
3f0a92,9,6,0,0,1,84,3,1,10,0,
3f0a92,9,7,0,0,1,24,2,1,8,0,
3f0a92,9,8,0,0,1,31,2,1,8,0,
3f0a92,9,9,0,0,1,652,22,1,5,0,
3f0a92,9,10,0,0,1,842,26,1,213,0,
3f0a92,9,11,0,0,1,827,29,1,464,0,
3f0a92,9,12,0,0,1,1614,39,1,772,0,
3f0a92,9,13,0,0,1,265,11,1,359,0,
3f0a92,9,14,0,0,1,203,7,1,165,0,
3f0a92,9,15,0,0,1,101,5,1,74,0,
3f0a92,9,16,0,0,1,79,4,1,17,0,
3f0a92,9,17,0,0,1,38,2,1,8,0,
3f0a92,9,18,0,0,1,986,30,1,254,0,
3f0a92,9,19,0,0,1,366,8,1,326,0,
3f0a92,9,20,0,0,1,8,1,1,4,0,
3f0a92,9,21,0,0,1,634,18,1,45,0,
3f0a92,9,22,0,0,1,1380,35,1,35,0,
3f0a92,9,23,0,0,1,3,1,1,8,0,
3f0a92,9,24,0,0,1,1059,32,1,208,0,
3f0a92,9,25,0,0,1,1138,39,1,63,0,
3f0a92,9,26,0,0,1,1658,44,1,58,0,
3f0a92,9,27,0,0,1,73,4,1,8,0,
3f0a92,9,28,0,0,1,31,3,1,8,0,
3f0a92,9,29,1,0,0,0,0,0,0,0,
3f0a92,14,1,0,0,1,29,3,1,8,0,
3f0a92,14,2,0,0,1,29,3,1,8,0,
3f0a92,14,3,0,0,1,43,3,1,8,0,
3f0a92,14,4,0,0,1,198,7,1,45,0,
3f0a92,14,5,0,0,1,1213,31,1,40,0,
3f0a92,14,6,0,0,1,149,6,1,66,0,
3f0a92,14,7,0,0,1,120,4,1,58,0,
3f0a92,14,8,0,0,1,944,30,1,211,0,
3f0a92,14,9,0,0,1,1806,42,1,207,0,
3f0a92,14,10,0,0,1,53,4,1,8,0,
3f0a92,14,11,0,0,1,51,3,1,8,0,
3f0a92,14,12,0,0,1,454,20,1,7,0,
3f0a92,14,13,0,0,1,6,1,1,1,0,
3f0a92,14,14,0,0,1,33,3,1,8,0,
3f0a92,14,15,1,0,0,0,0,0,0,0,
3f0a92,19,1,0,0,1,29,3,1,8,0,
3f0a92,19,2,0,0,1,41,3,1,8,0,
3f0a92,19,3,0,0,1,2158,62,1,50,0,
3f0a92,19,4,0,0,1,913,28,1,35,0,
3f0a92,19,5,0,0,1,822,25,1,28,0,
3f0a92,19,6,0,0,1,1060,33,1,8,0,
3f0a92,19,7,0,0,1,774,28,1,40,0,
3f0a92,19,8,0,0,1,1141,32,1,44,1,
3f0a92,19,9,0,0,1,642,24,1,816,1,NameError
3f0a92,19,10,0,0,1,47,2,1,2,0,
3f0a92,19,11,0,0,1,28,1,1,2,0,
3f0a92,19,12,0,0,1,188,8,1,27,0,
3f0a92,19,13,0,0,1,88,4,1,27,0,
3f0a92,19,14,0,0,1,90,4,1,40,0,
3f0a92,19,15,0,0,1,116,3,1,187,0,
3f0a92,19,16,0,0,1,108,4,1,53,0,
3f0a92,19,17,0,0,1,183,8,1,336,0,
3f0a92,19,18,0,0,1,1893,44,1,52,0,
3f0a92,19,19,0,0,1,1175,23,1,45,0,
3f0a92,19,20,0,0,1,718,21,1,52,0,
3f0a92,19,21,0,0,1,211,8,1,70,0,
3f0a92,19,22,0,0,1,59,2,1,30,0,
3f0a92,19,23,0,0,1,59,2,1,69,0,
3f0a92,19,24,0,0,1,51,3,1,8,0,
3f0a92,19,25,1,0,0,0,0,0,0,0,
3f0a92,11,1,0,0,1,31,3,1,8,0,
3f0a92,11,2,0,0,1,31,3,1,8,0,
3f0a92,11,3,0,0,1,46,3,1,8,0,
3f0a92,11,4,0,0,1,43,2,1,8,0,
3f0a92,11,5,0,0,1,145,4,1,10,0,
3f0a92,11,6,0,0,1,561,21,1,15,0,
3f0a92,11,7,0,0,1,324,6,1,45,0,
3f0a92,11,8,0,0,1,622,24,1,45,0,
3f0a92,11,9,0,0,1,599,23,1,45,0,
3f0a92,11,10,0,0,1,548,22,1,369,0,
3f0a92,11,11,0,0,1,1806,47,1,4,0,
3f0a92,11,12,0,0,1,1290,37,1,2,0,
3f0a92,11,13,0,0,1,549,22,1,242,0,
3f0a92,11,14,0,0,1,1599,51,1,44,0,
3f0a92,11,15,0,0,1,1587,50,1,161,0,
3f0a92,11,16,0,0,1,39,3,1,8,0,
3f0a92,11,17,0,0,1,10,2,1,8,0,
3f0a92,11,18,0,0,1,9,1,1,8,0,
3f0a92,11,19,0,0,1,41,3,1,8,0,
3f0a92,11,20,0,0,1,88,5,1,71,0,
3f0a92,11,21,0,0,1,21,1,1,30,0,
3f0a92,11,22,0,0,1,20,1,1,27,0,
3f0a92,11,23,0,0,1,812,28,1,29,0,
3f0a92,11,24,0,0,1,50,3,1,44,1,
3f0a92,11,25,0,0,1,21,3,1,8,0,
3f0a92,11,26,1,0,0,0,0,0,0,0,
3f0a92,23,1,0,0,1,14,2,1,8,0,
3f0a92,23,2,0,0,1,10,1,1,1,0,
3f0a92,23,3,0,0,1,1321,35,1,63,0,
3f0a92,23,4,0,0,1,445,18,1,116,0,
3f0a92,23,5,0,0,1,6,1,1,1,0,
3f0a92,23,6,0,0,1,33,3,1,1,0,
3f0a92,23,7,0,0,1,1099,33,1,15,0,
3f0a92,23,8,0,0,1,28,1,1,1,0,
3f0a92,23,9,0,0,1,28,1,1,2,0,
3f0a92,23,10,0,0,1,28,1,1,44,1,
3f0a92,23,11,0,0,1,376,15,1,5,0,
3f0a92,23,12,0,0,1,1091,35,1,101,0,
3f0a92,23,13,0,0,1,55,3,1,8,0,
3f0a92,23,14,0,0,1,3,1,1,8,0,
3f0a92,23,15,0,0,1,34,2,1,8,0,
3f0a92,23,16,0,0,1,10,1,1,1,0,
3f0a92,23,17,0,0,1,889,34,1,132,0,
3f0a92,23,18,0,0,1,1052,42,1,8,0,
3f0a92,23,19,0,0,1,480,17,1,67,0,
3f0a92,23,20,0,0,1,98,6,1,51,0,
3f0a92,23,21,0,0,1,479,15,1,167,0,
3f0a92,23,22,0,0,1,738,25,1,7,0,
3f0a92,23,23,0,0,1,220,8,1,208,0,
3f0a92,23,24,0,0,1,570,19,1,202,0,
3f0a92,23,25,0,0,1,527,13,1,87,0,
3f0a92,8,1,0,0,1,29,3,1,8,0,
3f0a92,8,2,0,0,1,29,3,1,8,0,
3f0a92,8,3,0,0,1,70,3,1,8,0,
3f0a92,8,4,0,0,1,501,20,1,152,0,
3f0a92,8,5,0,0,1,421,16,1,188,0,
3f0a92,8,6,0,0,1,1114,33,1,128,0,
3f0a92,8,7,0,0,1,1173,36,1,24,0,
3f0a92,8,8,0,0,1,1161,35,1,108,0,
3f0a92,8,9,0,0,1,1057,29,1,19,0,
3f0a92,8,10,0,0,1,868,25,1,2,0,
3f0a92,8,11,0,0,1,749,22,1,44,1,
3f0a92,8,12,0,0,1,1545,47,1,44,1,
3f0a92,8,13,0,0,1,2985,87,1,87,0,
3f0a92,18,1,0,0,1,29,3,1,8,0,
3f0a92,18,2,0,0,1,29,3,1,8,0,
3f0a92,18,3,0,0,1,602,25,1,161,0,
3f0a92,18,4,0,0,1,532,23,1,250,0,
3f0a92,18,5,0,0,1,307,12,1,388,0,
3f0a92,18,6,0,0,1,165,6,1,21,0,
3f0a92,18,7,0,0,1,2068,62,1,23,0,
3f0a92,18,8,0,0,1,917,33,1,23,0,
3f0a92,18,9,0,0,1,903,37,1,13,0,
3f0a92,18,10,0,0,1,1602,49,1,219,0,
3f0a92,18,11,0,0,1,140,4,1,8,0,
3f0a92,18,12,0,0,1,7,1,1,8,0,
3f0a92,18,13,0,0,1,3163,105,1,322,0,
3f0a92,18,14,0,0,1,2728,98,1,100,0,
3f0a92,18,15,0,0,1,156,5,1,261,0,
3f0a92,18,16,0,0,1,901,30,1,9,0,
3f0a92,18,17,0,0,1,39,2,1,4,0,
3f0a92,18,18,0,0,1,53,2,1,4,0,
3f0a92,18,19,0,0,1,964,35,1,4,0,
3f0a92,18,20,0,0,1,21,1,1,5,0,
3f0a92,18,21,0,0,1,11,1,1,4,0,
3f0a92,18,22,0,0,1,732,31,1,4,0,
3f0a92,18,23,0,0,1,2756,98,1,146,0,
3f0a92,18,24,0,0,1,68,3,1,13,0,
3f0a92,18,25,0,0,1,822,31,1,51,0,
3f0a92,18,26,0,0,1,202,7,1,64,0,
3f0a92,18,27,0,0,1,65,2,1,57,0,
3f0a92,18,28,0,0,1,93,2,1,88,0,
3f0a92,18,29,0,0,1,23,1,1,4,0,
3f0a92,18,30,0,0,1,90,2,1,15,0,
3f0a92,18,31,0,0,1,39,3,1,11,0,
3f0a92,18,32,0,0,1,224,8,1,245,0,
3f0a92,18,33,0,0,1,40,3,1,12,0,
3f0a92,18,34,0,0,1,52,2,1,5,0,
3f0a92,18,35,0,0,1,102,3,1,17,0,
3f0a92,18,36,0,0,1,215,8,1,178,0,
3f0a92,18,37,0,0,1,40,3,1,18,0,
3f0a92,18,38,0,0,1,243,11,1,706,1,TypeError
3f0a92,18,39,0,0,1,1126,43,1,125,0,
3f0a92,18,40,0,0,1,334,12,1,87,0,
3f0a92,15,1,0,0,1,29,3,1,8,0,
3f0a92,15,2,0,0,1,36,3,1,8,0,
3f0a92,15,3,0,0,1,462,20,1,170,0,
3f0a92,15,4,0,0,1,45,3,1,8,0,
3f0a92,15,5,0,0,1,511,20,1,107,0,
3f0a92,15,6,0,0,1,76,3,1,8,0,
3f0a92,15,7,0,0,1,1335,41,1,44,1,
3f0a92,15,8,0,0,1,825,28,1,33,0,
3f0a92,15,9,0,0,1,1778,32,1,45,0,
3f0a92,15,10,0,0,1,491,19,1,2,0,
3f0a92,15,11,0,0,1,277,4,1,40,0,
3f0a92,15,12,0,0,1,100,4,1,8,0,
3f0a92,15,13,0,0,1,958,31,1,9,0,
3f0a92,15,14,0,0,1,2352,71,1,78,0,
3f0a92,15,15,0,0,1,2003,60,1,57,0,
3f0a92,15,16,0,0,1,1870,62,1,44,1,
3f0a92,15,17,1,0,0,0,0,0,0,0,
3f0a92,1,1,0,0,1,9,1,1,8,0,
3f0a92,1,2,0,0,1,12,1,1,8,0,
3f0a92,1,3,0,0,1,12,1,1,1,0,
3f0a92,1,4,0,0,1,19,1,1,8,0,
3f0a92,1,5,0,0,1,12,1,1,8,0,
3f0a92,1,6,0,0,1,470,21,1,169,0,
3f0a92,1,7,0,0,1,19,1,1,8,0,
3f0a92,1,8,0,0,1,718,27,1,10,0,
3f0a92,1,9,0,0,1,1339,41,1,636,1,ValueError
3f0a92,1,10,0,0,1,959,28,1,44,1,
3f0a92,1,11,0,0,1,726,25,1,44,1,
3f0a92,1,12,0,0,1,1218,38,1,8,0,
3f0a92,1,13,0,0,1,200,1,1,45,0,
3f0a92,1,14,0,0,1,149,2,1,45,0,
3f0a92,1,15,0,0,1,1004,28,1,2,0,
3f0a92,1,16,0,0,1,713,27,1,2,0,
3f0a92,1,17,0,0,1,77,2,1,30,0,
3f0a92,1,18,0,0,1,990,32,1,4,0,
3f0a92,1,19,0,0,1,903,31,1,10,0,
3f0a92,1,20,0,0,1,881,31,1,45,0,
3f0a92,1,21,0,0,1,12,1,1,8,0,
3f0a92,1,22,0,0,1,15,1,1,265,1,NameError
3f0a92,1,23,0,0,1,68,2,1,347,1,NameError
3f0a92,1,24,0,0,1,827,31,1,13,0,
3f0a92,1,25,0,0,1,138,3,1,22,0,
3f0a92,1,26,0,0,1,23,3,1,8,0,
3f0a92,1,27,0,0,1,942,30,1,171,0,
3f0a92,1,28,0,0,1,1329,41,1,87,0,
3f0a92,20,1,0,0,1,9,1,1,8,0,
3f0a92,20,2,0,0,1,12,1,1,8,0,
3f0a92,20,3,0,0,1,19,1,1,4,0,
3f0a92,20,4,0,0,1,76,4,1,8,0,
3f0a92,20,5,0,0,1,8,1,1,8,0,
3f0a92,20,6,0,0,1,591,22,1,5,0,
3f0a92,20,7,0,0,1,337,13,1,4,0,
3f0a92,20,8,0,0,1,250,11,1,4,0,
3f0a92,20,9,0,0,1,49,3,1,8,0,
3f0a92,20,10,0,0,1,11,1,1,1,0,
3f0a92,20,11,0,0,1,60,2,1,10,0,
3f0a92,20,12,0,0,1,93,2,1,4,0,
3f0a92,20,13,0,0,1,15,1,1,5,0,
3f0a92,20,14,0,0,1,2076,52,1,44,1,
3f0a92,20,15,0,0,1,457,18,1,197,0,
3f0a92,20,16,0,0,1,93,3,1,4,0,
3f0a92,20,17,0,0,1,37,2,1,10,0,
3f0a92,20,18,0,0,1,56,2,1,327,1,NameError
3f0a92,20,19,0,0,1,303,11,1,45,0,
3f0a92,20,20,0,0,1,453,18,1,5,0,
3f0a92,20,21,0,0,1,426,1,1,45,0,
3f0a92,20,22,0,0,1,83,1,1,45,0,
3f0a92,20,23,0,0,1,1140,38,1,79,0,
3f0a92,20,24,0,0,1,500,17,1,32,0,
3f0a92,20,25,0,0,1,847,29,1,8,0,
3f0a92,20,26,0,0,1,466,1,1,45,0,
3f0a92,20,27,0,0,1,1392,44,1,757,1,TypeError
3f0a92,20,28,0,0,1,230,2,1,1538,0,
3f0a92,20,29,0,0,1,999,27,1,133,0,
3f0a92,20,30,0,0,1,959,29,1,187,0,
3f0a92,20,31,0,0,1,60,3,1,87,0,
3f0a92,12,1,0,0,1,29,3,1,8,0,
3f0a92,12,2,0,0,1,29,3,1,8,0,
3f0a92,12,3,0,0,1,41,3,1,8,0,
3f0a92,12,4,0,0,1,29,2,1,8,0,
3f0a92,12,5,0,0,1,57,3,1,8,0,
3f0a92,12,6,0,0,1,130,5,1,13,0,
3f0a92,12,7,0,0,1,717,25,1,5,0,
3f0a92,12,8,0,0,1,682,21,1,161,0,
3f0a92,12,9,0,0,1,581,21,1,361,0,
3f0a92,12,10,0,0,1,31,3,1,8,0,
3f0a92,12,11,0,0,1,14,2,1,8,0,
3f0a92,12,12,0,0,1,17,2,1,8,0,
3f0a92,12,13,0,0,1,2103,49,1,35,0,
3f0a92,12,14,0,0,1,27,1,1,43,0,
3f0a92,12,15,0,0,1,7,1,1,71,0,
3f0a92,12,16,0,0,1,12,1,1,3,0,
3f0a92,12,17,0,0,1,364,10,1,45,0,
3f0a92,12,18,0,0,1,296,13,1,13,0,
3f0a92,12,19,0,0,1,53,4,1,8,0,
3f0a92,12,20,0,0,1,1920,56,1,60,0,
3f0a92,12,21,0,0,1,232,10,1,37,0,
3f0a92,12,22,0,0,1,182,7,1,24,0,
3f0a92,12,23,0,0,1,377,1,1,45,0,
3f0a92,12,24,0,0,1,1088,23,1,45,0,
3f0a92,12,25,0,0,1,791,22,1,40,0,
3f0a92,12,26,0,0,1,25,1,1,2,0,
3f0a92,12,27,0,0,1,809,24,1,87,0,
3f0a92,13,1,0,0,1,58,3,1,19,0,
3f0a92,13,2,0,0,1,11,1,1,1,0,
3f0a92,13,3,0,0,1,31,3,1,8,0,
3f0a92,13,4,0,0,1,43,3,1,8,0,
3f0a92,13,5,0,0,1,1264,42,1,107,0,
3f0a92,13,6,0,0,1,972,34,1,107,0,
3f0a92,13,7,0,0,1,2421,60,1,155,0,
3f0a92,13,8,0,0,1,184,7,1,45,0,
3f0a92,13,9,0,0,1,26,2,1,30,0,
3f0a92,13,10,0,0,1,25,2,1,27,0,
3f0a92,13,11,0,0,1,1503,43,1,24,0,
3f0a92,13,12,0,0,1,16,1,1,44,1,
3f0a92,13,13,0,0,1,15,1,1,278,1,NameError
3f0a92,13,14,0,0,1,258,10,1,573,1,NameError
3f0a92,13,15,0,0,1,33,3,1,8,0,
3f0a92,13,16,0,0,1,2873,75,1,752,1,NameError
3f0a92,13,17,0,0,1,1290,37,1,87,0,
3f0a92,4,1,0,0,1,41,3,1,8,0,
3f0a92,4,2,0,0,1,41,3,1,8,0,
3f0a92,4,3,0,0,1,76,3,1,8,0,
3f0a92,4,4,0,0,1,9,1,1,8,0,
3f0a92,4,5,0,0,1,13,1,1,8,0,
3f0a92,4,6,0,0,1,11,1,1,8,0,
3f0a92,4,7,0,0,1,54,3,1,8,0,
3f0a92,4,8,0,0,1,1186,37,1,63,0,
3f0a92,4,9,0,0,1,1220,44,1,24,0,
3f0a92,4,10,0,0,1,907,32,1,45,0,
3f0a92,4,11,0,0,1,1811,60,1,68,0,
3f0a92,4,12,0,0,1,417,19,1,5,0,
3f0a92,4,13,0,0,1,28,1,1,5,0,
3f0a92,4,14,0,0,1,1731,58,1,46,0,
3f0a92,4,15,0,0,1,830,22,1,21,0,
3f0a92,4,16,0,0,1,792,24,1,24,0,
3f0a92,4,17,0,0,1,593,23,1,27,0,
3f0a92,4,18,0,0,1,416,18,1,23,0,
3f0a92,4,19,0,0,1,43,2,1,38,0,
3f0a92,4,20,0,0,1,45,2,1,52,0,
3f0a92,4,21,0,0,1,421,14,1,285,0,
3f0a92,4,22,0,0,1,157,6,1,6,0,
3f0a92,4,23,0,0,1,1005,31,1,30,0,
3f0a92,4,24,0,0,1,27,3,1,87,0,
3f0a92,16,1,0,0,1,29,3,1,8,0,
3f0a92,16,2,0,0,1,41,3,1,8,0,
3f0a92,16,3,0,0,1,408,16,1,170,0,
3f0a92,16,4,0,0,1,76,3,1,8,0,
3f0a92,16,5,0,0,1,58,3,1,8,0,
3f0a92,16,6,0,0,1,854,26,1,13,0,
3f0a92,16,7,0,0,1,24,1,1,5,0,
3f0a92,16,8,0,0,1,1163,34,1,5,0,
3f0a92,16,9,0,0,1,460,18,1,79,0,
3f0a92,16,10,0,0,1,674,26,1,14,0,
3f0a92,16,11,0,0,1,539,20,1,5,0,
3f0a92,16,12,0,0,1,567,26,1,16,0,
3f0a92,16,13,0,0,1,238,9,1,246,0,
3f0a92,16,14,0,0,1,39,3,1,8,0,
3f0a92,16,15,0,0,1,1191,35,1,44,1,
3f0a92,16,16,0,0,1,785,21,1,564,1,NameError
3f0a92,16,17,0,0,1,420,17,1,45,0,
3f0a92,16,18,0,0,1,367,15,1,169,0,
3f0a92,16,19,0,0,1,73,3,1,161,0,
3f0a92,16,20,0,0,1,2083,51,1,5,0,
3f0a92,16,21,0,0,1,57,4,1,8,0,
3f0a92,16,22,0,0,1,438,19,1,17,0,
3f0a92,16,23,0,0,1,299,11,1,14,0,
3f0a92,16,24,0,0,1,99,3,1,14,0,
3f0a92,16,25,0,0,1,78,3,1,14,0,
3f0a92,16,26,0,0,1,93,3,1,14,0,
3f0a92,16,27,0,0,1,102,4,1,14,0,
3f0a92,16,28,0,0,1,465,18,1,17,0,
3f0a92,16,29,1,0,0,0,0,0,0,0,
3f0a92,7,1,0,0,1,41,3,1,8,0,
3f0a92,7,2,0,0,1,41,3,1,8,0,
3f0a92,7,3,0,0,1,65,3,1,8,0,
3f0a92,7,4,0,0,1,33,2,1,19,0,
3f0a92,7,5,0,0,1,1263,37,1,154,0,
3f0a92,7,6,0,0,1,295,9,1,233,0,
3f0a92,7,7,0,0,1,539,17,1,236,0,
3f0a92,7,8,0,0,1,31,3,1,8,0,
3f0a92,7,9,0,0,1,1161,35,1,24,0,
3f0a92,7,10,0,0,1,83,4,1,25,0,
3f0a92,7,11,0,0,1,103,4,1,12,0,
3f0a92,7,12,0,0,1,1208,34,1,45,0,
3f0a92,7,13,0,0,1,45,2,1,4,0,
3f0a92,7,14,0,0,1,117,4,1,44,1,
3f0a92,7,15,0,0,1,1666,43,1,682,1,NameError
3f0a92,7,16,0,0,1,85,3,1,28,0,
3f0a92,7,17,0,0,1,334,10,1,88,0,
3f0a92,17,1,0,0,1,29,3,1,8,0,
3f0a92,17,2,0,0,1,7,1,1,1,0,
3f0a92,17,3,0,0,1,29,3,1,8,0,
3f0a92,17,4,0,0,1,7,1,1,8,0,
3f0a92,17,5,0,0,1,51,3,1,8,0,
3f0a92,17,6,0,0,1,2332,73,1,45,0,
3f0a92,17,7,0,0,1,1693,59,1,227,0,
3f0a92,17,8,0,0,1,110,2,1,15,0,
3f0a92,17,9,0,0,1,523,22,1,144,0,
3f0a92,17,10,0,0,1,145,7,1,98,0,
3f0a92,17,11,0,0,1,1087,32,1,42,0,
3f0a92,17,12,0,0,1,914,28,1,269,0,
3f0a92,17,13,0,0,1,510,20,1,121,0,
3f0a92,17,14,0,0,1,407,16,1,47,0,
3f0a92,17,15,1,0,0,0,0,0,0,0,
3f0a92,6,1,0,0,1,109,5,1,26,0,
3f0a92,6,2,0,0,1,507,22,1,211,0,
3f0a92,6,3,0,0,1,188,5,1,21,0,
3f0a92,6,4,0,0,1,50,2,1,8,0,
3f0a92,6,5,0,0,1,15,1,1,1,0,
3f0a92,6,6,0,0,1,36,3,1,8,0,
3f0a92,6,7,0,0,1,495,19,1,107,0,
3f0a92,6,8,0,0,1,283,11,1,242,0,
3f0a92,6,9,0,0,1,422,12,1,228,0,
3f0a92,6,10,0,0,1,202,10,1,228,0,
3f0a92,6,11,0,0,1,2058,60,1,2,0,
3f0a92,6,12,0,0,1,1150,31,1,44,1,
3f0a92,6,13,0,0,1,1383,49,1,44,1,
3f0a92,6,14,0,0,1,964,30,1,44,1,
3f0a92,6,15,0,0,1,913,27,1,333,1,NameError
3f0a92,6,16,0,0,1,106,5,1,150,0,
3f0a92,6,17,0,0,1,806,26,1,118,0,
3f0a92,6,18,0,0,1,140,6,1,39,0,
3f0a92,6,19,0,0,1,358,14,1,5,0,
3f0a92,6,20,0,0,1,32,1,1,4,0,
3f0a92,6,21,0,0,1,176,8,1,87,0,
3f0a92,10,1,0,0,1,29,3,1,8,0,
3f0a92,10,2,0,0,1,29,3,1,8,0,
3f0a92,10,3,0,0,1,7,1,1,1,0,
3f0a92,10,4,0,0,1,94,4,1,17,0,
3f0a92,10,5,0,0,1,55,3,1,8,0,
3f0a92,10,6,0,0,1,17,2,1,8,0,
3f0a92,10,7,0,0,1,492,19,1,10,0,
3f0a92,10,8,0,0,1,55,3,1,8,0,
3f0a92,10,9,0,0,1,827,24,1,134,0,
3f0a92,10,10,0,0,1,120,5,1,107,0,
3f0a92,10,11,0,0,1,1740,53,1,4,0,
3f0a92,10,12,0,0,1,376,15,1,68,0,
3f0a92,10,13,0,0,1,9,1,1,41,0,
3f0a92,10,14,0,0,1,875,34,1,8,0,
3f0a92,10,15,0,0,1,426,16,1,105,0,
3f0a92,10,16,0,0,1,1268,38,1,19,0,
3f0a92,10,17,0,0,1,897,30,1,88,0,
3f0a92,10,18,0,0,1,930,28,1,22,0,
3f0a92,10,19,0,0,1,555,19,1,36,0,
3f0a92,10,20,0,0,1,37,3,1,8,0,
3f0a92,10,21,0,0,1,33,3,1,8,0,
3f0a92,10,22,1,0,0,0,0,0,0,0,
3f0a92,35,1,0,0,1,29,3,1,8,0,
3f0a92,35,2,0,0,1,34,2,1,8,0,
3f0a92,35,3,0,0,1,69,3,1,8,0,
3f0a92,35,4,0,0,1,11,1,1,8,0,
3f0a92,35,5,0,0,1,10,1,1,10,0,
3f0a92,35,6,0,0,1,53,3,1,8,0,
3f0a92,35,7,0,0,1,584,21,1,35,0,
3f0a92,35,8,0,0,1,17,1,1,5,0,
3f0a92,35,9,0,0,1,980,33,1,120,0,
3f0a92,35,10,0,0,1,41,3,1,8,0,
3f0a92,35,11,0,0,1,9,1,1,8,0,
3f0a92,35,12,0,0,1,17,1,1,5,0,
3f0a92,25,1,0,0,1,9,1,1,8,0,
3f0a92,25,2,0,0,1,12,1,1,8,0,
3f0a92,25,3,0,0,1,12,1,1,8,0,
3f0a92,25,4,0,0,1,11,1,1,8,0,
3f0a92,25,5,0,0,1,117,4,1,4,0,
3f0a92,25,6,0,0,1,33,1,1,5,0,
3f0a92,25,7,0,0,1,8,1,1,8,0,
3f0a92,25,8,0,0,1,116,3,1,13,0,
3f0a92,25,9,0,0,1,101,3,1,13,0,
3f0a92,25,10,0,0,1,104,3,1,13,0,
3f0a92,25,11,0,0,1,37,1,1,5,0,
3f0a92,25,12,0,0,1,382,14,1,24,0,
3f0a92,25,13,0,0,1,128,4,1,13,0,
3f0a92,25,14,0,0,1,33,1,1,5,0,
3f0a92,25,15,0,0,1,17,1,1,24,0,
3f0a92,25,16,0,0,1,74,2,1,36,0,
3f0a92,25,17,0,0,1,1123,41,1,8,0,
3f0a92,25,18,0,0,1,476,18,1,4,0,
3f0a92,25,19,0,0,1,83,2,1,9,0,
3f0a92,25,20,0,0,1,39,2,1,8,0,
3f0a92,25,21,0,0,1,1072,42,1,249,0,
3f0a92,25,22,0,0,1,168,7,1,9,0,
3f0a92,25,23,1,0,0,0,0,0,0,0,
3f0a92,29,1,0,0,1,29,3,1,8,0,
3f0a92,29,2,0,0,1,37,3,1,8,0,
3f0a92,29,3,0,0,1,12,1,1,8,0,
3f0a92,29,4,0,0,1,55,3,1,8,0,
3f0a92,29,5,0,0,1,893,34,1,202,0,
3f0a92,29,6,0,0,1,1038,17,1,45,0,
3f0a92,29,7,0,0,1,2424,39,1,39,0,
3f0a92,29,8,0,0,1,29,2,1,2,0,
3f0a92,29,9,0,0,1,751,27,1,65,0,
3f0a92,29,10,0,0,1,378,15,1,5,0,
3f0a92,29,11,0,0,1,2597,69,1,52,0,
3f0a92,29,12,0,0,1,1159,32,1,7,0,
3f0a92,29,13,0,0,1,74,2,1,22,0,
3f0a92,29,14,0,0,1,77,3,1,8,0,
3f0a92,29,15,0,0,1,49,3,1,8,0,
3f0a92,29,16,0,0,1,490,21,1,9,0,
3f0a92,29,17,0,0,1,1119,33,1,38,0,
3f0a92,29,18,0,0,1,1244,40,1,19,0,
3f0a92,29,19,0,0,1,522,21,1,19,0,
3f0a92,29,20,0,0,1,17,1,1,5,0,
3f0a92,47,1,0,0,1,29,3,1,8,0,
3f0a92,47,2,0,0,1,29,3,1,8,0,
3f0a92,47,3,0,0,1,7,1,1,1,0,
3f0a92,47,4,0,0,1,43,3,1,8,0,
3f0a92,47,5,0,0,1,32,2,1,8,0,
3f0a92,47,6,0,0,1,719,28,1,5,0,
3f0a92,47,7,0,0,1,504,19,1,5,0,
3f0a92,47,8,0,0,1,242,11,1,124,0,
3f0a92,47,9,0,0,1,1483,35,1,2,0,
3f0a92,47,10,0,0,1,904,30,1,94,0,
3f0a92,47,11,0,0,1,54,3,1,8,0,
3f0a92,47,12,0,0,1,93,3,1,22,0,
3f0a92,47,13,0,0,1,1185,34,1,1,0,
3f0a92,47,14,0,0,1,28,1,1,1,0,
3f0a92,47,15,0,0,1,28,1,1,1,0,
3f0a92,47,16,0,0,1,965,26,1,8,0,
3f0a92,47,17,0,0,1,287,9,1,30,0,
3f0a92,47,18,0,0,1,26,3,1,8,0,
3f0a92,47,19,0,0,1,192,6,1,32,0,
3f0a92,47,20,1,0,0,0,0,0,0,0,
3f0a92,44,1,0,0,1,29,3,1,8,0,
3f0a92,44,2,0,0,1,41,3,1,8,0,
3f0a92,44,3,0,0,1,13,1,1,1,0,
3f0a92,44,4,0,0,1,423,18,1,5,0,
3f0a92,44,5,0,0,1,1707,48,1,4,0,
3f0a92,44,6,0,0,1,639,26,1,107,0,
3f0a92,44,7,0,0,1,722,22,1,114,0,
3f0a92,44,8,0,0,1,211,7,1,323,0,
3f0a92,44,9,0,0,1,257,11,1,137,0,
3f0a92,44,10,0,0,1,51,3,1,8,0,
3f0a92,44,11,0,0,1,58,3,1,8,0,
3f0a92,44,12,0,0,1,451,16,1,19,0,
3f0a92,44,13,0,0,1,822,25,1,44,1,
3f0a92,44,14,0,0,1,1397,40,1,717,1,NameError
3f0a92,44,15,0,0,1,1311,44,1,871,1,NameError
3f0a92,44,16,0,0,1,531,21,1,107,0,
3f0a92,44,17,0,0,1,114,3,1,252,0,
3f0a92,27,1,0,0,1,29,3,1,8,0,
3f0a92,27,2,0,0,1,41,3,1,8,0,
3f0a92,27,3,0,0,1,14,1,1,8,0,
3f0a92,27,4,0,0,1,39,3,1,8,0,
3f0a92,27,5,0,0,1,602,21,1,34,0,
3f0a92,27,6,0,0,1,512,20,1,11,0,
3f0a92,27,7,0,0,1,439,18,1,100,0,
3f0a92,27,8,0,0,1,92,4,1,30,0,
3f0a92,27,9,0,0,1,65,3,1,5,0,
3f0a92,27,10,0,0,1,517,22,1,4,0,
3f0a92,27,11,0,0,1,48,4,1,10,0,
3f0a92,27,12,0,0,1,448,19,1,9,0,
3f0a92,27,13,0,0,1,234,10,1,4,0,
3f0a92,27,14,0,0,1,1184,44,1,44,1,
3f0a92,27,15,0,0,1,695,24,1,403,1,NameError
3f0a92,27,16,0,0,1,562,21,1,29,0,
3f0a92,27,17,0,0,1,525,19,1,22,0,
3f0a92,27,18,1,0,0,0,0,0,0,0,
3f0a92,45,1,0,0,1,29,3,1,8,0,
3f0a92,45,2,0,0,1,47,3,1,8,0,
3f0a92,45,3,0,0,1,14,2,1,8,0,
3f0a92,45,4,0,0,1,31,3,1,8,0,
3f0a92,45,5,0,0,1,581,23,1,10,0,
3f0a92,45,6,0,0,1,148,7,1,15,0,
3f0a92,45,7,0,0,1,444,18,1,95,0,
3f0a92,45,8,0,0,1,1757,52,1,44,0,
3f0a92,45,9,0,0,1,1011,34,1,44,1,
3f0a92,45,10,0,0,1,814,29,1,399,1,NameError
3f0a92,45,11,0,0,1,1258,45,1,45,0,
3f0a92,45,12,0,0,1,95,4,1,44,1,
3f0a92,45,13,0,0,1,298,12,1,666,1,NameError
3f0a92,45,14,0,0,1,1547,55,1,342,0,
3f0a92,45,15,0,0,1,249,10,1,45,0,
3f0a92,45,16,0,0,1,91,5,1,22,0,
3f0a92,45,17,0,0,1,36,2,1,8,0,
3f0a92,45,18,0,0,1,1104,31,1,24,0,
3f0a92,45,19,0,0,1,166,7,1,50,0,
3f0a92,45,20,0,0,1,17,1,1,5,0,
3f0a92,26,1,0,0,1,40,3,1,19,0,
3f0a92,26,2,0,0,1,9,1,1,8,0,
3f0a92,26,3,0,0,1,14,1,1,8,0,
3f0a92,26,4,0,0,1,9,1,1,8,0,
3f0a92,26,5,0,0,1,1132,34,1,44,1,
3f0a92,26,6,0,0,1,960,28,1,23,0,
3f0a92,26,7,0,0,1,403,16,1,5,0,
3f0a92,26,8,0,0,1,648,23,1,71,0,
3f0a92,26,9,0,0,1,1295,42,1,44,1,
3f0a92,26,10,0,0,1,188,7,1,367,1,NameError
3f0a92,26,11,0,0,1,564,22,1,95,0,
3f0a92,26,12,0,0,1,1340,39,1,538,1,ValueError
3f0a92,26,13,0,0,1,813,25,1,40,0,
3f0a92,26,14,0,0,1,62,2,1,140,0,
3f0a92,26,15,0,0,1,127,4,1,154,0,
3f0a92,26,16,0,0,1,24,3,1,8,0,
3f0a92,26,17,0,0,1,2633,66,1,64,0,
3f0a92,26,18,0,0,1,52,3,1,8,0,
3f0a92,26,19,1,0,0,0,0,0,0,0,
3f0a92,34,1,0,0,1,29,3,1,8,0,
3f0a92,34,2,0,0,1,41,3,1,8,0,
3f0a92,34,3,0,0,1,593,23,1,10,0,
3f0a92,34,4,0,0,1,43,3,1,8,0,
3f0a92,34,5,0,0,1,10,1,1,8,0,
3f0a92,34,6,0,0,1,100,3,1,5,0,
3f0a92,34,7,0,0,1,555,16,1,4,0,
3f0a92,34,8,0,0,1,600,23,1,100,0,
3f0a92,34,9,0,0,1,158,5,1,5,0,
3f0a92,34,10,0,0,1,249,7,1,15,0,
3f0a92,34,11,0,0,1,491,20,1,198,0,
3f0a92,34,12,0,0,1,14,2,1,8,0,
3f0a92,34,13,0,0,1,562,23,1,4,0,
3f0a92,34,14,0,0,1,69,4,1,10,0,
3f0a92,34,15,0,0,1,42,2,1,8,0,
3f0a92,34,16,0,0,1,1163,37,1,44,1,
3f0a92,34,17,0,0,1,500,20,1,343,1,NameError
3f0a92,34,18,0,0,1,949,39,1,17,0,
3f0a92,34,19,0,0,1,140,6,1,330,1,NameError
3f0a92,34,20,0,0,1,426,18,1,4,0,
3f0a92,34,21,0,0,1,17,1,1,5,0,
3f0a92,46,1,0,0,1,29,3,1,8,0,
3f0a92,46,2,0,0,1,29,3,1,8,0,
3f0a92,46,3,0,0,1,8,1,1,8,0,
3f0a92,46,4,0,0,1,23,3,1,1,0,
3f0a92,46,5,0,0,1,55,3,1,8,0,
3f0a92,46,6,0,0,1,23,3,1,8,0,
3f0a92,46,7,0,0,1,9,1,1,8,0,
3f0a92,46,8,0,0,1,511,24,1,107,0,
3f0a92,46,9,0,0,1,920,26,1,45,0,
3f0a92,46,10,0,0,1,545,22,1,266,0,
3f0a92,46,11,0,0,1,687,25,1,1,0,
3f0a92,46,12,0,0,1,882,31,1,40,0,
3f0a92,46,13,0,0,1,86,4,1,41,0,
3f0a92,46,14,0,0,1,68,2,1,36,0,
3f0a92,46,15,0,0,1,2536,71,1,298,0,
3f0a92,46,16,0,0,1,1468,50,1,18,0,
3f0a92,46,17,0,0,1,25,1,1,21,0,
3f0a92,46,18,0,0,1,25,1,1,24,0,
3f0a92,46,19,0,0,1,30,2,1,27,0,
3f0a92,46,20,0,0,1,1746,52,1,193,0,
3f0a92,46,21,0,0,1,124,4,1,153,0,
3f0a92,46,22,0,0,1,119,4,1,154,0,
3f0a92,46,23,0,0,1,54,3,1,8,0,
3f0a92,46,24,0,0,1,40,3,1,4,0,
3f0a92,46,25,0,0,1,33,2,1,42,0,
3f0a92,46,26,0,0,1,63,2,1,1,0,
3f0a92,46,27,0,0,1,1622,48,1,45,0,
3f0a92,46,28,0,0,1,54,3,1,8,0,
3f0a92,46,29,1,0,0,0,0,0,0,0,
3f0a92,36,1,0,0,1,29,3,1,8,0,
3f0a92,36,2,0,0,1,41,3,1,8,0,
3f0a92,36,3,0,0,1,47,3,1,8,0,
3f0a92,36,4,0,0,1,35,2,1,8,0,
3f0a92,36,5,0,0,1,39,3,1,8,0,
3f0a92,36,6,0,0,1,312,1,1,45,0,
3f0a92,36,7,0,0,1,202,6,1,101,0,
3f0a92,36,8,0,0,1,40,1,1,5,0,
3f0a92,36,9,0,0,1,368,15,1,5,0,
3f0a92,36,10,0,0,1,1592,49,1,44,1,
3f0a92,36,11,0,0,1,310,1,1,45,0,
3f0a92,36,12,0,0,1,157,7,1,52,0,
3f0a92,36,13,0,0,1,639,23,1,8,0,
3f0a92,36,14,0,0,1,2146,59,1,17,0,
3f0a92,36,15,0,0,1,66,2,1,4,0,
3f0a92,36,16,0,0,1,1178,36,1,213,0,
3f0a92,36,17,0,0,1,347,9,1,138,0,
3f0a92,36,18,0,0,1,182,5,1,35,0,
3f0a92,36,19,0,0,1,150,1,1,45,0,
3f0a92,36,20,0,0,1,1173,32,1,45,0,
3f0a92,36,21,0,0,1,862,24,1,29,0,
3f0a92,36,22,0,0,1,24,1,1,2,0,
3f0a92,36,23,0,0,1,30,3,1,8,0,
3f0a92,36,24,0,0,1,35,3,1,8,0,
3f0a92,36,25,0,0,1,385,18,1,45,0,
3f0a92,36,26,0,0,1,228,8,1,45,0,
3f0a92,36,27,0,0,1,552,24,1,45,0,
3f0a92,36,28,0,0,1,615,25,1,45,0,
3f0a92,36,29,0,0,1,482,20,1,5,0,
3f0a92,36,30,0,0,1,420,13,1,15,0,
3f0a92,36,31,0,0,1,882,27,1,21,0,
3f0a92,36,32,0,0,1,42,1,1,4,0,
3f0a92,36,33,0,0,1,38,1,1,4,0,
3f0a92,36,34,0,0,1,419,18,1,21,0,
3f0a92,36,35,1,0,0,0,0,0,0,0,
3f0a92,37,1,0,0,1,29,3,1,8,0,
3f0a92,37,2,0,0,1,41,3,1,8,0,
3f0a92,37,3,0,0,1,11,1,1,8,0,
3f0a92,37,4,0,0,1,10,1,1,1,0,
3f0a92,37,5,0,0,1,14,2,1,8,0,
3f0a92,37,6,0,0,1,105,3,1,8,0,
3f0a92,37,7,0,0,1,61,3,1,22,0,
3f0a92,37,8,0,0,1,109,4,1,8,0,
3f0a92,37,9,0,0,1,320,1,1,45,0,
3f0a92,37,10,0,0,1,832,26,1,5,0,
3f0a92,37,11,0,0,1,138,3,1,5,0,
3f0a92,37,12,0,0,1,87,4,1,1,0,
3f0a92,37,13,0,0,1,366,9,1,14,0,
3f0a92,37,14,0,0,1,126,4,1,14,0,
3f0a92,37,15,0,0,1,245,8,1,5,0,
3f0a92,37,16,0,0,1,26,1,1,5,0,
3f0a92,37,17,0,0,1,29,1,1,5,0,
3f0a92,37,18,0,0,1,29,1,1,5,0,
3f0a92,37,19,0,0,1,632,25,1,4,0,
3f0a92,37,20,0,0,1,9,1,1,192,0,
3f0a92,37,21,0,0,1,206,9,1,5,0,
3f0a92,37,22,0,0,1,291,10,1,5,0,
3f0a92,37,23,0,0,1,85,2,1,5,0,
3f0a92,37,24,0,0,1,73,2,1,5,0,
3f0a92,37,25,0,0,1,1792,48,1,3,0,
3f0a92,37,26,0,0,1,478,20,1,100,0,
3f0a92,37,27,0,0,1,111,4,1,100,0,
3f0a92,37,28,0,0,1,430,17,1,33,0,
3f0a92,37,29,0,0,1,111,6,1,4,0,
3f0a92,37,30,0,0,1,51,2,1,520,0,
3f0a92,37,31,0,0,1,30,2,1,4,0,
3f0a92,37,32,0,0,1,1207,45,1,8,0,
3f0a92,37,33,0,0,1,1203,32,1,63,0,
3f0a92,37,34,0,0,1,451,22,1,258,0,
3f0a92,37,35,0,0,1,452,22,1,65,0,
3f0a92,37,36,0,0,1,1125,36,1,62,0,
3f0a92,37,37,0,0,1,62,4,1,8,0,
3f0a92,37,38,0,0,1,76,3,1,22,0,
3f0a92,37,39,0,0,1,135,5,1,702,1,AttributeError
3f0a92,37,40,0,0,1,810,23,1,682,1,AttributeError
3f0a92,37,41,0,0,1,839,24,1,26,0,
3f0a92,37,42,1,0,0,0,0,0,0,0,
3f0a92,41,1,0,0,1,29,3,1,8,0,
3f0a92,41,2,0,0,1,22,2,1,8,0,
3f0a92,41,3,0,0,1,7,1,1,1,0,
3f0a92,41,4,0,0,1,69,4,1,17,0,
3f0a92,41,5,0,0,1,612,25,1,160,0,
3f0a92,41,6,0,0,1,19,1,1,5,0,
3f0a92,41,7,0,0,1,43,3,1,1,0,
3f0a92,41,8,0,0,1,71,3,1,10,0,
3f0a92,41,9,0,0,1,59,3,1,10,0,
3f0a92,41,10,0,0,1,486,20,1,51,0,
3f0a92,41,11,0,0,1,15,1,1,5,0,
3f0a92,41,12,0,0,1,87,4,1,10,0,
3f0a92,41,13,0,0,1,15,1,1,5,0,
3f0a92,41,14,0,0,1,1777,46,1,1,0,
3f0a92,41,15,0,0,1,1271,37,1,2,0,
3f0a92,41,16,0,0,1,903,31,1,33,0,
3f0a92,41,17,0,0,1,10,1,1,80,0,
3f0a92,41,18,0,0,1,28,1,1,16,0,
3f0a92,41,19,0,0,1,1094,34,1,64,0,
3f0a92,41,20,0,0,1,39,3,1,8,0,
3f0a92,41,21,0,0,1,1344,45,1,19,0,
3f0a92,41,22,0,0,1,228,8,1,46,0,
3f0a92,41,23,0,0,1,17,1,1,2,0,
3f0a92,41,24,0,0,1,16,1,1,8,0,
3f0a92,41,25,0,0,1,17,1,1,44,1,
3f0a92,41,26,0,0,1,45,3,1,8,0,
3f0a92,41,27,0,0,1,17,1,1,269,1,TypeError
3f0a92,41,28,0,0,1,1182,40,1,44,1,
3f0a92,41,29,0,0,1,1142,31,1,34,0,
3f0a92,41,30,0,0,1,1860,50,1,17,0,
3f0a92,41,31,0,0,1,61,3,1,8,0,
3f0a92,41,32,0,0,1,37,3,1,8,0,
3f0a92,41,33,1,0,0,0,0,0,0,0,
3f0a92,48,1,0,0,1,29,3,1,8,0,
3f0a92,48,2,0,0,1,41,3,1,8,0,
3f0a92,48,3,0,0,1,56,3,1,10,0,
3f0a92,48,4,0,0,1,21,3,1,8,0,
3f0a92,48,5,0,0,1,39,3,1,8,0,
3f0a92,48,6,0,0,1,1193,35,1,38,0,
3f0a92,48,7,0,0,1,2571,48,1,5,0,
3f0a92,48,8,0,0,1,1490,41,1,2,0,
3f0a92,48,9,0,0,1,58,2,1,24,0,
3f0a92,48,10,0,0,1,913,29,1,44,1,
3f0a92,48,11,0,0,1,368,15,1,5,0,
3f0a92,48,12,0,0,1,426,16,1,80,0,
3f0a92,48,13,0,0,1,1503,29,1,44,0,
3f0a92,48,14,0,0,1,532,12,1,45,0,
3f0a92,48,15,0,0,1,37,2,1,6,0,
3f0a92,48,16,0,0,1,57,1,1,45,0,
3f0a92,48,17,0,0,1,650,23,1,225,0,
3f0a92,48,18,1,0,0,0,0,0,0,0,
3f0a92,33,1,0,0,1,41,3,1,8,0,
3f0a92,33,2,0,0,1,34,2,1,8,0,
3f0a92,33,3,0,0,1,13,1,1,1,0,
3f0a92,33,4,0,0,1,550,24,1,170,0,
3f0a92,33,5,0,0,1,95,3,1,8,0,
3f0a92,33,6,0,0,1,38,2,1,8,0,
3f0a92,33,7,0,0,1,502,21,1,10,0,
3f0a92,33,8,0,0,1,37,2,1,10,0,
3f0a92,33,9,0,0,1,61,2,1,5,0,
3f0a92,33,10,0,0,1,67,2,1,5,0,
3f0a92,33,11,0,0,1,1121,32,1,142,0,
3f0a92,33,12,0,0,1,1486,47,1,145,0,
3f0a92,33,13,0,0,1,1000,34,1,799,1,ValueError
3f0a92,33,14,0,0,1,1019,37,1,244,0,
3f0a92,33,15,0,0,1,180,6,1,100,0,
3f0a92,33,16,0,0,1,42,2,1,5,0,
3f0a92,33,17,0,0,1,1077,32,1,141,0,
3f0a92,33,18,0,0,1,98,4,1,17,0,
3f0a92,33,19,0,0,1,896,29,1,44,1,
3f0a92,33,20,0,0,1,38,2,1,303,1,NameError
3f0a92,33,21,1,0,0,0,0,0,0,0,
3f0a92,38,1,0,0,1,29,3,1,8,0,
3f0a92,38,2,0,0,1,41,3,1,8,0,
3f0a92,38,3,0,0,1,544,22,1,5,0,
3f0a92,38,4,0,0,1,103,3,1,45,0,
3f0a92,38,5,0,0,1,566,24,1,2,0,
3f0a92,38,6,0,0,1,19,1,1,2,0,
3f0a92,38,7,0,0,1,92,3,1,10,0,
3f0a92,38,8,0,0,1,837,32,1,4,0,
3f0a92,38,9,0,0,1,583,23,1,113,0,
3f0a92,38,10,0,0,1,116,4,1,19,0,
3f0a92,38,11,0,0,1,201,8,1,233,0,
3f0a92,38,12,0,0,1,444,20,1,122,0,
3f0a92,38,13,0,0,1,225,8,1,138,0,
3f0a92,38,14,0,0,1,504,21,1,5,0,
3f0a92,38,15,0,0,1,606,19,1,20,0,
3f0a92,38,16,0,0,1,605,19,1,23,0,
3f0a92,38,17,0,0,1,589,22,1,46,0,
3f0a92,38,18,0,0,1,32,1,1,50,0,
3f0a92,38,19,0,0,1,32,1,1,54,0,
3f0a92,38,20,0,0,1,33,1,1,44,1,
3f0a92,38,21,0,0,1,21,2,1,8,0,
3f0a92,38,22,0,0,1,1902,49,1,40,0,
3f0a92,38,23,0,0,1,967,26,1,76,0,
3f0a92,38,24,0,0,1,126,4,1,36,0,
3f0a92,38,25,0,0,1,88,3,1,7,0,
3f0a92,38,26,0,0,1,88,3,1,7,0,
3f0a92,38,27,0,0,1,88,3,1,7,0,
3f0a92,38,28,0,0,1,88,3,1,7,0,
3f0a92,38,29,0,0,1,151,7,1,107,0,
3f0a92,38,30,0,0,1,91,3,1,5,0,
3f0a92,38,31,0,0,1,91,3,1,5,0,
3f0a92,38,32,0,0,1,91,3,1,5,0,
3f0a92,38,33,0,0,1,88,4,1,17,0,
3f0a92,38,34,0,0,1,291,10,1,45,0,
3f0a92,38,35,0,0,1,1116,39,1,45,0,
3f0a92,38,36,0,0,1,605,17,1,3,0,
3f0a92,38,37,0,0,1,43,2,1,312,1,NameError
3f0a92,38,38,0,0,1,855,33,1,9,0,
3f0a92,38,39,0,0,1,956,34,1,24,0,
3f0a92,38,40,0,0,1,75,4,1,8,0,
3f0a92,38,41,1,0,0,0,0,0,0,0,
3f0a92,28,1,0,0,1,29,3,1,8,0,
3f0a92,28,2,0,0,1,41,3,1,8,0,
3f0a92,28,3,0,0,1,13,1,1,1,0,
3f0a92,28,4,0,0,1,78,3,1,8,0,
3f0a92,28,5,0,0,1,14,1,1,8,0,
3f0a92,28,6,0,0,1,13,1,1,8,0,
3f0a92,28,7,0,0,1,268,1,1,45,0,
3f0a92,28,8,0,0,1,104,4,1,1,0,
3f0a92,28,9,0,0,1,495,20,1,151,0,
3f0a92,28,10,0,0,1,75,4,1,5,0,
3f0a92,28,11,0,0,1,1509,44,1,2,0,
3f0a92,28,12,0,0,1,2547,71,1,33,0,
3f0a92,28,13,0,0,1,1210,38,1,143,0,
3f0a92,28,14,0,0,1,770,29,1,2,0,
3f0a92,28,15,0,0,1,42,2,1,8,0,
3f0a92,28,16,0,0,1,1686,56,1,177,0,
3f0a92,28,17,0,0,1,47,2,1,2,0,
3f0a92,28,18,0,0,1,734,26,1,18,0,
3f0a92,28,19,0,0,1,92,3,1,46,0,
3f0a92,28,20,0,0,1,147,1,1,45,0,
3f0a92,28,21,0,0,1,69,1,1,45,0,
3f0a92,28,22,0,0,1,840,24,1,2,0,
3f0a92,28,23,0,0,1,1148,42,1,216,0,
3f0a92,28,24,0,0,1,32,2,1,8,0,
3f0a92,28,25,1,0,0,0,0,0,0,0,
3f0a92,42,1,0,0,1,29,3,1,8,0,
3f0a92,42,2,0,0,1,41,3,1,8,0,
3f0a92,42,3,0,0,1,501,20,1,5,0,
3f0a92,42,4,0,0,1,43,3,1,1,0,
3f0a92,42,5,0,0,1,109,4,1,45,0,
3f0a92,42,6,0,0,1,6,1,1,1,0,
3f0a92,42,7,0,0,1,27,3,1,8,0,
3f0a92,42,8,0,0,1,43,3,1,8,0,
3f0a92,42,9,0,0,1,23,3,1,8,0,
3f0a92,42,10,0,0,1,705,31,1,226,0,
3f0a92,42,11,0,0,1,383,17,1,42,0,
3f0a92,42,12,0,0,1,558,20,1,111,0,
3f0a92,42,13,0,0,1,1345,32,1,36,0,
3f0a92,42,14,0,0,1,454,18,1,52,0,
3f0a92,42,15,1,0,0,0,0,0,0,0,
3f0a92,39,1,0,0,1,29,3,1,8,0,
3f0a92,39,2,0,0,1,22,2,1,8,0,
3f0a92,39,3,0,0,1,47,3,1,8,0,
3f0a92,39,4,0,0,1,31,3,1,8,0,
3f0a92,39,5,0,0,1,532,21,1,106,0,
3f0a92,39,6,0,0,1,496,20,1,133,0,
3f0a92,39,7,0,0,1,32,3,1,8,0,
3f0a92,39,8,0,0,1,26,3,1,8,0,
3f0a92,39,9,0,0,1,1708,48,1,44,1,
3f0a92,39,10,0,0,1,588,1,1,45,0,
3f0a92,39,11,0,0,1,85,1,1,45,0,
3f0a92,39,12,0,0,1,65,2,1,45,0,
3f0a92,39,13,0,0,1,128,5,1,71,0,
3f0a92,39,14,0,0,1,1465,43,1,8,0,
3f0a92,39,15,0,0,1,32,2,1,8,0,
3f0a92,39,16,0,0,1,657,26,1,14,0,
3f0a92,39,17,0,0,1,94,4,1,8,0,
3f0a92,39,18,0,0,1,51,2,1,8,0,
3f0a92,39,19,0,0,1,19,1,1,4,0,
3f0a92,39,20,0,0,1,915,33,1,14,0,
3f0a92,39,21,0,0,1,1045,35,1,8,0,
3f0a92,39,22,0,0,1,492,18,1,4,0,
3f0a92,39,23,0,0,1,64,2,1,4,0,
3f0a92,39,24,0,0,1,640,14,1,45,0,
3f0a92,39,25,0,0,1,522,21,1,54,0,
3f0a92,39,26,0,0,1,29,3,1,8,0,
3f0a92,39,27,0,0,1,58,3,1,4,0,
3f0a92,39,28,0,0,1,934,28,1,29,0,
3f0a92,39,29,0,0,1,43,3,1,8,0,
3f0a92,39,30,1,0,0,0,0,0,0,0,
3f0a92,32,1,0,0,1,29,3,1,8,0,
3f0a92,32,2,0,0,1,47,3,1,8,0,
3f0a92,32,3,0,0,1,38,3,1,19,0,
3f0a92,32,4,0,0,1,107,3,1,8,0,
3f0a92,32,5,0,0,1,68,2,1,22,0,
3f0a92,32,6,0,0,1,35,3,1,10,0,
3f0a92,32,7,0,0,1,43,3,1,8,0,
3f0a92,32,8,0,0,1,1226,38,1,45,0,
3f0a92,32,9,0,0,1,761,31,1,154,0,
3f0a92,32,10,0,0,1,339,13,1,80,0,
3f0a92,32,11,0,0,1,272,13,1,129,0,
3f0a92,32,12,0,0,1,613,19,1,120,0,
3f0a92,32,13,0,0,1,127,5,1,63,0,
3f0a92,32,14,0,0,1,528,21,1,81,0,
3f0a92,32,15,0,0,1,497,21,1,140,0,
3f0a92,32,16,0,0,1,1247,38,1,44,0,
3f0a92,32,17,0,0,1,595,21,1,5,0,
3f0a92,32,18,0,0,1,510,20,1,37,0,
3f0a92,32,19,0,0,1,249,12,1,207,0,
3f0a92,32,20,0,0,1,217,9,1,46,0,
3f0a92,32,21,0,0,1,569,20,1,45,0,
3f0a92,32,22,0,0,1,1273,35,1,66,0,
3f0a92,32,23,0,0,1,27,3,1,8,0,
3f0a92,32,24,0,0,1,231,8,1,132,0,
3f0a92,32,25,0,0,1,79,5,1,22,0,
3f0a92,32,26,0,0,1,29,3,1,8,0,
3f0a92,32,27,0,0,1,29,3,1,8,0,
3f0a92,32,28,0,0,1,10,1,1,8,0,
3f0a92,32,29,0,0,1,55,5,1,8,0,
3f0a92,32,30,0,0,1,18,3,1,8,0,
3f0a92,32,31,0,0,1,33,3,1,8,0,
3f0a92,32,32,1,0,0,0,0,0,0,0,
3f0a92,31,1,0,0,1,29,3,1,8,0,
3f0a92,31,2,0,0,1,29,3,1,8,0,
3f0a92,31,3,0,0,1,7,1,1,1,0,
3f0a92,31,4,0,0,1,409,17,1,5,0,
3f0a92,31,5,0,0,1,199,9,1,2,0,
3f0a92,31,6,0,0,1,43,3,1,8,0,
3f0a92,31,7,0,0,1,59,4,1,8,0,
3f0a92,31,8,0,0,1,17,1,1,8,0,
3f0a92,31,9,0,0,1,19,1,1,4,0,
3f0a92,31,10,0,0,1,483,19,1,10,0,
3f0a92,31,11,0,0,1,98,4,1,5,0,
3f0a92,31,12,0,0,1,93,4,1,5,0,
3f0a92,31,13,0,0,1,481,19,1,76,0,
3f0a92,31,14,0,0,1,445,17,1,64,0,
3f0a92,31,15,0,0,1,104,4,1,44,1,
3f0a92,31,16,0,0,1,74,4,1,8,0,
3f0a92,31,17,0,0,1,28,2,1,8,0,
3f0a92,31,18,0,0,1,348,14,1,552,1,NameError
3f0a92,31,19,0,0,1,348,14,1,21,0,
3f0a92,31,20,0,0,1,384,18,1,130,0,
3f0a92,31,21,0,0,1,81,4,1,5,0,
3f0a92,31,22,0,0,1,2595,67,1,842,1,AssertionError
3f0a92,31,23,0,0,1,842,30,1,146,0,
3f0a92,31,24,0,0,1,1799,61,1,167,0,
3f0a92,31,25,0,0,1,775,25,1,167,0,
3f0a92,31,26,0,0,1,831,30,1,87,0,
3f0a92,40,1,0,0,1,29,3,1,8,0,
3f0a92,40,2,0,0,1,29,3,1,8,0,
3f0a92,40,3,0,0,1,1072,37,1,87,0,
3f0a92,40,4,0,0,1,1470,43,1,33,0,
3f0a92,40,5,0,0,1,266,12,1,44,1,
3f0a92,40,6,0,0,1,1303,41,1,14,0,
3f0a92,40,7,0,0,1,64,4,1,17,0,
3f0a92,40,8,0,0,1,851,30,1,22,0,
3f0a92,40,9,0,0,1,2175,59,1,45,0,
3f0a92,40,10,0,0,1,302,12,1,49,0,
3f0a92,40,11,0,0,1,1767,56,1,34,0,
3f0a92,40,12,0,0,1,20,3,1,8,0,
3f0a92,40,13,0,0,1,21,3,1,8,0,
3f0a92,40,14,0,0,1,1024,34,1,87,0,
3f0a92,30,1,0,0,1,29,3,1,8,0,
3f0a92,30,2,0,0,1,41,3,1,8,0,
3f0a92,30,3,0,0,1,29,3,1,8,0,
3f0a92,30,4,0,0,1,9,1,1,8,0,
3f0a92,30,5,0,0,1,9,1,1,8,0,
3f0a92,30,6,0,0,1,336,1,1,45,0,
3f0a92,30,7,0,0,1,220,14,1,10,0,
3f0a92,30,8,0,0,1,37,1,1,5,0,
3f0a92,30,9,0,0,1,314,14,1,153,0,
3f0a92,30,10,0,0,1,417,18,1,4,0,
3f0a92,30,11,0,0,1,363,17,1,1,0,
3f0a92,30,12,0,0,1,413,17,1,74,0,
3f0a92,30,13,0,0,1,246,8,1,45,0,
3f0a92,30,14,0,0,1,1492,37,1,74,0,
3f0a92,30,15,0,0,1,237,8,1,99,0,
3f0a92,30,16,0,0,1,93,3,1,130,0,
3f0a92,30,17,0,0,1,39,3,1,11,0,
3f0a92,30,18,0,0,1,53,3,1,8,0,
3f0a92,30,19,0,0,1,2213,53,1,27,0,
3f0a92,30,20,0,0,1,118,5,1,26,0,
3f0a92,30,21,0,0,1,1184,35,1,310,0,
3f0a92,30,22,0,0,1,1376,43,1,679,1,TypeError
3f0a92,30,23,0,0,1,146,2,1,1538,0,
3f0a92,30,24,0,0,1,1544,45,1,87,0,
3f0a92,43,1,0,0,1,38,3,1,19,0,
3f0a92,43,2,0,0,1,29,3,1,8,0,
3f0a92,43,3,0,0,1,7,1,1,1,0,
3f0a92,43,4,0,0,1,600,23,1,10,0,
3f0a92,43,5,0,0,1,126,3,1,92,0,
3f0a92,43,6,0,0,1,369,16,1,5,0,
3f0a92,43,7,0,0,1,1940,55,1,44,1,
3f0a92,43,8,0,0,1,101,3,1,45,0,
3f0a92,43,9,0,0,1,1118,35,1,574,1,NameError
3f0a92,43,10,0,0,1,1038,41,1,86,0,
3f0a92,43,11,0,0,1,2489,77,1,44,1,
3f0a92,43,12,0,0,1,725,26,1,403,1,NameError
3f0a92,43,13,0,0,1,2323,83,1,37,0,
3f0a92,43,14,0,0,1,1410,44,1,4,0,
3f0a92,43,15,0,0,1,45,3,1,44,1,
3f0a92,43,16,0,0,1,423,18,1,368,1,NameError
3f0a92,43,17,0,0,1,110,6,1,4,0,
3f0a92,43,18,0,0,1,36,2,1,4,0,
3f0a92,43,19,0,0,1,9,1,1,192,0,
3f0a92,43,20,0,0,1,390,14,1,671,1,NameError
3f0a92,43,21,0,0,1,1210,44,1,624,1,NameError
3f0a92,43,22,0,0,1,484,20,1,323,0,
3f0a92,43,23,0,0,1,217,9,1,191,0,
3f0a92,43,24,0,0,1,224,10,1,15,0,
3f0a92,43,25,0,0,1,107,6,1,31,0,
3f0a92,43,26,0,0,1,3016,103,1,106,0,
3f0a92,43,27,0,0,1,989,30,1,157,1,
a7b83d,16,1,0,0,1,114,6,1,68,0,
a7b83d,16,2,0,0,1,74,2,1,17,0,
a7b83d,16,3,0,0,1,145,5,1,182,0,
a7b83d,16,4,0,0,1,28,1,1,4,0,
a7b83d,21,1,0,0,1,354,19,1,11,0,
a7b83d,21,2,0,0,1,52,2,1,239,0,
a7b83d,21,3,0,0,1,263,14,1,5,0,
a7b83d,17,1,0,0,1,121,7,1,6,0,
a7b83d,17,2,0,0,1,69,4,1,6,0,
a7b83d,17,3,0,0,1,87,2,1,4,0,
a7b83d,17,4,0,0,1,201,11,1,11,0,
a7b83d,12,1,0,0,1,101,4,1,7,0,
a7b83d,9,1,0,0,1,222,14,1,11,0,
a7b83d,9,2,0,0,1,155,6,1,8,0,
a7b83d,9,3,0,0,1,27,3,1,4,0,
a7b83d,1,1,0,0,1,392,19,1,11,0,
a7b83d,1,2,0,0,1,149,3,1,16,0,
a7b83d,20,1,0,0,1,370,19,1,16,0,
a7b83d,20,2,0,0,1,114,5,1,11,0,
a7b83d,20,3,0,0,1,469,15,1,30,0,
a7b83d,20,4,0,0,1,515,20,1,36,0,
a7b83d,18,1,0,0,1,359,17,1,11,0,
a7b83d,18,2,0,0,1,197,8,1,8,0,
a7b83d,22,1,0,0,1,97,1,1,45,0,
a7b83d,22,2,0,0,1,470,18,1,57,0,
a7b83d,8,1,0,0,1,110,6,1,6,0,
a7b83d,8,2,0,0,1,13,1,1,20,0,
a7b83d,8,3,0,0,1,53,5,1,6,0,
a7b83d,8,4,0,0,1,85,3,1,4,0,
a7b83d,8,5,0,0,1,681,29,1,18,0,
a7b83d,13,1,0,0,1,554,20,1,19,0,
a7b83d,13,2,0,0,1,803,29,1,16,0,
a7b83d,13,3,0,0,1,377,15,1,416,0,
a7b83d,13,4,0,0,1,49,2,1,19,0,
a7b83d,13,5,1,0,0,0,0,0,0,0,
a7b83d,15,1,0,0,1,318,18,1,11,0,
a7b83d,15,2,0,0,1,175,6,1,8,0,
a7b83d,15,3,0,0,1,133,6,1,76,0,
a7b83d,15,4,0,0,1,78,2,1,3,0,
a7b83d,15,5,0,0,1,46,2,1,4,0,
a7b83d,6,1,0,0,1,234,16,1,11,0,
a7b83d,6,2,0,0,1,433,18,1,28,0,
a7b83d,6,3,0,0,1,208,7,1,149,0,
a7b83d,6,4,0,0,1,250,11,1,9,0,
a7b83d,3,1,0,0,1,129,5,1,31,0,
a7b83d,3,2,0,0,1,73,3,1,81,0,
a7b83d,3,3,0,0,1,151,4,1,3,0,
a7b83d,3,4,0,0,1,216,8,1,9,0,
a7b83d,3,5,0,0,1,197,11,1,11,0,
a7b83d,3,6,0,0,1,103,4,1,4,0,
a7b83d,11,1,0,0,1,772,30,1,437,0,
a7b83d,11,2,0,0,1,701,26,1,81,0,
a7b83d,14,1,0,0,1,108,4,1,9,0,
a7b83d,14,2,0,0,1,698,19,1,122,0,
a7b83d,14,3,0,0,1,1384,31,1,226,0,
a7b83d,14,4,1,0,0,0,0,0,0,0,
a7b83d,7,1,0,0,1,272,14,1,16,0,
a7b83d,7,2,0,0,1,116,5,1,11,0,
a7b83d,7,3,0,0,1,47,4,1,17,0,
a7b83d,7,4,0,0,1,140,7,1,91,0,
a7b83d,7,5,0,0,1,54,2,1,158,0,
a7b83d,7,6,0,0,1,188,10,1,16,0,
a7b83d,7,7,0,0,1,683,20,1,61,0,
a7b83d,7,8,0,0,1,266,14,1,49,0,
a7b83d,7,9,0,0,1,592,19,1,44,1,
a7b83d,7,10,0,0,1,594,19,1,598,1,NameError
a7b83d,7,11,0,0,1,430,15,1,61,0,
a7b83d,23,1,0,0,1,672,22,1,49,0,
a7b83d,23,2,0,0,1,515,21,1,82,0,
a7b83d,23,3,0,0,1,486,18,1,229,0,
a7b83d,23,4,0,0,1,436,22,1,11,0,
a7b83d,23,5,0,0,1,1696,46,1,879,1,NameError
a7b83d,23,6,0,0,1,1040,38,1,34,0,
a7b83d,5,1,0,0,1,109,5,1,11,0,
a7b83d,5,2,0,0,1,672,24,1,644,1,NameError
a7b83d,5,3,0,0,1,499,17,1,309,0,
a7b83d,5,4,0,0,1,101,5,1,80,0,
a7b83d,5,5,0,0,1,60,2,1,56,0,
a7b83d,5,6,0,0,1,115,4,1,37,0,
a7b83d,5,7,0,0,1,39,1,1,3,0,
a7b83d,19,1,0,0,1,124,7,1,6,0,
a7b83d,19,2,0,0,1,85,5,1,6,0,
a7b83d,19,3,0,0,1,115,6,1,4,0,
a7b83d,19,4,0,0,1,256,12,1,6,0,
a7b83d,19,5,0,0,1,180,6,1,3,0,
a7b83d,19,6,0,0,1,64,3,1,3,0,
a7b83d,19,7,0,0,1,477,20,1,85,0,
a7b83d,19,8,0,0,1,294,12,1,44,1,
a7b83d,19,9,0,0,1,294,12,1,398,1,NameError
a7b83d,19,10,0,0,1,361,13,1,85,0,
a7b83d,2,1,0,0,1,772,21,1,122,0,
a7b83d,2,2,0,0,1,461,22,1,146,0,
a7b83d,2,3,0,0,1,1316,42,1,16,0,
a7b83d,4,1,0,0,1,139,5,1,31,0,
a7b83d,4,2,0,0,1,77,3,1,81,0,
a7b83d,4,3,0,0,1,119,3,1,19,0,
a7b83d,4,4,0,0,1,681,27,1,82,0,
a7b83d,4,5,0,0,1,202,11,1,5,0,
a7b83d,4,6,0,0,1,348,19,1,11,0,
a7b83d,4,7,0,0,1,694,22,1,83,0,
a7b83d,4,8,0,0,1,157,5,1,45,0,
a7b83d,24,1,0,0,1,690,23,1,560,0,
a7b83d,24,2,0,0,1,131,6,1,45,0,
a7b83d,24,3,0,0,1,703,21,1,74,0,
a7b83d,24,4,0,0,1,8,1,1,1,0,
a7b83d,24,5,0,0,1,1156,38,1,285,0,
a7b83d,24,6,0,0,1,209,9,1,62,0,
a7b83d,24,7,0,0,1,25,1,1,1693,1,ValueError
a7b83d,24,8,0,0,1,357,10,1,69,0,
a7b83d,10,1,0,0,1,469,17,1,72,0,
a7b83d,10,2,0,0,1,102,5,1,20,0,
a7b83d,10,3,0,0,1,418,18,1,57,0,
a7b83d,10,4,0,0,1,424,16,1,116,0,
a7b83d,10,5,0,0,1,486,19,1,79,0,
a7b83d,10,6,0,0,1,117,5,1,156,0,
0c55f3,1,1,0,0,1,104,1,1,45,0,
0c55f3,1,2,0,0,1,818,36,1,2,0,
0c55f3,1,3,0,0,1,1285,34,1,148,0,
0c55f3,1,4,0,0,1,14,1,1,1,0,
0c55f3,1,5,0,0,1,232,6,1,133,0,
0c55f3,1,6,0,0,1,897,22,1,2,0,
0c55f3,1,7,0,0,1,565,24,1,2,0,
0c55f3,23,1,0,0,1,93,1,1,45,0,
0c55f3,23,2,0,0,1,1139,49,1,422,0,
0c55f3,23,3,0,0,1,215,2,1,45,0,
0c55f3,23,4,0,0,1,34,1,1,45,0,
0c55f3,23,5,0,0,1,102,3,1,351,0,
0c55f3,23,6,0,0,1,957,26,1,11,0,
0c55f3,23,7,0,0,1,189,8,1,2,0,
0c55f3,23,8,0,0,1,806,25,1,36,0,
0c55f3,23,9,0,0,1,84,1,1,45,0,
0c55f3,23,10,0,0,1,442,16,1,2,0,
0c55f3,23,11,0,0,1,861,26,1,5,0,
0c55f3,15,1,0,0,1,479,18,1,144,0,
0c55f3,15,2,0,0,1,219,1,1,45,0,
0c55f3,15,3,0,0,1,1218,27,1,45,0,
0c55f3,15,4,0,0,1,849,27,1,4,0,
0c55f3,15,5,0,0,1,283,11,1,2,0,
0c55f3,15,6,0,0,1,774,31,1,2,0,
0c55f3,8,1,0,0,1,1064,32,1,142,0,
0c55f3,8,2,0,0,1,86,1,1,42,0,
0c55f3,8,3,0,0,1,163,1,1,45,0,
0c55f3,8,4,0,0,1,561,14,1,42,0,
0c55f3,8,5,0,0,1,1479,36,1,45,0,
0c55f3,8,6,0,0,1,794,27,1,11,0,
0c55f3,8,7,0,0,1,249,11,1,2,0,
0c55f3,8,8,0,0,1,750,27,1,2,0,
0c55f3,8,9,0,0,1,83,3,1,2,0,
0c55f3,8,10,0,0,1,91,3,1,2,0,
0c55f3,8,11,0,0,1,99,3,1,2,0,
0c55f3,3,1,0,0,1,102,1,1,45,0,
0c55f3,3,2,0,0,1,718,26,1,62,0,
0c55f3,3,3,0,0,1,129,1,1,45,0,
0c55f3,3,4,0,0,1,34,1,1,45,0,
0c55f3,3,5,0,0,1,439,16,1,1,0,
0c55f3,3,6,0,0,1,1095,22,1,45,0,
0c55f3,3,7,0,0,1,946,32,1,2,0,
0c55f3,3,8,0,0,1,51,1,1,3,0,
0c55f3,3,9,0,0,1,51,1,1,2,0,
0c55f3,3,10,0,0,1,235,10,1,149,0,
0c55f3,3,11,0,0,1,366,11,1,62,0,
0c55f3,3,12,0,0,1,192,4,1,5,0,
0c55f3,24,1,0,0,1,679,23,1,43,0,
0c55f3,24,2,0,0,1,220,1,1,45,0,
0c55f3,24,3,0,0,1,188,1,1,45,0,
0c55f3,24,4,0,0,1,2100,42,1,3,0,
0c55f3,24,5,0,0,1,652,24,1,2,0,
0c55f3,24,6,0,0,1,1116,33,1,2,0,
0c55f3,24,7,0,0,1,979,31,1,2,0,
0c55f3,24,8,0,0,1,469,18,1,57,0,
0c55f3,24,9,0,0,1,1053,33,1,2,0,
0c55f3,4,1,0,0,1,358,17,1,27,0,
0c55f3,4,2,0,0,1,34,2,1,27,0,
0c55f3,4,3,0,0,1,34,2,1,26,0,
0c55f3,4,4,0,0,1,1579,46,1,3,0,
0c55f3,4,5,0,0,1,827,26,1,7,0,
0c55f3,4,6,0,0,1,876,22,1,7,0,
0c55f3,4,7,0,0,1,807,22,1,5,0,
0c55f3,4,8,0,0,1,773,20,1,37,0,
0c55f3,4,9,0,0,1,114,3,1,2,0,
0c55f3,4,10,0,0,1,709,21,1,45,0,
0c55f3,4,11,0,0,1,81,2,1,32,0,
0c55f3,4,12,0,0,1,38,1,1,2,0,
0c55f3,4,13,0,0,1,37,1,1,2,0,
0c55f3,4,14,0,0,1,425,14,1,2,0,
0c55f3,4,15,0,0,1,314,12,1,2,0,
0c55f3,4,16,0,0,1,2566,60,1,2,0,
0c55f3,4,17,0,0,1,1615,43,1,546,1,NameError
0c55f3,4,18,0,0,1,47,2,1,32,0,
0c55f3,9,1,0,0,1,774,28,1,57,0,
0c55f3,9,2,0,0,1,237,1,1,45,0,
0c55f3,9,3,0,0,1,34,1,1,45,0,
0c55f3,9,4,0,0,1,354,13,1,1,0,
0c55f3,9,5,0,0,1,1390,32,1,5,0,
0c55f3,9,6,0,0,1,546,18,1,5,0,
0c55f3,9,7,0,0,1,33,1,1,5,0,
0c55f3,9,8,0,0,1,351,13,1,2,0,
0c55f3,9,9,0,0,1,317,11,1,55,0,
0c55f3,9,10,0,0,1,2240,46,1,2,0,
0c55f3,9,11,0,0,1,283,9,1,12,0,
0c55f3,9,12,0,0,1,334,13,1,8,0,
0c55f3,9,13,0,0,1,1167,31,1,10,0,
0c55f3,9,14,0,0,1,835,22,1,32,0,
0c55f3,9,15,0,0,1,3276,84,1,2,0,
0c55f3,9,16,0,0,1,814,26,1,2,0,
0c55f3,9,17,0,0,1,681,27,1,2,0,
0c55f3,7,1,0,0,1,645,23,1,57,0,
0c55f3,7,2,0,0,1,226,1,1,45,0,
0c55f3,7,3,0,0,1,34,1,1,45,0,
0c55f3,7,4,0,0,1,1556,43,1,2,0,
0c55f3,7,5,0,0,1,972,33,1,3,0,
0c55f3,7,6,0,0,1,6,1,1,18,0,
0c55f3,7,7,0,0,1,1248,39,1,6,0,
0c55f3,7,8,0,0,1,908,33,1,5,0,
0c55f3,7,9,0,0,1,1070,37,1,6,0,
0c55f3,7,10,0,0,1,1108,32,1,622,1,ValueError
0c55f3,7,11,0,0,1,159,6,1,94,0,
0c55f3,7,12,0,0,1,488,15,1,66,0,
0c55f3,7,13,0,0,1,3106,61,1,2,0,
0c55f3,7,14,0,0,1,1237,35,1,1,0,
0c55f3,7,15,0,0,1,1349,37,1,1,0,
0c55f3,7,16,0,0,1,95,2,1,1,0,
0c55f3,7,17,0,0,1,104,2,1,1,0,
0c55f3,7,18,0,0,1,141,4,1,4,0,
0c55f3,7,19,0,0,1,86,2,1,2,0,
0c55f3,7,20,0,0,1,1654,40,1,5,0,
0c55f3,7,21,0,0,1,1216,50,1,2,0,
0c55f3,14,1,0,0,1,139,6,1,26,0,
0c55f3,14,2,0,0,1,77,2,1,22,0,
0c55f3,14,3,0,0,1,90,2,1,17,0,
0c55f3,14,4,0,0,1,104,2,1,15,0,
0c55f3,14,5,0,0,1,164,1,1,45,0,
0c55f3,14,6,0,0,1,1723,43,1,2,0,
0c55f3,14,7,0,0,1,666,23,1,1,0,
0c55f3,14,8,0,0,1,584,16,1,2,0,
0c55f3,14,9,0,0,1,53,2,1,2,0,
0c55f3,14,10,0,0,1,419,17,1,32,0,
0c55f3,14,11,0,0,1,922,33,1,69,0,
0c55f3,14,12,0,0,1,349,7,1,8,0,
0c55f3,14,13,0,0,1,425,11,1,111,0,
0c55f3,11,1,0,0,1,822,32,1,62,0,
0c55f3,11,2,0,0,1,189,1,1,45,0,
0c55f3,11,3,0,0,1,978,30,1,11,0,
0c55f3,11,4,0,0,1,159,5,1,2,0,
0c55f3,11,5,0,0,1,941,31,1,2,0,
0c55f3,11,6,0,0,1,993,41,1,20,0,
0c55f3,11,7,0,0,1,181,7,1,32,0,
0c55f3,11,8,0,0,1,1208,33,1,15,0,
0c55f3,11,9,0,0,1,116,5,1,99,0,
0c55f3,11,10,0,0,1,52,2,1,12,0,
0c55f3,11,11,0,0,1,90,3,1,14,0,
0c55f3,11,12,0,0,1,176,6,1,96,0,
0c55f3,17,1,0,0,1,816,26,1,62,0,
0c55f3,17,2,0,0,1,278,1,1,45,0,
0c55f3,17,3,0,0,1,234,1,1,45,0,
0c55f3,17,4,0,0,1,295,14,1,1,0,
0c55f3,17,5,0,0,1,828,27,1,5,0,
0c55f3,17,6,0,0,1,179,7,1,2,0,
0c55f3,17,7,0,0,1,718,24,1,2,0,
0c55f3,17,8,0,0,1,500,20,1,2,0,
0c55f3,17,9,0,0,1,9,1,1,2,0,
0c55f3,17,10,0,0,1,249,9,1,65,0,
0c55f3,17,11,0,0,1,1395,41,1,3,0,
0c55f3,17,12,0,0,1,967,31,1,2,0,
0c55f3,17,13,0,0,1,288,11,1,2,0,
0c55f3,17,14,0,0,1,164,5,1,2,0,
0c55f3,17,15,0,0,1,189,6,1,2,0,
0c55f3,17,16,0,0,1,123,3,1,330,0,
0c55f3,17,17,0,0,1,73,3,1,10,0,
0c55f3,17,18,0,0,1,206,10,1,27,0,
0c55f3,17,19,0,0,1,25,1,1,4,0,
0c55f3,17,20,0,0,1,55,2,1,4,0,
0c55f3,17,21,0,0,1,164,5,1,2,0,
0c55f3,17,22,0,0,1,20,1,1,4,0,
0c55f3,17,23,0,0,1,74,2,1,2,0,
0c55f3,17,24,0,0,1,31,1,1,326,0,
0c55f3,17,25,0,0,1,74,2,1,5,0,
0c55f3,17,26,0,0,1,231,9,1,64,0,
0c55f3,17,27,0,0,1,85,5,1,189,0,
0c55f3,17,28,0,0,1,29,1,1,5,0,
0c55f3,17,29,0,0,1,522,19,1,459,0,
0c55f3,17,30,0,0,1,416,12,1,4,0,
0c55f3,17,31,0,0,1,278,14,1,209,0,
0c55f3,17,32,0,0,1,645,21,1,4,0,
0c55f3,17,33,0,0,1,174,7,1,3,0,
0c55f3,17,34,0,0,1,332,11,1,21,0,
0c55f3,17,35,0,0,1,40,2,1,3,0,
0c55f3,17,36,0,0,1,773,28,1,45,0,
0c55f3,17,37,0,0,1,129,5,1,606,0,
0c55f3,17,38,0,0,1,559,19,1,4,0,
0c55f3,17,39,0,0,1,174,7,1,2,0,
0c55f3,17,40,0,0,1,264,9,1,65,0,
0c55f3,17,41,0,0,1,1025,35,1,51,0,
0c55f3,2,1,0,0,1,698,26,1,62,0,
0c55f3,2,2,0,0,1,1550,36,1,45,0,
0c55f3,2,3,0,0,1,597,19,1,9,0,
0c55f3,2,4,0,0,1,290,11,1,3,0,
0c55f3,2,5,0,0,1,98,2,1,4,0,
0c55f3,2,6,0,0,1,726,20,1,5,0,
0c55f3,2,7,0,0,1,35,2,1,2,0,
0c55f3,2,8,0,0,1,696,25,1,2,0,
0c55f3,2,9,0,0,1,274,11,1,37,0,
0c55f3,2,10,0,0,1,241,10,1,2,0,
0c55f3,2,11,0,0,1,1053,36,1,6,0,
0c55f3,2,12,0,0,1,535,19,1,2,0,
0c55f3,2,13,0,0,1,58,2,1,2,0,
0c55f3,2,14,0,0,1,1944,33,1,45,0,
0c55f3,2,15,0,0,1,1047,38,1,2,0,
0c55f3,2,16,0,0,1,1461,50,1,2,0,
0c55f3,2,17,0,0,1,60,2,1,34,0,
0c55f3,13,1,0,0,1,186,1,1,45,0,
0c55f3,13,2,0,0,1,1080,37,1,148,0,
0c55f3,13,3,0,0,1,682,19,1,45,0,
0c55f3,13,4,0,0,1,580,17,1,11,0,
0c55f3,13,5,0,0,1,157,6,1,835,0,
0c55f3,13,6,0,0,1,626,19,1,837,0,
0c55f3,13,7,0,0,1,436,12,1,9,0,
0c55f3,13,8,0,0,1,605,17,1,51,0,
0c55f3,13,9,0,0,1,654,23,1,2,0,
0c55f3,13,10,0,0,1,576,19,1,2,0,
0c55f3,13,11,0,0,1,750,21,1,2,0,
0c55f3,13,12,0,0,1,782,24,1,2,0,
0c55f3,13,13,0,0,1,1198,33,1,2,0,
0c55f3,13,14,0,0,1,674,20,1,26,0,
0c55f3,13,15,0,0,1,632,19,1,51,0,
0c55f3,13,16,0,0,1,68,2,1,26,0,
0c55f3,13,17,0,0,1,108,3,1,2,0,
0c55f3,13,18,0,0,1,130,3,1,2,0,
0c55f3,18,1,0,0,1,687,25,1,131,0,
0c55f3,18,2,0,0,1,621,27,1,1,0,
0c55f3,18,3,0,0,1,843,20,1,45,0,
0c55f3,18,4,0,0,1,746,22,1,190,0,
0c55f3,18,5,0,0,1,176,7,1,2,0,
0c55f3,18,6,0,0,1,1035,25,1,1,0,
0c55f3,18,7,0,0,1,697,14,1,2,0,
0c55f3,18,8,0,0,1,520,14,1,554,1,TypeError
0c55f3,18,9,0,0,1,219,3,1,45,0,
0c55f3,18,10,0,0,1,389,13,1,20,0,
0c55f3,18,11,0,0,1,538,14,1,521,1,NameError
0c55f3,18,12,0,0,1,455,13,1,471,1,KeyError
0c55f3,18,13,0,0,1,54,2,1,20,0,
0c55f3,18,14,0,0,1,19,1,1,9,0,
0c55f3,18,15,0,0,1,710,19,1,2,0,
0c55f3,18,16,0,0,1,3480,71,1,1098,1,AttributeError
0c55f3,18,17,0,0,1,63,2,1,326,1,IndexError
0c55f3,18,18,0,0,1,46,2,1,2,0,
0c55f3,18,19,0,0,1,46,2,1,44,0,
0c55f3,18,20,0,0,1,30,2,1,16,0,
0c55f3,18,21,0,0,1,976,34,1,2,0,
0c55f3,18,22,0,0,1,365,14,1,107,0,
0c55f3,18,23,0,0,1,29,2,1,4,0,
0c55f3,18,24,0,0,1,30,2,1,4,0,
0c55f3,18,25,0,0,1,485,18,1,2,0,
0c55f3,18,26,0,0,1,1071,28,1,1,0,
0c55f3,18,27,0,0,1,237,4,1,1,0,
0c55f3,18,28,0,0,1,1540,41,1,2,0,
0c55f3,18,29,0,0,1,808,21,1,1,0,
0c55f3,18,30,0,0,1,1539,46,1,45,0,
0c55f3,18,31,0,0,1,52,1,1,2,0,
0c55f3,18,32,0,0,1,347,14,1,102,0,
0c55f3,18,33,0,0,1,223,8,1,112,0,
0c55f3,18,34,0,0,1,50,2,1,334,0,
0c55f3,18,35,0,0,1,73,3,1,44,0,
0c55f3,18,36,0,0,1,590,15,1,701,1,AttributeError
0c55f3,18,37,0,0,1,27,1,1,9,0,
0c55f3,18,38,0,0,1,541,16,1,2,0,
0c55f3,22,1,0,0,1,172,8,1,17,0,
0c55f3,22,2,0,0,1,126,4,1,22,0,
0c55f3,22,3,0,0,1,103,3,1,26,0,
0c55f3,22,4,0,0,1,886,34,1,2,0,
0c55f3,22,5,0,0,1,659,14,1,45,0,
0c55f3,22,6,0,0,1,585,16,1,5,0,
0c55f3,22,7,0,0,1,284,11,1,2,0,
0c55f3,22,8,0,0,1,606,22,1,2,0,
0c55f3,22,9,0,0,1,690,23,1,2,0,
0c55f3,22,10,0,0,1,992,27,1,369,1,NameError
0c55f3,22,11,0,0,1,656,20,1,32,0,
0c55f3,22,12,0,0,1,509,7,1,45,0,
0c55f3,22,13,0,0,1,505,16,1,1,0,
0c55f3,22,14,0,0,1,723,18,1,2,0,
0c55f3,22,15,0,0,1,593,12,1,633,1,TypeError
0c55f3,22,16,0,0,1,770,24,1,721,1,KeyError
0c55f3,22,17,0,0,1,93,4,1,4,0,
0c55f3,22,18,0,0,1,596,20,1,2,0,
0c55f3,22,19,0,0,1,1372,35,1,901,1,TypeError
0c55f3,22,20,0,0,1,27,1,1,9,0,
0c55f3,22,21,0,0,1,1031,33,1,1070,1,AttributeError
0c55f3,22,22,0,0,1,55,2,1,44,0,
0c55f3,22,23,0,0,1,18,1,1,16,0,
0c55f3,22,24,0,0,1,42,2,1,38,0,
0c55f3,22,25,0,0,1,55,4,1,5,0,
0c55f3,22,26,0,0,1,930,27,1,2,0,
0c55f3,22,27,0,0,1,839,13,1,566,1,AttributeError
0c55f3,22,28,0,0,1,650,21,1,2,0,
0c55f3,22,29,0,0,1,2478,49,1,14,0,
0c55f3,21,1,0,0,1,881,30,1,56,0,
0c55f3,21,2,0,0,1,1325,41,1,9,0,
0c55f3,21,3,0,0,1,280,11,1,3,0,
0c55f3,21,4,0,0,1,827,24,1,1,0,
0c55f3,21,5,0,0,1,181,9,1,2,0,
0c55f3,21,6,0,0,1,275,7,1,4,0,
0c55f3,21,7,0,0,1,588,21,1,94,0,
0c55f3,21,8,0,0,1,847,28,1,2,0,
0c55f3,21,9,0,0,1,41,2,1,2,0,
0c55f3,21,10,0,0,1,208,7,1,19,0,
0c55f3,21,11,0,0,1,153,3,1,45,0,
0c55f3,21,12,0,0,1,2042,41,1,45,0,
0c55f3,21,13,0,0,1,42,1,1,315,1,NameError
0c55f3,21,14,0,0,1,612,19,1,2,0,
0c55f3,21,15,0,0,1,1099,23,1,2,0,
0c55f3,21,16,0,0,1,90,2,1,1,0,
0c55f3,21,17,1,0,0,0,0,0,0,0,
0c55f3,20,1,0,0,1,970,33,1,129,0,
0c55f3,20,2,0,0,1,249,6,1,96,0,
0c55f3,20,3,0,0,1,511,17,1,1,0,
0c55f3,20,4,0,0,1,819,23,1,5,0,
0c55f3,20,5,0,0,1,297,11,1,2,0,
0c55f3,20,6,0,0,1,38,2,1,2,0,
0c55f3,20,7,0,0,1,256,9,1,35,0,
0c55f3,20,8,0,0,1,283,9,1,2,0,
0c55f3,20,9,0,0,1,72,2,1,2,0,
0c55f3,20,10,0,0,1,110,4,1,2,0,
0c55f3,20,11,0,0,1,14,1,1,165,0,
0c55f3,20,12,0,0,1,746,26,1,4,0,
0c55f3,20,13,0,0,1,1661,51,1,13,0,
0c55f3,20,14,0,0,1,238,10,1,2,0,
0c55f3,20,15,0,0,1,1360,48,1,13,0,
0c55f3,20,16,0,0,1,225,9,1,2,0,
0c55f3,20,17,0,0,1,548,19,1,2,0,
0c55f3,20,18,0,0,1,72,2,1,2,0,
0c55f3,20,19,0,0,1,72,2,1,2,0,
0c55f3,20,20,0,0,1,251,9,1,2,0,
0c55f3,20,21,0,0,1,49,2,1,2,0,
0c55f3,20,22,0,0,1,62,2,1,2,0,
0c55f3,20,23,0,0,1,237,8,1,8,0,
0c55f3,20,24,0,0,1,84,3,1,31,0,
0c55f3,20,25,0,0,1,311,12,1,4,0,
0c55f3,20,26,0,0,1,1345,33,1,4,0,
0c55f3,20,27,0,0,1,314,13,1,27,0,
0c55f3,20,28,0,0,1,364,10,1,130,0,
0c55f3,20,29,0,0,1,130,5,1,13,0,
0c55f3,20,30,0,0,1,1028,39,1,463,0,
0c55f3,20,31,0,0,1,1511,56,1,2,0,
0c55f3,20,32,0,0,1,874,26,1,35,0,
0c55f3,20,33,0,0,1,1355,45,1,2,0,
0c55f3,20,34,0,0,1,206,8,1,103,0,
0c55f3,20,35,0,0,1,1250,42,1,27,0,
0c55f3,20,36,0,0,1,379,15,1,2,0,
0c55f3,20,37,0,0,1,1078,34,1,2,0,
0c55f3,6,1,0,0,1,121,1,1,45,0,
0c55f3,6,2,0,0,1,1112,48,1,133,0,
0c55f3,6,3,0,0,1,1001,35,1,2,0,
0c55f3,6,4,0,0,1,547,22,1,2,0,
0c55f3,6,5,0,0,1,364,11,1,55,0,
0c55f3,6,6,0,0,1,121,5,1,5,0,
0c55f3,6,7,0,0,1,1040,27,1,9,0,
0c55f3,6,8,0,0,1,808,23,1,2,0,
0c55f3,6,9,0,0,1,225,10,1,2,0,
0c55f3,6,10,0,0,1,60,3,1,10,0,
0c55f3,6,11,0,0,1,678,21,1,2,0,
0c55f3,6,12,0,0,1,34,2,1,5,0,
0c55f3,6,13,0,0,1,247,9,1,2,0,
0c55f3,6,14,0,0,1,214,8,1,2,0,
0c55f3,6,15,0,0,1,91,4,1,2,0,
0c55f3,6,16,0,0,1,473,15,1,5,0,
0c55f3,6,17,0,0,1,132,2,1,2,0,
0c55f3,6,18,0,0,1,258,9,1,2,0,
0c55f3,6,19,0,0,1,67,2,1,14,0,
0c55f3,6,20,0,0,1,100,4,1,35,0,
0c55f3,6,21,0,0,1,515,19,1,43,0,
0c55f3,6,22,0,0,1,176,9,1,211,0,
0c55f3,6,23,0,0,1,84,2,1,467,0,
0c55f3,6,24,0,0,1,46,2,1,10,0,
0c55f3,6,25,0,0,1,275,10,1,131,0,
0c55f3,6,26,0,0,1,474,15,1,462,0,
0c55f3,6,27,0,0,1,1283,37,1,2,0,
0c55f3,6,28,0,0,1,437,13,1,26,0,
0c55f3,6,29,0,0,1,961,35,1,5,0,
0c55f3,6,30,0,0,1,933,22,1,45,0,
0c55f3,6,31,0,0,1,1585,44,1,92,0,
0c55f3,6,32,0,0,1,396,17,1,1,0,
0c55f3,6,33,0,0,1,484,15,1,2,0,
0c55f3,6,34,0,0,1,103,3,1,2,0,
0c55f3,6,35,0,0,1,116,3,1,2,0,
0c55f3,6,36,0,0,1,127,3,1,2,0,
0c55f3,10,1,0,0,1,155,6,1,26,0,
0c55f3,10,2,0,0,1,136,5,1,17,0,
0c55f3,10,3,0,0,1,136,5,1,19,0,
0c55f3,10,4,0,0,1,138,5,1,15,0,
0c55f3,10,5,0,0,1,193,1,1,45,0,
0c55f3,10,6,0,0,1,135,1,1,45,0,
0c55f3,10,7,0,0,1,135,1,1,45,0,
0c55f3,10,8,0,0,1,28,1,1,45,0,
0c55f3,10,9,0,0,1,1357,44,1,1,0,
0c55f3,10,10,0,0,1,579,21,1,1,0,
0c55f3,10,11,0,0,1,605,21,1,2,0,
0c55f3,10,12,0,0,1,84,1,1,45,0,
0c55f3,10,13,0,0,1,488,17,1,2,0,
0c55f3,10,14,0,0,1,596,17,1,2,0,
0c55f3,10,15,0,0,1,69,2,1,2,0,
0c55f3,10,16,0,0,1,256,10,1,2,0,
0c55f3,10,17,0,0,1,72,1,1,45,0,
0c55f3,10,18,0,0,1,649,20,1,1,0,
0c55f3,10,19,0,0,1,371,9,1,4,0,
0c55f3,10,20,0,0,1,194,3,1,45,0,
0c55f3,10,21,0,0,1,24,1,1,1,0,
0c55f3,10,22,0,0,1,364,12,1,18,0,
0c55f3,10,23,0,0,1,354,10,1,2,0,
0c55f3,10,24,0,0,1,764,27,1,45,0,
0c55f3,10,25,0,0,1,112,2,1,57,0,
0c55f3,10,26,0,0,1,457,11,1,5,0,
0c55f3,10,27,0,0,1,1074,33,1,766,1,TypeError
0c55f3,10,28,0,0,1,905,31,1,2,0,
0c55f3,10,29,0,0,1,506,12,1,12,0,
0c55f3,10,30,0,0,1,410,11,1,2,0,
0c55f3,10,31,0,0,1,45,2,1,122,0,
0c55f3,10,32,0,0,1,281,9,1,1,0,
0c55f3,10,33,0,0,1,276,10,1,36,0,
0c55f3,10,34,0,0,1,314,9,1,2,0,
0c55f3,10,35,0,0,1,410,10,1,1,0,
0c55f3,10,36,0,0,1,443,11,1,1,0,
0c55f3,10,37,0,0,1,256,8,1,2,0,
0c55f3,10,38,0,0,1,276,6,1,20,0,
0c55f3,10,39,0,0,1,122,2,1,2,0,
0c55f3,10,40,0,0,1,232,8,1,1,0,
0c55f3,10,41,0,0,1,1117,25,1,45,0,
0c55f3,10,42,0,0,1,1091,32,1,2,0,
0c55f3,10,43,0,0,1,160,4,1,2,0,
0c55f3,10,44,0,0,1,972,29,1,23,0,
0c55f3,10,45,0,0,1,99,2,1,26,0,
0c55f3,10,46,0,0,1,99,2,1,26,0,
0c55f3,10,47,0,0,1,448,13,1,2,0,
0c55f3,10,48,0,0,1,145,4,1,2,0,
0c55f3,10,49,0,0,1,111,3,1,2,0,
0c55f3,10,50,0,0,1,69,2,1,2,0,
0c55f3,10,51,0,0,1,72,2,1,2,0,
0c55f3,10,52,0,0,1,73,2,1,2,0,
0c55f3,10,53,0,0,1,107,3,1,2,0,
0c55f3,10,54,0,0,1,120,2,1,26,0,
0c55f3,10,55,0,0,1,1155,41,1,1,0,
0c55f3,10,56,0,0,1,55,2,1,1,0,
0c55f3,10,57,0,0,1,741,21,1,17,0,
0c55f3,10,58,0,0,1,197,7,1,1,0,
0c55f3,10,59,0,0,1,64,2,1,1,0,
0c55f3,10,60,0,0,1,110,2,1,16,0,
0c55f3,10,61,0,0,1,195,7,1,1,0,
0c55f3,10,62,0,0,1,64,2,1,1,0,
0c55f3,10,63,0,0,1,110,2,1,23,0,
0c55f3,16,1,0,0,1,1228,38,1,241,0,
0c55f3,16,2,0,0,1,1733,47,1,3,0,
0c55f3,16,3,0,0,1,736,22,1,155,0,
0c55f3,16,4,0,0,1,612,21,1,2,0,
0c55f3,16,5,0,0,1,650,20,1,31,0,
0c55f3,16,6,0,0,1,1131,30,1,51,0,
0c55f3,16,7,0,0,1,749,21,1,1,0,
0c55f3,16,8,0,0,1,106,3,1,11,0,
0c55f3,16,9,0,0,1,500,16,1,24,0,
0c55f3,16,10,0,0,1,979,23,1,49,0,
0c55f3,16,11,0,0,1,326,6,1,22,0,
0c55f3,16,12,0,0,1,1440,28,1,1,0,
0c55f3,16,13,0,0,1,8,1,1,100,0,
0c55f3,16,14,0,0,1,659,22,1,2,0,
0c55f3,16,15,0,0,1,926,39,1,1,0,
0c55f3,16,16,0,0,1,1717,41,1,2,0,
0c55f3,16,17,0,0,1,1615,38,1,1,0,
0c55f3,16,18,0,0,1,99,2,1,2,0,
0c55f3,12,1,0,0,1,933,35,1,149,0,
0c55f3,12,2,0,0,1,266,1,1,45,0,
0c55f3,12,3,0,0,1,34,1,1,45,0,
0c55f3,12,4,0,0,1,306,12,1,1,0,
0c55f3,12,5,0,0,1,757,22,1,11,0,
0c55f3,12,6,0,0,1,198,7,1,2,0,
0c55f3,12,7,0,0,1,241,9,1,23,0,
0c55f3,12,8,0,0,1,883,26,1,23,0,
0c55f3,12,9,0,0,1,97,2,1,45,0,
0c55f3,12,10,0,0,1,94,2,1,39,0,
0c55f3,12,11,0,0,1,236,8,1,3,0,
0c55f3,12,12,0,0,1,1256,29,1,90,0,
0c55f3,12,13,0,0,1,1559,36,1,2,0,
0c55f3,12,14,0,0,1,10,1,1,125,0,
0c55f3,12,15,0,0,1,316,10,1,45,0,
0c55f3,12,16,0,0,1,1309,41,1,2,0,
0c55f3,12,17,0,0,1,740,21,1,2,0,
0c55f3,12,18,0,0,1,110,2,1,2,0,
0c55f3,12,19,0,0,1,203,3,1,2,0,
0c55f3,12,20,0,0,1,75,1,1,2,0,
0c55f3,12,21,0,0,1,75,1,1,2,0,
0c55f3,12,22,0,0,1,237,4,1,38,0,
0c55f3,12,23,0,0,1,276,8,1,2,0,
0c55f3,12,24,0,0,1,543,18,1,20,0,
0c55f3,12,25,0,0,1,404,10,1,5,0,
0c55f3,12,26,0,0,1,1034,32,1,2,0,
0c55f3,12,27,0,0,1,669,22,1,4,0,
0c55f3,12,28,0,0,1,108,2,1,4,0,
0c55f3,12,29,0,0,1,312,10,1,2,0,
0c55f3,12,30,0,0,1,42,1,1,2,0,
0c55f3,12,31,0,0,1,50,1,1,2,0,
0c55f3,12,32,0,0,1,41,1,1,2,0,
0c55f3,12,33,0,0,1,676,29,1,2,0,
0c55f3,12,34,0,0,1,1403,42,1,2,0,
0c55f3,12,35,0,0,1,259,10,1,2,0,
0c55f3,12,36,0,0,1,266,7,1,2,0,
0c55f3,12,37,0,0,1,50,1,1,2,0,
0c55f3,12,38,0,0,1,627,17,1,2,0,
0c55f3,12,39,0,0,1,195,7,1,2,0,
0c55f3,12,40,0,0,1,1169,28,1,2,0,
0c55f3,12,41,0,0,1,1637,48,1,2,0,
0c55f3,12,42,0,0,1,106,2,1,2,0,
0c55f3,12,43,0,0,1,832,19,1,87,0,
0c55f3,12,44,1,0,0,0,0,0,0,0,
0c55f3,5,1,0,0,1,740,23,1,57,0,
0c55f3,5,2,0,0,1,1299,32,1,45,0,
0c55f3,5,3,0,0,1,526,19,1,11,0,
0c55f3,5,4,0,0,1,181,7,1,2,0,
0c55f3,5,5,0,0,1,289,11,1,53,0,
0c55f3,5,6,0,0,1,697,26,1,2,0,
0c55f3,5,7,0,0,1,48,2,1,2,0,
0c55f3,5,8,0,0,1,2287,73,1,681,1,KeyError
0c55f3,5,9,0,0,1,190,6,1,45,0,
0c55f3,5,10,0,0,1,25,1,1,9,0,
0c55f3,5,11,0,0,1,1082,23,1,45,0,
0c55f3,5,12,0,0,1,2923,68,1,30,0,
0c55f3,5,13,0,0,1,2406,17,1,45,0,
0c55f3,5,14,0,0,1,991,28,1,42,0,
0c55f3,5,15,0,0,1,480,9,1,45,0,
0c55f3,5,16,0,0,1,54,2,1,50,0,
0c55f3,5,17,0,0,1,38,2,1,9,0,
0c55f3,5,18,0,0,1,342,11,1,2,0,
0c55f3,5,19,0,0,1,614,20,1,30,0,
0c55f3,5,20,0,0,1,58,2,1,488,0,
0c55f3,5,21,0,0,1,1391,36,1,2,0,
0c55f3,5,22,0,0,1,94,3,1,288,0,
0c55f3,5,23,0,0,1,558,18,1,666,1,KeyError
0c55f3,5,24,0,0,1,21,1,1,9,0,
0c55f3,5,25,0,0,1,535,18,1,2,0,
0c55f3,5,26,0,0,1,60,2,1,133,0,
0c55f3,5,27,0,0,1,2278,56,1,2,0,
0c55f3,5,28,0,0,1,160,6,1,13,0,
0c55f3,5,29,0,0,1,434,14,1,2,0,
0c55f3,5,30,1,0,0,0,0,0,0,0,
0c55f3,5,31,0,0,1,487,13,1,513,1,NameError
0c55f3,5,32,0,0,1,2070,72,1,2,0,
0c55f3,5,33,0,0,1,535,18,1,2,0,
0c55f3,5,34,0,0,1,824,22,1,440,0,
0c55f3,5,35,0,0,1,191,10,1,22,0,
0c55f3,5,36,0,0,1,277,10,1,143,0,
0c55f3,5,37,0,0,1,72,2,1,2,0,
0c55f3,5,38,0,0,1,145,3,1,71,0,
0c55f3,5,39,0,0,1,100,4,1,22,0,
0c55f3,5,40,0,0,1,134,4,1,33,0,
0c55f3,5,41,0,0,1,965,34,1,2,0,
0c55f3,5,42,0,0,1,796,27,1,24,0,
0c55f3,5,43,0,0,1,711,26,1,2,0,
0c55f3,5,44,0,0,1,70,2,1,2,0,
0c55f3,5,45,0,0,1,71,2,1,2,0,
0c55f3,5,46,0,0,1,876,30,1,2,0,
0c55f3,5,47,0,0,1,35,1,1,524,0,
0c55f3,5,48,0,0,1,285,10,1,44,0,
0c55f3,5,49,0,0,1,275,11,1,28,0,
0c55f3,5,50,0,0,1,659,23,1,1,0,
0c55f3,5,51,0,0,1,16,1,1,29,0,
0c55f3,5,52,0,0,1,430,15,1,954,0,
0c55f3,5,53,0,0,1,157,6,1,30,0,
0c55f3,5,54,0,0,1,66,2,1,142,0,
0c55f3,5,55,0,0,1,302,13,1,30,0,
0c55f3,5,56,0,0,1,802,24,1,28,0,
0c55f3,19,1,0,0,1,170,6,1,22,0,
0c55f3,19,2,0,0,1,151,5,1,26,0,
0c55f3,19,3,0,0,1,151,5,1,17,0,
0c55f3,19,4,0,0,1,170,1,1,45,0,
0c55f3,19,5,0,0,1,1415,44,1,3,0,
0c55f3,19,6,0,0,1,678,28,1,2,0,
0c55f3,19,7,0,0,1,971,42,1,5,0,
0c55f3,19,8,0,0,1,628,26,1,416,1,TypeError
0c55f3,19,9,0,0,1,124,4,1,377,1,TypeError
0c55f3,19,10,0,0,1,161,9,1,2,0,
0c55f3,19,11,0,0,1,949,35,1,3,0,
0c55f3,19,12,0,0,1,481,24,1,5,0,
0c55f3,19,13,0,0,1,148,6,1,3,0,
0c55f3,19,14,0,0,1,437,21,1,838,0,
0c55f3,19,15,0,0,1,819,34,1,18,0,
0c55f3,19,16,0,0,1,7,1,1,34,0,
0c55f3,19,17,0,0,1,1179,37,1,2,0,
0c55f3,19,18,0,0,1,491,24,1,4,0,
0c55f3,19,19,0,0,1,1285,41,1,380,1,AttributeError
0c55f3,19,20,0,0,1,27,1,1,297,1,AttributeError
0c55f3,19,21,0,0,1,46,2,1,45,0,
0c55f3,19,22,0,0,1,1100,34,1,524,1,KeyError
0c55f3,19,23,0,0,1,256,8,1,2,0,
0c55f3,19,24,0,0,1,203,1,1,45,0,
0c55f3,19,25,0,0,1,32,1,1,1240,1,TypeError
0c55f3,19,26,0,0,1,1015,33,1,2,0,
0c55f3,19,27,0,0,1,37,1,1,2,0,
0c55f3,19,28,0,0,1,84,2,1,1,0,
0c55f3,19,29,0,0,1,49,2,1,119,0,
0c55f3,19,30,0,0,1,253,9,1,2,0,
0c55f3,19,31,0,0,1,162,3,1,4,0,
0c55f3,19,32,0,0,1,64,2,1,329,0,
0c55f3,19,33,0,0,1,398,19,1,29,0,
0c55f3,19,34,0,0,1,35,1,1,28,0,
0c55f3,19,35,0,0,1,72,3,1,4,0,
0c55f3,19,36,0,0,1,777,32,1,4,0,
0c55f3,19,37,0,0,1,94,3,1,4,0,
0c55f3,19,38,0,0,1,77,3,1,4,0,
0c55f3,19,39,0,0,1,145,9,1,28,0,
0c55f3,19,40,0,0,1,257,12,1,54,0,
0c55f3,19,41,0,0,1,365,14,1,462,0,
0c55f3,19,42,0,0,1,694,27,1,4,0,
0c55f3,19,43,0,0,1,857,32,1,3,0,
0c55f3,19,44,0,0,1,1047,35,1,2,0,
0c55f3,19,45,0,0,1,50,2,1,3,0,
0c55f3,19,46,0,0,1,2108,54,1,52,0,
0c55f3,19,47,1,0,0,0,0,0,0,0,
a83f0b,8,1,0,0,1,286,13,1,4,0,
a83f0b,8,2,0,0,1,284,10,1,50,0,
a83f0b,15,1,0,0,1,671,22,1,4,0,
a83f0b,15,2,0,0,1,50,2,1,2,0,
a83f0b,15,3,0,0,1,198,7,1,4,0,
a83f0b,15,4,0,0,1,237,9,1,4,0,
a83f0b,2,1,0,0,1,339,14,1,4,0,
a83f0b,2,2,0,0,1,459,17,1,4,0,
a83f0b,2,3,0,0,1,66,2,1,44,0,
a83f0b,2,4,0,0,1,430,18,1,4,0,
a83f0b,13,1,0,0,1,290,13,1,4,0,
a83f0b,10,1,0,0,1,349,17,1,4,0,
a83f0b,10,2,0,0,1,34,1,1,5,0,
a83f0b,12,1,0,0,1,339,14,1,4,0,
a83f0b,12,2,0,0,1,147,7,1,5,0,
a83f0b,12,3,0,0,1,301,10,1,4,0,
a83f0b,16,1,0,0,1,505,19,1,7,0,
a83f0b,16,2,0,0,1,167,5,1,4,0,
a83f0b,11,1,0,0,1,296,13,1,9,0,
a83f0b,11,2,0,0,1,207,7,1,7,0,
a83f0b,11,3,0,0,1,181,8,1,4,0,
a83f0b,21,1,0,0,1,342,15,1,4,0,
a83f0b,21,2,0,0,1,188,10,1,57,0,
a83f0b,21,3,0,0,1,615,12,1,4,0,
a83f0b,21,4,0,0,1,221,6,1,65,0,
a83f0b,21,5,0,0,1,137,2,1,4,0,
a83f0b,18,1,0,0,1,329,16,1,4,0,
a83f0b,18,2,0,0,1,34,1,1,5,0,
a83f0b,18,3,0,0,1,177,11,1,3,0,
a83f0b,6,1,0,0,1,440,19,1,9,0,
a83f0b,6,2,0,0,1,285,12,1,4,0,
a83f0b,6,3,0,0,1,163,5,1,4,0,
a83f0b,17,1,0,0,1,537,19,1,9,0,
a83f0b,17,2,0,0,1,34,1,1,5,0,
a83f0b,17,3,0,0,1,519,19,1,9,0,
a83f0b,17,4,0,0,1,24,1,1,1,0,
a83f0b,4,1,0,0,1,248,17,1,76,0,
a83f0b,4,2,0,0,1,458,19,1,4,0,
a83f0b,3,1,0,0,1,349,17,1,4,0,
a83f0b,3,2,0,0,1,178,9,1,4,0,
a83f0b,3,3,0,0,1,442,15,1,4,0,
a83f0b,3,4,0,0,1,302,15,1,4,0,
a83f0b,3,5,0,0,1,236,13,1,4,0,
a83f0b,3,6,0,0,1,118,6,1,57,0,
a83f0b,3,7,0,0,1,15,1,1,21,0,
a83f0b,3,8,0,0,1,29,2,1,11,0,
a83f0b,3,9,0,0,1,15,1,1,16,0,
a83f0b,3,10,0,0,1,183,7,1,132,0,
a83f0b,1,1,0,0,1,843,24,1,9,0,
a83f0b,1,2,0,0,1,104,3,1,1,0,
a83f0b,1,3,0,0,1,307,16,1,4,0,
a83f0b,22,1,0,0,1,246,12,1,4,0,
a83f0b,22,2,0,0,1,187,10,1,57,0,
a83f0b,22,3,0,0,1,610,18,1,4,0,
a83f0b,22,4,0,0,1,105,5,1,4,0,
a83f0b,22,5,0,0,1,226,10,1,3,0,
a83f0b,5,1,0,0,1,292,13,1,4,0,
a83f0b,5,2,0,0,1,530,22,1,3,0,
a83f0b,5,3,0,0,1,129,5,1,3,0,
a83f0b,5,4,0,0,1,225,9,1,1,0,
a83f0b,23,1,0,0,1,359,17,1,9,0,
a83f0b,23,2,0,0,1,141,5,1,22,0,
a83f0b,23,3,0,0,1,164,7,1,8,0,
a83f0b,23,4,0,0,1,352,12,1,9,0,
a83f0b,23,5,0,0,1,8,1,1,3,0,
a83f0b,23,6,0,0,1,175,9,1,3,0,
a83f0b,19,1,0,0,1,304,13,1,4,0,
a83f0b,19,2,0,0,1,443,4,1,45,0,
a83f0b,19,3,0,0,1,2326,31,1,4,0,
a83f0b,19,4,0,0,1,269,2,1,3,0,
a83f0b,19,5,0,0,1,15,1,1,4,0,
a83f0b,19,6,0,0,1,9,1,1,18,0,
a83f0b,19,7,0,0,1,268,10,1,3,0,
a83f0b,24,1,0,0,1,537,19,1,4,0,
a83f0b,24,2,0,0,1,159,5,1,4,0,
a83f0b,24,3,0,0,1,449,17,1,30,0,
a83f0b,24,4,0,0,1,214,8,1,4,0,
a83f0b,24,5,0,0,1,41,5,1,4,0,
a83f0b,24,6,0,0,1,392,13,1,4,0,
a83f0b,24,7,0,0,1,398,14,1,9,0,
a83f0b,20,1,0,0,1,527,21,1,15,0,
a83f0b,20,2,0,0,1,484,16,1,4,0,
a83f0b,20,3,0,0,1,323,12,1,4,0,
a83f0b,20,4,0,0,1,721,18,1,4,0,
a83f0b,20,5,0,0,1,1150,26,1,4,0,
a83f0b,20,6,0,0,1,352,13,1,4,0,
a83f0b,20,7,0,0,1,202,8,1,3,0,
a83f0b,14,1,0,0,1,278,13,1,4,0,
a83f0b,14,2,0,0,1,390,17,1,18,0,
a83f0b,14,3,0,0,1,191,2,1,4,0,
a83f0b,14,4,0,0,1,1103,33,1,5,0,
a83f0b,14,5,0,0,1,241,10,1,3,0,
a83f0b,7,1,0,0,1,296,13,1,9,0,
a83f0b,7,2,0,0,1,203,11,1,1,0,
a83f0b,7,3,0,0,1,370,12,1,4,0,
a83f0b,7,4,0,0,1,660,19,1,1,0,
a83f0b,7,5,0,0,1,177,9,1,57,0,
a83f0b,7,6,0,0,1,74,3,1,5,0,
a83f0b,7,7,0,0,1,966,37,1,8,0,
a83f0b,7,8,0,0,1,202,6,1,3,0,
a83f0b,7,9,0,0,1,660,20,1,4,0,
a83f0b,7,10,0,0,1,577,20,1,4,0,
a83f0b,7,11,0,0,1,24,1,1,618,0,
a83f0b,7,12,0,0,1,1104,25,1,276,0,
a83f0b,7,13,0,0,1,354,14,1,3,0,
a83f0b,9,1,0,0,1,292,13,1,4,0,
a83f0b,9,2,0,0,1,184,8,1,1,0,
a83f0b,9,3,0,0,1,633,21,1,4,0,
a83f0b,9,4,0,0,1,474,23,1,3,0,
a83f0b,9,5,0,0,1,156,6,1,4,0,
a83f0b,9,6,0,0,1,303,12,1,9,0,
a83f0b,9,7,0,0,1,340,14,1,3,0,
a83f0b,9,8,0,0,1,699,27,1,3,0,
a83f0b,9,9,0,0,1,153,8,1,4,0,
a83f0b,9,10,0,0,1,549,19,1,194,0,
a83f0b,9,11,0,0,1,296,12,1,2,0,
a83f0b,9,12,0,0,1,239,9,1,2,0,
a83f0b,9,13,0,0,1,115,6,1,13,0,
a83f0b,9,14,0,0,1,201,9,1,4,0,
a83f0b,9,15,0,0,1,229,10,1,118,0,
32690e,18,1,0,0,1,98,8,1,17,0,
32690e,6,1,0,0,1,108,5,1,31,0,
32690e,6,2,0,0,1,10,1,1,17,0,
32690e,1,1,0,0,1,510,13,1,5931,1,OverflowError
32690e,10,1,0,0,1,98,4,1,31,0,
32690e,12,1,0,0,1,375,13,1,29,0,
32690e,13,1,0,0,1,100,5,1,16,0,
32690e,8,1,0,0,1,121,5,1,8032,0,
32690e,8,2,0,0,1,93,5,1,51,0,
32690e,17,1,0,0,1,356,12,1,124,0,
32690e,11,1,0,0,1,135,11,1,8031,0,
32690e,11,2,0,0,1,56,4,1,1221,0,
32690e,24,1,0,0,1,523,15,1,27,0,
32690e,14,1,0,0,1,70,4,1,99,0,
32690e,14,2,0,0,1,33,2,1,183,0,
32690e,14,3,0,0,1,33,2,1,162,0,
32690e,3,1,0,0,1,399,13,1,766,0,
32690e,3,2,0,0,1,55,3,1,162,0,
32690e,7,1,0,0,1,108,5,1,31,0,
32690e,7,2,0,0,1,10,1,1,17,0,
32690e,7,3,0,0,1,22,1,1,3,0,
32690e,5,1,0,0,1,775,22,1,31,0,
32690e,9,1,0,0,1,88,4,1,8032,0,
32690e,9,2,0,0,1,50,1,1,17,0,
32690e,23,1,0,0,1,350,10,1,19,0,
32690e,23,2,1,0,0,0,0,0,0,0,
32690e,19,1,0,0,1,100,5,1,16,0,
32690e,19,2,0,0,1,54,3,1,3,0,
32690e,19,3,0,0,1,77,4,1,99,0,
32690e,20,1,0,0,1,122,5,1,8032,0,
32690e,20,2,0,0,1,430,12,1,895,1,TypeError
32690e,20,3,0,0,1,622,18,1,141,0,
6c042a,9,1,0,0,1,375,17,1,4,0,
6c042a,9,2,0,0,1,529,20,1,2,0,
6c042a,9,3,0,0,1,910,37,1,9,0,
6c042a,10,1,0,0,1,1205,35,1,4,0,
6c042a,10,2,0,0,1,148,8,1,2,0,
6c042a,10,3,0,0,1,638,13,1,45,0,
6c042a,10,4,0,0,1,783,32,1,4,0,
6c042a,10,5,1,0,0,0,0,0,0,0,
6c042a,3,1,0,0,1,1287,40,1,7,0,
6c042a,3,2,0,0,1,1026,39,1,9,0,
6c042a,13,1,0,0,1,408,17,1,4,0,
6c042a,13,2,0,0,1,1389,32,1,2,0,
6c042a,13,3,0,0,1,988,17,1,54,0,
6c042a,13,4,0,0,1,38,2,1,54,0,
6c042a,13,5,0,0,1,986,24,1,2,0,
6c042a,13,6,0,0,1,241,8,1,44,0,
6c042a,11,1,0,0,1,696,36,1,4,0,
6c042a,11,2,0,0,1,369,16,1,2,0,
6c042a,11,3,0,0,1,667,18,1,52,0,
6c042a,11,4,0,0,1,365,13,1,64,0,
6c042a,11,5,0,0,1,58,2,1,9,0,
6c042a,23,1,0,0,1,391,17,1,4,0,
6c042a,23,2,0,0,1,650,35,1,2,0,
6c042a,23,3,0,0,1,1608,44,1,106,0,
6c042a,23,4,0,0,1,897,10,1,45,0,
6c042a,23,5,0,0,1,408,18,1,118,0,
6c042a,23,6,0,0,1,42,2,1,4,0,
6c042a,23,7,1,0,0,0,0,0,0,0,
6c042a,7,1,0,0,1,616,30,1,4,0,
6c042a,7,2,0,0,1,852,32,1,45,0,
6c042a,7,3,0,0,1,342,13,1,2,0,
6c042a,7,4,0,0,1,502,20,1,7,0,
6c042a,7,5,0,0,1,355,15,1,106,0,
6c042a,7,6,0,0,1,156,8,1,118,0,
6c042a,7,7,0,0,1,39,2,1,4,0,
6c042a,7,8,1,0,0,0,0,0,0,0,
6c042a,6,1,0,0,1,1036,37,1,4,0,
6c042a,6,2,0,0,1,228,9,1,2,0,
6c042a,6,3,0,0,1,726,31,1,73,0,
6c042a,6,4,0,0,1,10,1,1,64,0,
6c042a,6,5,0,0,1,57,2,1,4,0,
6c042a,22,1,0,0,1,1453,59,1,7,0,
6c042a,22,2,0,0,1,1717,47,1,106,0,
6c042a,22,3,0,0,1,91,4,1,118,0,
6c042a,22,4,0,0,1,65,2,1,4,0,
6c042a,8,1,0,0,1,511,23,1,4,0,
6c042a,8,2,0,0,1,771,26,1,512,0,
6c042a,8,3,0,0,1,38,2,1,4,0,
6c042a,8,4,0,0,1,1473,40,1,2,0,
6c042a,8,5,0,0,1,347,14,1,24,0,
6c042a,5,1,0,0,1,1299,42,1,4,0,
6c042a,5,2,0,0,1,438,17,1,2,0,
6c042a,5,3,0,0,1,931,32,1,9,0,
6c042a,5,4,0,0,1,218,9,1,24,0,
6c042a,5,5,0,0,1,4,1,1,4,0,
6c042a,5,6,0,0,1,792,23,1,5,0,
6c042a,15,1,0,0,1,933,37,1,4,0,
6c042a,15,2,0,0,1,721,27,1,2,0,
6c042a,15,3,0,0,1,3197,67,1,9,0,
6c042a,15,4,0,0,1,901,25,1,49,0,
6c042a,15,5,0,0,1,98,3,1,5,0,
6c042a,15,6,0,0,1,190,8,1,2,0,
6c042a,15,7,0,0,1,33,1,1,1,0,
6c042a,20,1,0,0,1,404,17,1,4,0,
6c042a,20,2,0,0,1,995,34,1,2,0,
6c042a,20,3,0,0,1,746,20,1,2,0,
6c042a,20,4,0,0,1,203,9,1,43,0,
6c042a,20,5,0,0,1,214,10,1,24,0,
6c042a,20,6,0,0,1,698,20,1,5,0,
6c042a,14,1,0,0,1,1661,48,1,2,0,
6c042a,14,2,0,0,1,839,27,1,4,0,
6c042a,14,3,0,0,1,548,23,1,4,0,
6c042a,14,4,0,0,1,230,10,1,24,0,
6c042a,14,5,0,0,1,124,5,1,4,0,
6c042a,14,6,0,0,1,286,8,1,44,0,
6c042a,12,1,0,0,1,1249,42,1,4,0,
6c042a,12,2,0,0,1,122,5,1,2,0,
6c042a,12,3,0,0,1,609,29,1,9,0,
6c042a,12,4,0,0,1,196,10,1,24,0,
6c042a,12,5,0,0,1,70,4,1,4,0,
6c042a,12,6,0,0,1,1113,33,1,50,0,
6c042a,4,1,0,0,1,3232,81,1,24,0,
6c042a,4,2,0,0,1,170,9,1,4,0,
6c042a,4,3,0,0,1,104,7,1,31,0,
6c042a,4,4,0,0,1,95,3,1,5,0,
6c042a,4,5,0,0,1,879,27,1,2,0,
6c042a,4,6,0,0,1,340,15,1,49,0,
6c042a,17,1,0,0,1,760,27,1,4,0,
6c042a,17,2,0,0,1,690,22,1,2,0,
6c042a,17,3,0,0,1,900,30,1,52,0,
6c042a,17,4,0,0,1,67,2,1,64,0,
6c042a,17,5,0,0,1,32,2,1,4,0,
6c042a,17,6,0,0,1,32,2,1,3,0,
6c042a,16,1,0,0,1,1158,43,1,7,0,
6c042a,16,2,0,0,1,594,17,1,45,0,
6c042a,16,3,0,0,1,472,23,1,2,0,
6c042a,16,4,0,0,1,360,12,1,26,0,
6c042a,16,5,0,0,1,254,10,1,24,0,
6c042a,16,6,0,0,1,163,6,1,106,0,
6c042a,16,7,0,0,1,602,26,1,5,0,
6c042a,16,8,0,0,1,37,1,1,45,0,
6c042a,16,9,0,0,1,29,1,1,3,0,
6c042a,16,10,0,0,1,61,2,1,4,0,
6c042a,19,1,0,0,1,1419,49,1,7,0,
6c042a,19,2,0,0,1,790,36,1,4,0,
6c042a,19,3,0,0,1,236,10,1,24,0,
6c042a,19,4,0,0,1,1430,43,1,5,0,
6c042a,19,5,0,0,1,341,15,1,36,0,
6c042a,19,6,0,0,1,138,7,1,56,0,
6c042a,1,1,0,0,1,369,17,1,4,0,
6c042a,1,2,0,0,1,963,30,1,20,0,
6c042a,1,3,0,0,1,276,14,1,111,0,
6c042a,1,4,0,0,1,274,10,1,5,0,
6c042a,1,5,0,0,1,638,19,1,2,0,
6c042a,18,1,0,0,1,708,28,1,4,0,
6c042a,18,2,0,0,1,454,18,1,2,0,
6c042a,18,3,0,0,1,837,18,1,45,0,
6c042a,18,4,0,0,1,674,22,1,73,0,
6c042a,18,5,0,0,1,10,1,1,64,0,
6c042a,18,6,0,0,1,59,2,1,4,0,
6c042a,18,7,0,0,1,207,9,1,24,0,
6c042a,24,1,0,0,1,393,19,1,4,0,
6c042a,24,2,0,0,1,830,34,1,5,0,
6c042a,24,3,0,0,1,257,11,1,512,0,
6c042a,24,4,0,0,1,52,2,1,4,0,
6c042a,24,5,0,0,1,14,1,1,4,0,
6c042a,24,6,0,0,1,665,18,1,2,0,
6c042a,24,7,0,0,1,322,14,1,42,0,
6c042a,24,8,0,0,1,23,1,1,4,0,
6c042a,24,9,1,0,0,0,0,0,0,0,
6c042a,21,1,0,0,1,1274,43,1,10,0,
6c042a,21,2,0,0,1,964,22,1,45,0,
6c042a,21,3,0,0,1,544,24,1,4,0,
6c042a,21,4,0,0,1,77,4,1,3,0,
6c042a,21,5,0,0,1,218,9,1,24,0,
6c042a,21,6,0,0,1,27,1,1,2,0,
6c042a,21,7,0,0,1,64,2,1,64,0,
6c042a,21,8,0,0,1,353,14,1,544,1,AssertionError
6c042a,21,9,0,0,1,316,12,1,2,0,
6c042a,21,10,0,0,1,792,27,1,2,0,
6c042a,2,1,0,0,1,1135,34,1,4,0,
6c042a,2,2,0,0,1,535,23,1,2,0,
6c042a,2,3,0,0,1,338,16,1,599,1,NameError
6c042a,2,4,0,0,1,347,16,1,52,0,
6c042a,2,5,0,0,1,753,25,1,64,0,
6c042a,2,6,0,0,1,15,1,1,4,0,
6c042a,2,7,0,0,1,15,1,1,3,0,
6c042a,2,8,0,0,1,351,16,1,24,0,
6c042a,2,9,0,0,1,173,8,1,84,0,
6c042a,2,10,0,0,1,452,19,1,2,0,
6c042a,2,11,0,0,1,457,19,1,116,0,
52acfd,10,1,0,0,1,187,7,1,49,0,
52acfd,14,1,0,0,1,181,7,1,49,0,
52acfd,13,1,0,0,1,194,6,1,31,0,
52acfd,17,1,0,0,1,129,7,1,49,0,
52acfd,8,1,0,0,1,199,7,1,49,0,
52acfd,8,2,1,0,0,0,0,0,0,0,
52acfd,21,1,0,0,1,187,7,1,49,0,
52acfd,16,1,0,0,1,229,7,1,31,0,
52acfd,24,1,0,0,1,209,7,1,49,0,
52acfd,5,1,0,0,1,237,8,1,49,0,
52acfd,11,1,0,0,1,139,7,1,49,0,
52acfd,1,1,0,0,1,141,7,1,49,0,
52acfd,4,1,0,0,1,203,7,1,31,0,
52acfd,12,1,0,0,1,274,8,1,49,0,
52acfd,23,1,0,0,1,189,8,1,49,0,
52acfd,7,1,0,0,1,209,7,1,49,0,
52acfd,9,1,0,0,1,199,7,1,49,0,
52acfd,19,1,0,0,1,177,7,1,163,0,
581a58,14,1,0,0,1,135,1,1,45,0,
581a58,14,2,0,0,1,87,1,1,45,0,
581a58,14,3,0,0,1,141,6,1,18,0,
581a58,14,4,0,0,1,376,13,1,15,0,
581a58,14,5,0,0,1,995,26,1,44,1,
581a58,14,6,0,0,1,923,29,1,612,1,NameError
581a58,14,7,0,0,1,386,16,1,5,0,
581a58,14,8,0,0,1,615,23,1,42,0,
581a58,14,9,0,0,1,179,7,1,42,0,
581a58,14,10,0,0,1,77,2,1,103,0,
581a58,14,11,0,0,1,426,14,1,90,0,
581a58,14,12,0,0,1,561,23,1,74,0,
581a58,14,13,0,0,1,96,4,1,372,0,
581a58,14,14,0,0,1,155,5,1,35,0,
581a58,14,15,0,0,1,365,11,1,36,0,
581a58,14,16,0,0,1,166,8,1,130,0,
581a58,13,1,0,0,1,178,1,1,45,0,
581a58,13,2,0,0,1,84,1,1,45,0,
581a58,13,3,0,0,1,158,6,1,3,0,
581a58,13,4,0,0,1,232,9,1,68,0,
581a58,13,5,0,0,1,44,2,1,6,0,
581a58,13,6,0,0,1,36,2,1,6,0,
581a58,13,7,0,0,1,109,1,1,45,0,
581a58,13,8,0,0,1,74,1,1,45,0,
581a58,13,9,0,0,1,57,1,1,45,0,
581a58,13,10,0,0,1,74,1,1,45,0,
581a58,13,11,0,0,1,283,10,1,6,0,
581a58,13,12,0,0,1,335,9,1,13,0,
581a58,13,13,0,0,1,107,3,1,45,0,
581a58,13,14,0,0,1,21,1,1,45,0,
581a58,13,15,0,0,1,15,1,1,45,0,
581a58,13,16,0,0,1,204,3,1,44,1,
581a58,13,17,0,0,1,54,1,1,45,0,
581a58,13,18,0,0,1,565,21,1,578,1,NameError
581a58,13,19,0,0,1,67,1,1,45,0,
581a58,13,20,0,0,1,69,2,1,45,0,
581a58,13,21,0,0,1,654,24,1,2,0,
581a58,13,22,0,0,1,36,2,1,2,0,
581a58,13,23,0,0,1,54,1,1,45,0,
581a58,13,24,0,0,1,1158,44,1,60,0,
581a58,13,25,0,0,1,396,15,1,2,0,
581a58,13,26,0,0,1,264,9,1,19,0,
581a58,13,27,0,0,1,450,18,1,4,0,
581a58,13,28,0,0,1,42,2,1,1,0,
581a58,13,29,0,0,1,303,9,1,1,0,
581a58,13,30,0,0,1,307,11,1,22,0,
581a58,13,31,0,0,1,1110,36,1,1,0,
581a58,13,32,0,0,1,1154,43,1,4,0,
581a58,13,33,0,0,1,235,9,1,3,0,
581a58,13,34,0,0,1,302,10,1,5,0,
581a58,13,35,0,0,1,783,18,1,471,1,NameError
581a58,13,36,0,0,1,57,1,1,45,0,
581a58,13,37,0,0,1,229,3,1,498,1,NameError
581a58,13,38,0,0,1,361,10,1,45,0,
581a58,13,39,0,0,1,229,3,1,497,1,NameError
581a58,13,40,0,0,1,20,1,1,45,0,
581a58,13,41,0,0,1,229,3,1,2239,1,ValueError
581a58,13,42,0,0,1,8,1,1,3,0,
581a58,13,43,0,0,1,60,2,1,6,0,
581a58,13,44,0,0,1,212,3,1,2223,1,ValueError
581a58,13,45,0,0,1,16,1,1,290,1,AttributeError
581a58,13,46,0,0,1,43,2,1,6,0,
581a58,13,47,0,0,1,212,3,1,2610,0,
581a58,13,48,0,0,1,79,2,1,2,0,
581a58,13,49,0,0,1,76,2,1,2,0,
581a58,13,50,0,0,1,251,9,1,12,0,
581a58,13,51,0,0,1,12,1,1,100,0,
581a58,13,52,1,0,0,0,0,0,0,0,
581a58,23,1,0,0,1,130,1,1,45,0,
581a58,23,2,0,0,1,649,26,1,13,0,
581a58,23,3,0,0,1,7,1,1,8,0,
581a58,23,4,0,0,1,1244,38,1,44,1,
581a58,23,5,0,0,1,83,1,1,45,0,
581a58,23,6,0,0,1,576,19,1,402,1,NameError
581a58,23,7,0,0,1,961,34,1,12,0,
581a58,23,8,0,0,1,194,4,1,20,0,
581a58,23,9,0,0,1,89,1,1,45,0,
581a58,23,10,0,0,1,518,20,1,32,0,
581a58,23,11,0,0,1,400,7,1,44,1,
581a58,23,12,0,0,1,2309,58,1,443,1,NameError
581a58,23,13,0,0,1,550,17,1,45,0,
581a58,23,14,0,0,1,1299,40,1,44,1,
581a58,23,15,0,0,1,129,4,1,414,1,NameError
581a58,23,16,0,0,1,174,5,1,3,0,
581a58,23,17,0,0,1,180,4,1,3,0,
581a58,23,18,0,0,1,592,20,1,26,0,
581a58,23,19,0,0,1,83,1,1,45,0,
581a58,23,20,0,0,1,174,7,1,9,0,
581a58,23,21,0,0,1,340,12,1,35,0,
581a58,23,22,0,0,1,111,2,1,103,0,
581a58,23,23,0,0,1,282,11,1,9,0,
581a58,3,1,0,0,1,112,1,1,45,0,
581a58,3,2,0,0,1,101,4,1,3,0,
581a58,3,3,0,0,1,89,1,1,45,0,
581a58,3,4,0,0,1,339,13,1,6,0,
581a58,3,5,0,0,1,342,12,1,38,0,
581a58,3,6,0,0,1,113,4,1,39,0,
581a58,3,7,0,0,1,258,10,1,5,0,
581a58,3,8,0,0,1,16,1,1,4,0,
581a58,3,9,0,0,1,50,2,1,6,0,
581a58,3,10,0,0,1,58,2,1,44,1,
581a58,3,11,0,0,1,106,3,1,383,1,NameError
581a58,3,12,0,0,1,102,3,1,379,1,NameError
581a58,3,13,0,0,1,132,4,1,6,0,
581a58,3,14,0,0,1,249,10,1,6,0,
581a58,3,15,0,0,1,1358,39,1,44,1,
581a58,3,16,0,0,1,353,13,1,45,0,
581a58,3,17,0,0,1,71,2,1,292,0,
581a58,3,18,0,0,1,667,26,1,388,1,NameError
581a58,3,19,0,0,1,110,4,1,401,1,NameError
581a58,3,20,0,0,1,508,20,1,2,0,
581a58,3,21,0,0,1,216,9,1,4,0,
581a58,3,22,0,0,1,8,1,1,100,0,
581a58,3,23,0,0,1,527,22,1,16,0,
581a58,3,24,0,0,1,7,1,1,293,0,
581a58,3,25,0,0,1,4,1,1,360,0,
581a58,3,26,0,0,1,220,10,1,1,0,
581a58,3,27,0,0,1,137,5,1,567,0,
581a58,3,28,0,0,1,226,11,1,2,0,
581a58,3,29,0,0,1,200,10,1,1,0,
581a58,3,30,0,0,1,710,25,1,45,0,
581a58,3,31,0,0,1,14,1,1,277,1,NameError
581a58,3,32,0,0,1,214,9,1,592,1,NameError
581a58,3,33,0,0,1,637,25,1,4,0,
581a58,7,1,0,0,1,139,1,1,45,0,
581a58,7,2,0,0,1,149,6,1,3,0,
581a58,7,3,0,0,1,354,14,1,45,0,
581a58,7,4,0,0,1,161,7,1,403,1,NameError
581a58,7,5,0,0,1,459,18,1,45,0,
581a58,7,6,0,0,1,163,7,1,405,1,NameError
581a58,7,7,0,0,1,37,1,1,16,0,
581a58,7,8,0,0,1,624,26,1,44,1,
581a58,7,9,0,0,1,141,1,1,45,0,
581a58,7,10,0,0,1,427,15,1,6,0,
581a58,7,11,0,0,1,87,1,1,45,0,
581a58,7,12,0,0,1,770,22,1,535,1,TypeError
581a58,7,13,0,0,1,98,1,1,45,0,
581a58,7,14,0,0,1,15,1,1,33,0,
581a58,7,15,0,0,1,72,2,1,69,0,
581a58,7,16,0,0,1,387,11,1,44,1,
581a58,7,17,0,0,1,1364,47,1,44,1,
581a58,7,18,0,0,1,772,26,1,572,1,NameError
581a58,7,19,0,0,1,867,32,1,2,0,
581a58,7,20,0,0,1,3145,96,1,44,1,
581a58,7,21,0,0,1,97,1,1,45,0,
581a58,7,22,0,0,1,415,16,1,3,0,
581a58,7,23,0,0,1,221,9,1,5,0,
581a58,7,24,0,0,1,960,28,1,73,0,
581a58,7,25,0,0,1,93,2,1,44,0,
581a58,7,26,0,0,1,342,11,1,4,0,
581a58,7,27,0,0,1,22,1,1,360,0,
581a58,8,1,0,0,1,126,1,1,45,0,
581a58,8,2,0,0,1,87,4,1,3,0,
581a58,8,3,0,0,1,121,1,1,45,0,
581a58,8,4,0,0,1,374,14,1,6,0,
581a58,8,5,0,0,1,866,28,1,439,1,AttributeError
581a58,8,6,0,0,1,128,2,1,45,0,
581a58,8,7,0,0,1,203,3,1,44,1,
581a58,8,8,0,0,1,754,26,1,581,1,NameError
581a58,8,9,0,0,1,57,3,1,334,1,NameError
581a58,8,10,0,0,1,99,4,1,3,0,
581a58,8,11,0,0,1,71,2,1,45,0,
581a58,8,12,0,0,1,584,21,1,2,0,
581a58,8,13,0,0,1,41,2,1,44,1,
581a58,8,14,0,0,1,40,2,1,319,1,NameError
581a58,8,15,0,0,1,584,21,1,581,1,NameError
581a58,8,16,0,0,1,764,30,1,2,0,
581a58,8,17,0,0,1,57,1,1,45,0,
581a58,8,18,0,0,1,229,10,1,6,0,
581a58,8,19,0,0,1,131,5,1,44,1,
581a58,8,20,0,0,1,55,2,1,319,1,NameError
581a58,8,21,0,0,1,444,16,1,13,0,
581a58,8,22,0,0,1,55,2,1,374,1,AttributeError
581a58,8,23,0,0,1,30,1,1,298,0,
581a58,8,24,0,0,1,281,9,1,2,0,
581a58,8,25,0,0,1,360,14,1,205,0,
581a58,8,26,0,0,1,176,5,1,464,1,NameError
581a58,8,27,0,0,1,216,7,1,156,0,
581a58,8,28,0,0,1,1277,40,1,40,0,
581a58,8,29,0,0,1,696,23,1,2,0,
581a58,8,30,0,0,1,338,13,1,15,0,
581a58,8,31,0,0,1,62,2,1,360,0,
581a58,2,1,0,0,1,106,1,1,45,0,
581a58,2,2,0,0,1,106,1,1,45,0,
581a58,2,3,0,0,1,21,1,1,45,0,
581a58,2,4,0,0,1,170,6,1,18,0,
581a58,2,5,0,0,1,372,13,1,13,0,
581a58,2,6,0,0,1,228,8,1,44,1,
581a58,2,7,0,0,1,201,8,1,409,1,NameError
581a58,2,8,0,0,1,410,13,1,6,0,
581a58,2,9,0,0,1,77,1,1,45,0,
581a58,2,10,0,0,1,89,1,1,45,0,
581a58,2,11,0,0,1,535,20,1,20,0,
581a58,2,12,0,0,1,237,3,1,44,1,
581a58,2,13,0,0,1,380,13,1,199,0,
581a58,2,14,0,0,1,221,7,1,156,0,
581a58,2,15,0,0,1,243,6,1,164,0,
581a58,2,16,0,0,1,178,8,1,10,0,
581a58,2,17,0,0,1,71,1,1,45,0,
581a58,2,18,0,0,1,1164,45,1,5,0,
581a58,2,19,0,0,1,675,13,1,45,0,
581a58,2,20,0,0,1,464,19,1,69,0,
581a58,2,21,0,0,1,160,9,1,1,0,
581a58,2,22,0,0,1,65,1,1,45,0,
581a58,2,23,0,0,1,543,22,1,31,0,
581a58,2,24,0,0,1,1010,30,1,45,0,
581a58,2,25,0,0,1,1564,49,1,44,1,
581a58,2,26,0,0,1,65,1,1,45,0,
581a58,2,27,0,0,1,263,10,1,417,1,NameError
581a58,2,28,0,0,1,399,13,1,33,0,
581a58,2,29,0,0,1,1184,30,1,18,0,
581a58,2,30,0,0,1,65,2,1,100,0,
581a58,2,31,0,0,1,272,10,1,9,0,
581a58,2,32,0,0,1,89,2,1,180,0,
581a58,24,1,0,0,1,121,1,1,45,0,
581a58,24,2,0,0,1,137,8,1,3,0,
581a58,24,3,0,0,1,308,12,1,4,0,
581a58,24,4,0,0,1,913,31,1,44,1,
581a58,24,5,0,0,1,451,19,1,2,0,
581a58,24,6,0,0,1,1299,37,1,1,0,
581a58,24,7,0,0,1,114,3,1,80,0,
581a58,24,8,0,0,1,118,1,1,45,0,
581a58,24,9,0,0,1,57,1,1,45,0,
581a58,24,10,0,0,1,37,2,1,6,0,
581a58,24,11,0,0,1,31,1,1,45,0,
581a58,24,12,0,0,1,86,4,1,364,1,NameError
581a58,24,13,0,0,1,93,4,1,3,0,
581a58,24,14,0,0,1,265,11,1,6,0,
581a58,24,15,0,0,1,699,24,1,44,1,
581a58,24,16,0,0,1,83,1,1,45,0,
581a58,24,17,0,0,1,600,22,1,421,1,NameError
581a58,24,18,0,0,1,686,23,1,2,0,
581a58,24,19,0,0,1,70,1,1,45,0,
581a58,24,20,0,0,1,229,10,1,13,0,
581a58,24,21,0,0,1,122,3,1,424,1,AttributeError
581a58,24,22,0,0,1,165,4,1,493,1,AttributeError
581a58,24,23,0,0,1,272,10,1,44,1,
581a58,24,24,0,0,1,389,15,1,563,1,NameError
581a58,24,25,0,0,1,457,17,1,12,0,
581a58,24,26,0,0,1,578,21,1,2,0,
581a58,24,27,0,0,1,194,7,1,18,0,
581a58,24,28,0,0,1,513,11,1,47,0,
581a58,24,29,0,0,1,53,2,1,5,0,
581a58,24,30,0,0,1,1121,36,1,1,0,
581a58,24,31,0,0,1,124,4,1,7,0,
581a58,24,32,0,0,1,3723,72,1,45,0,
581a58,24,33,0,0,1,80,4,1,3,0,
581a58,24,34,0,0,1,391,10,1,3,0,
581a58,24,35,0,0,1,572,20,1,2,0,
581a58,24,36,0,0,1,137,3,1,2,0,
581a58,24,37,0,0,1,64,2,1,100,0,
581a58,24,38,0,0,1,274,10,1,9,0,
581a58,24,39,0,0,1,34,2,1,341,0,
581a58,24,40,1,0,0,0,0,0,0,0,
581a58,6,1,0,0,1,160,1,1,45,0,
581a58,6,2,0,0,1,234,9,1,3,0,
581a58,6,3,0,0,1,495,16,1,13,0,
581a58,6,4,0,0,1,28,2,1,6,0,
581a58,6,5,0,0,1,146,1,1,45,0,
581a58,6,6,0,0,1,69,1,1,45,0,
581a58,6,7,0,0,1,24,1,1,199,0,
581a58,6,8,0,0,1,20,1,1,4,0,
581a58,6,9,0,0,1,113,2,1,500,0,
581a58,6,10,0,0,1,44,1,1,495,0,
581a58,6,11,0,0,1,26,1,1,2091,0,
581a58,6,12,0,0,1,104,1,1,45,0,
581a58,6,13,0,0,1,318,11,1,20,0,
581a58,6,14,0,0,1,111,3,1,45,0,
581a58,6,15,0,0,1,91,3,1,45,0,
581a58,6,16,0,0,1,228,5,1,44,1,
581a58,6,17,0,0,1,49,1,1,45,0,
581a58,6,18,0,0,1,128,4,1,407,1,NameError
581a58,6,19,0,0,1,306,10,1,419,1,NameError
581a58,6,20,0,0,1,508,20,1,6,0,
581a58,6,21,0,0,1,161,5,1,10,0,
581a58,6,22,0,0,1,314,11,1,44,1,
581a58,6,23,0,0,1,740,28,1,610,1,NameError
581a58,6,24,0,0,1,135,4,1,416,1,NameError
581a58,6,25,0,0,1,198,7,1,45,0,
581a58,6,26,0,0,1,703,26,1,886,1,NameError
581a58,6,27,0,0,1,68,2,1,45,0,
581a58,6,28,0,0,1,64,2,1,61,0,
581a58,6,29,0,0,1,65,2,1,61,0,
581a58,6,30,0,0,1,213,11,1,21,0,
581a58,6,31,0,0,1,1414,46,1,960,1,NameError
581a58,6,32,0,0,1,18,1,1,45,0,
581a58,6,33,0,0,1,77,2,1,11,0,
581a58,6,34,0,0,1,10,1,1,1,0,
581a58,6,35,0,0,1,885,28,1,2,0,
581a58,6,36,0,0,1,299,9,1,44,0,
581a58,6,37,0,0,1,75,2,1,353,1,TypeError
581a58,6,38,0,0,1,55,2,1,4,0,
581a58,6,39,0,0,1,314,10,1,209,0,
581a58,6,40,0,0,1,716,21,1,403,1,TypeError
581a58,6,41,0,0,1,199,2,1,1,0,
581a58,6,42,0,0,1,48,2,1,1,0,
581a58,6,43,0,0,1,58,1,1,45,0,
581a58,6,44,0,0,1,63,1,1,2,0,
581a58,6,45,0,0,1,77,1,1,53,0,
581a58,6,46,0,0,1,69,2,1,332,1,NameError
581a58,6,47,0,0,1,539,17,1,23,0,
581a58,6,48,0,0,1,69,2,1,2,0,
581a58,6,49,0,0,1,1400,41,1,44,1,
581a58,6,50,0,0,1,80,2,1,337,1,NameError
581a58,6,51,0,0,1,96,1,1,45,0,
581a58,6,52,0,0,1,418,15,1,594,1,NameError
581a58,6,53,0,0,1,266,12,1,11,0,
581a58,6,54,0,0,1,98,2,1,409,1,AttributeError
581a58,6,55,0,0,1,56,1,1,216,0,
581a58,6,56,0,0,1,44,1,1,2134,0,
581a58,6,57,0,0,1,78,2,1,2599,1,KeyError
581a58,6,58,0,0,1,91,2,1,5,0,
581a58,6,59,0,0,1,40,2,1,2,0,
581a58,6,60,0,0,1,244,9,1,4,0,
581a58,6,61,0,0,1,60,2,1,360,0,
581a58,6,62,0,0,1,119,4,1,521,0,
581a58,6,63,0,0,1,289,12,1,3,0,
581a58,6,64,0,0,1,238,4,1,5,0,
581a58,11,1,0,0,1,134,1,1,45,0,
581a58,11,2,0,0,1,113,3,1,3,0,
581a58,11,3,0,0,1,426,17,1,13,0,
581a58,11,4,0,0,1,312,6,1,45,0,
581a58,11,5,0,0,1,263,13,1,6,0,
581a58,11,6,0,0,1,285,9,1,44,1,
581a58,11,7,0,0,1,181,7,1,399,1,NameError
581a58,11,8,0,0,1,170,1,1,45,0,
581a58,11,9,0,0,1,329,12,1,6,0,
581a58,11,10,0,0,1,198,6,1,44,1,
581a58,11,11,0,0,1,678,26,1,600,1,NameError
581a58,11,12,0,0,1,90,1,1,45,0,
581a58,11,13,0,0,1,141,4,1,45,0,
581a58,11,14,0,0,1,526,22,1,30,0,
581a58,11,15,0,0,1,173,7,1,42,0,
581a58,11,16,0,0,1,346,12,1,9,0,
581a58,11,17,0,0,1,1292,45,1,450,1,NameError
581a58,11,18,0,0,1,213,9,1,6,0,
581a58,11,19,0,0,1,876,34,1,44,1,
581a58,11,20,0,0,1,448,16,1,195,0,
581a58,11,21,0,0,1,47,2,1,395,0,
581a58,11,22,0,0,1,81,4,1,403,0,
581a58,11,23,0,0,1,163,4,1,45,0,
581a58,11,24,0,0,1,78,1,1,45,0,
581a58,11,25,0,0,1,311,12,1,3,0,
581a58,11,26,0,0,1,248,12,1,7,0,
581a58,11,27,0,0,1,67,1,1,45,0,
581a58,11,28,0,0,1,258,12,1,3,0,
581a58,11,29,0,0,1,195,6,1,85,0,
581a58,11,30,0,0,1,68,5,1,18,0,
581a58,11,31,0,0,1,923,32,1,62,0,
581a58,11,32,0,0,1,947,31,1,53,0,
581a58,11,33,0,0,1,1325,37,1,45,0,
581a58,11,34,0,0,1,427,17,1,3,0,
581a58,11,35,0,0,1,1620,56,1,35,0,
581a58,11,36,0,0,1,252,10,1,44,1,
581a58,11,37,0,0,1,110,3,1,384,1,NameError
581a58,11,38,0,0,1,435,20,1,579,1,NameError
581a58,11,39,0,0,1,114,1,1,45,0,
581a58,10,1,0,0,1,117,1,1,45,0,
581a58,10,2,0,0,1,93,1,1,45,0,
581a58,10,3,0,0,1,21,1,1,45,0,
581a58,10,4,0,0,1,66,2,1,3,0,
581a58,10,5,0,0,1,387,13,1,45,0,
581a58,10,6,0,0,1,81,2,1,401,1,AttributeError
581a58,10,7,0,0,1,191,7,1,425,1,NameError
581a58,10,8,0,0,1,16,1,1,5,0,
581a58,10,9,0,0,1,81,1,1,45,0,
581a58,10,10,0,0,1,66,2,1,3,0,
581a58,10,11,0,0,1,300,11,1,45,0,
581a58,10,12,0,0,1,191,7,1,425,1,NameError
581a58,10,13,0,0,1,62,1,1,45,0,
581a58,10,14,0,0,1,12,1,1,890,0,
581a58,10,15,0,0,1,50,1,1,235,0,
581a58,10,16,0,0,1,28,1,1,281,1,NameError
581a58,10,17,0,0,1,468,14,1,37,0,
581a58,10,18,0,0,1,191,7,1,44,1,
581a58,10,19,0,0,1,69,1,1,45,0,
581a58,10,20,0,0,1,42,2,1,6,0,
581a58,10,21,0,0,1,69,1,1,45,0,
581a58,10,22,0,0,1,601,25,1,372,1,NameError
581a58,10,23,0,0,1,121,1,1,45,0,
581a58,10,24,0,0,1,153,5,1,5,0,
581a58,10,25,0,0,1,461,17,1,19,0,
581a58,10,26,0,0,1,294,6,1,549,1,TypeError
581a58,10,27,0,0,1,72,2,1,69,0,
581a58,10,28,0,0,1,235,4,1,44,1,
581a58,10,29,0,0,1,41,1,1,45,0,
581a58,10,30,0,0,1,552,21,1,568,1,NameError
581a58,10,31,0,0,1,121,1,1,45,0,
581a58,10,32,0,0,1,139,4,1,45,0,
581a58,10,33,0,0,1,552,21,1,2,0,
581a58,10,34,0,0,1,37,2,1,2,0,
581a58,10,35,0,0,1,460,17,1,7,0,
581a58,10,36,0,0,1,2523,73,1,44,1,
581a58,10,37,0,0,1,46,1,1,45,0,
581a58,10,38,0,0,1,389,14,1,15,0,
581a58,10,39,0,0,1,192,4,1,94,0,
581a58,10,40,0,0,1,20,1,1,51,0,
581a58,10,41,0,0,1,101,3,1,70,0,
581a58,10,42,0,0,1,213,7,1,68,0,
581a58,10,43,0,0,1,98,5,1,18,0,
581a58,10,44,0,0,1,46,1,1,45,0,
581a58,10,45,0,0,1,358,11,1,11,0,
581a58,10,46,0,0,1,80,2,1,401,1,AttributeError
581a58,10,47,0,0,1,70,1,1,63,0,
581a58,10,48,0,0,1,76,2,1,2,0,
581a58,10,49,0,0,1,68,2,1,2,0,
581a58,10,50,0,0,1,1434,49,1,44,1,
581a58,10,51,0,0,1,54,1,1,45,0,
581a58,10,52,0,0,1,1265,40,1,36,0,
581a58,10,53,0,0,1,60,2,1,12,0,
581a58,10,54,0,0,1,78,1,1,45,0,
581a58,10,55,0,0,1,369,14,1,15,0,
581a58,10,56,0,0,1,1907,53,1,43,0,
581a58,10,57,0,0,1,85,2,1,103,0,
581a58,10,58,0,0,1,285,10,1,9,0,
581a58,17,1,0,0,1,110,1,1,45,0,
581a58,17,2,0,0,1,86,3,1,3,0,
581a58,17,3,0,0,1,280,9,1,6,0,
581a58,17,4,0,0,1,181,2,1,45,0,
581a58,17,5,0,0,1,763,21,1,44,1,
581a58,17,6,0,0,1,488,15,1,433,1,NameError
581a58,17,7,0,0,1,453,16,1,7,0,
581a58,17,8,0,0,1,476,13,1,37,0,
581a58,17,9,0,0,1,285,11,1,44,1,
581a58,17,10,0,0,1,663,24,1,610,1,NameError
581a58,17,11,0,0,1,135,4,1,45,0,
581a58,17,12,0,0,1,590,21,1,2,0,
581a58,17,13,0,0,1,1400,46,1,5,0,
581a58,17,14,0,0,1,166,2,1,429,1,NameError
581a58,17,15,0,0,1,501,10,1,10,0,
581a58,17,16,0,0,1,418,1,1,45,0,
581a58,17,17,0,0,1,99,2,1,2,0,
581a58,17,18,0,0,1,436,15,1,2,0,
581a58,17,19,0,0,1,263,6,1,5,0,
581a58,17,20,0,0,1,591,22,1,2,0,
581a58,17,21,0,0,1,51,2,1,44,1,
581a58,17,22,0,0,1,50,2,1,325,1,NameError
581a58,17,23,0,0,1,764,27,1,2,0,
581a58,17,24,0,0,1,50,2,1,44,1,
581a58,1,1,0,0,1,127,1,1,45,0,
581a58,1,2,0,0,1,81,1,1,45,0,
581a58,1,3,0,0,1,21,1,1,45,0,
581a58,1,4,0,0,1,130,6,1,3,0,
581a58,1,5,0,0,1,375,13,1,45,0,
581a58,1,6,0,0,1,306,12,1,383,1,NameError
581a58,1,7,0,0,1,544,19,1,37,0,
581a58,1,8,0,0,1,273,10,1,44,1,
581a58,1,9,0,0,1,90,1,1,45,0,
581a58,1,10,0,0,1,57,1,1,45,0,
581a58,1,11,0,0,1,272,9,1,426,1,NameError
581a58,1,12,0,0,1,66,2,1,3,0,
581a58,1,13,0,0,1,310,11,1,6,0,
581a58,1,14,0,0,1,74,1,1,45,0,
581a58,1,15,0,0,1,763,20,1,44,1,
581a58,1,16,0,0,1,760,29,1,619,1,NameError
581a58,1,17,0,0,1,122,3,1,45,0,
581a58,1,18,0,0,1,701,26,1,31,0,
581a58,1,19,0,0,1,79,2,1,42,0,
581a58,1,20,0,0,1,2031,53,1,44,1,
581a58,1,21,0,0,1,54,1,1,45,0,
581a58,1,22,0,0,1,306,12,1,404,1,NameError
581a58,1,23,0,0,1,122,3,1,45,0,
581a58,1,24,0,0,1,277,11,1,11,0,
581a58,1,25,0,0,1,35,1,1,4,0,
581a58,1,26,0,0,1,356,8,1,119,0,
581a58,1,27,0,0,1,80,5,1,18,0,
581a58,1,28,0,0,1,302,8,1,2,0,
581a58,1,29,0,0,1,638,15,1,505,1,AttributeError
581a58,1,30,0,0,1,116,3,1,2,0,
581a58,1,31,0,0,1,3603,100,1,73,0,
581a58,1,32,0,0,1,1187,28,1,2,0,
581a58,1,33,0,0,1,1618,50,1,44,1,
581a58,1,34,0,0,1,556,16,1,450,1,NameError
581a58,20,1,0,0,1,106,1,1,45,0,
581a58,20,2,0,0,1,113,3,1,3,0,
581a58,20,3,0,0,1,358,12,1,6,0,
581a58,20,4,0,0,1,888,27,1,44,1,
581a58,20,5,0,0,1,1153,41,1,2,0,
581a58,20,6,0,0,1,78,2,1,203,0,
581a58,20,7,0,0,1,108,4,1,54,0,
581a58,20,8,0,0,1,793,26,1,13,0,
581a58,20,9,0,0,1,456,15,1,13,0,
581a58,20,10,0,0,1,1799,58,1,44,1,
581a58,20,11,0,0,1,665,23,1,577,1,NameError
581a58,20,12,0,0,1,901,35,1,592,1,NameError
581a58,20,13,0,0,1,129,3,1,2,0,
581a58,20,14,0,0,1,566,21,1,25,0,
581a58,20,15,0,0,1,834,19,1,610,1,AttributeError
581a58,20,16,0,0,1,194,2,1,943,0,
581a58,20,17,0,0,1,91,3,1,2,0,
581a58,20,18,0,0,1,606,18,1,44,1,
581a58,20,19,0,0,1,1125,35,1,1,0,
581a58,20,20,0,0,1,75,2,1,168,0,
581a58,20,21,0,0,1,3520,63,1,45,0,
581a58,20,22,0,0,1,680,23,1,494,1,NameError
581a58,20,23,0,0,1,44,2,1,319,1,NameError
581a58,20,24,0,0,1,1021,40,1,2,0,
581a58,20,25,0,0,1,734,25,1,1,0,
581a58,20,26,0,0,1,294,11,1,147,0,
581a58,20,27,0,0,1,2739,72,1,45,0,
581a58,20,28,0,0,1,138,3,1,44,0,
581a58,9,1,0,0,1,122,1,1,45,0,
581a58,9,2,0,0,1,88,3,1,3,0,
581a58,9,3,0,0,1,100,1,1,45,0,
581a58,9,4,0,0,1,329,12,1,6,0,
581a58,9,5,0,0,1,316,14,1,20,0,
581a58,9,6,0,0,1,210,4,1,449,1,TypeError
581a58,9,7,0,0,1,100,2,1,1592,0,
581a58,9,8,0,0,1,427,13,1,44,1,
581a58,9,9,0,0,1,70,1,1,45,0,
581a58,9,10,0,0,1,252,6,1,521,1,NameError
581a58,9,11,0,0,1,100,1,1,45,0,
581a58,9,12,0,0,1,78,3,1,3,0,
581a58,9,13,0,0,1,280,12,1,6,0,
581a58,9,14,0,0,1,77,2,1,44,1,
581a58,9,15,0,0,1,73,2,1,337,1,NameError
581a58,9,16,0,0,1,52,1,1,45,0,
581a58,9,17,0,0,1,49,1,1,45,0,
581a58,9,18,0,0,1,695,12,1,45,0,
581a58,9,19,0,0,1,447,13,1,396,1,NameError
581a58,9,20,0,0,1,49,1,1,45,0,
581a58,9,21,0,0,1,65,2,1,3,0,
581a58,9,22,0,0,1,369,12,1,6,0,
581a58,9,23,0,0,1,845,31,1,44,1,
581a58,9,24,0,0,1,784,31,1,375,1,NameError
581a58,9,25,0,0,1,84,1,1,45,0,
581a58,9,26,0,0,1,383,12,1,18,0,
581a58,9,27,0,0,1,810,31,1,44,1,
581a58,9,28,0,0,1,1056,29,1,608,1,NameError
581a58,9,29,0,0,1,453,15,1,15,0,
581a58,9,30,0,0,1,476,18,1,42,0,
581a58,9,31,0,0,1,176,7,1,30,0,
581a58,9,32,0,0,1,134,3,1,26,0,
581a58,9,33,0,0,1,141,5,1,1,0,
581a58,9,34,0,0,1,1467,48,1,44,1,
581a58,9,35,0,0,1,303,16,1,398,1,NameError
581a58,9,36,0,0,1,557,22,1,4,0,
581a58,9,37,0,0,1,1766,52,1,1056,1,OverflowError
581a58,9,38,0,0,1,1398,43,1,1019,1,OverflowError
581a58,9,39,0,0,1,64,4,1,3,0,
581a58,9,40,0,0,1,102,4,1,405,1,AttributeError
581a58,9,41,0,0,1,23,1,1,21,0,
581a58,9,42,0,0,1,419,15,1,17,0,
581a58,9,43,0,0,1,1264,42,1,37,0,
581a58,9,44,0,0,1,116,3,1,2,0,
581a58,9,45,0,0,1,369,12,1,4,0,
581a58,9,46,1,0,0,0,0,0,0,0,
581a58,4,1,0,0,1,138,1,1,45,0,
581a58,4,2,0,0,1,108,1,1,45,0,
581a58,4,3,0,0,1,21,1,1,45,0,
581a58,4,4,0,0,1,84,3,1,3,0,
581a58,4,5,0,0,1,406,12,1,13,0,
581a58,4,6,0,0,1,304,12,1,44,1,
581a58,4,7,0,0,1,69,2,1,332,1,NameError
581a58,4,8,0,0,1,472,17,1,2,0,
581a58,4,9,0,0,1,107,1,1,45,0,
581a58,4,10,0,0,1,89,1,1,45,0,
581a58,4,11,0,0,1,650,26,1,43,0,
581a58,4,12,0,0,1,247,6,1,21,0,
581a58,4,13,0,0,1,116,1,1,389,1,TypeError
581a58,4,14,0,0,1,107,2,1,1592,0,
581a58,4,15,0,0,1,288,6,1,44,1,
581a58,4,16,0,0,1,136,1,1,386,1,NameError
581a58,4,17,0,0,1,1123,36,1,44,1,
581a58,4,18,0,0,1,84,1,1,45,0,
581a58,4,19,0,0,1,78,1,1,45,0,
581a58,4,20,0,0,1,452,15,1,15,0,
581a58,4,21,0,0,1,1295,36,1,64,0,
581a58,4,22,0,0,1,955,34,1,18,0,
581a58,4,23,0,0,1,812,26,1,439,1,NameError
581a58,4,24,0,0,1,73,3,1,341,1,NameError
581a58,4,25,0,0,1,164,4,1,44,1,
581a58,4,26,0,0,1,78,1,1,45,0,
581a58,4,27,0,0,1,568,20,1,14,0,
581a58,4,28,0,0,1,2364,60,1,44,1,
581a58,4,29,0,0,1,78,1,1,45,0,
581a58,4,30,0,0,1,94,1,1,45,0,
581a58,4,31,0,0,1,497,15,1,2,0,
581a58,4,32,0,0,1,251,9,1,4,0,
581a58,4,33,0,0,1,868,30,1,1,0,
581a58,4,34,0,0,1,668,20,1,2,0,
581a58,4,35,0,0,1,583,18,1,160,0,
581a58,4,36,0,0,1,167,7,1,99,0,
581a58,4,37,0,0,1,83,1,1,45,0,
581a58,4,38,0,0,1,435,17,1,849,1,NameError
581a58,4,39,1,0,0,0,0,0,0,0,
581a58,5,1,0,0,1,99,1,1,45,0,
581a58,5,2,0,0,1,117,2,1,45,0,
581a58,5,3,0,0,1,56,2,1,3,0,
581a58,5,4,0,0,1,411,11,1,6,0,
581a58,5,5,0,0,1,73,1,1,45,0,
581a58,5,6,0,0,1,79,1,1,45,0,
581a58,5,7,0,0,1,93,1,1,45,0,
581a58,5,8,0,0,1,533,16,1,10,0,
581a58,5,9,0,0,1,124,1,1,44,1,
581a58,5,10,0,0,1,57,1,1,45,0,
581a58,5,11,0,0,1,276,6,1,513,1,NameError
581a58,5,12,0,0,1,267,6,1,515,1,NameError
581a58,5,13,0,0,1,496,12,1,13,0,
581a58,5,14,0,0,1,218,7,1,44,1,
581a58,5,15,0,0,1,57,1,1,45,0,
581a58,5,16,0,0,1,962,25,1,343,1,NameError
581a58,5,17,0,0,1,480,11,1,13,0,
581a58,5,18,0,0,1,732,21,1,2,0,
581a58,5,19,0,0,1,94,3,1,2,0,
581a58,5,20,0,0,1,104,3,1,497,1,ImportError
581a58,5,21,0,0,1,55,2,1,355,1,AttributeError
581a58,5,22,0,0,1,96,1,1,45,0,
581a58,5,23,0,0,1,30,1,1,416,0,
581a58,5,24,0,0,1,202,5,1,2684,1,KeyError
581a58,5,25,0,0,1,151,4,1,5,0,
581a58,5,26,0,0,1,107,1,1,45,0,
581a58,5,27,0,0,1,113,1,1,45,0,
581a58,5,28,0,0,1,63,1,1,200,0,
581a58,5,29,0,0,1,112,2,1,28,0,
581a58,5,30,0,0,1,70,2,1,360,0,
581a58,5,31,0,0,1,244,9,1,12,0,
581a58,5,32,0,0,1,61,1,1,45,0,
581a58,5,33,0,0,1,215,6,1,65,0,
581a58,5,34,0,0,1,12,1,1,7,0,
581a58,5,35,0,0,1,97,1,1,4,0,
581a58,5,36,0,0,1,127,2,1,90,0,
581a58,5,37,0,0,1,24,1,1,2,0,
581a58,5,38,0,0,1,123,1,1,45,0,
581a58,5,39,0,0,1,263,10,1,11,0,
581a58,5,40,0,0,1,53,2,1,293,0,
581a58,5,41,0,0,1,90,3,1,72,0,
581a58,5,42,0,0,1,157,4,1,4,0,
581a58,5,43,0,0,1,188,8,1,45,0,
581a58,5,44,0,0,1,90,3,1,45,0,
581a58,5,45,0,0,1,80,1,1,45,0,
581a58,5,46,0,0,1,1700,60,1,867,1,TypeError
581a58,5,47,0,0,1,1074,36,1,1,0,
581a58,5,48,0,0,1,422,14,1,9,0,
581a58,5,49,0,0,1,58,1,1,45,0,
581a58,5,50,0,0,1,331,12,1,199,0,
581a58,5,51,0,0,1,1321,44,1,799,0,
581a58,16,1,0,0,1,149,1,1,45,0,
581a58,16,2,0,0,1,86,3,1,3,0,
581a58,16,3,0,0,1,341,13,1,13,0,
581a58,16,4,0,0,1,127,1,1,45,0,
581a58,16,5,0,0,1,552,17,1,45,0,
581a58,16,6,0,0,1,345,9,1,13,0,
581a58,16,7,0,0,1,297,4,1,44,1,
581a58,16,8,0,0,1,1187,33,1,595,1,NameError
581a58,16,9,0,0,1,63,2,1,1205,0,
581a58,16,10,0,0,1,871,28,1,82,0,
581a58,16,11,0,0,1,629,23,1,2,0,
581a58,16,12,0,0,1,8,1,1,100,0,
581a58,16,13,0,0,1,243,9,1,12,0,
581a58,16,14,0,0,1,231,4,1,45,0,
581a58,16,15,0,0,1,486,21,1,2,0,
581a58,16,16,0,0,1,403,16,1,3,0,
581a58,16,17,0,0,1,20,1,1,4,0,
581a58,16,18,0,0,1,540,17,1,3,0,
581a58,16,19,0,0,1,2,1,1,105,0,
581a58,16,20,0,0,1,2,1,1,58,0,
581a58,16,21,0,0,1,94,1,1,45,0,
581a58,16,22,0,0,1,99,5,1,392,1,NameError
581a58,16,23,0,0,1,274,6,1,6,0,
581a58,16,24,0,0,1,148,5,1,10,0,
581a58,16,25,0,0,1,270,11,1,44,1,
581a58,16,26,0,0,1,250,8,1,462,1,NameError
581a58,16,27,0,0,1,257,9,1,3,0,
581a58,16,28,0,0,1,391,13,1,11,0,
581a58,16,29,0,0,1,735,19,1,548,1,NameError
581a58,16,30,0,0,1,57,1,1,45,0,
581a58,16,31,0,0,1,219,3,1,487,1,NameError
581a58,16,32,0,0,1,20,1,1,45,0,
581a58,16,33,0,0,1,219,3,1,492,1,NameError
581a58,16,34,0,0,1,37,1,1,45,0,
581a58,16,35,0,0,1,281,5,1,2610,0,
581a58,16,36,0,0,1,150,3,1,2,0,
581a58,16,37,0,0,1,61,2,1,360,0,
581a58,16,38,0,0,1,26,1,1,282,1,NameError
581a58,16,39,0,0,1,254,9,1,12,0,
581a58,16,40,0,0,1,179,5,1,54,0,
581a58,16,41,0,0,1,859,27,1,86,0,
581a58,16,42,0,0,1,263,8,1,74,0,
581a58,16,43,0,0,1,70,2,1,74,0,
581a58,16,44,1,0,0,0,0,0,0,0,
581a58,19,1,0,0,1,140,1,1,45,0,
581a58,19,2,0,0,1,220,5,1,3,0,
581a58,19,3,0,0,1,294,10,1,6,0,
581a58,19,4,0,0,1,839,27,1,44,1,
581a58,19,5,0,0,1,96,1,1,45,0,
581a58,19,6,0,0,1,86,1,1,45,0,
581a58,19,7,0,0,1,896,30,1,666,1,NameError
581a58,19,8,0,0,1,63,2,1,45,0,
581a58,19,9,0,0,1,160,7,1,10,0,
581a58,19,10,0,0,1,590,22,1,603,1,NameError
581a58,19,11,0,0,1,691,26,1,2,0,
581a58,19,12,0,0,1,37,2,1,2,0,
581a58,19,13,0,0,1,83,1,1,45,0,
581a58,19,14,0,0,1,278,9,1,6,0,
581a58,19,15,0,0,1,387,15,1,44,1,
581a58,19,16,0,0,1,907,33,1,617,1,NameError
581a58,19,17,0,0,1,54,1,1,45,0,
581a58,19,18,0,0,1,114,6,1,618,1,NameError
581a58,19,19,0,0,1,699,29,1,2,0,
581a58,19,20,0,0,1,452,13,1,3,0,
581a58,19,21,0,0,1,1419,40,1,53,0,
581a58,19,22,0,0,1,235,5,1,534,1,NameError
581a58,19,23,0,0,1,239,7,1,6,0,
581a58,19,24,0,0,1,223,4,1,39,0,
581a58,19,25,0,0,1,1792,49,1,44,1,
581a58,19,26,0,0,1,46,2,1,321,1,NameError
581a58,19,27,1,0,0,0,0,0,0,0,
581a58,22,1,0,0,1,141,1,1,45,0,
581a58,22,2,0,0,1,112,2,1,45,0,
581a58,22,3,0,0,1,208,9,1,3,0,
581a58,22,4,0,0,1,369,14,1,13,0,
581a58,22,5,0,0,1,573,18,1,13,0,
581a58,22,6,0,0,1,338,8,1,44,1,
581a58,22,7,0,0,1,188,8,1,397,1,NameError
581a58,22,8,0,0,1,169,8,1,382,1,NameError
581a58,22,9,0,0,1,130,1,1,45,0,
581a58,22,10,0,0,1,542,22,1,13,0,
581a58,22,11,0,0,1,169,8,1,7,0,
581a58,22,12,0,0,1,1529,40,1,44,1,
581a58,22,13,0,0,1,1139,34,1,445,1,NameError
581a58,22,14,0,0,1,765,28,1,404,1,NameError
581a58,22,15,0,0,1,78,1,1,45,0,
581a58,22,16,0,0,1,550,23,1,13,0,
581a58,22,17,0,0,1,754,27,1,2,0,
581a58,22,18,0,0,1,612,21,1,2,0,
581a58,22,19,0,0,1,437,16,1,61,0,
581a58,22,20,0,0,1,46,1,1,45,0,
581a58,22,21,0,0,1,74,4,1,3,0,
581a58,22,22,0,0,1,271,10,1,44,1,
581a58,22,23,0,0,1,1166,38,1,415,1,NameError
581a58,22,24,0,0,1,16,1,1,45,0,
581a58,22,25,0,0,1,604,28,1,11,0,
581a58,22,26,0,0,1,986,33,1,44,1,
581a58,22,27,0,0,1,1455,41,1,425,1,NameError
581a58,22,28,0,0,1,11,1,1,45,0,
581a58,22,29,0,0,1,111,3,1,602,1,NameError
581a58,22,30,0,0,1,603,28,1,18,0,
581a58,22,31,0,0,1,949,30,1,44,1,
581a58,22,32,0,0,1,54,1,1,45,0,
581a58,22,33,0,0,1,411,11,1,420,1,NameError
581a58,22,34,0,0,1,7,1,1,45,0,
581a58,22,35,0,0,1,575,25,1,45,0,
581a58,22,36,0,0,1,131,4,1,77,0,
581a58,22,37,0,0,1,80,5,1,17,0,
581a58,22,38,0,0,1,90,3,1,70,0,
581a58,22,39,0,0,1,209,6,1,438,1,NameError
581a58,22,40,0,0,1,43,1,1,45,0,
581a58,22,41,0,0,1,112,4,1,4,0,
581a58,22,42,0,0,1,361,11,1,44,1,
581a58,22,43,0,0,1,425,16,1,584,1,NameError
581a58,21,1,0,0,1,134,1,1,45,0,
581a58,21,2,0,0,1,66,2,1,3,0,
581a58,21,3,0,0,1,408,14,1,6,0,
581a58,21,4,0,0,1,112,1,1,45,0,
581a58,21,5,0,0,1,251,9,1,6,0,
581a58,21,6,0,0,1,36,2,1,6,0,
581a58,21,7,0,0,1,225,9,1,13,0,
581a58,21,8,0,0,1,304,7,1,45,0,
581a58,21,9,0,0,1,178,4,1,44,1,
581a58,21,10,0,0,1,73,1,1,45,0,
581a58,21,11,0,0,1,897,27,1,461,1,NameError
581a58,21,12,0,0,1,93,1,1,45,0,
581a58,21,13,0,0,1,449,14,1,17,0,
581a58,21,14,0,0,1,600,19,1,2,0,
581a58,21,15,0,0,1,368,16,1,2,0,
581a58,21,16,0,0,1,110,6,1,2,0,
581a58,21,17,0,0,1,245,12,1,3,0,
581a58,21,18,0,0,1,42,2,1,5,0,
581a58,21,19,0,0,1,3371,81,1,45,0,
581a58,21,20,0,0,1,32,1,1,45,0,
581a58,21,21,0,0,1,121,4,1,10,0,
581a58,21,22,0,0,1,80,2,1,401,1,AttributeError
581a58,21,23,0,0,1,37,1,1,317,0,
581a58,21,24,0,0,1,96,2,1,236,0,
581a58,21,25,0,0,1,66,2,1,2,0,
581a58,21,26,0,0,1,1077,30,1,2,0,
581a58,21,27,0,0,1,3433,70,1,44,1,
581a58,21,28,0,0,1,2397,66,1,45,0,
581a58,21,29,0,0,1,96,4,1,378,1,NameError
581a58,21,30,0,0,1,103,1,1,45,0,
581a58,21,31,0,0,1,96,4,1,613,1,NameError
581a58,21,32,0,0,1,429,14,1,6,0,
581a58,21,33,0,0,1,1653,52,1,21,0,
581a58,21,34,0,0,1,118,3,1,25,0,
581a58,21,35,0,0,1,313,9,1,12,0,
581a58,21,36,0,0,1,1341,46,1,44,1,
581a58,21,37,0,0,1,1095,39,1,388,1,NameError
581a58,21,38,0,0,1,116,5,1,658,1,NameError
581a58,21,39,0,0,1,364,12,1,6,0,
581a58,21,40,0,0,1,859,34,1,24,0,
581a58,21,41,0,0,1,130,3,1,409,1,NameError
581a58,21,42,0,0,1,192,4,1,486,1,NameError
581a58,21,43,0,0,1,1252,43,1,2,0,
581a58,21,44,0,0,1,130,3,1,87,0,
581a58,15,1,0,0,1,153,1,1,45,0,
581a58,15,2,0,0,1,57,1,1,45,0,
581a58,15,3,0,0,1,139,5,1,3,0,
581a58,15,4,0,0,1,249,9,1,45,0,
581a58,15,5,0,0,1,89,2,1,409,1,AttributeError
581a58,15,6,0,0,1,236,10,1,386,1,NameError
581a58,15,7,0,0,1,648,26,1,44,1,
581a58,15,8,0,0,1,49,1,1,45,0,
581a58,15,9,0,0,1,96,1,1,45,0,
581a58,15,10,0,0,1,46,1,1,45,0,
581a58,15,11,0,0,1,339,10,1,6,0,
581a58,15,12,0,0,1,104,2,1,45,0,
581a58,15,13,0,0,1,684,19,1,10,0,
581a58,15,14,0,0,1,159,2,1,44,1,
581a58,15,15,0,0,1,54,1,1,45,0,
581a58,15,16,0,0,1,354,12,1,9,0,
581a58,15,17,0,0,1,780,26,1,44,1,
581a58,15,18,0,0,1,665,28,1,345,1,NameError
581a58,15,19,0,0,1,54,1,1,45,0,
581a58,15,20,0,0,1,54,1,1,45,0,
581a58,15,21,0,0,1,354,12,1,9,0,
581a58,15,22,0,0,1,696,27,1,44,1,
581a58,15,23,0,0,1,68,2,1,331,1,NameError
581a58,15,24,0,0,1,95,1,1,45,0,
581a58,15,25,0,0,1,434,13,1,24,0,
581a58,15,26,0,0,1,46,1,1,45,0,
581a58,15,27,0,0,1,116,6,1,45,0,
581a58,15,28,0,0,1,99,2,1,53,0,
581a58,15,29,0,0,1,99,5,1,168,0,
581a58,15,30,0,0,1,165,6,1,166,0,
581a58,15,31,0,0,1,92,5,1,18,0,
581a58,15,32,0,0,1,54,1,1,45,0,
581a58,15,33,0,0,1,449,14,1,9,0,
581a58,15,34,0,0,1,1046,35,1,30,0,
581a58,15,35,0,0,1,44,1,1,45,0,
581a58,15,36,0,0,1,39,1,1,236,0,
581a58,15,37,0,0,1,195,8,1,2,0,
581a58,15,38,0,0,1,2072,54,1,44,1,
581a58,15,39,0,0,1,49,1,1,45,0,
581a58,15,40,0,0,1,2458,76,1,45,0,
581a58,15,41,0,0,1,35,2,1,2,0,
581a58,15,42,0,0,1,19,1,1,5,0,
581a58,15,43,0,0,1,332,10,1,6,0,
581a58,15,44,0,0,1,4,1,1,180,0,
581a58,15,45,0,0,1,55,1,1,311,1,NameError
581a58,15,46,0,0,1,49,1,1,45,0,
581a58,15,47,0,0,1,482,18,1,11,0,
581a58,15,48,0,0,1,62,1,1,2,0,
581a58,15,49,0,0,1,164,4,1,1,0,
581a58,15,50,0,0,1,901,32,1,119,0,
581a58,15,51,0,0,1,232,7,1,87,0,
581a58,18,1,0,0,1,97,1,1,45,0,
581a58,18,2,0,0,1,97,1,1,45,0,
581a58,18,3,0,0,1,87,4,1,3,0,
581a58,18,4,0,0,1,370,13,1,4,0,
581a58,18,5,0,0,1,184,8,1,6,0,
581a58,18,6,0,0,1,83,3,1,44,1,
581a58,18,7,0,0,1,77,1,1,45,0,
581a58,18,8,0,0,1,292,10,1,436,1,NameError
581a58,18,9,0,0,1,387,14,1,6,0,
581a58,18,10,0,0,1,77,1,1,45,0,
581a58,18,11,0,0,1,714,22,1,44,1,
581a58,18,12,0,0,1,523,24,1,583,1,NameError
581a58,18,13,0,0,1,618,27,1,2,0,
581a58,18,14,0,0,1,37,2,1,2,0,
581a58,18,15,0,0,1,1434,42,1,44,1,
581a58,18,16,0,0,1,70,1,1,45,0,
581a58,18,17,0,0,1,248,9,1,412,1,NameError
581a58,18,18,0,0,1,670,26,1,2,0,
581a58,18,19,0,0,1,55,2,1,374,1,AttributeError
581a58,18,20,0,0,1,62,1,1,45,0,
581a58,18,21,0,0,1,63,1,1,200,0,
581a58,18,22,0,0,1,2337,70,1,44,1,
581a58,18,23,0,0,1,311,9,1,2,0,
581a58,18,24,0,0,1,295,8,1,275,0,
581a58,18,25,0,0,1,76,2,1,133,0,
581a58,18,26,0,0,1,1856,73,1,44,1,
581a58,18,27,0,0,1,493,21,1,603,1,NameError
581a58,18,28,0,0,1,518,21,1,87,0,
581a58,12,1,0,0,1,123,1,1,45,0,
581a58,12,2,0,0,1,93,1,1,45,0,
581a58,12,3,0,0,1,265,11,1,20,0,
581a58,12,4,0,0,1,436,13,1,39,0,
581a58,12,5,0,0,1,170,8,1,11,0,
581a58,12,6,0,0,1,294,9,1,44,1,
581a58,12,7,0,0,1,166,4,1,445,1,NameError
581a58,12,8,0,0,1,93,1,1,45,0,
581a58,12,9,0,0,1,620,22,1,20,0,
581a58,12,10,0,0,1,753,27,1,2,0,
581a58,12,11,0,0,1,431,14,1,44,1,
581a58,12,12,0,0,1,969,30,1,382,1,NameError
581a58,12,13,0,0,1,71,1,1,45,0,
581a58,12,14,0,0,1,449,18,1,15,0,
581a58,12,15,0,0,1,722,25,1,38,0,
581a58,12,16,1,0,0,0,0,0,0,0,
581a58,12,17,1,0,0,0,0,0,0,0,
581a58,12,18,0,0,1,321,10,1,343,1,NameError
581a58,12,19,0,0,1,58,2,1,333,1,NameError
581a58,12,20,1,0,0,0,0,0,0,0,
581a58,12,21,0,0,1,450,19,1,15,0,
581a58,12,22,0,0,1,649,23,1,14,0,
581a58,12,23,0,0,1,321,10,1,4,0,
581a58,12,24,0,0,1,600,18,1,6,0,
581a58,12,25,0,0,1,66,1,1,45,0,
581a58,12,26,0,0,1,279,9,1,20,0,
581a58,12,27,0,0,1,328,10,1,44,1,
581a58,12,28,0,0,1,312,9,1,416,1,NameError
581a58,12,29,0,0,1,84,1,1,45,0,
581a58,12,30,0,0,1,621,18,1,33,0,
581a58,12,31,0,0,1,149,4,1,29,0,
581a58,12,32,0,0,1,42,1,1,45,0,
581a58,12,33,0,0,1,172,5,1,90,0,
581a58,12,34,0,0,1,98,5,1,18,0,
581a58,12,35,0,0,1,2353,77,1,385,1,NameError
581a58,12,36,0,0,1,494,19,1,49,0,
581a58,12,37,0,0,1,154,7,1,19,0,
581a58,12,38,0,0,1,1421,45,1,44,1,
581a58,12,39,0,0,1,554,18,1,613,1,NameError
581a58,12,40,0,0,1,13,1,1,45,0,
581a58,12,41,0,0,1,57,2,1,575,1,NameError
581a58,12,42,0,0,1,37,1,1,16,0,
581a58,12,43,0,0,1,502,19,1,48,0,
581a58,12,44,0,0,1,153,7,1,18,0,
581a58,12,45,0,0,1,550,17,1,53,0,
581a58,12,46,0,0,1,84,2,1,42,0,
581a58,12,47,0,0,1,620,20,1,31,0,
581a58,12,48,0,0,1,165,7,1,12,0,
581a58,12,49,0,0,1,314,9,1,185,0,
581a58,12,50,0,0,1,883,22,1,2,0,
581a58,12,51,0,0,1,1343,51,1,200,0,
d4b03c,18,1,0,0,1,662,27,1,3,0,
d4b03c,18,2,0,0,1,53,3,1,4,0,
d4b03c,18,3,0,0,1,277,10,1,3,0,
d4b03c,18,4,0,0,1,94,3,1,14,0,
d4b03c,18,5,0,0,1,47,2,1,3,0,
d4b03c,18,6,0,0,1,41,2,1,3,0,
d4b03c,18,7,0,0,1,72,3,1,3,0,
d4b03c,18,8,0,0,1,527,19,1,5,0,
d4b03c,18,9,0,0,1,469,18,1,4,0,
d4b03c,18,10,0,0,1,392,18,1,3,0,
d4b03c,18,11,0,0,1,69,3,1,3,0,
d4b03c,18,12,0,0,1,102,5,1,3,0,
d4b03c,18,13,0,0,1,76,3,1,3,0,
d4b03c,18,14,0,0,1,73,2,1,3,0,
d4b03c,7,1,0,0,1,249,14,1,7,0,
d4b03c,7,2,0,0,1,655,28,1,7,0,
d4b03c,7,3,0,0,1,559,23,1,7,0,
d4b03c,7,4,1,0,0,0,0,0,0,0,
d4b03c,19,1,0,0,1,586,23,1,310,0,
d4b03c,19,2,0,0,1,44,2,1,7,0,
d4b03c,19,3,0,0,1,547,26,1,7,0,
d4b03c,19,4,0,0,1,323,12,1,910,1,AttributeError
d4b03c,19,5,0,0,1,195,7,1,74,0,
d4b03c,19,6,0,0,1,122,4,1,72,0,
d4b03c,19,7,0,0,1,186,5,1,7,0,
d4b03c,19,8,0,0,1,251,9,1,7,0,
d4b03c,19,9,0,0,1,239,10,1,7,0,
d4b03c,19,10,1,0,0,0,0,0,0,0,
d4b03c,24,1,0,0,1,633,25,1,9,0,
d4b03c,24,2,0,0,1,66,3,1,3,0,
d4b03c,24,3,0,0,1,1269,36,1,10,0,
d4b03c,24,4,0,0,1,830,23,1,128,0,
d4b03c,24,5,0,0,1,173,9,1,7,0,
d4b03c,24,6,0,0,1,1082,33,1,111,0,
d4b03c,24,7,0,0,1,330,18,1,2,0,
d4b03c,24,8,0,0,1,32,3,1,7,0,
d4b03c,24,9,0,0,1,196,10,1,73,0,
d4b03c,24,10,0,0,1,149,7,1,73,0,
d4b03c,24,11,0,0,1,201,10,1,45,0,
d4b03c,24,12,0,0,1,51,2,1,72,0,
d4b03c,24,13,0,0,1,71,3,1,45,0,
d4b03c,24,14,0,0,1,249,10,1,10,0,
d4b03c,24,15,0,0,1,119,5,1,1,0,
d4b03c,24,16,0,0,1,640,19,1,1,0,
d4b03c,24,17,0,0,1,100,5,1,7,0,
d4b03c,24,18,1,0,0,0,0,0,0,0,
d4b03c,10,1,0,0,1,120,1,1,45,0,
d4b03c,10,2,0,0,1,2476,62,1,4,0,
d4b03c,10,3,0,0,1,56,2,1,44,1,
d4b03c,10,4,0,0,1,2454,67,1,4,0,
d4b03c,10,5,0,0,1,190,9,1,7,0,
d4b03c,10,6,0,0,1,1300,48,1,992,1,NameError
d4b03c,10,7,0,0,1,1037,37,1,36,0,
d4b03c,10,8,0,0,1,876,32,1,59,0,
d4b03c,10,9,0,0,1,141,8,1,7,0,
d4b03c,10,10,0,0,1,227,10,1,7,0,
d4b03c,10,11,1,0,0,0,0,0,0,0,
d4b03c,23,1,0,0,1,681,25,1,45,0,
d4b03c,23,2,0,0,1,10,1,1,269,1,NameError
d4b03c,23,3,0,0,1,73,4,1,363,1,NameError
d4b03c,23,4,0,0,1,609,24,1,3,0,
d4b03c,23,5,0,0,1,39,2,1,3,0,
d4b03c,23,6,0,0,1,400,15,1,5,0,
d4b03c,23,7,0,0,1,43,2,1,5,0,
d4b03c,23,8,0,0,1,268,11,1,30,0,
d4b03c,23,9,0,0,1,428,13,1,67,0,
d4b03c,23,10,0,0,1,64,2,1,4,0,
d4b03c,23,11,0,0,1,472,19,1,4,0,
d4b03c,23,12,0,0,1,51,2,1,44,1,
d4b03c,23,13,0,0,1,245,10,1,378,1,NameError
d4b03c,23,14,0,0,1,639,24,1,7,0,
d4b03c,23,15,0,0,1,17,1,1,260,0,
d4b03c,23,16,0,0,1,89,2,1,159,0,
d4b03c,23,17,0,0,1,524,20,1,37,0,
d4b03c,23,18,0,0,1,353,14,1,3,0,
d4b03c,23,19,0,0,1,230,12,1,35,0,
d4b03c,23,20,0,0,1,68,2,1,9,0,
d4b03c,23,21,0,0,1,926,34,1,446,0,
d4b03c,23,22,0,0,1,184,7,1,9,0,
d4b03c,23,23,0,0,1,32,1,1,5,0,
d4b03c,23,24,0,0,1,35,1,1,5,0,
d4b03c,23,25,0,0,1,65,2,1,9,0,
d4b03c,23,26,0,0,1,273,9,1,10,0,
d4b03c,23,27,0,0,1,35,1,1,5,0,
d4b03c,23,28,0,0,1,61,2,1,9,0,
d4b03c,23,29,0,0,1,66,2,1,41,0,
d4b03c,23,30,0,0,1,510,13,1,31,0,
d4b03c,23,31,0,0,1,472,17,1,4,0,
d4b03c,23,32,0,0,1,493,17,1,10,0,
d4b03c,23,33,0,0,1,457,16,1,4,0,
d4b03c,23,34,0,0,1,170,5,1,110,0,
d4b03c,23,35,1,0,0,0,0,0,0,0,
d4b03c,17,1,0,0,1,368,16,1,5,0,
d4b03c,17,2,0,0,1,746,23,1,4,0,
d4b03c,17,3,0,0,1,250,10,1,1,0,
d4b03c,17,4,0,0,1,10,1,1,228,0,
d4b03c,17,5,0,0,1,192,8,1,12,0,
d4b03c,17,6,0,0,1,31,1,1,12,0,
d4b03c,17,7,0,0,1,31,1,1,24,0,
d4b03c,17,8,0,0,1,54,2,1,44,1,
d4b03c,17,9,0,0,1,339,10,1,376,1,NameError
d4b03c,17,10,0,0,1,69,3,1,47,0,
d4b03c,17,11,0,0,1,553,20,1,651,1,NameError
d4b03c,17,12,0,0,1,66,3,1,1,0,
d4b03c,17,13,0,0,1,61,3,1,1,0,
d4b03c,17,14,0,0,1,204,7,1,43,0,
d4b03c,17,15,0,0,1,280,8,1,27,0,
d4b03c,17,16,0,0,1,436,11,1,5,0,
d4b03c,17,17,0,0,1,187,8,1,5,0,
d4b03c,17,18,0,0,1,751,24,1,60,0,
d4b03c,17,19,0,0,1,76,2,1,66,0,
d4b03c,17,20,0,0,1,526,16,1,2,0,
d4b03c,17,21,0,0,1,610,19,1,24,0,
d4b03c,17,22,0,0,1,38,1,1,3,0,
d4b03c,17,23,0,0,1,77,2,1,134,0,
d4b03c,17,24,0,0,1,77,2,1,16,0,
d4b03c,17,25,0,0,1,54,2,1,3,0,
d4b03c,17,26,0,0,1,203,7,1,357,0,
d4b03c,17,27,0,0,1,726,26,1,19,0,
d4b03c,17,28,0,0,1,32,1,1,5,0,
d4b03c,17,29,0,0,1,29,1,1,4,0,
d4b03c,17,30,0,0,1,29,1,1,5,0,
d4b03c,17,31,0,0,1,455,15,1,1,0,
d4b03c,17,32,0,0,1,428,14,1,8,0,
d4b03c,17,33,0,0,1,724,26,1,4,0,
d4b03c,17,34,0,0,1,41,1,1,4,0,
d4b03c,4,1,0,0,1,127,1,1,45,0,
d4b03c,4,2,0,0,1,318,12,1,5,0,
d4b03c,4,3,0,0,1,460,14,1,4,0,
d4b03c,4,4,0,0,1,801,21,1,4,0,
d4b03c,4,5,0,0,1,114,2,1,1,0,
d4b03c,4,6,0,0,1,16,1,1,14,0,
d4b03c,4,7,0,0,1,114,5,1,9,0,
d4b03c,4,8,0,0,1,69,3,1,4,0,
d4b03c,4,9,0,0,1,66,2,1,4,0,
d4b03c,4,10,0,0,1,80,3,1,38,0,
d4b03c,4,11,0,0,1,800,20,1,43,0,
d4b03c,4,12,0,0,1,910,26,1,173,0,
d4b03c,4,13,0,0,1,767,21,1,44,1,
d4b03c,4,14,0,0,1,406,12,1,902,1,NameError
d4b03c,4,15,0,0,1,48,5,1,37,0,
d4b03c,4,16,0,0,1,133,8,1,38,0,
d4b03c,4,17,0,0,1,1097,32,1,176,0,
d4b03c,4,18,0,0,1,409,12,1,44,1,
d4b03c,4,19,0,0,1,291,11,1,390,1,NameError
d4b03c,4,20,0,0,1,721,19,1,400,1,NameError
d4b03c,4,21,0,0,1,20,1,1,45,0,
d4b03c,4,22,0,0,1,123,3,1,80,0,
d4b03c,4,23,1,0,0,0,0,0,0,0,
d4b03c,15,1,0,0,1,323,13,1,71,0,
d4b03c,15,2,0,0,1,42,2,1,2,0,
d4b03c,15,3,0,0,1,284,11,1,2,0,
d4b03c,15,4,0,0,1,76,3,1,8,0,
d4b03c,15,5,0,0,1,44,2,1,2,0,
d4b03c,15,6,0,0,1,76,3,1,9,0,
d4b03c,15,7,0,0,1,491,19,1,7,0,
d4b03c,15,8,0,0,1,730,21,1,27,0,
d4b03c,15,9,0,0,1,97,3,1,44,1,
d4b03c,15,10,0,0,1,296,11,1,2,0,
d4b03c,15,11,0,0,1,307,13,1,8,0,
d4b03c,15,12,0,0,1,429,15,1,144,0,
d4b03c,15,13,0,0,1,806,32,1,27,0,
d4b03c,15,14,0,0,1,42,2,1,88,0,
d4b03c,15,15,0,0,1,42,2,1,24,0,
d4b03c,15,16,0,0,1,42,2,1,40,0,
d4b03c,15,17,0,0,1,42,2,1,72,0,
d4b03c,15,18,0,0,1,59,2,1,155,0,
d4b03c,15,19,0,0,1,260,12,1,2,0,
d4b03c,15,20,0,0,1,18,1,1,7,0,
d4b03c,15,21,0,0,1,626,24,1,4,0,
d4b03c,15,22,0,0,1,491,17,1,169,0,
d4b03c,15,23,0,0,1,250,11,1,87,0,
d4b03c,15,24,0,0,1,162,8,1,1,0,
d4b03c,15,25,0,0,1,158,6,1,18,0,
d4b03c,15,26,0,0,1,309,12,1,7,0,
d4b03c,15,27,1,0,0,0,0,0,0,0,
d4b03c,2,1,0,0,1,578,23,1,3,0,
d4b03c,2,2,0,0,1,55,3,1,4,0,
d4b03c,2,3,0,0,1,598,17,1,131,0,
d4b03c,2,4,0,0,1,568,17,1,60,0,
d4b03c,2,5,0,0,1,547,17,1,14,0,
d4b03c,2,6,0,0,1,45,3,1,2,0,
d4b03c,2,7,0,0,1,293,11,1,57,0,
d4b03c,2,8,0,0,1,892,34,1,7,0,
d4b03c,2,9,0,0,1,300,12,1,130,0,
d4b03c,2,10,0,0,1,27,1,1,4,0,
d4b03c,2,11,0,0,1,185,8,1,4,0,
d4b03c,2,12,0,0,1,283,12,1,4,0,
d4b03c,2,13,0,0,1,302,10,1,3,0,
d4b03c,2,14,0,0,1,30,2,1,1,0,
d4b03c,2,15,0,0,1,415,16,1,1,0,
d4b03c,2,16,0,0,1,681,24,1,9,0,
d4b03c,2,17,0,0,1,219,10,1,7,0,
d4b03c,2,18,0,0,1,474,13,1,116,0,
d4b03c,2,19,0,0,1,568,17,1,251,0,
d4b03c,2,20,0,0,1,120,3,1,44,1,
d4b03c,2,21,0,0,1,396,16,1,9,0,
d4b03c,2,22,0,0,1,427,12,1,1,0,
d4b03c,2,23,0,0,1,596,22,1,12,0,
d4b03c,2,24,0,0,1,382,12,1,7,0,
d4b03c,2,25,0,0,1,45,2,1,1,0,
d4b03c,2,26,0,0,1,39,1,1,1,0,
d4b03c,2,27,0,0,1,39,1,1,6,0,
d4b03c,2,28,0,0,1,209,10,1,7,0,
d4b03c,2,29,1,0,0,0,0,0,0,0,
d4b03c,14,1,0,0,1,37,2,1,31,0,
d4b03c,14,2,0,0,1,319,13,1,3,0,
d4b03c,14,3,0,0,1,657,29,1,3,0,
d4b03c,14,4,0,0,1,317,11,1,1,0,
d4b03c,14,5,0,0,1,41,2,1,4,0,
d4b03c,14,6,0,0,1,56,2,1,5,0,
d4b03c,14,7,0,0,1,42,2,1,44,1,
d4b03c,14,8,0,0,1,235,10,1,514,1,NameError
d4b03c,14,9,0,0,1,110,3,1,33,0,
d4b03c,14,10,0,0,1,189,9,1,7,0,
d4b03c,14,11,0,0,1,315,16,1,7,0,
d4b03c,14,12,0,0,1,584,21,1,856,1,NameError
d4b03c,14,13,0,0,1,99,4,1,23,0,
d4b03c,14,14,0,0,1,374,15,1,15,0,
d4b03c,14,15,0,0,1,304,12,1,643,1,NameError
d4b03c,14,16,0,0,1,574,22,1,7,0,
d4b03c,14,17,0,0,1,90,2,1,9,0,
d4b03c,14,18,0,0,1,325,11,1,13,0,
d4b03c,14,19,0,0,1,774,26,1,11,0,
d4b03c,14,20,0,0,1,301,6,1,17,0,
d4b03c,14,21,0,0,1,13,1,1,111,0,
d4b03c,14,22,0,0,1,320,11,1,50,0,
d4b03c,14,23,0,0,1,273,11,1,27,0,
d4b03c,14,24,0,0,1,73,2,1,8,0,
d4b03c,14,25,0,0,1,68,2,1,14,0,
d4b03c,14,26,0,0,1,73,2,1,87,0,
d4b03c,12,1,0,0,1,775,30,1,5,0,
d4b03c,12,2,0,0,1,44,2,1,4,0,
d4b03c,12,3,0,0,1,110,4,1,10,0,
d4b03c,12,4,0,0,1,110,4,1,44,1,
d4b03c,12,5,0,0,1,117,6,1,37,0,
d4b03c,12,6,0,0,1,290,15,1,7,0,
d4b03c,12,7,0,0,1,589,20,1,78,0,
d4b03c,12,8,0,0,1,122,4,1,87,0,
d4b03c,12,9,0,0,1,734,27,1,145,0,
d4b03c,12,10,0,0,1,507,17,1,151,0,
d4b03c,12,11,0,0,1,370,15,1,396,1,NameError
d4b03c,12,12,0,0,1,621,25,1,35,0,
d4b03c,12,13,0,0,1,7,1,1,21,0,
d4b03c,12,14,0,0,1,464,13,1,45,0,
d4b03c,12,15,0,0,1,584,20,1,9,0,
d4b03c,12,16,0,0,1,94,3,1,9,0,
d4b03c,12,17,0,0,1,310,13,1,7,0,
d4b03c,12,18,0,0,1,322,13,1,7,0,
d4b03c,12,19,0,0,1,505,16,1,5,0,
d4b03c,12,20,0,0,1,254,12,1,7,0,
d4b03c,12,21,0,0,1,467,17,1,7,0,
d4b03c,3,1,0,0,1,829,29,1,271,0,
d4b03c,3,2,0,0,1,353,11,1,5,0,
d4b03c,3,3,0,0,1,594,18,1,67,0,
d4b03c,3,4,0,0,1,535,17,1,4,0,
d4b03c,3,5,0,0,1,58,2,1,4,0,
d4b03c,3,6,0,0,1,58,2,1,4,0,
d4b03c,3,7,0,0,1,58,2,1,44,1,
d4b03c,3,8,0,0,1,734,25,1,111,0,
d4b03c,3,9,0,0,1,689,23,1,68,0,
d4b03c,3,10,0,0,1,135,4,1,44,1,
d4b03c,3,11,0,0,1,401,16,1,284,0,
d4b03c,3,12,0,0,1,675,22,1,42,0,
d4b03c,3,13,0,0,1,714,23,1,17,0,
d4b03c,3,14,0,0,1,769,25,1,57,0,
d4b03c,3,15,0,0,1,634,20,1,129,0,
d4b03c,3,16,0,0,1,560,18,1,103,0,
d4b03c,3,17,0,0,1,126,4,1,10,0,
d4b03c,3,18,0,0,1,107,3,1,103,0,
d4b03c,3,19,0,0,1,327,11,1,10,0,
d4b03c,3,20,0,0,1,75,2,1,12,0,
d4b03c,3,21,0,0,1,75,2,1,12,0,
d4b03c,3,22,0,0,1,549,18,1,87,0,
d4b03c,3,23,1,0,0,0,0,0,0,0,
d4b03c,11,1,0,0,1,594,24,1,12,0,
d4b03c,11,2,0,0,1,345,14,1,16,0,
d4b03c,11,3,0,0,1,621,24,1,81,0,
d4b03c,11,4,0,0,1,66,3,1,81,0,
d4b03c,11,5,0,0,1,348,14,1,12,0,
d4b03c,11,6,0,0,1,390,16,1,2,0,
d4b03c,11,7,0,0,1,118,5,1,53,0,
d4b03c,11,8,0,0,1,96,3,1,53,0,
d4b03c,11,9,0,0,1,204,8,1,145,0,
d4b03c,11,10,0,0,1,73,4,1,225,0,
d4b03c,11,11,0,0,1,47,3,1,4,0,
d4b03c,11,12,0,0,1,159,7,1,103,0,
d4b03c,11,13,0,0,1,40,1,1,160,0,
d4b03c,11,14,0,0,1,78,3,1,33,0,
d4b03c,11,15,0,0,1,277,13,1,40,0,
d4b03c,11,16,0,0,1,36,1,1,168,0,
d4b03c,11,17,0,0,1,176,10,1,42,0,
d4b03c,11,18,0,0,1,49,2,1,5,0,
d4b03c,11,19,0,0,1,404,16,1,51,0,
d4b03c,11,20,0,0,1,188,10,1,292,0,
d4b03c,11,21,0,0,1,1006,28,1,53,0,
d4b03c,11,22,0,0,1,229,8,1,176,0,
d4b03c,11,23,0,0,1,453,18,1,67,0,
d4b03c,11,24,0,0,1,427,16,1,77,0,
d4b03c,13,1,0,0,1,173,1,1,45,0,
d4b03c,13,2,0,0,1,331,13,1,3,0,
d4b03c,13,3,0,0,1,654,23,1,3,0,
d4b03c,13,4,0,0,1,52,3,1,12,0,
d4b03c,13,5,0,0,1,131,4,1,9,0,
d4b03c,13,6,0,0,1,310,11,1,18,0,
d4b03c,13,7,0,0,1,986,28,1,45,0,
d4b03c,13,8,0,0,1,66,1,1,45,0,
d4b03c,13,9,0,0,1,826,24,1,91,0,
d4b03c,13,10,0,0,1,158,6,1,5,0,
d4b03c,13,11,0,0,1,634,20,1,80,0,
d4b03c,13,12,0,0,1,522,15,1,2004,0,
d4b03c,13,13,0,0,1,66,5,1,38,0,
d4b03c,13,14,0,0,1,163,7,1,9,0,
d4b03c,13,15,0,0,1,662,24,1,44,0,
d4b03c,13,16,0,0,1,400,11,1,608,0,
d4b03c,13,17,0,0,1,102,4,1,44,0,
d4b03c,13,18,0,0,1,168,7,1,186,0,
d4b03c,13,19,0,0,1,511,15,1,104,0,
d4b03c,13,20,0,0,1,210,8,1,103,0,
d4b03c,13,21,0,0,1,6,1,1,100,0,
d4b03c,13,22,0,0,1,55,2,1,255,0,
d4b03c,13,23,0,0,1,142,6,1,1,0,
d4b03c,13,24,0,0,1,264,10,1,44,1,
d4b03c,13,25,0,0,1,309,12,1,640,1,NameError
d4b03c,13,26,0,0,1,840,31,1,177,0,
d4b03c,13,27,0,0,1,223,8,1,37,0,
d4b03c,13,28,0,0,1,672,25,1,9,0,
d4b03c,13,29,0,0,1,128,5,1,67,0,
d4b03c,13,30,0,0,1,571,23,1,15,0,
d4b03c,13,31,0,0,1,96,4,1,377,1,NameError
d4b03c,13,32,0,0,1,166,7,1,44,0,
d4b03c,13,33,1,0,0,0,0,0,0,0,
d4b03c,5,1,0,0,1,134,1,1,45,0,
d4b03c,5,2,0,0,1,89,1,1,45,0,
d4b03c,5,3,0,0,1,89,1,1,45,0,
d4b03c,5,4,0,0,1,321,14,1,3,0,
d4b03c,5,5,0,0,1,298,12,1,3,0,
d4b03c,5,6,0,0,1,614,20,1,109,0,
d4b03c,5,7,0,0,1,563,19,1,10,0,
d4b03c,5,8,0,0,1,636,21,1,83,0,
d4b03c,5,9,0,0,1,739,28,1,1,0,
d4b03c,5,10,0,0,1,54,2,1,1,0,
d4b03c,5,11,0,0,1,359,11,1,4,0,
d4b03c,5,12,0,0,1,417,15,1,4,0,
d4b03c,5,13,0,0,1,271,14,1,37,0,
d4b03c,5,14,0,0,1,421,20,1,7,0,
d4b03c,5,15,0,0,1,1549,39,1,36,0,
d4b03c,5,16,0,0,1,1256,37,1,67,0,
d4b03c,5,17,0,0,1,727,26,1,45,0,
d4b03c,5,18,0,0,1,582,17,1,44,0,
d4b03c,5,19,0,0,1,40,2,1,25,0,
d4b03c,5,20,0,0,1,104,5,1,10,0,
d4b03c,5,21,0,0,1,34,1,1,5,0,
d4b03c,5,22,0,0,1,207,9,1,145,0,
d4b03c,5,23,0,0,1,164,4,1,23,0,
d4b03c,5,24,0,0,1,664,16,1,34,0,
d4b03c,5,25,0,0,1,96,3,1,5,0,
d4b03c,5,26,0,0,1,1246,38,1,179,0,
d4b03c,5,27,0,0,1,144,6,1,4,0,
d4b03c,5,28,0,0,1,29,1,1,5,0,
d4b03c,5,29,0,0,1,239,8,1,4,0,
d4b03c,5,30,0,0,1,88,2,1,7,0,
d4b03c,5,31,0,0,1,11,1,1,100,0,
d4b03c,5,32,0,0,1,29,1,1,5,0,
d4b03c,5,33,0,0,1,1057,36,1,172,0,
d4b03c,5,34,0,0,1,592,14,1,103,0,
d4b03c,5,35,0,0,1,183,6,1,34,0,
d4b03c,5,36,0,0,1,605,15,1,35,0,
d4b03c,5,37,0,0,1,103,3,1,2,0,
d4b03c,5,38,0,0,1,93,3,1,11,0,
d4b03c,5,39,0,0,1,69,2,1,100,0,
d4b03c,5,40,0,0,1,30,1,1,5,0,
d4b03c,5,41,0,0,1,63,3,1,1,0,
d4b03c,5,42,0,0,1,120,4,1,4,0,
d4b03c,5,43,0,0,1,30,1,1,5,0,
d4b03c,5,44,1,0,0,0,0,0,0,0,
d4b03c,8,1,0,0,1,811,32,1,186,0,
d4b03c,8,2,0,0,1,46,2,1,3,0,
d4b03c,8,3,0,0,1,53,2,1,165,0,
d4b03c,8,4,0,0,1,42,2,1,2,0,
d4b03c,8,5,0,0,1,177,8,1,44,1,
d4b03c,8,6,0,0,1,579,23,1,225,0,
d4b03c,8,7,0,0,1,39,2,1,508,0,
d4b03c,8,8,0,0,1,114,3,1,226,0,
d4b03c,8,9,0,0,1,217,6,1,202,0,
d4b03c,8,10,0,0,1,156,5,1,226,0,
d4b03c,8,11,0,0,1,696,27,1,104,0,
d4b03c,8,12,0,0,1,861,34,1,44,1,
d4b03c,8,13,0,0,1,605,21,1,437,1,NameError
d4b03c,8,14,0,0,1,216,7,1,44,1,
d4b03c,8,15,0,0,1,63,4,1,4,0,
d4b03c,8,16,0,0,1,796,29,1,64,0,
d4b03c,8,17,0,0,1,224,7,1,14,0,
d4b03c,8,18,0,0,1,613,25,1,44,1,
d4b03c,8,19,0,0,1,297,12,1,5,0,
d4b03c,8,20,0,0,1,318,12,1,3,0,
d4b03c,8,21,0,0,1,19,1,1,182,0,
d4b03c,8,22,0,0,1,208,7,1,1705,0,
d4b03c,8,23,0,0,1,61,2,1,333,1,NameError
d4b03c,8,24,0,0,1,601,23,1,165,0,
d4b03c,8,25,0,0,1,87,3,1,378,0,
d4b03c,8,26,0,0,1,71,4,1,80,0,
d4b03c,8,27,0,0,1,66,3,1,82,0,
d4b03c,8,28,0,0,1,92,5,1,35,0,
d4b03c,8,29,1,0,0,0,0,0,0,0,
d4b03c,22,1,0,0,1,199,1,1,45,0,
d4b03c,22,2,0,0,1,232,6,1,45,0,
d4b03c,22,3,0,0,1,889,30,1,33,0,
d4b03c,22,4,0,0,1,82,3,1,39,0,
d4b03c,22,5,0,0,1,629,24,1,31,0,
d4b03c,22,6,0,0,1,293,11,1,3,0,
d4b03c,22,7,0,0,1,403,14,1,4,0,
d4b03c,22,8,0,0,1,65,3,1,4,0,
d4b03c,22,9,0,0,1,457,16,1,28,0,
d4b03c,22,10,0,0,1,378,14,1,4,0,
d4b03c,22,11,0,0,1,102,3,1,105,0,
d4b03c,22,12,0,0,1,346,12,1,205,0,
d4b03c,22,13,0,0,1,111,5,1,28,0,
d4b03c,22,14,0,0,1,41,2,1,2,0,
d4b03c,22,15,0,0,1,450,15,1,196,0,
d4b03c,22,16,0,0,1,67,2,1,24,0,
d4b03c,22,17,0,0,1,152,5,1,113,0,
d4b03c,22,18,0,0,1,164,5,1,53,0,
d4b03c,22,19,0,0,1,94,4,1,103,0,
d4b03c,22,20,0,0,1,95,4,1,255,0,
d4b03c,22,21,0,0,1,359,14,1,3,0,
d4b03c,22,22,0,0,1,89,3,1,36,0,
d4b03c,22,23,0,0,1,544,20,1,4,0,
d4b03c,22,24,0,0,1,9,1,1,216,0,
d4b03c,22,25,0,0,1,408,14,1,30,0,
d4b03c,22,26,0,0,1,404,14,1,41,0,
d4b03c,22,27,0,0,1,89,4,1,44,1,
d4b03c,22,28,1,0,0,0,0,0,0,0,
d4b03c,20,1,0,0,1,735,25,1,701,0,
d4b03c,20,2,0,0,1,424,13,1,487,0,
d4b03c,20,3,0,0,1,476,17,1,362,0,
d4b03c,20,4,0,0,1,661,22,1,3,0,
d4b03c,20,5,0,0,1,258,7,1,49,0,
d4b03c,20,6,0,0,1,250,6,1,89,0,
d4b03c,20,7,0,0,1,660,17,1,44,1,
d4b03c,20,8,0,0,1,387,17,1,1,0,
d4b03c,20,9,0,0,1,264,9,1,4,0,
d4b03c,20,10,0,0,1,256,8,1,678,1,NameError
d4b03c,20,11,0,0,1,801,25,1,148,0,
d4b03c,20,12,0,0,1,713,21,1,184,0,
d4b03c,20,13,0,0,1,131,5,1,24,0,
d4b03c,20,14,0,0,1,168,5,1,26,0,
d4b03c,20,15,0,0,1,82,2,1,26,0,
d4b03c,20,16,0,0,1,190,6,1,169,0,
d4b03c,20,17,0,0,1,373,15,1,1,0,
d4b03c,20,18,1,0,0,0,0,0,0,0,
d4b03c,6,1,0,0,1,109,1,1,45,0,
d4b03c,6,2,0,0,1,410,15,1,4,0,
d4b03c,6,3,0,0,1,401,15,1,3,0,
d4b03c,6,4,0,0,1,92,3,1,110,0,
d4b03c,6,5,0,0,1,589,20,1,3,0,
d4b03c,6,6,0,0,1,43,2,1,4,0,
d4b03c,6,7,0,0,1,329,12,1,4,0,
d4b03c,6,8,0,0,1,704,21,1,69,0,
d4b03c,6,9,0,0,1,41,3,1,31,0,
d4b03c,6,10,0,0,1,55,2,1,4,0,
d4b03c,6,11,0,0,1,205,9,1,120,0,
d4b03c,6,12,0,0,1,676,20,1,7,0,
d4b03c,6,13,0,0,1,125,5,1,96,0,
d4b03c,6,14,0,0,1,276,8,1,3,0,
d4b03c,6,15,0,0,1,405,14,1,4,0,
d4b03c,6,16,0,0,1,642,18,1,9,0,
d4b03c,6,17,0,0,1,96,3,1,4,0,
d4b03c,6,18,0,0,1,91,3,1,4,0,
d4b03c,6,19,0,0,1,547,19,1,116,0,
d4b03c,6,20,0,0,1,16,1,1,3,0,
d4b03c,6,21,0,0,1,1168,33,1,45,0,
d4b03c,6,22,0,0,1,736,20,1,49,0,
d4b03c,6,23,0,0,1,1306,32,1,144,0,
d4b03c,6,24,0,0,1,984,30,1,304,0,
d4b03c,6,25,0,0,1,118,4,1,90,0,
d4b03c,6,26,0,0,1,109,3,1,164,0,
d4b03c,6,27,0,0,1,122,4,1,192,0,
d4b03c,6,28,0,0,1,122,4,1,164,0,
d4b03c,6,29,0,0,1,1118,35,1,20,0,
d4b03c,6,30,0,0,1,774,26,1,5,0,
d4b03c,6,31,0,0,1,303,9,1,30,0,
d4b03c,6,32,1,0,0,0,0,0,0,0,
d4b03c,1,1,0,0,1,298,1,1,45,0,
d4b03c,1,2,0,0,1,363,14,1,3,0,
d4b03c,1,3,0,0,1,10,1,1,260,0,
d4b03c,1,4,0,0,1,76,3,1,9,0,
d4b03c,1,5,0,0,1,369,13,1,3,0,
d4b03c,1,6,0,0,1,52,2,1,1,0,
d4b03c,1,7,0,0,1,52,2,1,1,0,
d4b03c,1,8,0,0,1,55,2,1,5,0,
d4b03c,1,9,0,0,1,51,2,1,4,0,
d4b03c,1,10,0,0,1,390,12,1,230,0,
d4b03c,1,11,0,0,1,37,2,1,31,0,
d4b03c,1,12,0,0,1,608,21,1,104,0,
d4b03c,1,13,0,0,1,164,5,1,20,0,
d4b03c,1,14,0,0,1,80,2,1,23,0,
d4b03c,1,15,0,0,1,81,2,1,23,0,
d4b03c,1,16,0,0,1,182,5,1,54,0,
d4b03c,1,17,0,0,1,103,2,1,9,0,
d4b03c,1,18,0,0,1,395,17,1,43,0,
d4b03c,1,19,0,0,1,44,2,1,3,0,
d4b03c,1,20,0,0,1,782,26,1,960,1,AttributeError
d4b03c,1,21,0,0,1,506,17,1,8,0,
d4b03c,1,22,0,0,1,532,17,1,26,0,
d4b03c,1,23,0,0,1,107,2,1,32,0,
d4b03c,1,24,0,0,1,667,23,1,89,0,
d4b03c,1,25,0,0,1,389,13,1,53,0,
d4b03c,1,26,0,0,1,69,2,1,53,0,
d4b03c,1,27,0,0,1,64,3,1,3,0,
d4b03c,1,28,0,0,1,64,2,1,53,0,
d4b03c,1,29,0,0,1,89,3,1,51,0,
d4b03c,1,30,0,0,1,159,8,1,3,0,
d4b03c,1,31,0,0,1,255,10,1,173,0,
d4b03c,1,32,0,0,1,162,5,1,177,0,
d4b03c,1,33,0,0,1,36,1,1,73,0,
d4b03c,1,34,0,0,1,96,2,1,237,0,
d4b03c,1,35,0,0,1,517,20,1,44,1,
d4b03c,1,36,0,0,1,635,22,1,44,0,
d4b03c,9,1,0,0,1,190,1,1,45,0,
d4b03c,9,2,0,0,1,393,14,1,3,0,
d4b03c,9,3,0,0,1,406,15,1,3,0,
d4b03c,9,4,0,0,1,59,1,1,5,0,
d4b03c,9,5,0,0,1,74,3,1,3,0,
d4b03c,9,6,0,0,1,43,2,1,3,0,
d4b03c,9,7,0,0,1,62,3,1,3,0,
d4b03c,9,8,0,0,1,43,2,1,3,0,
d4b03c,9,9,0,0,1,92,5,1,5,0,
d4b03c,9,10,0,0,1,310,12,1,40,0,
d4b03c,9,11,0,0,1,643,23,1,44,1,
d4b03c,9,12,0,0,1,440,22,1,607,1,NameError
d4b03c,9,13,0,0,1,813,35,1,24,0,
d4b03c,9,14,0,0,1,25,1,1,5,0,
d4b03c,9,15,0,0,1,851,26,1,104,0,
d4b03c,9,16,0,0,1,70,2,1,44,1,
d4b03c,9,17,0,0,1,717,21,1,10,0,
d4b03c,9,18,0,0,1,71,1,1,45,0,
d4b03c,9,19,0,0,1,1094,32,1,13,0,
d4b03c,9,20,0,0,1,497,17,1,81,0,
d4b03c,9,21,0,0,1,557,19,1,488,0,
d4b03c,16,1,0,0,1,136,1,1,45,0,
d4b03c,16,2,0,0,1,559,20,1,29,0,
d4b03c,16,3,0,0,1,50,2,1,4,0,
d4b03c,16,4,0,0,1,504,14,1,29,0,
d4b03c,16,5,0,0,1,57,2,1,1,0,
d4b03c,16,6,0,0,1,66,2,1,110,0,
d4b03c,16,7,0,0,1,142,5,1,4,0,
d4b03c,16,8,0,0,1,33,1,1,4,0,
d4b03c,16,9,0,0,1,233,9,1,12,0,
d4b03c,16,10,0,0,1,46,1,1,1,0,
d4b03c,16,11,0,0,1,298,12,1,4,0,
d4b03c,16,12,0,0,1,527,17,1,67,0,
d4b03c,16,13,0,0,1,212,8,1,24,0,
d4b03c,16,14,0,0,1,47,1,1,1,0,
d4b03c,16,15,0,0,1,47,1,1,6,0,
d4b03c,16,16,0,0,1,42,1,1,2,0,
d4b03c,16,17,0,0,1,37,2,1,31,0,
d4b03c,16,18,0,0,1,571,15,1,296,0,
d4b03c,16,19,0,0,1,145,5,1,4,0,
d4b03c,16,20,0,0,1,35,1,1,5,0,
d4b03c,16,21,0,0,1,38,1,1,4,0,
d4b03c,16,22,0,0,1,105,6,1,57,0,
d4b03c,16,23,0,0,1,83,4,1,56,0,
d4b03c,16,24,0,0,1,354,12,1,29,0,
d4b03c,16,25,0,0,1,33,1,1,4,0,
d4b03c,16,26,0,0,1,36,1,1,4,0,
d4b03c,16,27,0,0,1,883,30,1,689,1,TypeError
d4b03c,16,28,0,0,1,710,28,1,3,0,
d4b03c,16,29,0,0,1,42,2,1,9,0,
d4b03c,16,30,0,0,1,76,3,1,43,0,
d4b03c,16,31,0,0,1,38,1,1,5,0,
d4b03c,16,32,0,0,1,53,2,1,4,0,
d4b03c,16,33,0,0,1,286,10,1,11,0,
d4b03c,16,34,0,0,1,469,14,1,4,0,
d4b03c,16,35,0,0,1,269,8,1,45,0,
d4b03c,16,36,0,0,1,364,13,1,1,0,
d4b03c,16,37,0,0,1,443,14,1,3,0,
d4b03c,16,38,0,0,1,36,1,1,273,0,
d4b03c,16,39,0,0,1,38,1,1,5,0,
d4b03c,16,40,0,0,1,507,15,1,123,0,
d4b03c,16,41,0,0,1,406,15,1,1,0,
d4b03c,16,42,0,0,1,48,2,1,1,0,
d4b03c,16,43,0,0,1,49,2,1,44,1,
d4b03c,16,44,0,0,1,625,21,1,1,0,
d4b03c,16,45,0,0,1,49,2,1,3,0,
d4b03c,16,46,0,0,1,466,15,1,3,0,
d4b03c,16,47,0,0,1,64,2,1,4,0,
d4b03c,21,1,0,0,1,37,2,1,31,0,
d4b03c,21,2,0,0,1,330,14,1,1,0,
d4b03c,21,3,0,0,1,55,3,1,5,0,
d4b03c,21,4,0,0,1,168,9,1,1,0,
d4b03c,21,5,0,0,1,241,10,1,8,0,
d4b03c,21,6,0,0,1,491,16,1,35,0,
d4b03c,21,7,0,0,1,53,4,1,3,0,
d4b03c,21,8,0,0,1,623,26,1,3,0,
d4b03c,21,9,0,0,1,40,2,1,4,0,
d4b03c,21,10,0,0,1,99,3,1,78,0,
d4b03c,21,11,0,0,1,38,1,1,4,0,
d4b03c,21,12,0,0,1,76,3,1,9,0,
d4b03c,21,13,0,0,1,106,4,1,9,0,
d4b03c,21,14,0,0,1,399,16,1,6,0,
d4b03c,21,15,0,0,1,351,13,1,22,0,
d4b03c,21,16,0,0,1,232,10,1,3,0,
d4b03c,21,17,0,0,1,271,10,1,8,0,
d4b03c,21,18,0,0,1,58,2,1,5,0,
d4b03c,21,19,0,0,1,329,11,1,8,0,
d4b03c,21,20,0,0,1,86,4,1,37,0,
d4b03c,21,21,0,0,1,117,6,1,1,0,
d4b03c,21,22,0,0,1,67,2,1,66,0,
d4b03c,21,23,0,0,1,302,10,1,3,0,
d4b03c,21,24,0,0,1,228,9,1,1,0,
d4b03c,21,25,0,0,1,464,12,1,20,0,
d4b03c,21,26,0,0,1,129,5,1,43,0,
d4b03c,21,27,0,0,1,581,18,1,121,0,
d4b03c,21,28,0,0,1,51,3,1,4,0,
d4b03c,21,29,0,0,1,17,1,1,4,0,
d4b03c,21,30,0,0,1,21,1,1,5,0,
d4b03c,21,31,0,0,1,87,3,1,37,0,
d4b03c,21,32,0,0,1,239,10,1,4,0,
d4b03c,21,33,0,0,1,287,10,1,3,0,
d4b03c,21,34,0,0,1,251,9,1,4,0,
d4b03c,21,35,0,0,1,25,1,1,9,0,
d4b03c,21,36,0,0,1,49,2,1,10,0,
d4b03c,21,37,0,0,1,241,11,1,19,0,
d4b03c,21,38,0,0,1,260,10,1,36,0,
d4b03c,21,39,0,0,1,231,10,1,1,0,
d4b03c,21,40,0,0,1,53,2,1,44,1,
d4b03c,33,1,0,0,1,167,1,1,45,0,
d4b03c,33,2,0,0,1,832,30,1,3,0,
d4b03c,33,3,0,0,1,35,2,1,3,0,
d4b03c,33,4,0,0,1,116,2,1,1,0,
d4b03c,33,5,0,0,1,65,3,1,3,0,
d4b03c,33,6,0,0,1,35,2,1,3,0,
d4b03c,33,7,0,0,1,530,17,1,1,0,
d4b03c,33,8,0,0,1,657,20,1,98,0,
d4b03c,33,9,0,0,1,67,2,1,1,0,
d4b03c,33,10,0,0,1,364,14,1,5,0,
d4b03c,33,11,0,0,1,352,14,1,43,0,
d4b03c,33,12,0,0,1,1071,30,1,132,0,
d4b03c,26,1,0,0,1,156,1,1,45,0,
d4b03c,26,2,0,0,1,156,1,1,45,0,
d4b03c,26,3,0,0,1,299,12,1,3,0,
d4b03c,26,4,0,0,1,288,14,1,7,0,
d4b03c,26,5,0,0,1,1497,52,1,7,0,
d4b03c,26,6,0,0,1,56,3,1,5,0,
d4b03c,26,7,0,0,1,43,2,1,44,1,
d4b03c,26,8,0,0,1,156,4,1,444,1,NameError
d4b03c,26,9,0,0,1,1149,48,1,7,0,
d4b03c,26,10,0,0,1,65,3,1,3,0,
d4b03c,26,11,0,0,1,522,20,1,7,0,
d4b03c,26,12,0,0,1,73,3,1,5,0,
d4b03c,26,13,0,0,1,615,16,1,4,0,
d4b03c,26,14,0,0,1,216,7,1,67,0,
d4b03c,26,15,0,0,1,504,17,1,1,0,
d4b03c,26,16,0,0,1,475,14,1,16,0,
d4b03c,41,1,0,0,1,153,1,1,45,0,
d4b03c,41,2,0,0,1,552,15,1,13,0,
d4b03c,41,3,0,0,1,28,1,1,22,0,
d4b03c,41,4,0,0,1,746,22,1,502,0,
d4b03c,41,5,0,0,1,727,25,1,30,0,
d4b03c,41,6,0,0,1,79,3,1,53,0,
d4b03c,41,7,0,0,1,319,9,1,44,0,
d4b03c,41,8,0,0,1,209,8,1,104,0,
d4b03c,41,9,0,0,1,184,7,1,701,0,
d4b03c,41,10,0,0,1,223,9,1,225,0,
d4b03c,41,11,0,0,1,254,8,1,278,0,
d4b03c,41,12,0,0,1,64,2,1,51,0,
d4b03c,41,13,0,0,1,181,8,1,4,0,
d4b03c,41,14,0,0,1,50,2,1,44,1,
d4b03c,41,15,0,0,1,62,2,1,334,1,NameError
d4b03c,41,16,0,0,1,524,18,1,45,0,
d4b03c,41,17,0,0,1,89,3,1,104,0,
d4b03c,35,1,0,0,1,224,12,1,7,0,
d4b03c,35,2,0,0,1,440,15,1,1,0,
d4b03c,35,3,0,0,1,435,18,1,7,0,
d4b03c,35,4,0,0,1,176,7,1,7,0,
d4b03c,35,5,0,0,1,460,16,1,1,0,
d4b03c,35,6,0,0,1,536,22,1,4,0,
d4b03c,35,7,0,0,1,73,3,1,16,0,
d4b03c,35,8,0,0,1,71,3,1,15,0,
d4b03c,35,9,0,0,1,117,6,1,18,0,
d4b03c,35,10,0,0,1,140,6,1,5,0,
d4b03c,35,11,0,0,1,348,13,1,7,0,
d4b03c,35,12,0,0,1,343,12,1,1,0,
d4b03c,35,13,0,0,1,9,1,1,260,0,
d4b03c,35,14,0,0,1,136,5,1,13,0,
d4b03c,35,15,0,0,1,96,5,1,13,0,
d4b03c,35,16,0,0,1,353,13,1,5,0,
d4b03c,35,17,0,0,1,251,9,1,5,0,
d4b03c,35,18,0,0,1,33,1,1,5,0,
d4b03c,35,19,0,0,1,1449,38,1,7,0,
d4b03c,35,20,0,0,1,824,24,1,58,0,
d4b03c,35,21,0,0,1,215,9,1,2,0,
d4b03c,35,22,0,0,1,126,7,1,7,0,
d4b03c,35,23,0,0,1,959,29,1,45,0,
d4b03c,35,24,1,0,0,0,0,0,0,0,
d4b03c,46,1,0,0,1,210,1,1,45,0,
d4b03c,46,2,0,0,1,177,1,1,45,0,
d4b03c,46,3,0,0,1,340,12,1,5,0,
d4b03c,46,4,0,0,1,368,16,1,4,0,
d4b03c,46,5,0,0,1,727,25,1,178,0,
d4b03c,46,6,0,0,1,666,22,1,60,0,
d4b03c,46,7,0,0,1,94,2,1,60,0,
d4b03c,46,8,0,0,1,94,2,1,60,0,
d4b03c,46,9,0,0,1,685,24,1,10,0,
d4b03c,46,10,0,0,1,296,10,1,194,0,
d4b03c,46,11,0,0,1,677,23,1,2,0,
d4b03c,46,12,0,0,1,78,3,1,49,0,
d4b03c,46,13,0,0,1,419,13,1,3,0,
d4b03c,46,14,0,0,1,94,3,1,55,0,
d4b03c,46,15,0,0,1,259,12,1,39,0,
d4b03c,46,16,0,0,1,621,22,1,2,0,
d4b03c,46,17,0,0,1,91,2,1,191,0,
d4b03c,46,18,0,0,1,828,32,1,248,0,
d4b03c,46,19,0,0,1,11,1,1,4,0,
d4b03c,46,20,0,0,1,57,1,1,68,0,
d4b03c,46,21,0,0,1,598,21,1,13,0,
d4b03c,46,22,0,0,1,776,13,1,45,0,
d4b03c,29,1,0,0,1,182,1,1,45,0,
d4b03c,29,2,0,0,1,138,1,1,45,0,
d4b03c,29,3,0,0,1,398,13,1,3,0,
d4b03c,29,4,0,0,1,456,17,1,3,0,
d4b03c,29,5,0,0,1,54,2,1,4,0,
d4b03c,29,6,0,0,1,377,13,1,12,0,
d4b03c,29,7,0,0,1,98,4,1,4,0,
d4b03c,29,8,0,0,1,183,5,1,44,1,
d4b03c,29,9,0,0,1,100,1,1,45,0,
d4b03c,29,10,0,0,1,133,6,1,78,0,
d4b03c,29,11,0,0,1,25,2,1,19,0,
d4b03c,29,12,0,0,1,1131,38,1,3,0,
d4b03c,29,13,0,0,1,52,2,1,5,0,
d4b03c,29,14,0,0,1,392,16,1,4,0,
d4b03c,29,15,0,0,1,48,2,1,4,0,
d4b03c,29,16,0,0,1,48,2,1,4,0,
d4b03c,29,17,0,0,1,37,2,1,31,0,
d4b03c,29,18,0,0,1,82,3,1,3,0,
d4b03c,29,19,0,0,1,50,2,1,3,0,
d4b03c,29,20,0,0,1,51,2,1,4,0,
d4b03c,29,21,0,0,1,61,1,1,45,0,
d4b03c,29,22,0,0,1,127,3,1,11,0,
d4b03c,29,23,0,0,1,22,1,1,74,0,
d4b03c,29,24,0,0,1,198,8,1,77,0,
d4b03c,29,25,0,0,1,55,3,1,277,0,
d4b03c,29,26,0,0,1,131,5,1,12,0,
d4b03c,29,27,0,0,1,41,1,1,5,0,
d4b03c,29,28,0,0,1,244,9,1,8,0,
d4b03c,29,29,0,0,1,281,11,1,82,0,
d4b03c,29,30,0,0,1,176,7,1,2,0,
d4b03c,29,31,0,0,1,76,3,1,3,0,
d4b03c,29,32,0,0,1,50,2,1,3,0,
d4b03c,29,33,0,0,1,271,12,1,8,0,
d4b03c,29,34,0,0,1,540,20,1,4,0,
d4b03c,29,35,0,0,1,52,2,1,4,0,
d4b03c,29,36,0,0,1,80,2,1,265,0,
d4b03c,29,37,0,0,1,97,2,1,22,0,
d4b03c,29,38,0,0,1,207,5,1,2,0,
d4b03c,29,39,0,0,1,27,1,1,2,0,
d4b03c,29,40,0,0,1,171,6,1,223,0,
d4b03c,29,41,0,0,1,380,15,1,4,0,
d4b03c,29,42,0,0,1,98,3,1,4,0,
d4b03c,29,43,0,0,1,80,3,1,3,0,
d4b03c,29,44,0,0,1,50,2,1,3,0,
d4b03c,29,45,0,0,1,59,2,1,4,0,
d4b03c,29,46,1,0,0,0,0,0,0,0,
d4b03c,29,47,0,0,1,216,9,1,87,0,
d4b03c,29,48,0,0,1,450,20,1,99,0,
d4b03c,29,49,0,0,1,110,3,1,4,0,
d4b03c,29,50,0,0,1,81,2,1,4,0,
d4b03c,29,51,1,0,0,0,0,0,0,0,
d4b03c,48,1,0,0,1,45,3,1,2,0,
d4b03c,48,2,0,0,1,617,31,1,7,0,
d4b03c,48,3,0,0,1,185,9,1,7,0,
d4b03c,48,4,0,0,1,278,9,1,5,0,
d4b03c,48,5,0,0,1,33,1,1,4,0,
d4b03c,48,6,0,0,1,347,13,1,7,0,
d4b03c,48,7,0,0,1,495,24,1,176,0,
d4b03c,48,8,0,0,1,550,18,1,7,0,
d4b03c,48,9,1,0,0,0,0,0,0,0,
d4b03c,30,1,0,0,1,192,1,1,45,0,
d4b03c,30,2,0,0,1,363,13,1,3,0,
d4b03c,30,3,0,0,1,562,18,1,3,0,
d4b03c,30,4,0,0,1,295,10,1,1,0,
d4b03c,30,5,0,0,1,297,10,1,1,0,
d4b03c,30,6,0,0,1,70,3,1,3,0,
d4b03c,30,7,0,0,1,345,10,1,1,0,
d4b03c,30,8,0,0,1,321,9,1,9,0,
d4b03c,30,9,0,0,1,500,15,1,211,0,
d4b03c,30,10,0,0,1,595,20,1,10,0,
d4b03c,30,11,0,0,1,869,29,1,200,0,
d4b03c,30,12,0,0,1,469,15,1,24,0,
d4b03c,30,13,0,0,1,31,1,1,32,0,
d4b03c,30,14,0,0,1,160,6,1,104,0,
d4b03c,30,15,0,0,1,63,2,1,59,0,
d4b03c,30,16,0,0,1,435,20,1,308,0,
d4b03c,30,17,0,0,1,338,12,1,25,0,
d4b03c,30,18,0,0,1,361,12,1,44,1,
d4b03c,30,19,0,0,1,81,4,1,4,0,
d4b03c,30,20,0,0,1,1123,37,1,453,1,NameError
d4b03c,30,21,0,0,1,341,12,1,190,0,
d4b03c,30,22,0,0,1,100,2,1,8,0,
d4b03c,30,23,0,0,1,508,16,1,115,0,
d4b03c,30,24,0,0,1,106,2,1,7,0,
d4b03c,30,25,0,0,1,106,2,1,7,0,
d4b03c,30,26,0,0,1,105,2,1,7,0,
d4b03c,30,27,0,0,1,105,2,1,8,0,
d4b03c,30,28,0,0,1,77,3,1,356,1,NameError
d4b03c,30,29,0,0,1,591,17,1,2,0,
d4b03c,30,30,0,0,1,10,1,1,100,0,
d4b03c,44,1,0,0,1,150,1,1,45,0,
d4b03c,44,2,0,0,1,706,21,1,7,0,
d4b03c,44,3,0,0,1,45,2,1,260,0,
d4b03c,44,4,0,0,1,150,6,1,5,0,
d4b03c,44,5,0,0,1,77,2,1,10,0,
d4b03c,44,6,0,0,1,77,2,1,44,1,
d4b03c,44,7,0,0,1,70,4,1,37,0,
d4b03c,44,8,0,0,1,2079,47,1,7,0,
d4b03c,44,9,0,0,1,65,2,1,343,1,NameError
d4b03c,44,10,0,0,1,626,18,1,1,0,
d4b03c,44,11,0,0,1,66,2,1,3,0,
d4b03c,44,12,0,0,1,78,3,1,7,0,
d4b03c,44,13,0,0,1,112,2,1,14,0,
d4b03c,44,14,0,0,1,153,5,1,4,0,
d4b03c,44,15,0,0,1,414,13,1,4,0,
d4b03c,44,16,0,0,1,44,1,1,4,0,
d4b03c,44,17,0,0,1,100,5,1,3,0,
d4b03c,44,18,0,0,1,796,28,1,1,0,
d4b03c,44,19,0,0,1,604,16,1,4,0,
d4b03c,44,20,0,0,1,768,23,1,43,0,
d4b03c,42,1,0,0,1,721,27,1,5,0,
d4b03c,42,2,0,0,1,46,2,1,4,0,
d4b03c,42,3,0,0,1,604,20,1,369,0,
d4b03c,42,4,0,0,1,559,18,1,44,1,
d4b03c,42,5,0,0,1,537,18,1,44,0,
d4b03c,42,6,0,0,1,607,20,1,114,0,
d4b03c,42,7,0,0,1,535,17,1,6,0,
d4b03c,42,8,0,0,1,17,1,1,100,0,
d4b03c,42,9,0,0,1,61,2,1,24,0,
d4b03c,42,10,0,0,1,61,2,1,32,0,
d4b03c,42,11,0,0,1,61,2,1,57,0,
d4b03c,42,12,0,0,1,61,2,1,51,0,
d4b03c,42,13,0,0,1,35,1,1,147,0,
d4b03c,42,14,0,0,1,245,13,1,159,0,
d4b03c,42,15,0,0,1,76,3,1,732,0,
d4b03c,42,16,0,0,1,644,23,1,3,0,
d4b03c,42,17,0,0,1,274,12,1,5,0,
d4b03c,42,18,0,0,1,212,6,1,136,0,
d4b03c,42,19,0,0,1,202,7,1,112,0,
d4b03c,42,20,0,0,1,391,16,1,187,0,
d4b03c,42,21,0,0,1,162,6,1,70,0,
d4b03c,42,22,0,0,1,115,4,1,206,0,
d4b03c,42,23,0,0,1,146,4,1,149,0,
d4b03c,42,24,0,0,1,182,6,1,159,0,
d4b03c,42,25,0,0,1,146,6,1,325,0,
d4b03c,42,26,0,0,1,279,11,1,254,0,
d4b03c,42,27,0,0,1,44,4,1,2,0,
d4b03c,42,28,0,0,1,83,4,1,4,0,
d4b03c,42,29,0,0,1,203,6,1,52,0,
d4b03c,42,30,0,0,1,33,1,1,48,0,
d4b03c,42,31,0,0,1,263,7,1,45,0,
d4b03c,42,32,0,0,1,636,20,1,542,0,
d4b03c,42,33,0,0,1,562,16,1,101,0,
d4b03c,42,34,1,0,0,0,0,0,0,0,
d4b03c,36,1,0,0,1,110,1,1,45,0,
d4b03c,36,2,0,0,1,998,35,1,244,0,
d4b03c,36,3,0,0,1,223,5,1,22,0,
d4b03c,36,4,0,0,1,553,19,1,37,0,
d4b03c,36,5,0,0,1,49,2,1,4,0,
d4b03c,36,6,0,0,1,521,18,1,44,0,
d4b03c,36,7,0,0,1,79,3,1,44,0,
d4b03c,36,8,0,0,1,554,19,1,49,0,
d4b03c,36,9,0,0,1,96,3,1,44,1,
d4b03c,36,10,0,0,1,528,14,1,332,1,TypeError
d4b03c,36,11,0,0,1,78,3,1,41,0,
d4b03c,36,12,0,0,1,374,11,1,729,1,NameError
d4b03c,36,13,0,0,1,298,11,1,43,0,
d4b03c,36,14,0,0,1,1886,53,1,25,0,
d4b03c,36,15,0,0,1,65,2,1,343,1,NameError
d4b03c,36,16,0,0,1,495,16,1,381,1,NameError
d4b03c,36,17,0,0,1,92,3,1,636,1,NameError
d4b03c,36,18,0,0,1,163,5,1,10,0,
d4b03c,36,19,0,0,1,73,2,1,26,0,
d4b03c,36,20,0,0,1,73,2,1,34,0,
d4b03c,36,21,0,0,1,201,7,1,797,0,
d4b03c,36,22,0,0,1,71,3,1,60,0,
d4b03c,36,23,0,0,1,192,8,1,172,0,
d4b03c,36,24,0,0,1,53,2,1,14,0,
d4b03c,36,25,0,0,1,126,5,1,23,0,
d4b03c,36,26,0,0,1,241,10,1,2,0,
d4b03c,36,27,0,0,1,18,1,1,277,0,
d4b03c,36,28,0,0,1,243,12,1,10,0,
d4b03c,36,29,0,0,1,81,4,1,5,0,
d4b03c,36,30,0,0,1,290,10,1,11,0,
d4b03c,36,31,0,0,1,322,11,1,118,0,
d4b03c,36,32,0,0,1,902,38,1,2,0,
d4b03c,36,33,0,0,1,298,12,1,87,0,
d4b03c,36,34,0,0,1,75,2,1,10,0,
d4b03c,36,35,0,0,1,37,2,1,31,0,
d4b03c,36,36,1,0,0,0,0,0,0,0,
d4b03c,47,1,0,0,1,234,1,1,45,0,
d4b03c,47,2,0,0,1,541,21,1,3,0,
d4b03c,47,3,0,0,1,59,3,1,5,0,
d4b03c,47,4,0,0,1,79,5,1,3,0,
d4b03c,47,5,0,0,1,173,4,1,10,0,
d4b03c,47,6,0,0,1,174,4,1,10,0,
d4b03c,47,7,0,0,1,174,4,1,44,1,
d4b03c,47,8,0,0,1,303,11,1,19,0,
d4b03c,47,9,0,0,1,473,17,1,18,0,
d4b03c,47,10,0,0,1,416,15,1,6,0,
d4b03c,47,11,0,0,1,102,3,1,378,1,NameError
d4b03c,47,12,0,0,1,172,5,1,3,0,
d4b03c,47,13,0,0,1,102,3,1,113,0,
d4b03c,47,14,0,0,1,144,3,1,4,0,
d4b03c,47,15,0,0,1,122,2,1,8,0,
d4b03c,47,16,0,0,1,257,10,1,4,0,
d4b03c,47,17,0,0,1,484,12,1,45,0,
d4b03c,47,18,0,0,1,49,2,1,4,0,
d4b03c,47,19,0,0,1,49,2,1,4,0,
d4b03c,47,20,0,0,1,49,2,1,4,0,
d4b03c,47,21,0,0,1,50,2,1,44,1,
d4b03c,47,22,0,0,1,167,7,1,32,0,
d4b03c,47,23,0,0,1,684,24,1,1,0,
d4b03c,47,24,0,0,1,373,13,1,12,0,
d4b03c,47,25,0,0,1,81,3,1,12,0,
d4b03c,47,26,0,0,1,100,5,1,39,0,
d4b03c,47,27,0,0,1,583,18,1,5,0,
d4b03c,47,28,0,0,1,67,4,1,1,0,
d4b03c,47,29,0,0,1,241,12,1,44,0,
d4b03c,47,30,0,0,1,67,2,1,3,0,
d4b03c,47,31,0,0,1,51,4,1,7,0,
d4b03c,47,32,0,0,1,78,5,1,78,0,
d4b03c,47,33,0,0,1,494,14,1,36,0,
d4b03c,47,34,0,0,1,257,9,1,11,0,
d4b03c,47,35,1,0,0,0,0,0,0,0,
d4b03c,34,1,0,0,1,148,1,1,45,0,
d4b03c,34,2,0,0,1,485,14,1,5,0,
d4b03c,34,3,0,0,1,906,25,1,44,0,
d4b03c,34,4,0,0,1,225,8,1,225,0,
d4b03c,34,5,0,0,1,230,10,1,201,0,
d4b03c,34,6,0,0,1,214,10,1,225,0,
d4b03c,34,7,0,0,1,789,20,1,258,0,
d4b03c,34,8,0,0,1,736,19,1,2,0,
d4b03c,34,9,0,0,1,18,1,1,100,0,
d4b03c,34,10,0,0,1,286,6,1,105,0,
d4b03c,34,11,0,0,1,237,7,1,39,0,
d4b03c,34,12,0,0,1,49,2,1,3,0,
d4b03c,34,13,0,0,1,698,23,1,661,0,
d4b03c,34,14,0,0,1,242,7,1,31,0,
d4b03c,34,15,0,0,1,394,21,1,252,0,
d4b03c,34,16,0,0,1,68,2,1,2,0,
d4b03c,34,17,0,0,1,18,1,1,100,0,
d4b03c,34,18,0,0,1,49,1,1,136,0,
d4b03c,34,19,0,0,1,265,11,1,46,0,
d4b03c,34,20,0,0,1,291,8,1,5,0,
d4b03c,34,21,0,0,1,303,9,1,10,0,
d4b03c,34,22,0,0,1,81,4,1,38,0,
d4b03c,34,23,0,0,1,60,2,1,50,0,
d4b03c,34,24,1,0,0,0,0,0,0,0,
d4b03c,27,1,0,0,1,14642,1,1,45,0,
d4b03c,27,2,0,0,1,382,16,1,3,0,
d4b03c,27,3,0,0,1,531,20,1,3,0,
d4b03c,27,4,0,0,1,463,16,1,78,0,
d4b03c,27,5,0,0,1,325,12,1,2,0,
d4b03c,27,6,0,0,1,11,1,1,110,0,
d4b03c,27,7,0,0,1,124,3,1,13,0,
d4b03c,27,8,0,0,1,663,19,1,1,0,
d4b03c,27,9,0,0,1,8,1,1,25,0,
d4b03c,27,10,0,0,1,154,6,1,18,0,
d4b03c,27,11,0,0,1,16,1,1,1,0,
d4b03c,27,12,0,0,1,312,9,1,166,0,
d4b03c,27,13,0,0,1,190,5,1,38,0,
d4b03c,27,14,0,0,1,105,2,1,44,0,
d4b03c,27,15,0,0,1,143,5,1,53,0,
d4b03c,27,16,0,0,1,241,6,1,44,1,
d4b03c,27,17,0,0,1,227,7,1,708,1,NameError
d4b03c,27,18,0,0,1,722,25,1,8,0,
d4b03c,27,19,0,0,1,105,2,1,10,0,
d4b03c,27,20,0,0,1,231,8,1,80,0,
d4b03c,27,21,0,0,1,89,3,1,91,0,
d4b03c,27,22,0,0,1,476,20,1,104,0,
d4b03c,27,23,0,0,1,108,4,1,104,0,
d4b03c,27,24,0,0,1,84,4,1,4,0,
d4b03c,27,25,0,0,1,183,8,1,44,1,
d4b03c,27,26,0,0,1,388,14,1,821,1,NameError
d4b03c,27,27,0,0,1,937,35,1,594,1,NameError
d4b03c,27,28,0,0,1,33,2,1,23,0,
d4b03c,27,29,1,0,0,0,0,0,0,0,
d4b03c,39,1,0,0,1,193,1,1,45,0,
d4b03c,39,2,0,0,1,872,33,1,104,0,
d4b03c,39,3,0,0,1,195,6,1,31,0,
d4b03c,39,4,0,0,1,109,3,1,31,0,
d4b03c,39,5,0,0,1,223,7,1,68,0,
d4b03c,39,6,0,0,1,654,24,1,44,1,
d4b03c,39,7,0,0,1,569,21,1,770,0,
d4b03c,39,8,0,0,1,511,19,1,32,0,
d4b03c,39,9,0,0,1,95,2,1,32,0,
d4b03c,39,10,0,0,1,702,25,1,184,0,
d4b03c,39,11,0,0,1,382,16,1,44,1,
d4b03c,39,12,0,0,1,583,23,1,378,1,NameError
d4b03c,39,13,0,0,1,120,4,1,857,1,NameError
d4b03c,39,14,0,0,1,756,29,1,45,0,
d4b03c,39,15,0,0,1,245,9,1,112,0,
d4b03c,39,16,0,0,1,1046,33,1,404,0,
d4b03c,39,17,0,0,1,928,31,1,404,0,
d4b03c,39,18,0,0,1,548,18,1,404,0,
d4b03c,39,19,0,0,1,329,12,1,100,0,
d4b03c,39,20,0,0,1,118,4,1,2,0,
d4b03c,39,21,0,0,1,365,15,1,80,0,
d4b03c,39,22,0,0,1,224,8,1,75,0,
d4b03c,39,23,0,0,1,254,9,1,2,0,
d4b03c,32,1,0,0,1,460,22,1,37,0,
d4b03c,32,2,0,0,1,39,2,1,310,0,
d4b03c,32,3,0,0,1,34,2,1,7,0,
d4b03c,32,4,0,0,1,1145,42,1,88,0,
d4b03c,32,5,0,0,1,412,14,1,360,0,
d4b03c,32,6,0,0,1,433,16,1,92,0,
d4b03c,32,7,0,0,1,416,12,1,121,0,
d4b03c,32,8,0,0,1,366,11,1,90,0,
d4b03c,32,9,0,0,1,70,2,1,1,0,
d4b03c,32,10,0,0,1,5,1,1,32,0,
d4b03c,32,11,0,0,1,175,9,1,79,0,
d4b03c,32,12,0,0,1,43,2,1,5,0,
d4b03c,32,13,0,0,1,271,10,1,32,0,
d4b03c,32,14,0,0,1,363,16,1,7,0,
d4b03c,32,15,0,0,1,47,2,1,7,0,
d4b03c,32,16,0,0,1,2886,62,1,20,0,
d4b03c,32,17,0,0,1,203,6,1,25,0,
d4b03c,32,18,0,0,1,161,12,1,38,0,
d4b03c,32,19,0,0,1,60,3,1,18,0,
d4b03c,32,20,0,0,1,47,3,1,6,0,
d4b03c,32,21,0,0,1,25,2,1,6,0,
d4b03c,32,22,0,0,1,613,19,1,7,0,
d4b03c,32,23,0,0,1,21,2,1,10,0,
d4b03c,32,24,0,0,1,19,2,1,9,0,
d4b03c,32,25,0,0,1,100,4,1,5,0,
d4b03c,32,26,0,0,1,66,2,1,11,0,
d4b03c,32,27,0,0,1,159,6,1,5,0,
d4b03c,32,28,0,0,1,53,4,1,7,0,
d4b03c,32,29,0,0,1,31,2,1,313,1,TypeError
d4b03c,32,30,0,0,1,321,15,1,4,0,
d4b03c,32,31,0,0,1,131,7,1,12,0,
d4b03c,32,32,0,0,1,29,2,1,1,0,
d4b03c,32,33,0,0,1,74,8,1,8,0,
d4b03c,32,34,0,0,1,37,4,1,6,0,
d4b03c,32,35,0,0,1,33,2,1,13,0,
d4b03c,32,36,0,0,1,39,3,1,18,0,
d4b03c,32,37,0,0,1,82,3,1,10,0,
d4b03c,32,38,0,0,1,151,4,1,4,0,
d4b03c,32,39,0,0,1,75,1,1,5,0,
d4b03c,32,40,0,0,1,111,7,1,7,0,
d4b03c,32,41,0,0,1,135,5,1,77,0,
d4b03c,32,42,0,0,1,125,7,1,7,0,
d4b03c,32,43,1,0,0,0,0,0,0,0,
d4b03c,28,1,0,0,1,333,14,1,3,0,
d4b03c,28,2,0,0,1,479,14,1,3,0,
d4b03c,28,3,0,0,1,293,10,1,4,0,
d4b03c,28,4,0,0,1,66,2,1,1,0,
d4b03c,28,5,0,0,1,47,2,1,5,0,
d4b03c,28,6,0,0,1,76,3,1,9,0,
d4b03c,28,7,0,0,1,25,1,1,4,0,
d4b03c,28,8,0,0,1,36,1,1,139,0,
d4b03c,28,9,0,0,1,295,10,1,4,0,
d4b03c,28,10,0,0,1,347,12,1,4,0,
d4b03c,28,11,0,0,1,40,2,1,4,0,
d4b03c,28,12,0,0,1,389,12,1,66,0,
d4b03c,28,13,0,0,1,533,17,1,25,0,
d4b03c,28,14,0,0,1,677,19,1,8,0,
d4b03c,28,15,0,0,1,549,17,1,4,0,
d4b03c,28,16,0,0,1,69,2,1,1,0,
d4b03c,28,17,0,0,1,10,1,1,14,0,
d4b03c,28,18,0,0,1,531,16,1,44,1,
d4b03c,28,19,0,0,1,747,26,1,463,0,
d4b03c,28,20,0,0,1,83,2,1,352,1,NameError
d4b03c,28,21,0,0,1,395,12,1,396,1,NameError
d4b03c,28,22,0,0,1,127,4,1,699,1,NameError
d4b03c,28,23,0,0,1,647,22,1,9,0,
d4b03c,28,24,0,0,1,66,2,1,12,0,
d4b03c,28,25,0,0,1,172,7,1,20,0,
d4b03c,28,26,0,0,1,63,4,1,5,0,
d4b03c,28,27,0,0,1,353,12,1,1,0,
d4b03c,28,28,0,0,1,55,2,1,1,0,
d4b03c,28,29,0,0,1,5,1,1,51,0,
d4b03c,28,30,0,0,1,55,2,1,1,0,
d4b03c,28,31,0,0,1,8,1,1,49,0,
d4b03c,28,32,0,0,1,51,2,1,1,0,
d4b03c,28,33,0,0,1,7,1,1,51,0,
d4b03c,28,34,0,0,1,44,2,1,4,0,
d4b03c,28,35,0,0,1,580,19,1,38,0,
d4b03c,28,36,0,0,1,70,4,1,4,0,
d4b03c,28,37,0,0,1,43,2,1,4,0,
d4b03c,28,38,1,0,0,0,0,0,0,0,
d4b03c,37,1,0,0,1,732,19,1,7,0,
d4b03c,37,2,0,0,1,95,2,1,10,0,
d4b03c,37,3,0,0,1,96,2,1,10,0,
d4b03c,37,4,0,0,1,451,14,1,10,0,
d4b03c,37,5,0,0,1,537,16,1,10,0,
d4b03c,37,6,0,0,1,75,2,1,10,0,
d4b03c,37,7,0,0,1,75,2,1,44,1,
d4b03c,37,8,0,0,1,447,15,1,346,1,NameError
d4b03c,37,9,0,0,1,67,3,1,3,0,
d4b03c,37,10,0,0,1,138,5,1,96,0,
d4b03c,37,11,0,0,1,572,19,1,145,0,
d4b03c,37,12,0,0,1,641,18,1,81,0,
d4b03c,37,13,0,0,1,787,26,1,94,0,
d4b03c,37,14,0,0,1,341,12,1,12,0,
d4b03c,37,15,0,0,1,652,20,1,73,0,
d4b03c,37,16,0,0,1,229,9,1,34,0,
d4b03c,37,17,0,0,1,91,3,1,59,0,
d4b03c,37,18,0,0,1,2346,66,1,60,0,
d4b03c,37,19,0,0,1,320,11,1,3,0,
d4b03c,37,20,0,0,1,272,10,1,3,0,
d4b03c,37,21,0,0,1,348,11,1,35,0,
d4b03c,37,22,0,0,1,329,11,1,165,0,
d4b03c,37,23,0,0,1,411,14,1,225,0,
d4b03c,37,24,0,0,1,288,9,1,30,0,
d4b03c,37,25,0,0,1,359,10,1,395,1,KeyError
d4b03c,37,26,0,0,1,43,2,1,104,0,
d4b03c,37,27,0,0,1,232,13,1,144,0,
d4b03c,37,28,0,0,1,45,2,1,246,0,
d4b03c,37,29,0,0,1,523,17,1,45,0,
d4b03c,37,30,0,0,1,1269,47,1,35,0,
d4b03c,37,31,0,0,1,270,10,1,12,0,
d4b03c,37,32,0,0,1,284,8,1,117,0,
d4b03c,37,33,0,0,1,35,1,1,4,0,
d4b03c,37,34,0,0,1,128,4,1,4,0,
d4b03c,37,35,0,0,1,35,1,1,5,0,
d4b03c,37,36,0,0,1,35,1,1,87,0,
d4b03c,37,37,1,0,0,0,0,0,0,0,
d4b03c,45,1,0,0,1,151,1,1,45,0,
d4b03c,45,2,0,0,1,360,11,1,45,0,
d4b03c,45,3,0,0,1,180,8,1,130,0,
d4b03c,45,4,0,0,1,141,5,1,19,0,
d4b03c,45,5,0,0,1,223,11,1,7,0,
d4b03c,45,6,0,0,1,389,15,1,1,0,
d4b03c,45,7,0,0,1,66,3,1,4,0,
d4b03c,45,8,0,0,1,308,12,1,5,0,
d4b03c,45,9,0,0,1,288,10,1,46,0,
d4b03c,45,10,0,0,1,818,32,1,3,0,
d4b03c,45,11,0,0,1,82,2,1,12,0,
d4b03c,45,12,0,0,1,78,3,1,9,0,
d4b03c,45,13,0,0,1,126,4,1,9,0,
d4b03c,45,14,0,0,1,66,2,1,10,0,
d4b03c,45,15,0,0,1,299,10,1,145,0,
d4b03c,45,16,0,0,1,80,2,1,4,0,
d4b03c,45,17,0,0,1,82,2,1,236,0,
d4b03c,45,18,0,0,1,444,16,1,185,0,
d4b03c,45,19,0,0,1,198,8,1,7,0,
d4b03c,45,20,0,0,1,553,21,1,194,0,
d4b03c,45,21,0,0,1,182,5,1,66,0,
d4b03c,45,22,0,0,1,318,12,1,44,1,
d4b03c,45,23,0,0,1,375,14,1,627,1,NameError
d4b03c,45,24,0,0,1,752,28,1,58,0,
d4b03c,45,25,0,0,1,344,12,1,43,0,
d4b03c,45,26,0,0,1,31,1,1,4,0,
d4b03c,45,27,0,0,1,31,1,1,4,0,
d4b03c,45,28,0,0,1,319,11,1,2,0,
d4b03c,45,29,0,0,1,115,2,1,2,0,
d4b03c,45,30,0,0,1,12,1,1,162,0,
d4b03c,45,31,0,0,1,37,2,1,31,0,
d4b03c,45,32,0,0,1,244,8,1,7,0,
d4b03c,45,33,0,0,1,99,3,1,38,0,
d4b03c,45,34,0,0,1,212,8,1,7,0,
d4b03c,45,35,0,0,1,16,1,1,5,0,
d4b03c,45,36,0,0,1,424,17,1,874,1,NameError
d4b03c,45,37,0,0,1,624,25,1,86,0,
d4b03c,45,38,0,0,1,10,1,1,4,0,
d4b03c,45,39,0,0,1,22,1,1,4,0,
d4b03c,45,40,0,0,1,313,12,1,165,0,
d4b03c,45,41,0,0,1,97,3,1,35,0,
d4b03c,45,42,1,0,0,0,0,0,0,0,
d4b03c,38,1,0,0,1,166,1,1,45,0,
d4b03c,38,2,0,0,1,938,26,1,10,0,
d4b03c,38,3,0,0,1,151,5,1,9,0,
d4b03c,38,4,0,0,1,584,19,1,248,0,
d4b03c,38,5,0,0,1,497,17,1,10,0,
d4b03c,38,6,0,0,1,195,7,1,208,0,
d4b03c,38,7,0,0,1,196,8,1,77,0,
d4b03c,38,8,0,0,1,148,6,1,332,0,
d4b03c,38,9,0,0,1,90,4,1,4,0,
d4b03c,38,10,0,0,1,90,4,1,3,0,
d4b03c,38,11,0,0,1,61,2,1,4,0,
d4b03c,38,12,0,0,1,55,2,1,4,0,
d4b03c,38,13,0,0,1,123,4,1,10,0,
d4b03c,38,14,0,0,1,127,5,1,290,0,
d4b03c,38,15,0,0,1,88,2,1,237,0,
d4b03c,38,16,0,0,1,517,16,1,69,0,
d4b03c,38,17,0,0,1,63,2,1,4,0,
d4b03c,38,18,0,0,1,37,1,1,1,0,
d4b03c,38,19,0,0,1,184,7,1,114,0,
d4b03c,38,20,0,0,1,74,2,1,77,0,
d4b03c,38,21,0,0,1,50,2,1,1,0,
d4b03c,38,22,0,0,1,9,1,1,14,0,
d4b03c,38,23,0,0,1,522,16,1,3,0,
d4b03c,38,24,0,0,1,53,1,1,3,0,
d4b03c,38,25,0,0,1,477,16,1,4,0,
d4b03c,38,26,0,0,1,725,24,1,45,0,
d4b03c,38,27,0,0,1,230,7,1,45,0,
d4b03c,38,28,0,0,1,105,1,1,45,0,
d4b03c,38,29,0,0,1,649,21,1,45,0,
d4b03c,38,30,0,0,1,13,1,1,4,0,
d4b03c,38,31,0,0,1,42,2,1,4,0,
d4b03c,38,32,0,0,1,350,12,1,96,0,
d4b03c,38,33,0,0,1,42,2,1,4,0,
d4b03c,38,34,0,0,1,535,17,1,34,0,
d4b03c,38,35,0,0,1,496,16,1,31,0,
d4b03c,38,36,0,0,1,176,3,1,77,0,
d4b03c,38,37,0,0,1,452,16,1,1,0,
d4b03c,38,38,0,0,1,16,1,1,8,0,
d4b03c,38,39,0,0,1,147,5,1,44,0,
d4b03c,38,40,0,0,1,136,5,1,64,0,
d4b03c,38,41,0,0,1,121,4,1,68,0,
d4b03c,38,42,0,0,1,110,3,1,80,0,
d4b03c,38,43,0,0,1,11,1,1,4,0,
d4b03c,38,44,0,0,1,46,2,1,24,0,
d4b03c,38,45,0,0,1,387,16,1,5,0,
d4b03c,38,46,0,0,1,52,2,1,2,0,
d4b03c,38,47,0,0,1,18,1,1,100,0,
d4b03c,38,48,0,0,1,31,1,1,28,0,
d4b03c,38,49,0,0,1,31,1,1,30,0,
d4b03c,38,50,0,0,1,10,1,1,3,0,
d4b03c,38,51,0,0,1,51,2,1,3,0,
d4b03c,38,52,0,0,1,52,2,1,44,1,
d4b03c,38,53,0,0,1,166,6,1,398,1,NameError
d4b03c,38,54,0,0,1,52,2,1,324,1,NameError
d4b03c,38,55,0,0,1,571,22,1,103,0,
d4b03c,38,56,0,0,1,297,16,1,37,0,
d4b03c,38,57,0,0,1,120,6,1,24,0,
d4b03c,38,58,0,0,1,44,2,1,4,0,
d4b03c,25,1,0,0,1,139,1,1,45,0,
d4b03c,25,2,0,0,1,96,1,1,45,0,
d4b03c,25,3,0,0,1,342,13,1,3,0,
d4b03c,25,4,0,0,1,11,1,1,260,0,
d4b03c,25,5,0,0,1,30,1,1,120,0,
d4b03c,25,6,0,0,1,679,24,1,3,0,
d4b03c,25,7,0,0,1,172,3,1,1,0,
d4b03c,25,8,0,0,1,68,3,1,3,0,
d4b03c,25,9,0,0,1,41,2,1,3,0,
d4b03c,25,10,0,0,1,423,14,1,78,0,
d4b03c,25,11,0,0,1,90,3,1,95,0,
d4b03c,25,12,0,0,1,247,9,1,19,0,
d4b03c,25,13,0,0,1,136,2,1,4,0,
d4b03c,25,14,0,0,1,479,16,1,90,0,
d4b03c,25,15,0,0,1,645,21,1,278,0,
d4b03c,25,16,0,0,1,134,5,1,5,0,
d4b03c,25,17,0,0,1,624,19,1,116,0,
d4b03c,25,18,0,0,1,97,3,1,46,0,
d4b03c,25,19,0,0,1,625,21,1,42,0,
d4b03c,25,20,0,0,1,614,21,1,54,0,
d4b03c,25,21,0,0,1,314,12,1,57,0,
d4b03c,25,22,0,0,1,592,19,1,178,0,
d4b03c,25,23,0,0,1,717,23,1,123,0,
d4b03c,25,24,0,0,1,505,18,1,24,0,
d4b03c,25,25,0,0,1,133,4,1,5,0,
d4b03c,25,26,0,0,1,48,2,1,5,0,
d4b03c,25,27,0,0,1,383,12,1,47,0,
d4b03c,25,28,0,0,1,566,20,1,104,0,
d4b03c,25,29,0,0,1,184,9,1,144,0,
d4b03c,25,30,0,0,1,43,2,1,24,0,
d4b03c,25,31,0,0,1,45,2,1,32,0,
d4b03c,25,32,0,0,1,634,23,1,225,0,
d4b03c,31,1,0,0,1,196,1,1,45,0,
d4b03c,31,2,0,0,1,122,1,1,45,0,
d4b03c,31,3,0,0,1,417,13,1,1,0,
d4b03c,31,4,0,0,1,51,2,1,79,0,
d4b03c,31,5,0,0,1,65,2,1,173,0,
d4b03c,31,6,0,0,1,573,17,1,36,0,
d4b03c,31,7,0,0,1,216,9,1,11,0,
d4b03c,31,8,0,0,1,22,1,1,5,0,
d4b03c,31,9,0,0,1,417,14,1,9,0,
d4b03c,31,10,0,0,1,297,11,1,57,0,
d4b03c,31,11,0,0,1,563,21,1,14,0,
d4b03c,31,12,0,0,1,137,5,1,25,0,
d4b03c,31,13,0,0,1,27,1,1,2,0,
d4b03c,31,14,0,0,1,2132,58,1,4,0,
d4b03c,31,15,0,0,1,665,25,1,13,0,
d4b03c,31,16,0,0,1,82,2,1,29,0,
d4b03c,31,17,0,0,1,82,2,1,37,0,
d4b03c,31,18,0,0,1,82,2,1,63,0,
d4b03c,31,19,0,0,1,191,7,1,44,0,
d4b03c,31,20,0,0,1,221,11,1,40,0,
d4b03c,31,21,0,0,1,263,9,1,850,0,
d4b03c,31,22,0,0,1,164,7,1,44,1,
d4b03c,31,23,0,0,1,215,8,1,598,1,NameError
d4b03c,31,24,0,0,1,728,28,1,44,0,
d4b03c,31,25,0,0,1,347,10,1,371,0,
d4b03c,31,26,0,0,1,1806,59,1,97,0,
d4b03c,31,27,0,0,1,75,2,1,13,0,
d4b03c,31,28,0,0,1,76,2,1,16,0,
d4b03c,31,29,0,0,1,85,2,1,16,0,
d4b03c,31,30,0,0,1,85,2,1,18,0,
d4b03c,31,31,0,0,1,85,2,1,18,0,
d4b03c,31,32,0,0,1,85,2,1,18,0,
d4b03c,31,33,0,0,1,87,2,1,19,0,
d4b03c,31,34,0,0,1,87,2,1,20,0,
d4b03c,31,35,0,0,1,87,2,1,20,0,
d4b03c,31,36,0,0,1,87,2,1,20,0,
d4b03c,43,1,0,0,1,164,1,1,45,0,
d4b03c,43,2,0,0,1,92,1,1,45,0,
d4b03c,43,3,0,0,1,332,13,1,1,0,
d4b03c,43,4,0,0,1,48,2,1,5,0,
d4b03c,43,5,0,0,1,264,10,1,4,0,
d4b03c,43,6,0,0,1,210,6,1,334,0,
d4b03c,43,7,0,0,1,202,6,1,44,1,
d4b03c,43,8,0,0,1,560,16,1,88,0,
d4b03c,43,9,0,0,1,714,27,1,65,0,
d4b03c,43,10,0,0,1,36,1,1,65,0,
d4b03c,43,11,0,0,1,275,12,1,225,0,
d4b03c,43,12,0,0,1,225,13,1,289,0,
d4b03c,43,13,0,0,1,369,8,1,45,0,
d4b03c,43,14,0,0,1,92,1,1,45,0,
d4b03c,43,15,0,0,1,816,31,1,8033,0,
d4b03c,43,16,0,0,1,559,20,1,84,0,
d4b03c,43,17,0,0,1,348,14,1,2766,0,
d4b03c,43,18,0,0,1,980,34,1,5,0,
d4b03c,43,19,0,0,1,45,2,1,4,0,
d4b03c,43,20,0,0,1,656,14,1,45,0,
d4b03c,43,21,0,0,1,767,34,1,4,0,
d4b03c,43,22,0,0,1,552,21,1,2,0,
d4b03c,43,23,0,0,1,141,7,1,135,0,
d4b03c,43,24,0,0,1,184,10,1,207,0,
d4b03c,43,25,0,0,1,207,11,1,202,0,
d4b03c,43,26,0,0,1,96,3,1,100,0,
d4b03c,43,27,0,0,1,42,1,1,202,0,
d4b03c,43,28,0,0,1,145,5,1,4,0,
d4b03c,43,29,1,0,0,0,0,0,0,0,
d4b03c,40,1,0,0,1,818,26,1,3,0,
d4b03c,40,2,0,0,1,39,2,1,5,0,
d4b03c,40,3,0,0,1,406,14,1,3,0,
d4b03c,40,4,0,0,1,54,2,1,4,0,
d4b03c,40,5,0,0,1,25,1,1,5,0,
d4b03c,40,6,0,0,1,542,18,1,309,0,
d4b03c,40,7,0,0,1,733,20,1,451,0,
d4b03c,40,8,0,0,1,140,3,1,44,1,
d4b03c,40,9,0,0,1,623,22,1,386,0,
d4b03c,40,10,0,0,1,254,8,1,86,0,
d4b03c,40,11,0,0,1,642,23,1,78,0,
d4b03c,40,12,0,0,1,603,22,1,200,0,
d4b03c,40,13,0,0,1,419,16,1,62,0,
d4b03c,40,14,0,0,1,140,6,1,165,0,
d4b03c,40,15,0,0,1,167,7,1,157,1,
4ebdaa,12,1,0,0,1,325,13,1,34,0,
4ebdaa,19,1,0,0,1,423,15,1,34,0,
4ebdaa,19,2,0,0,1,39,2,1,1,0,
4ebdaa,5,1,0,0,1,354,13,1,34,0,
4ebdaa,3,1,0,0,1,298,13,1,34,0,
4ebdaa,3,2,0,0,1,241,8,1,34,0,
4ebdaa,23,1,0,0,1,370,14,1,34,0,
4ebdaa,23,2,0,0,1,34,2,1,1,0,
4ebdaa,20,1,0,0,1,330,13,1,34,0,
4ebdaa,20,2,0,0,1,61,2,1,3,0,
4ebdaa,8,1,0,0,1,347,14,1,34,0,
4ebdaa,8,2,0,0,1,40,2,1,34,0,
4ebdaa,8,3,0,0,1,317,12,1,1,0,
4ebdaa,10,1,0,0,1,362,13,1,43,0,
4ebdaa,10,2,0,0,1,286,8,1,43,0,
4ebdaa,21,1,0,0,1,327,13,1,34,0,
4ebdaa,1,1,0,0,1,331,13,1,34,0,
4ebdaa,1,2,0,0,1,278,8,1,34,0,
4ebdaa,1,3,1,0,0,0,0,0,0,0,
4ebdaa,18,1,0,0,1,308,13,1,34,0,
4ebdaa,18,2,0,0,1,259,8,1,34,0,
4ebdaa,4,1,0,0,1,304,13,1,34,0,
4ebdaa,4,2,0,0,1,241,8,1,34,0,
4ebdaa,14,1,0,0,1,334,13,1,34,0,
4ebdaa,14,2,0,0,1,269,8,1,1,0,
4ebdaa,9,1,0,0,1,315,11,1,32,0,
4ebdaa,9,2,0,0,1,279,8,1,34,0,
4ebdaa,9,3,1,0,0,0,0,0,0,0,
4ebdaa,7,1,0,0,1,407,15,1,34,0,
4ebdaa,7,2,0,0,1,39,2,1,1,0,
4ebdaa,2,1,0,0,1,344,14,1,34,0,
4ebdaa,2,2,0,0,1,35,2,1,34,0,
4ebdaa,2,3,0,0,1,328,12,1,1,0,
4ebdaa,2,4,0,0,1,38,2,1,1,0,
4ebdaa,16,1,0,0,1,347,13,1,43,0,
4ebdaa,16,2,1,0,0,0,0,0,0,0,
4ebdaa,6,1,0,0,1,357,13,1,34,0,
4ebdaa,6,2,0,0,1,281,8,1,34,0,
4ebdaa,6,3,0,0,1,327,12,1,9,0,
4ebdaa,6,4,0,0,1,548,17,1,27,0,
4ebdaa,6,5,0,0,1,104,4,1,27,0,
4ebdaa,13,1,0,0,1,412,16,1,34,0,
4ebdaa,13,2,0,0,1,114,5,1,1,0,
4ebdaa,13,3,0,0,1,225,9,1,3,0,
4ebdaa,13,4,0,0,1,210,9,1,8,0,
4ebdaa,13,5,0,0,1,60,2,1,8,0,
4ebdaa,13,6,0,0,1,55,2,1,8,0,
4ebdaa,24,1,0,0,1,434,16,1,34,0,
4ebdaa,24,2,0,0,1,39,2,1,1,0,
4ebdaa,24,3,0,0,1,429,14,1,32,0,
4ebdaa,24,4,0,0,1,769,23,1,32,0,
4ebdaa,24,5,0,0,1,37,2,1,32,0,
4ebdaa,24,6,1,0,0,0,0,0,0,0,
4ebdaa,17,1,0,0,1,411,16,1,34,0,
4ebdaa,17,2,0,0,1,32,2,1,1,0,
4ebdaa,17,3,0,0,1,33,2,1,1,0,
4ebdaa,17,4,0,0,1,159,5,1,144,0,
4ebdaa,17,5,0,0,1,75,2,1,2,0,
4ebdaa,17,6,0,0,1,74,2,1,6,0,
4ebdaa,17,7,0,0,1,75,2,1,120,0,
3980cd,15,1,0,0,1,65,3,1,3,0,
3980cd,15,2,0,0,1,196,9,1,5,0,
3980cd,15,3,0,0,1,24,1,1,5,0,
3980cd,15,4,0,0,1,22,1,1,1,0,
3980cd,15,5,1,0,0,0,0,0,0,0,
3980cd,21,1,0,0,1,808,28,1,101,0,
3980cd,21,2,0,0,1,68,3,1,50,0,
3980cd,17,1,0,0,1,1113,34,1,44,1,
3980cd,17,2,0,0,1,972,29,1,175,0,
3980cd,17,3,0,0,1,49,2,1,4,0,
3980cd,17,4,0,0,1,84,4,1,32,0,
3980cd,17,5,0,0,1,74,3,1,32,0,
3980cd,17,6,0,0,1,22,1,1,26,0,
3980cd,17,7,0,0,1,49,2,1,461,0,
3980cd,17,8,0,0,1,89,4,1,3,0,
3980cd,17,9,0,0,1,431,18,1,45,0,
3980cd,17,10,0,0,1,38,2,1,45,0,
3980cd,17,11,0,0,1,368,15,1,45,0,
3980cd,17,12,0,0,1,292,12,1,28,0,
3980cd,1,1,0,0,1,203,7,1,21,0,
3980cd,1,2,0,0,1,100,5,1,32,0,
3980cd,1,3,0,0,1,264,11,1,236,0,
3980cd,1,4,0,0,1,126,5,1,182,0,
3980cd,1,5,0,0,1,71,4,1,37,0,
3980cd,1,6,0,0,1,80,3,1,16,0,
3980cd,1,7,0,0,1,91,4,1,43,0,
3980cd,1,8,0,0,1,250,5,1,89,0,
3980cd,1,9,0,0,1,142,9,1,31,0,
3980cd,1,10,0,0,1,79,3,1,54,0,
3980cd,9,1,0,0,1,109,1,1,45,0,
3980cd,9,2,0,0,1,351,15,1,238,0,
3980cd,9,3,0,0,1,52,3,1,2,0,
3980cd,9,4,0,0,1,609,20,1,4,0,
3980cd,9,5,0,0,1,22,1,1,4,0,
3980cd,9,6,0,0,1,52,3,1,2,0,
3980cd,9,7,0,0,1,201,9,1,650,0,
3980cd,9,8,0,0,1,264,12,1,651,0,
3980cd,9,9,0,0,1,172,8,1,43,0,
3980cd,14,1,0,0,1,170,7,1,182,0,
3980cd,14,2,0,0,1,76,4,1,53,0,
3980cd,14,3,0,0,1,602,18,1,105,0,
3980cd,14,4,0,0,1,295,11,1,354,0,
3980cd,14,5,0,0,1,91,4,1,115,0,
3980cd,14,6,0,0,1,189,8,1,17,0,
3980cd,14,7,0,0,1,171,8,1,8,0,
3980cd,14,8,0,0,1,165,8,1,8,0,
3980cd,14,9,0,0,1,189,9,1,4,0,
3980cd,14,10,0,0,1,16,1,1,3,0,
3980cd,14,11,0,0,1,186,9,1,4,0,
3980cd,14,12,0,0,1,263,10,1,123,0,
3980cd,14,13,0,0,1,18,1,1,25,0,
3980cd,14,14,0,0,1,25,2,1,4,0,
3980cd,14,15,0,0,1,302,11,1,201,0,
3980cd,14,16,0,0,1,200,9,1,4,0,
3980cd,14,17,0,0,1,10,1,1,3,0,
3980cd,14,18,0,0,1,1031,29,1,95,0,
3980cd,7,1,0,0,1,141,1,1,45,0,
3980cd,7,2,0,0,1,176,7,1,277,0,
3980cd,7,3,0,0,1,128,5,1,45,0,
3980cd,7,4,0,0,1,239,9,1,155,0,
3980cd,7,5,0,0,1,23,1,1,2,0,
3980cd,7,6,0,0,1,23,1,1,2,0,
3980cd,7,7,0,0,1,214,9,1,19,0,
3980cd,7,8,0,0,1,234,12,1,4,0,
3980cd,7,9,0,0,1,16,1,1,3,0,
3980cd,7,10,0,0,1,28,2,1,4,0,
3980cd,7,11,0,0,1,29,2,1,4,0,
3980cd,7,12,0,0,1,179,9,1,24,0,
3980cd,7,13,0,0,1,183,8,1,16,0,
3980cd,7,14,0,0,1,16,1,1,4,0,
3980cd,7,15,0,0,1,16,1,1,4,0,
3980cd,7,16,0,0,1,140,5,1,4,0,
3980cd,7,17,0,0,1,10,1,1,3,0,
3980cd,7,18,0,0,1,300,13,1,3,0,
3980cd,7,19,0,0,1,195,10,1,462,0,
3980cd,7,20,0,0,1,26,2,1,44,0,
3980cd,7,21,0,0,1,26,2,1,48,0,
3980cd,12,1,0,0,1,130,4,1,45,0,
3980cd,12,2,0,0,1,173,6,1,91,0,
3980cd,12,3,0,0,1,72,3,1,74,0,
3980cd,12,4,0,0,1,34,2,1,4,0,
3980cd,12,5,0,0,1,523,23,1,45,0,
3980cd,12,6,0,0,1,47,2,1,306,1,NameError
3980cd,12,7,0,0,1,507,22,1,43,0,
3980cd,12,8,0,0,1,41,3,1,3,0,
3980cd,12,9,0,0,1,314,13,1,20,0,
3980cd,12,10,0,0,1,16,1,1,21,0,
3980cd,12,11,0,0,1,16,1,1,21,0,
3980cd,12,12,0,0,1,204,11,1,4,0,
3980cd,12,13,0,0,1,16,1,1,3,0,
3980cd,12,14,0,0,1,185,9,1,4,0,
3980cd,12,15,0,0,1,44,2,1,4,0,
3980cd,12,16,0,0,1,106,7,1,44,1,
3980cd,12,17,0,0,1,512,14,1,10,0,
3980cd,12,18,0,0,1,811,34,1,16,0,
3980cd,12,19,0,0,1,326,13,1,552,1,NameError
3980cd,12,20,0,0,1,204,9,1,21,0,
3980cd,12,21,0,0,1,22,1,1,21,0,
3980cd,12,22,0,0,1,23,1,1,22,0,
3980cd,12,23,0,0,1,34,1,1,9,0,
3980cd,10,1,0,0,1,154,1,1,45,0,
3980cd,10,2,0,0,1,504,19,1,45,0,
3980cd,10,3,0,0,1,341,10,1,45,0,
3980cd,10,4,0,0,1,174,8,1,16,0,
3980cd,10,5,0,0,1,368,12,1,462,0,
3980cd,10,6,0,0,1,42,2,1,13,0,
3980cd,10,7,0,0,1,36,3,1,2,0,
3980cd,10,8,0,0,1,368,18,1,141,0,
3980cd,10,9,0,0,1,48,3,1,2,0,
3980cd,10,10,0,0,1,40,3,1,2,0,
3980cd,5,1,0,0,1,94,4,1,21,0,
3980cd,5,2,0,0,1,223,6,1,45,0,
3980cd,5,3,0,0,1,192,6,1,551,1,ImportError
3980cd,5,4,0,0,1,13,1,1,2774,0,
3980cd,5,5,0,0,1,475,18,1,923,0,
3980cd,5,6,0,0,1,145,4,1,51,0,
3980cd,5,7,0,0,1,131,5,1,2,0,
3980cd,5,8,0,0,1,291,7,1,45,0,
3980cd,5,9,0,0,1,285,9,1,50,0,
3980cd,5,10,0,0,1,248,8,1,130,0,
3980cd,5,11,0,0,1,72,2,1,133,0,
3980cd,5,12,0,0,1,482,20,1,319,0,
3980cd,5,13,0,0,1,356,14,1,325,0,
3980cd,5,14,0,0,1,217,8,1,4,0,
3980cd,5,15,0,0,1,16,1,1,3,0,
3980cd,5,16,0,0,1,188,7,1,4,0,
3980cd,5,17,0,0,1,19,1,1,4,0,
3980cd,5,18,0,0,1,410,19,1,227,0,
3980cd,5,19,0,0,1,137,5,1,4,0,
3980cd,3,1,0,0,1,206,9,1,16,0,
3980cd,3,2,0,0,1,442,12,1,928,0,
3980cd,3,3,0,0,1,170,4,1,15,0,
3980cd,3,4,0,0,1,80,4,1,58,0,
3980cd,3,5,0,0,1,205,10,1,132,0,
3980cd,3,6,0,0,1,50,4,1,40,0,
3980cd,3,7,0,0,1,9,1,1,41,0,
3980cd,3,8,0,0,1,84,2,1,432,0,
3980cd,3,9,0,0,1,174,8,1,118,0,
3980cd,3,10,0,0,1,212,9,1,278,0,
3980cd,3,11,0,0,1,126,5,1,338,0,
3980cd,3,12,0,0,1,344,13,1,527,0,
3980cd,3,13,0,0,1,360,15,1,879,0,
3980cd,3,14,0,0,1,294,12,1,2269,0,
3980cd,3,15,0,0,1,278,11,1,588,0,
3980cd,3,16,0,0,1,66,3,1,3,0,
3980cd,3,17,0,0,1,374,17,1,155,0,
3980cd,3,18,0,0,1,787,24,1,601,1,TypeError
3980cd,3,19,0,0,1,719,22,1,591,1,TypeError
3980cd,3,20,0,0,1,748,24,1,694,1,NameError
3980cd,3,21,0,0,1,89,4,1,1432,0,
3980cd,3,22,0,0,1,724,22,1,28,0,
3980cd,8,1,0,0,1,99,4,1,31,0,
3980cd,8,2,0,0,1,43,1,1,25,0,
3980cd,8,3,0,0,1,202,8,1,261,0,
3980cd,8,4,0,0,1,492,20,1,111,0,
3980cd,8,5,0,0,1,641,18,1,2,0,
3980cd,8,6,0,0,1,924,31,1,3,0,
3980cd,8,7,0,0,1,10,1,1,260,0,
3980cd,8,8,0,0,1,98,4,1,18,0,
3980cd,8,9,0,0,1,254,10,1,216,0,
3980cd,8,10,0,0,1,100,5,1,428,0,
3980cd,8,11,0,0,1,272,12,1,831,0,
3980cd,8,12,0,0,1,233,10,1,903,0,
3980cd,8,13,0,0,1,125,4,1,3,0,
3980cd,8,14,1,0,0,0,0,0,0,0,
3980cd,19,1,0,0,1,68,1,1,45,0,
3980cd,19,2,0,0,1,310,13,1,80,0,
3980cd,19,3,0,0,1,51,4,1,2,0,
3980cd,19,4,0,0,1,48,3,1,2,0,
3980cd,19,5,0,0,1,34,3,1,2,0,
3980cd,23,1,0,0,1,96,5,1,32,0,
3980cd,23,2,0,0,1,184,5,1,45,0,
3980cd,23,3,0,0,1,168,5,1,45,0,
3980cd,23,4,0,0,1,244,10,1,1741,0,
3980cd,23,5,0,0,1,89,4,1,3,0,
3980cd,23,6,0,0,1,468,16,1,1959,0,
3980cd,23,7,0,0,1,243,10,1,277,0,
3980cd,23,8,0,0,1,34,2,1,3,0,
3980cd,23,9,0,0,1,179,9,1,4,0,
3980cd,23,10,0,0,1,16,1,1,3,0,
3980cd,23,11,0,0,1,86,5,1,4,0,
3980cd,23,12,0,0,1,87,5,1,4,0,
3980cd,23,13,0,0,1,109,6,1,44,1,
3980cd,23,14,0,0,1,18,1,1,274,1,NameError
3980cd,23,15,0,0,1,37,2,1,25,0,
3980cd,23,16,0,0,1,485,17,1,26,0,
3980cd,23,17,0,0,1,59,4,1,3,0,
3980cd,23,18,0,0,1,206,9,1,3,0,
3980cd,23,19,0,0,1,213,9,1,474,0,
3980cd,13,1,0,0,1,114,6,1,32,0,
3980cd,13,2,0,0,1,73,3,1,44,0,
3980cd,13,3,0,0,1,46,3,1,2,0,
3980cd,13,4,0,0,1,598,21,1,34,0,
3980cd,13,5,0,0,1,54,3,1,5,0,
3980cd,24,1,0,0,1,101,4,1,21,0,
3980cd,24,2,0,0,1,138,5,1,16,0,
3980cd,24,3,0,0,1,1417,35,1,8032,0,
3980cd,24,4,0,0,1,668,30,1,12,0,
3980cd,24,5,0,0,1,185,7,1,5,0,
3980cd,24,6,0,0,1,247,11,1,8,0,
3980cd,24,7,0,0,1,49,2,1,5,0,
3980cd,24,8,0,0,1,620,20,1,136,0,
3980cd,24,9,0,0,1,309,8,1,225,0,
3980cd,24,10,0,0,1,175,6,1,1,0,
3980cd,24,11,0,0,1,16,1,1,260,0,
3980cd,24,12,0,0,1,299,13,1,13,0,
3980cd,24,13,0,0,1,380,12,1,20,0,
3980cd,24,14,0,0,1,925,26,1,65,0,
3980cd,24,15,0,0,1,289,12,1,61,0,
3980cd,24,16,0,0,1,639,24,1,11,0,
3980cd,24,17,0,0,1,459,16,1,356,0,
3980cd,24,18,0,0,1,303,13,1,15,0,
3980cd,24,19,1,0,0,0,0,0,0,0,
3980cd,20,1,0,0,1,1089,36,1,138,0,
3980cd,20,2,0,0,1,199,4,1,69,0,
3980cd,20,3,0,0,1,104,4,1,215,0,
3980cd,20,4,0,0,1,707,24,1,91,0,
3980cd,20,5,0,0,1,43,1,1,133,0,
3980cd,20,6,0,0,1,189,3,1,41,0,
3980cd,20,7,0,0,1,249,12,1,275,0,
3980cd,20,8,0,0,1,225,11,1,335,0,
3980cd,20,9,0,0,1,198,11,1,165,0,
3980cd,20,10,0,0,1,206,11,1,473,0,
3980cd,20,11,0,0,1,288,13,1,200,0,
3980cd,20,12,0,0,1,699,24,1,40,0,
3980cd,20,13,0,0,1,72,3,1,15,0,
3980cd,20,14,0,0,1,495,17,1,425,0,
3980cd,20,15,0,0,1,135,5,1,4,0,
3980cd,20,16,0,0,1,16,1,1,4,0,
3980cd,20,17,0,0,1,201,8,1,3,0,
3980cd,20,18,0,0,1,201,10,1,176,0,
3980cd,20,19,0,0,1,697,24,1,107,0,
3980cd,20,20,0,0,1,784,27,1,34,0,
3980cd,20,21,0,0,1,770,23,1,9,0,
3980cd,20,22,0,0,1,647,19,1,88,0,
3980cd,20,23,0,0,1,10,1,1,3,0,
3980cd,20,24,1,0,0,0,0,0,0,0,
3980cd,2,1,0,0,1,101,5,1,32,0,
3980cd,2,2,0,0,1,88,4,1,32,0,
3980cd,2,3,0,0,1,22,1,1,26,0,
3980cd,2,4,0,0,1,29,1,1,32,0,
3980cd,2,5,0,0,1,40,1,1,52,0,
3980cd,2,6,0,0,1,46,1,1,50,0,
3980cd,2,7,0,0,1,831,29,1,130,0,
3980cd,2,8,0,0,1,93,3,1,179,0,
3980cd,2,9,0,0,1,61,2,1,264,0,
3980cd,2,10,0,0,1,138,6,1,81,0,
3980cd,2,11,0,0,1,99,5,1,250,0,
3980cd,2,12,0,0,1,240,9,1,449,0,
3980cd,2,13,0,0,1,22,1,1,43,0,
3980cd,2,14,0,0,1,203,8,1,203,0,
3980cd,2,15,0,0,1,206,8,1,242,0,
3980cd,2,16,0,0,1,67,3,1,25,0,
3980cd,2,17,0,0,1,199,8,1,139,0,
3980cd,2,18,0,0,1,214,8,1,367,0,
3980cd,2,19,0,0,1,677,23,1,4,0,
3980cd,2,20,0,0,1,39,2,1,128,0,
3980cd,2,21,0,0,1,39,2,1,128,0,
3980cd,2,22,0,0,1,39,2,1,128,0,
3980cd,2,23,0,0,1,39,2,1,4,0,
3980cd,2,24,0,0,1,683,26,1,2,0,
3980cd,2,25,0,0,1,483,18,1,70,0,
3980cd,2,26,0,0,1,220,11,1,5,0,
3980cd,2,27,0,0,1,100,6,1,43,0,
3980cd,2,28,0,0,1,196,10,1,53,0,
3980cd,2,29,0,0,1,252,13,1,4,0,
3980cd,2,30,0,0,1,455,18,1,24,0,
3980cd,2,31,0,0,1,43,2,1,1,0,
3980cd,2,32,0,0,1,35,2,1,2,0,
3980cd,2,33,0,0,1,40,2,1,1,0,
3980cd,2,34,0,0,1,206,10,1,32,0,
3980cd,2,35,0,0,1,139,6,1,78,0,
3980cd,2,36,0,0,1,172,6,1,45,0,
3980cd,2,37,0,0,1,555,20,1,207,0,
3980cd,2,38,0,0,1,307,10,1,4,0,
3980cd,2,39,0,0,1,561,19,1,31,0,
3980cd,4,1,0,0,1,92,5,1,41,0,
3980cd,4,2,0,0,1,17,1,1,41,0,
3980cd,4,3,0,0,1,19,1,1,38,0,
3980cd,4,4,0,0,1,84,4,1,32,0,
3980cd,4,5,0,0,1,53,2,1,17,0,
3980cd,4,6,0,0,1,246,8,1,1706,1,ValueError
3980cd,4,7,0,0,1,442,13,1,431,0,
3980cd,4,8,0,0,1,180,6,1,105,0,
3980cd,4,9,0,0,1,689,22,1,598,0,
3980cd,4,10,0,0,1,189,8,1,184,0,
3980cd,4,11,0,0,1,298,10,1,136,0,
3980cd,4,12,0,0,1,32,2,1,458,0,
3980cd,4,13,0,0,1,186,8,1,167,0,
3980cd,4,14,0,0,1,657,22,1,435,1,AttributeError
3980cd,4,15,0,0,1,591,19,1,587,0,
3980cd,4,16,0,0,1,181,8,1,95,0,
3980cd,4,17,0,0,1,46,2,1,589,0,
3980cd,4,18,0,0,1,93,3,1,125,0,
3980cd,4,19,0,0,1,46,2,1,415,0,
3980cd,4,20,0,0,1,176,8,1,65,0,
3980cd,4,21,0,0,1,56,2,1,417,0,
3980cd,4,22,0,0,1,98,3,1,113,0,
3980cd,4,23,0,0,1,46,2,1,415,0,
3980cd,4,24,0,0,1,93,3,1,104,0,
3980cd,4,25,0,0,1,167,6,1,14,0,
3980cd,4,26,0,0,1,249,12,1,81,0,
3980cd,4,27,0,0,1,153,6,1,44,1,
3980cd,4,28,0,0,1,82,3,1,352,1,NameError
3980cd,22,1,1,0,0,0,0,0,0,0,
3980cd,22,2,1,0,0,0,0,0,0,0,
3980cd,22,3,1,0,0,0,0,0,0,0,
3980cd,6,1,0,0,1,1010,26,1,258,0,
3980cd,6,2,0,0,1,822,28,1,4,0,
3980cd,6,3,0,0,1,286,9,1,45,0,
3980cd,6,4,0,0,1,51,2,1,4,0,
3980cd,6,5,0,0,1,971,29,1,4,0,
3980cd,6,6,0,0,1,41,2,1,4,0,
3980cd,6,7,0,0,1,133,4,1,139,0,
3980cd,6,8,0,0,1,101,4,1,34,0,
3980cd,6,9,0,0,1,78,3,1,60,0,
3980cd,6,10,0,0,1,72,4,1,98,0,
3980cd,6,11,0,0,1,202,8,1,39,0,
3980cd,6,12,0,0,1,15,1,1,65,0,
3980cd,6,13,0,0,1,16,1,1,265,0,
3980cd,6,14,0,0,1,342,14,1,113,0,
3980cd,6,15,0,0,1,1263,38,1,44,1,
3980cd,6,16,0,0,1,50,2,1,322,1,NameError
3980cd,6,17,0,0,1,1432,38,1,44,1,
3980cd,6,18,0,0,1,271,10,1,45,0,
3980cd,6,19,0,0,1,35,2,1,299,1,NameError
3980cd,6,20,0,0,1,386,9,1,168,0,
3980cd,6,21,0,0,1,363,15,1,87,0,
3980cd,11,1,0,0,1,94,4,1,32,0,
3980cd,11,2,0,0,1,25,1,1,26,0,
3980cd,11,3,0,0,1,28,1,1,26,0,
3980cd,11,4,0,0,1,104,4,1,24,0,
3980cd,11,5,0,0,1,671,23,1,2,0,
3980cd,11,6,0,0,1,449,15,1,2,0,
3980cd,11,7,0,0,1,14,1,1,1300,0,
3980cd,11,8,0,0,1,90,3,1,17,0,
3980cd,11,9,0,0,1,23,1,1,40,0,
3980cd,11,10,0,0,1,154,6,1,137,0,
3980cd,11,11,0,0,1,44,2,1,321,0,
3980cd,11,12,0,0,1,244,12,1,320,0,
3980cd,11,13,0,0,1,671,24,1,45,0,
3980cd,11,14,0,0,1,318,13,1,1,0,
3980cd,11,15,0,0,1,136,5,1,24,0,
3980cd,11,16,0,0,1,69,3,1,60,0,
3980cd,11,17,0,0,1,397,16,1,2,0,
3980cd,11,18,0,0,1,781,27,1,34,0,
3980cd,11,19,0,0,1,610,19,1,301,0,
3980cd,11,20,0,0,1,94,7,1,42,0,
3980cd,11,21,0,0,1,241,9,1,3,0,
3980cd,11,22,0,0,1,166,9,1,1169,0,
3980cd,11,23,0,0,1,247,11,1,450,0,
3980cd,11,24,0,0,1,22,2,1,112,0,
3980cd,11,25,0,0,1,44,2,1,300,0,
3980cd,11,26,0,0,1,234,10,1,43,0,
3980cd,11,27,0,0,1,228,10,1,73,0,
3980cd,11,28,0,0,1,48,2,1,913,0,
3980cd,11,29,0,0,1,22,1,1,73,0,
3980cd,11,30,0,0,1,231,10,1,173,0,
3980cd,11,31,0,0,1,22,1,1,178,0,
3980cd,11,32,0,0,1,253,11,1,368,0,
3980cd,11,33,0,0,1,383,13,1,531,0,
3980cd,11,34,0,0,1,24,1,1,382,0,
3980cd,11,35,0,0,1,281,11,1,450,0,
3980cd,11,36,0,0,1,24,1,1,45,0,
3980cd,11,37,0,0,1,24,1,1,44,0,
3980cd,11,38,0,0,1,105,3,1,60,0,
3980cd,11,39,0,0,1,24,1,1,87,0,
3980cd,11,40,1,0,0,0,0,0,0,0,
3980cd,16,1,0,0,1,141,1,1,45,0,
3980cd,16,2,0,0,1,228,10,1,1206,0,
3980cd,16,3,0,0,1,195,8,1,385,0,
3980cd,16,4,0,0,1,477,16,1,234,0,
3980cd,16,5,0,0,1,383,14,1,920,0,
3980cd,16,6,0,0,1,186,7,1,44,0,
3980cd,16,7,0,0,1,49,3,1,348,0,
3980cd,16,8,0,0,1,75,4,1,38,0,
3980cd,16,9,0,0,1,24,1,1,9,0,
3980cd,16,10,0,0,1,24,1,1,9,0,
3980cd,16,11,0,0,1,188,12,1,44,1,
3980cd,16,12,0,0,1,148,8,1,3,0,
3980cd,16,13,0,0,1,24,2,1,1,0,
3980cd,16,14,0,0,1,24,2,1,3,0,
3980cd,16,15,0,0,1,67,3,1,87,0,
3980cd,16,16,1,0,0,0,0,0,0,0,
3980cd,18,1,0,0,1,90,4,1,21,0,
3980cd,18,2,0,0,1,76,3,1,32,0,
3980cd,18,3,0,0,1,47,1,1,53,0,
3980cd,18,4,0,0,1,78,3,1,35,0,
3980cd,18,5,0,0,1,21,1,1,6,0,
3980cd,18,6,0,0,1,307,8,1,44,1,
3980cd,18,7,0,0,1,570,16,1,438,0,
3980cd,18,8,0,0,1,179,8,1,103,0,
3980cd,18,9,0,0,1,543,19,1,19,0,
3980cd,18,10,0,0,1,179,8,1,134,0,
3980cd,18,11,0,0,1,44,2,1,302,0,
3980cd,18,12,0,0,1,581,20,1,10,0,
3980cd,18,13,0,0,1,190,8,1,363,0,
3980cd,18,14,0,0,1,463,16,1,10,0,
3980cd,18,15,0,0,1,190,8,1,325,0,
3980cd,18,16,0,0,1,601,18,1,119,0,
3980cd,18,17,0,0,1,104,3,1,62,0,
3980cd,18,18,0,0,1,105,3,1,157,1,
be71de,11,1,0,0,1,113,5,1,211,0,
be71de,11,2,0,0,1,107,8,1,24,0,
be71de,11,3,0,0,1,61,4,1,20,0,
be71de,11,4,0,0,1,330,14,1,30,0,
be71de,21,1,0,0,1,280,16,1,407,0,
be71de,19,1,0,0,1,408,20,1,5,0,
be71de,19,2,0,0,1,236,12,1,265,0,
be71de,19,3,0,0,1,304,13,1,43,0,
be71de,19,4,0,0,1,82,5,1,409,0,
be71de,22,1,0,0,1,260,13,1,463,0,
be71de,6,1,0,0,1,291,14,1,44,0,
be71de,6,2,0,0,1,86,4,1,438,0,
be71de,6,3,0,0,1,41,2,1,64,0,
be71de,6,4,0,0,1,40,2,1,18,0,
be71de,5,1,0,0,1,151,5,1,267,0,
be71de,5,2,0,0,1,27,2,1,18,0,
be71de,5,3,0,0,1,251,12,1,310,0,
be71de,17,1,0,0,1,646,17,1,228,0,
be71de,17,2,0,0,1,40,2,1,18,0,
be71de,17,3,0,0,1,77,3,1,15,0,
be71de,17,4,0,0,1,206,11,1,24,0,
be71de,16,1,0,0,1,430,21,1,78,0,
be71de,16,2,0,0,1,27,2,1,65,0,
be71de,16,3,0,0,1,45,2,1,209,0,
be71de,16,4,0,0,1,284,12,1,9,0,
be71de,16,5,0,0,1,70,4,1,4,0,
be71de,16,6,0,0,1,163,8,1,77,0,
be71de,16,7,0,0,1,27,2,1,18,0,
be71de,1,1,0,0,1,28,2,1,2,0,
be71de,1,2,0,0,1,244,14,1,265,0,
be71de,1,3,0,0,1,121,6,1,327,0,
be71de,15,1,0,0,1,72,3,1,15,0,
be71de,15,2,0,0,1,28,2,1,2,0,
be71de,15,3,0,0,1,256,14,1,463,0,
be71de,4,1,0,0,1,251,13,1,42,0,
be71de,4,2,0,0,1,57,4,1,17,0,
be71de,4,3,0,0,1,185,8,1,9,0,
be71de,4,4,0,0,1,102,5,1,11,0,
be71de,4,5,0,0,1,73,3,1,15,0,
be71de,4,6,0,0,1,27,2,1,18,0,
be71de,14,1,0,0,1,149,5,1,211,0,
be71de,14,2,0,0,1,62,4,1,463,0,
be71de,14,3,0,0,1,127,6,1,32,0,
be71de,14,4,0,0,1,55,4,1,20,0,
be71de,14,5,0,0,1,221,12,1,319,0,
be71de,14,6,0,0,1,27,2,1,18,0,
be71de,3,1,0,0,1,309,14,1,49,0,
be71de,3,2,0,0,1,293,13,1,45,0,
be71de,3,3,0,0,1,17,1,1,21,0,
be71de,3,4,0,0,1,315,16,1,12,0,
be71de,3,5,0,0,1,27,2,1,18,0,
be71de,20,1,0,0,1,306,15,1,23,0,
be71de,20,2,0,0,1,204,9,1,37,0,
be71de,20,3,0,0,1,27,2,1,18,0,
be71de,20,4,0,0,1,240,14,1,24,0,
be71de,2,1,0,0,1,134,1,1,45,0,
be71de,2,2,0,0,1,101,4,1,211,0,
be71de,2,3,0,0,1,13,1,1,18,0,
be71de,2,4,0,0,1,159,9,1,27,0,
be71de,2,5,0,0,1,69,4,1,960,0,
be71de,2,6,0,0,1,45,2,1,21,0,
be71de,13,1,0,0,1,309,17,1,24,0,
be71de,13,2,0,0,1,143,8,1,123,0,
be71de,13,3,0,0,1,121,5,1,67,0,
be71de,13,4,0,0,1,361,13,1,138,0,
be71de,13,5,0,0,1,66,3,1,69,0,
be71de,13,6,0,0,1,27,2,1,18,0,
be71de,23,1,0,0,1,337,20,1,7,0,
be71de,23,2,0,0,1,98,4,1,268,0,
be71de,23,3,0,0,1,49,2,1,7,0,
be71de,12,1,0,0,1,459,17,1,78,0,
be71de,12,2,0,0,1,69,3,1,2123,0,
be71de,12,3,0,0,1,28,2,1,2,0,
be71de,12,4,0,0,1,77,3,1,15,0,
be71de,9,1,0,0,1,381,17,1,9,0,
be71de,9,2,0,0,1,299,13,1,277,0,
be71de,9,3,0,0,1,280,2,1,18,0,
be71de,8,1,0,0,1,235,9,1,39,0,
be71de,8,2,0,0,1,28,2,1,2,0,
be71de,8,3,0,0,1,283,10,1,24,0,
be71de,18,1,0,0,1,331,14,1,249,0,
be71de,18,2,0,0,1,28,2,1,2,0,
be71de,18,3,0,0,1,210,8,1,119,0,
be71de,18,4,0,0,1,63,3,1,29,0,
be71de,18,5,0,0,1,254,13,1,58,0,
be71de,7,1,0,0,1,113,5,1,211,0,
be71de,7,2,0,0,1,102,8,1,24,0,
be71de,7,3,0,0,1,150,7,1,73,0,
be71de,7,4,0,0,1,233,12,1,265,0,
be71de,7,5,0,0,1,27,2,1,18,0,
be71de,24,1,0,0,1,309,17,1,24,0,
be71de,24,2,0,0,1,132,8,1,41,0,
be71de,24,3,0,0,1,21,1,1,21,0,
be71de,24,4,0,0,1,354,15,1,12,0,
be71de,24,5,0,0,1,51,2,1,49,0,
be71de,24,6,0,0,1,27,2,1,18,0,
be71de,10,1,0,0,1,348,18,1,44,0,
be71de,10,2,0,0,1,146,8,1,73,0,
be71de,10,3,0,0,1,197,10,1,24,0,
be71de,10,4,0,0,1,27,2,1,132,0,
676ce2,10,1,0,0,1,571,23,1,144,0,
676ce2,10,2,0,0,1,122,6,1,501,0,
676ce2,12,1,0,0,1,1016,33,1,41,0,
676ce2,12,2,0,0,1,320,13,1,11,0,
676ce2,8,1,0,0,1,534,20,1,16,0,
676ce2,21,1,0,0,1,665,21,1,16,0,
676ce2,2,1,0,0,1,943,36,1,3,0,
676ce2,2,2,0,0,1,48,2,1,19,0,
676ce2,2,3,0,0,1,247,12,1,3,0,
676ce2,2,4,0,0,1,62,2,1,2,0,
676ce2,11,1,0,0,1,997,32,1,10,0,
676ce2,11,2,0,0,1,33,2,1,19,0,
676ce2,11,3,0,0,1,435,18,1,4,0,
676ce2,5,1,0,0,1,1204,35,1,23,0,
676ce2,5,2,0,0,1,316,14,1,29,0,
676ce2,5,3,0,0,1,37,1,1,8,0,
676ce2,5,4,0,0,1,617,24,1,18,0,
676ce2,24,1,0,0,1,97,1,1,45,0,
676ce2,24,2,0,0,1,98,2,1,45,0,
676ce2,24,3,0,0,1,302,14,1,3,0,
676ce2,24,4,0,0,1,262,11,1,13,0,
676ce2,24,5,0,0,1,2887,132,1,25,0,
676ce2,24,6,0,0,1,236,6,1,2597,0,
676ce2,24,7,0,0,1,342,13,1,158,0,
676ce2,24,8,0,0,1,294,14,1,91,0,
676ce2,24,9,1,0,0,0,0,0,0,0,
676ce2,3,1,0,0,1,304,12,1,12,0,
676ce2,3,2,0,0,1,20,2,1,3,0,
676ce2,3,3,0,0,1,631,20,1,45,0,
676ce2,3,4,0,0,1,55,2,1,7,0,
676ce2,3,5,0,0,1,14,1,1,3,0,
676ce2,3,6,0,0,1,170,4,1,7,0,
676ce2,3,7,0,0,1,1048,28,1,50,0,
676ce2,3,8,0,0,1,239,12,1,173,0,
676ce2,17,1,0,0,1,944,28,1,23,0,
676ce2,17,2,0,0,1,123,7,1,2,0,
676ce2,17,3,0,0,1,1307,31,1,520,0,
676ce2,6,1,0,0,1,1095,41,1,23,0,
676ce2,6,2,0,0,1,2612,65,1,28,0,
676ce2,6,3,0,0,1,445,10,1,317,0,
676ce2,7,1,0,0,1,1445,37,1,44,1,
676ce2,7,2,0,0,1,1677,37,1,46,0,
676ce2,7,3,0,0,1,54,3,1,2,0,
676ce2,7,4,0,0,1,201,11,1,3,0,
676ce2,7,5,0,0,1,882,29,1,28,0,
676ce2,1,1,0,0,1,676,24,1,67,0,
676ce2,1,2,0,0,1,170,1,1,45,0,
676ce2,1,3,0,0,1,37,2,1,6,0,
676ce2,1,4,0,0,1,57,1,1,45,0,
676ce2,1,5,0,0,1,2388,94,1,45,0,
676ce2,1,6,0,0,1,2238,107,1,2780,0,
676ce2,1,7,0,0,1,67,3,1,386,0,
676ce2,1,8,0,0,1,52,2,1,147,0,
676ce2,1,9,0,0,1,10,1,1,4,0,
676ce2,1,10,0,0,1,89,3,1,16,0,
676ce2,1,11,0,0,1,15,1,1,4,0,
676ce2,1,12,0,0,1,21,1,1,5,0,
676ce2,1,13,0,0,1,106,2,1,1592,0,
676ce2,1,14,0,0,1,408,12,1,2684,0,
676ce2,1,15,0,0,1,80,3,1,150,0,
676ce2,1,16,0,0,1,234,12,1,3,0,
676ce2,1,17,0,0,1,115,6,1,3,0,
676ce2,18,1,0,0,1,1795,40,1,10,0,
676ce2,18,2,0,0,1,947,28,1,6,0,
676ce2,18,3,0,0,1,818,31,1,33,0,
676ce2,18,4,0,0,1,541,21,1,79,0,
676ce2,18,5,0,0,1,313,14,1,11,0,
676ce2,15,1,0,0,1,1014,35,1,277,0,
676ce2,15,2,0,0,1,306,11,1,32,0,
676ce2,15,3,0,0,1,255,11,1,615,0,
676ce2,15,4,0,0,1,637,23,1,520,0,
676ce2,15,5,0,0,1,410,11,1,301,0,
676ce2,22,1,0,0,1,1226,40,1,29,0,
676ce2,22,2,0,0,1,565,24,1,45,0,
676ce2,22,3,0,0,1,169,8,1,6,0,
676ce2,22,4,0,0,1,521,22,1,328,0,
676ce2,22,5,0,0,1,205,8,1,338,0,
676ce2,22,6,0,0,1,151,7,1,5,0,
676ce2,22,7,0,0,1,270,12,1,26,0,
676ce2,22,8,1,0,0,0,0,0,0,0,
676ce2,16,1,0,0,1,1219,40,1,45,0,
676ce2,16,2,0,0,1,321,14,1,30,0,
676ce2,20,1,0,0,1,3983,66,1,54,0,
676ce2,20,2,0,0,1,9,1,1,3,0,
676ce2,20,3,0,0,1,13,1,1,5,0,
676ce2,20,4,0,0,1,1033,31,1,3,0,
676ce2,20,5,0,0,1,570,16,1,388,1,NameError
676ce2,20,6,0,0,1,280,10,1,251,0,
676ce2,20,7,0,0,1,329,12,1,29,0,
676ce2,13,1,0,0,1,728,22,1,33,0,
676ce2,13,2,0,0,1,58,3,1,4,0,
676ce2,13,3,0,0,1,227,11,1,173,0,
676ce2,13,4,0,0,1,1491,33,1,115,0,
676ce2,13,5,0,0,1,54,3,1,4,0,
676ce2,13,6,0,0,1,232,11,1,3,0,
676ce2,13,7,0,0,1,1075,26,1,1295,0,
676ce2,13,8,0,0,1,63,3,1,3,0,
676ce2,13,9,0,0,1,557,11,1,45,0,
676ce2,13,10,0,0,1,1007,40,1,63,0,
676ce2,13,11,0,0,1,806,21,1,119,0,
676ce2,19,1,0,0,1,154,5,1,6,0,
676ce2,19,2,0,0,1,268,1,1,45,0,
676ce2,19,3,0,0,1,120,1,1,45,0,
676ce2,19,4,0,0,1,28,1,1,45,0,
676ce2,19,5,0,0,1,15,1,1,304,1,AttributeError
676ce2,19,6,0,0,1,20,1,1,4,0,
676ce2,19,7,0,0,1,1686,55,1,693,1,TypeError
676ce2,19,8,0,0,1,72,2,1,69,0,
676ce2,19,9,0,0,1,1424,43,1,4,0,
676ce2,19,10,0,0,1,81,4,1,312,0,
676ce2,19,11,0,0,1,119,2,1,4,0,
676ce2,19,12,0,0,1,166,9,1,3,0,
676ce2,19,13,0,0,1,73,3,1,176,0,
676ce2,19,14,0,0,1,157,5,1,9,0,
676ce2,19,15,0,0,1,25,1,1,4,0,
676ce2,19,16,0,0,1,74,4,1,199,0,
676ce2,19,17,0,0,1,170,3,1,27,0,
676ce2,19,18,0,0,1,24,1,1,9,0,
676ce2,19,19,0,0,1,74,2,1,11,0,
676ce2,19,20,0,0,1,25,1,1,4,0,
676ce2,19,21,0,0,1,74,4,1,199,0,
676ce2,19,22,0,0,1,73,2,1,19,0,
676ce2,19,23,0,0,1,10,1,1,5,0,
676ce2,19,24,0,0,1,25,1,1,4,0,
676ce2,19,25,0,0,1,74,4,1,199,0,
676ce2,19,26,0,0,1,126,4,1,5,0,
676ce2,19,27,0,0,1,70,3,1,2,0,
676ce2,19,28,0,0,1,129,5,1,20,0,
676ce2,19,29,0,0,1,80,3,1,486,0,
676ce2,19,30,0,0,1,91,5,1,204,0,
676ce2,19,31,0,0,1,63,2,1,100,0,
676ce2,19,32,0,0,1,45,2,1,5,0,
676ce2,9,1,0,0,1,140,5,1,10,0,
676ce2,9,2,0,0,1,198,8,1,493,0,
676ce2,9,3,0,0,1,133,4,1,21,0,
676ce2,9,4,0,0,1,1327,50,1,721,1,AttributeError
676ce2,9,5,0,0,1,1010,42,1,18,0,
676ce2,9,6,0,0,1,1686,49,1,143,0,
676ce2,14,1,0,0,1,634,26,1,33,0,
676ce2,14,2,0,0,1,214,12,1,9,0,
676ce2,14,3,0,0,1,163,1,1,45,0,
676ce2,14,4,0,0,1,37,2,1,6,0,
676ce2,14,5,0,0,1,57,1,1,45,0,
676ce2,14,6,0,0,1,206,2,1,1538,0,
676ce2,14,7,0,0,1,2512,110,1,3289,0,
676ce2,14,8,0,0,1,198,8,1,376,0,
676ce2,14,9,0,0,1,360,13,1,4,0,
676ce2,14,10,0,0,1,157,5,1,45,0,
676ce2,14,11,0,0,1,99,3,1,938,0,
676ce2,14,12,0,0,1,51,2,1,147,0,
676ce2,14,13,0,0,1,13,1,1,4,0,
676ce2,14,14,0,0,1,33,2,1,6,0,
676ce2,14,15,0,0,1,2470,96,1,255,0,
676ce2,23,1,0,0,1,153,6,1,142,0,
676ce2,23,2,0,0,1,274,12,1,124,0,
676ce2,23,3,0,0,1,221,10,1,491,0,
676ce2,23,4,0,0,1,2371,50,1,14,0,
676ce2,23,5,0,0,1,3346,72,1,113,0,
676ce2,23,6,0,0,1,859,22,1,1,0,
676ce2,23,7,0,0,1,14,1,1,44,0,
676ce2,23,8,0,0,1,134,4,1,7,0,
676ce2,23,9,0,0,1,1160,28,1,14,0,
676ce2,23,10,0,0,1,2154,58,1,112,0,
676ce2,23,11,0,0,1,45,1,1,19,0,
676ce2,23,12,0,0,1,1396,34,1,4,0,
676ce2,23,13,0,0,1,37,1,1,21,0,
676ce2,23,14,0,0,1,280,11,1,100,0,
676ce2,4,1,0,0,1,1833,48,1,13,0,
676ce2,4,2,0,0,1,6,1,1,71,0,
676ce2,4,3,0,0,1,176,8,1,6,0,
676ce2,4,4,0,0,1,179,1,1,45,0,
676ce2,4,5,0,0,1,180,2,1,45,0,
676ce2,4,6,0,0,1,2169,69,1,5,0,
676ce2,4,7,0,0,1,36,2,1,118,0,
57fa34,5,1,0,0,1,511,20,1,42,0,
57fa34,6,1,0,0,1,515,19,1,42,0,
57fa34,10,1,0,0,1,547,21,1,42,0,
57fa34,19,1,0,0,1,512,20,1,42,0,
57fa34,12,1,1,0,0,0,0,0,0,0,
57fa34,11,1,0,0,1,668,22,1,42,0,
57fa34,17,1,0,0,1,395,14,1,23,0,
57fa34,17,2,0,0,1,441,21,1,1,0,
57fa34,17,3,0,0,1,275,15,1,1,0,
57fa34,21,1,0,0,1,87,1,1,45,0,
57fa34,21,2,0,0,1,3450,77,1,37,0,
57fa34,21,3,0,0,1,3078,84,1,75,0,
57fa34,21,4,0,0,1,3267,63,1,19,0,
57fa34,21,5,0,0,1,2700,77,1,129,0,
1ec970,4,1,0,0,1,124,6,1,4,0,
1ec970,4,2,0,0,1,716,20,1,188,0,
1ec970,4,3,0,0,1,839,23,1,59,0,
1ec970,4,4,0,0,1,663,20,1,174,0,
1ec970,4,5,0,0,1,1583,43,1,4,0,
1ec970,1,1,0,0,1,1273,31,1,179,0,
1ec970,1,2,0,0,1,1068,28,1,18,0,
1ec970,1,3,0,0,1,519,18,1,17,0,
1ec970,1,4,0,0,1,565,12,1,18,0,
1ec970,1,5,0,0,1,678,16,1,46,0,
1ec970,1,6,0,0,1,861,24,1,18,0,
1ec970,1,7,0,0,1,274,9,1,18,0,
1ec970,1,8,0,0,1,300,9,1,42,0,
1ec970,1,9,0,0,1,40,1,1,18,0,
1ec970,1,10,0,0,1,376,14,1,17,0,
1ec970,1,11,0,0,1,522,15,1,17,0,
1ec970,1,12,0,0,1,368,13,1,17,0,
1ec970,1,13,0,0,1,406,11,1,18,0,
1ec970,1,14,0,0,1,376,9,1,18,0,
1ec970,1,15,0,0,1,129,2,1,29,0,
1ec970,1,16,0,0,1,275,9,1,45,0,
1ec970,1,17,0,0,1,538,18,1,15,0,
1ec970,5,1,0,0,1,712,23,1,111,0,
1ec970,5,2,0,0,1,82,7,1,4,0,
1ec970,5,3,0,0,1,129,4,1,100,0,
1ec970,5,4,0,0,1,361,11,1,128,0,
1ec970,5,5,0,0,1,404,13,1,78,0,
1ec970,5,6,0,0,1,379,11,1,83,0,
1ec970,5,7,0,0,1,245,8,1,31,0,
1ec970,5,8,0,0,1,1309,42,1,38,0,
1ec970,5,9,0,0,1,331,10,1,38,0,
1ec970,5,10,0,0,1,776,27,1,10,0,
1ec970,5,11,0,0,1,678,20,1,390,0,
1ec970,5,12,0,0,1,559,16,1,46,0,
1ec970,5,13,0,0,1,128,4,1,27,0,
1ec970,5,14,0,0,1,108,3,1,10,0,
1ec970,5,15,0,0,1,139,4,1,43,0,
1ec970,5,16,0,0,1,228,8,1,10,0,
1ec970,5,17,0,0,1,788,28,1,6,0,
1ec970,3,1,0,0,1,114,1,1,45,0,
1ec970,3,2,0,0,1,1150,40,1,10,0,
1ec970,3,3,0,0,1,92,3,1,10,0,
1ec970,3,4,0,0,1,411,11,1,10,0,
1ec970,3,5,0,0,1,169,4,1,127,0,
1ec970,3,6,0,0,1,224,8,1,95,0,
1ec970,3,7,0,0,1,15,1,1,450,0,
1ec970,3,8,0,0,1,79,1,1,45,0,
1ec970,3,9,0,0,1,1237,36,1,443,0,
1ec970,3,10,0,0,1,69,2,1,95,0,
1ec970,3,11,0,0,1,89,2,1,44,1,
1ec970,3,12,0,0,1,208,11,1,574,1,NameError
1ec970,3,13,0,0,1,81,1,1,45,0,
1ec970,3,14,0,0,1,1125,37,1,45,0,
1ec970,3,15,0,0,1,193,11,1,4,0,
1ec970,3,16,0,0,1,874,30,1,4,0,
1ec970,3,17,0,0,1,66,2,1,44,1,
1ec970,3,18,0,0,1,64,2,1,337,1,NameError
1ec970,3,19,0,0,1,807,28,1,434,1,NameError
1ec970,3,20,0,0,1,253,6,1,45,0,
1ec970,3,21,0,0,1,113,3,1,682,1,NameError
1ec970,3,22,0,0,1,633,22,1,45,0,
1ec970,3,23,0,0,1,113,3,1,668,1,NameError
1ec970,3,24,0,0,1,85,3,1,4,0,
1ec970,3,25,0,0,1,66,2,1,44,1,
1ec970,3,26,0,0,1,364,12,1,380,1,NameError
1ec970,3,27,0,0,1,125,3,1,401,1,NameError
1ec970,3,28,0,0,1,253,6,1,45,0,
1ec970,3,29,0,0,1,125,3,1,688,1,NameError
1ec970,3,30,0,0,1,692,24,1,45,0,
1ec970,3,31,0,0,1,412,13,1,983,1,NameError
1ec970,3,32,0,0,1,637,22,1,45,0,
1ec970,3,33,0,0,1,77,2,1,905,1,NameError
1ec970,3,34,0,0,1,97,3,1,44,1,
1ec970,3,35,0,0,1,202,8,1,574,1,NameError
1ec970,3,36,0,0,1,223,12,1,4,0,
1ec970,3,37,0,0,1,539,25,1,577,1,NameError
1ec970,3,38,0,0,1,168,10,1,4,0,
1ec970,3,39,0,0,1,209,11,1,4,0,
1ec970,3,40,1,0,0,0,0,0,0,0,
1ec970,3,41,0,0,1,939,29,1,619,1,NameError
1ec970,3,42,0,0,1,637,22,1,45,0,
1ec970,3,43,0,0,1,77,2,1,4,0,
1ec970,3,44,0,0,1,773,26,1,713,1,NameError
1ec970,3,45,1,0,0,0,0,0,0,0,
1ec970,12,1,0,0,1,1173,30,1,201,0,
1ec970,12,2,0,0,1,955,20,1,45,0,
1ec970,12,3,0,0,1,1182,40,1,682,1,NameError
1ec970,12,4,0,0,1,1394,46,1,41,0,
1ec970,12,5,0,0,1,913,18,1,86,0,
1ec970,12,6,0,0,1,501,11,1,200,0,
1ec970,12,7,0,0,1,375,11,1,59,0,
1ec970,12,8,0,0,1,405,12,1,35,0,
1ec970,12,9,0,0,1,499,13,1,40,0,
1ec970,12,10,0,0,1,47,2,1,10,0,
1ec970,12,11,0,0,1,193,7,1,152,0,
1ec970,12,12,0,0,1,449,12,1,68,0,
1ec970,12,13,0,0,1,205,5,1,45,0,
1ec970,12,14,0,0,1,365,9,1,15,0,
1ec970,12,15,0,0,1,653,23,1,173,0,
1ec970,12,16,0,0,1,108,3,1,296,0,
1ec970,12,17,0,0,1,292,9,1,51,0,
1ec970,12,18,0,0,1,173,4,1,103,0,
1ec970,12,19,0,0,1,1426,44,1,5,0,
1ec970,12,20,0,0,1,460,19,1,7,0,
1ec970,12,21,0,0,1,43,2,1,2,0,
1ec970,12,22,0,0,1,43,2,1,2,0,
1ec970,12,23,0,0,1,413,17,1,8,0,
1ec970,12,24,0,0,1,45,2,1,3,0,
1ec970,12,25,0,0,1,307,9,1,47,0,
1ec970,12,26,0,0,1,463,17,1,201,0,
1ec970,12,27,0,0,1,260,8,1,21,0,
1ec970,12,28,0,0,1,457,18,1,2,0,
1ec970,12,29,0,0,1,48,2,1,33,0,
1ec970,12,30,0,0,1,114,3,1,33,0,
1ec970,12,31,0,0,1,51,2,1,328,1,TypeError
1ec970,12,32,0,0,1,477,18,1,3,0,
1ec970,12,33,0,0,1,61,2,1,3,0,
1ec970,12,34,0,0,1,481,18,1,4,0,
1ec970,12,35,0,0,1,893,31,1,23,0,
1ec970,12,36,0,0,1,334,10,1,44,1,
1ec970,12,37,1,0,0,0,0,0,0,0,
1ec970,9,1,0,0,1,1458,45,1,2,0,
1ec970,9,2,0,0,1,733,27,1,33,0,
1ec970,9,3,0,0,1,288,10,1,18,0,
1ec970,9,4,0,0,1,469,19,1,4,0,
1ec970,9,5,0,0,1,1289,40,1,4,0,
1ec970,9,6,0,0,1,69,2,1,44,1,
1ec970,9,7,0,0,1,63,2,1,330,1,NameError
1ec970,9,8,0,0,1,1004,36,1,4,0,
1ec970,9,9,0,0,1,1274,45,1,18,0,
1ec970,9,10,0,0,1,68,2,1,340,1,NameError
1ec970,9,11,0,0,1,796,26,1,672,1,NameError
1ec970,9,12,0,0,1,292,10,1,632,1,NameError
1ec970,9,13,0,0,1,50,2,1,45,0,
1ec970,9,14,0,0,1,68,2,1,4,0,
1ec970,9,15,0,0,1,69,2,1,44,1,
1ec970,9,16,0,0,1,526,16,1,952,1,NameError
1ec970,9,17,0,0,1,94,4,1,377,1,NameError
1ec970,9,18,0,0,1,96,6,1,524,1,NameError
1ec970,9,19,0,0,1,789,31,1,4,0,
1ec970,9,20,0,0,1,186,7,1,55,0,
1ec970,9,21,0,0,1,369,12,1,108,0,
1ec970,9,22,0,0,1,304,9,1,4,0,
1ec970,9,23,0,0,1,794,23,1,4,0,
1ec970,9,24,0,0,1,677,22,1,18,0,
1ec970,9,25,0,0,1,380,11,1,4,0,
1ec970,9,26,0,0,1,634,20,1,171,0,
1ec970,9,27,0,0,1,459,9,1,140,0,
1ec970,9,28,0,0,1,752,25,1,660,1,TypeError
1ec970,9,29,1,0,0,0,0,0,0,0,
1ec970,22,1,0,0,1,1540,52,1,28,0,
1ec970,22,2,0,0,1,159,9,1,2,0,
1ec970,22,3,0,0,1,125,7,1,2,0,
1ec970,22,4,0,0,1,258,10,1,39,0,
1ec970,22,5,0,0,1,37,2,1,2,0,
1ec970,22,6,0,0,1,539,20,1,24,0,
1ec970,22,7,0,0,1,343,13,1,65,0,
1ec970,22,8,0,0,1,829,22,1,41,0,
1ec970,22,9,0,0,1,76,2,1,20,0,
1ec970,22,10,0,0,1,87,2,1,85,0,
1ec970,22,11,0,0,1,412,14,1,4,0,
1ec970,22,12,0,0,1,87,2,1,10,0,
1ec970,22,13,0,0,1,182,6,1,77,0,
1ec970,22,14,0,0,1,212,7,1,46,0,
1ec970,22,15,0,0,1,251,8,1,4,0,
1ec970,22,16,0,0,1,223,10,1,3,0,
1ec970,22,17,0,0,1,120,3,1,10,0,
1ec970,22,18,0,0,1,122,3,1,10,0,
1ec970,22,19,0,0,1,302,9,1,4,0,
1ec970,22,20,0,0,1,441,18,1,4,0,
1ec970,22,21,0,0,1,87,4,1,3,0,
1ec970,22,22,0,0,1,19,1,1,3,0,
1ec970,22,23,0,0,1,19,1,1,4,0,
1ec970,22,24,0,0,1,221,10,1,4,0,
1ec970,22,25,0,0,1,18,1,1,2,0,
1ec970,22,26,0,0,1,158,9,1,2,0,
1ec970,22,27,0,0,1,159,9,1,2,0,
1ec970,22,28,0,0,1,72,2,1,18,0,
1ec970,22,29,0,0,1,18,1,1,2,0,
1ec970,22,30,0,0,1,18,1,1,2,0,
1ec970,22,31,0,0,1,789,28,1,3,0,
1ec970,22,32,0,0,1,81,2,1,84,0,
1ec970,22,33,0,0,1,1141,37,1,3,0,
1ec970,22,34,0,0,1,69,2,1,44,1,
1ec970,22,35,0,0,1,1109,31,1,661,1,NameError
1ec970,22,36,0,0,1,728,28,1,45,0,
1ec970,22,37,0,0,1,1042,30,1,3,0,
1ec970,22,38,0,0,1,76,2,1,44,1,
1ec970,22,39,0,0,1,76,2,1,361,1,NameError
1ec970,22,40,0,0,1,643,22,1,665,1,NameError
1ec970,22,41,0,0,1,1341,50,1,3,0,
1ec970,22,42,0,0,1,78,2,1,84,0,
1ec970,22,43,0,0,1,136,1,1,399,1,ModuleNotFoundError
1ec970,22,44,0,0,1,1074,30,1,44,1,
1ec970,22,45,0,0,1,309,8,1,374,1,NameError
1ec970,22,46,1,0,0,0,0,0,0,0,
1ec970,20,1,0,0,1,1178,38,1,36,0,
1ec970,20,2,0,0,1,513,15,1,36,0,
1ec970,20,3,0,0,1,1207,38,1,30,0,
1ec970,20,4,0,0,1,542,13,1,45,0,
1ec970,20,5,0,0,1,345,13,1,61,0,
1ec970,20,6,0,0,1,706,24,1,19,0,
1ec970,20,7,0,0,1,54,2,1,4,0,
1ec970,20,8,0,0,1,55,2,1,44,1,
1ec970,20,9,0,0,1,1128,32,1,729,1,NameError
1ec970,20,10,0,0,1,131,4,1,228,0,
1ec970,20,11,0,0,1,1621,56,1,683,1,NameError
1ec970,20,12,0,0,1,263,9,1,3,0,
1ec970,20,13,0,0,1,65,2,1,4,0,
1ec970,20,14,0,0,1,65,2,1,4,0,
1ec970,20,15,0,0,1,68,2,1,4,0,
1ec970,20,16,0,0,1,68,2,1,4,0,
1ec970,20,17,0,0,1,69,2,1,4,0,
1ec970,20,18,0,0,1,69,2,1,44,1,
1ec970,20,19,0,0,1,412,8,1,759,1,NameError
1ec970,20,20,0,0,1,846,24,1,264,0,
1ec970,20,21,0,0,1,172,6,1,393,1,NameError
1ec970,20,22,0,0,1,122,2,1,396,1,NameError
1ec970,20,23,0,0,1,1654,56,1,10,0,
1ec970,20,24,0,0,1,1438,44,1,44,1,
1ec970,20,25,0,0,1,559,18,1,869,1,NameError
1ec970,20,26,1,0,0,0,0,0,0,0,
1ec970,19,1,0,0,1,141,7,1,4,0,
1ec970,19,2,0,0,1,1334,50,1,30,0,
1ec970,19,3,0,0,1,129,4,1,25,0,
1ec970,19,4,0,0,1,50,2,1,2,0,
1ec970,19,5,0,0,1,51,2,1,2,0,
1ec970,19,6,0,0,1,257,10,1,30,0,
1ec970,19,7,0,0,1,258,10,1,30,0,
1ec970,19,8,0,0,1,284,12,1,33,0,
1ec970,19,9,0,0,1,154,4,1,147,0,
1ec970,19,10,0,0,1,298,12,1,63,0,
1ec970,19,11,0,0,1,48,2,1,4,0,
1ec970,19,12,0,0,1,519,13,1,144,0,
1ec970,19,13,0,0,1,592,22,1,4,0,
1ec970,19,14,0,0,1,1013,36,1,2,0,
1ec970,19,15,0,0,1,50,2,1,2,0,
1ec970,19,16,0,0,1,290,9,1,2,0,
1ec970,19,17,0,0,1,78,3,1,3,0,
1ec970,19,18,0,0,1,24,1,1,3,0,
1ec970,19,19,0,0,1,1132,35,1,3,0,
1ec970,19,20,0,0,1,1034,34,1,44,1,
1ec970,19,21,0,0,1,53,2,1,324,1,NameError
1ec970,19,22,0,0,1,1713,64,1,3,0,
1ec970,19,23,0,0,1,55,2,1,3,0,
1ec970,19,24,0,0,1,111,4,1,568,1,NameError
1ec970,19,25,0,0,1,173,8,1,33,0,
1ec970,19,26,0,0,1,267,10,1,597,1,NameError
1ec970,19,27,0,0,1,433,17,1,3,0,
1ec970,19,28,0,0,1,1881,65,1,32,0,
1ec970,19,29,0,0,1,51,2,1,3,0,
1ec970,19,30,0,0,1,749,26,1,3,0,
1ec970,19,31,0,0,1,876,31,1,3,0,
1ec970,19,32,0,0,1,48,2,1,3,0,
1ec970,19,33,0,0,1,49,2,1,44,1,
1ec970,19,34,0,0,1,635,21,1,719,1,NameError
1ec970,19,35,0,0,1,87,4,1,575,1,NameError
1ec970,19,36,1,0,0,0,0,0,0,0,
1ec970,15,1,0,0,1,1455,53,1,62,0,
1ec970,15,2,0,0,1,320,10,1,31,0,
1ec970,15,3,0,0,1,703,25,1,17,0,
1ec970,15,4,0,0,1,929,29,1,82,0,
1ec970,15,5,0,0,1,101,3,1,121,0,
1ec970,15,6,0,0,1,501,15,1,90,0,
1ec970,15,7,0,0,1,480,17,1,13,0,
1ec970,15,8,0,0,1,376,10,1,5,0,
1ec970,15,9,0,0,1,102,6,1,10,0,
1ec970,15,10,0,0,1,881,24,1,14,0,
1ec970,15,11,0,0,1,92,3,1,90,0,
1ec970,15,12,0,0,1,307,13,1,4,0,
1ec970,15,13,0,0,1,1087,40,1,4,0,
1ec970,15,14,0,0,1,457,13,1,4,0,
1ec970,15,15,0,0,1,96,3,1,86,0,
1ec970,15,16,0,0,1,1138,35,1,4,0,
1ec970,15,17,0,0,1,299,10,1,44,1,
1ec970,15,18,0,0,1,333,11,1,646,1,NameError
1ec970,15,19,0,0,1,1680,57,1,45,0,
1ec970,15,20,0,0,1,329,11,1,19,0,
1ec970,15,21,0,0,1,166,6,1,583,1,NameError
1ec970,15,22,0,0,1,327,9,1,929,1,NameError
1ec970,15,23,0,0,1,375,13,1,107,0,
1ec970,15,24,0,0,1,109,4,1,81,0,
1ec970,15,25,0,0,1,390,13,1,2,0,
1ec970,15,26,0,0,1,56,3,1,33,0,
1ec970,15,27,0,0,1,899,25,1,63,0,
1ec970,15,28,0,0,1,68,2,1,3,0,
1ec970,16,1,0,0,1,1563,59,1,30,0,
1ec970,16,2,0,0,1,128,4,1,26,0,
1ec970,16,3,0,0,1,46,2,1,2,0,
1ec970,16,4,0,0,1,47,2,1,2,0,
1ec970,16,5,0,0,1,591,18,1,48,0,
1ec970,16,6,0,0,1,731,22,1,48,0,
1ec970,16,7,0,0,1,347,12,1,156,0,
1ec970,16,8,0,0,1,75,2,1,23,0,
1ec970,16,9,0,0,1,588,18,1,44,1,
1ec970,16,10,0,0,1,586,18,1,734,1,NameError
1ec970,16,11,0,0,1,1111,40,1,45,0,
1ec970,16,12,0,0,1,586,18,1,26,0,
1ec970,16,13,0,0,1,276,11,1,23,0,
1ec970,16,14,0,0,1,69,2,1,23,0,
1ec970,16,15,0,0,1,69,2,1,23,0,
1ec970,16,16,0,0,1,69,2,1,22,0,
1ec970,16,17,0,0,1,479,16,1,216,0,
1ec970,16,18,0,0,1,196,7,1,166,0,
1ec970,16,19,0,0,1,1161,39,1,4,0,
1ec970,16,20,0,0,1,794,23,1,44,1,
1ec970,16,21,0,0,1,89,2,1,374,1,NameError
1ec970,16,22,0,0,1,1699,60,1,45,0,
1ec970,16,23,0,0,1,129,3,1,4,0,
1ec970,16,24,0,0,1,85,2,1,4,0,
1ec970,16,25,0,0,1,85,2,1,4,0,
1ec970,16,26,0,0,1,86,2,1,4,0,
1ec970,6,1,0,0,1,1179,35,1,300,0,
1ec970,6,2,0,0,1,132,4,1,119,0,
1ec970,6,3,0,0,1,975,21,1,36,0,
1ec970,6,4,0,0,1,151,4,1,37,0,
1ec970,6,5,0,0,1,234,6,1,10,0,
1ec970,6,6,0,0,1,428,10,1,45,0,
1ec970,6,7,0,0,1,121,4,1,400,1,NameError
1ec970,6,8,0,0,1,358,9,1,260,0,
1ec970,6,9,0,0,1,310,7,1,24,0,
1ec970,6,10,0,0,1,19,1,1,2,0,
1ec970,6,11,0,0,1,935,30,1,19,0,
1ec970,6,12,0,0,1,641,23,1,19,0,
1ec970,6,13,0,0,1,227,4,1,10,0,
1ec970,6,14,0,0,1,388,9,1,260,0,
1ec970,6,15,0,0,1,145,4,1,119,0,
1ec970,6,16,0,0,1,627,26,1,4,0,
1ec970,6,17,0,0,1,133,7,1,4,0,
1ec970,6,18,0,0,1,499,17,1,4,0,
1ec970,6,19,0,0,1,28,1,1,4,0,
1ec970,6,20,0,0,1,28,1,1,4,0,
1ec970,6,21,0,0,1,917,29,1,2,0,
1ec970,6,22,0,0,1,2630,74,1,4,0,
1ec970,6,23,1,0,0,0,0,0,0,0,
1ec970,8,1,0,0,1,66,7,1,4,0,
1ec970,8,2,0,0,1,1115,42,1,39,0,
1ec970,8,3,0,0,1,451,12,1,41,0,
1ec970,8,4,0,0,1,346,12,1,32,0,
1ec970,8,5,0,0,1,311,11,1,24,0,
1ec970,8,6,0,0,1,908,33,1,4,0,
1ec970,8,7,0,0,1,603,22,1,24,0,
1ec970,8,8,0,0,1,353,12,1,44,1,
1ec970,8,9,0,0,1,316,11,1,653,1,NameError
1ec970,8,10,0,0,1,1684,63,1,4,0,
1ec970,8,11,0,0,1,151,7,1,44,1,
1ec970,8,12,0,0,1,150,7,1,390,1,NameError
1ec970,8,13,0,0,1,415,16,1,672,1,NameError
1ec970,8,14,0,0,1,1684,63,1,4,0,
1ec970,8,15,0,0,1,32,1,1,44,1,
1ec970,8,16,0,0,1,32,1,1,296,1,NameError
1ec970,8,17,0,0,1,1630,62,1,44,1,
1ec970,8,18,0,0,1,440,11,1,375,1,NameError
1ec970,8,19,0,0,1,1064,38,1,33,0,
1ec970,8,20,1,0,0,0,0,0,0,0,
1ec970,8,21,0,0,1,4,1,1,262,1,NameError
1ec970,8,22,1,0,0,0,0,0,0,0,
1ec970,8,23,0,0,0,0,0,0,0,0,
1ec970,8,24,0,0,1,111,6,1,497,1,NameError
1ec970,8,25,1,0,0,0,0,0,0,0,
1ec970,13,1,0,0,1,1606,59,1,32,0,
1ec970,13,2,0,0,1,306,12,1,28,0,
1ec970,13,3,0,0,1,699,22,1,46,0,
1ec970,13,4,0,0,1,1313,48,1,44,0,
1ec970,13,5,0,0,1,165,8,1,2,0,
1ec970,13,6,0,0,1,124,6,1,2,0,
1ec970,13,7,0,0,1,123,6,1,2,0,
1ec970,13,8,0,0,1,123,6,1,2,0,
1ec970,13,9,0,0,1,123,6,1,2,0,
1ec970,13,10,0,0,1,123,6,1,2,0,
1ec970,13,11,0,0,1,123,6,1,2,0,
1ec970,13,12,0,0,1,123,6,1,2,0,
1ec970,13,13,0,0,1,123,6,1,3,0,
1ec970,13,14,0,0,1,277,11,1,71,0,
1ec970,13,15,0,0,1,109,3,1,49,0,
1ec970,13,16,0,0,1,288,11,1,44,1,
1ec970,13,17,0,0,1,300,11,1,637,1,NameError
1ec970,13,18,0,0,1,2102,70,1,45,0,
1ec970,13,19,0,0,1,104,3,1,34,0,
1ec970,13,20,0,0,1,119,3,1,31,0,
1ec970,13,21,0,0,1,119,3,1,31,0,
1ec970,13,22,0,0,1,119,3,1,23,0,
1ec970,13,23,0,0,1,119,3,1,32,0,
1ec970,13,24,0,0,1,92,3,1,16,0,
1ec970,13,25,0,0,1,356,14,1,9,0,
1ec970,13,26,0,0,1,180,7,1,44,1,
1ec970,13,27,1,0,0,0,0,0,0,0,
1ec970,14,1,0,0,1,1355,48,1,28,0,
1ec970,14,2,0,0,1,324,12,1,94,0,
1ec970,14,3,0,0,1,300,13,1,51,0,
1ec970,14,4,0,0,1,431,13,1,43,0,
1ec970,14,5,0,0,1,48,2,1,3,0,
1ec970,14,6,0,0,1,398,12,1,59,0,
1ec970,14,7,0,0,1,58,3,1,4,0,
1ec970,14,8,0,0,1,466,15,1,107,0,
1ec970,14,9,0,0,1,51,2,1,4,0,
1ec970,14,10,0,0,1,50,2,1,4,0,
1ec970,14,11,0,0,1,399,12,1,4,0,
1ec970,14,12,0,0,1,178,6,1,10,0,
1ec970,14,13,0,0,1,196,7,1,2,0,
1ec970,14,14,0,0,1,67,3,1,17,0,
1ec970,14,15,0,0,1,19,1,1,2,0,
1ec970,14,16,0,0,1,75,2,1,5,0,
1ec970,14,17,0,0,1,19,1,1,2,0,
1ec970,14,18,0,0,1,84,2,1,90,0,
1ec970,14,19,0,0,1,12,1,1,40,0,
1ec970,14,20,0,0,1,22,1,1,5,0,
1ec970,14,21,0,0,1,10,1,1,2,0,
1ec970,14,22,0,0,1,1766,60,1,4,0,
1ec970,14,23,0,0,1,58,2,1,44,1,
1ec970,14,24,0,0,1,1292,40,1,945,1,NameError
1ec970,14,25,0,0,1,694,24,1,45,0,
1ec970,14,26,0,0,1,66,2,1,4,0,
1ec970,14,27,1,0,0,0,0,0,0,0,
1ec970,10,1,0,0,1,674,18,1,5,0,
1ec970,10,2,0,0,1,1383,46,1,10,0,
1ec970,10,3,0,0,1,536,21,1,24,0,
1ec970,10,4,0,0,1,469,16,1,4,0,
1ec970,10,5,0,0,1,529,19,1,78,0,
1ec970,10,6,0,0,1,852,31,1,126,0,
1ec970,10,7,0,0,1,144,7,1,2,0,
1ec970,10,8,0,0,1,387,14,1,2,0,
1ec970,10,9,0,0,1,531,18,1,3,0,
1ec970,10,10,0,0,1,158,7,1,4,0,
1ec970,10,11,0,0,1,157,7,1,4,0,
1ec970,10,12,0,0,1,159,7,1,4,0,
1ec970,10,13,0,0,1,196,9,1,4,0,
1ec970,10,14,0,0,1,262,9,1,31,0,
1ec970,10,15,0,0,1,96,3,1,93,0,
1ec970,10,16,0,0,1,20,1,1,414,0,
1ec970,10,17,0,0,1,444,15,1,4,0,
1ec970,10,18,0,0,1,65,2,1,10,0,
1ec970,10,19,0,0,1,85,3,1,10,0,
1ec970,10,20,0,0,1,212,9,1,4,0,
1ec970,10,21,0,0,1,70,2,1,10,0,
1ec970,10,22,0,0,1,213,9,1,44,1,
1ec970,10,23,0,0,1,102,1,1,45,0,
1ec970,10,24,0,0,1,375,13,1,682,1,NameError
1ec970,10,25,0,0,1,1333,48,1,45,0,
1ec970,10,26,0,0,1,58,2,1,4,0,
1ec970,10,27,0,0,1,52,2,1,4,0,
1ec970,10,28,0,0,1,52,2,1,4,0,
1ec970,10,29,0,0,1,60,2,1,4,0,
1ec970,10,30,0,0,1,87,2,1,362,1,NameError
1ec970,10,31,0,0,1,260,9,1,16,0,
1ec970,10,32,0,0,1,60,2,1,44,1,
1ec970,10,33,0,0,1,386,14,1,659,1,NameError
1ec970,10,34,0,0,1,316,10,1,45,0,
1ec970,10,35,0,0,1,80,2,1,917,1,NameError
1ec970,10,36,0,0,1,264,7,1,45,0,
1ec970,10,37,0,0,1,80,2,1,1213,1,NameError
1ec970,10,38,0,0,1,19,1,1,45,0,
1ec970,10,39,0,0,1,80,2,1,913,1,NameError
1ec970,10,40,0,0,1,1628,60,1,45,0,
1ec970,10,41,1,0,0,0,0,0,0,0,
1ec970,21,1,0,0,1,1400,49,1,4,0,
1ec970,21,2,0,0,1,681,24,1,4,0,
1ec970,21,3,0,0,1,293,12,1,2,0,
1ec970,21,4,0,0,1,28,1,1,4,0,
1ec970,21,5,0,0,1,477,18,1,43,0,
1ec970,21,6,0,0,1,576,20,1,36,0,
1ec970,21,7,0,0,1,3265,64,1,4,0,
1ec970,21,8,0,0,1,63,4,1,4,0,
1ec970,21,9,0,0,1,2766,56,1,46,0,
1ec970,21,10,0,0,1,1621,39,1,41,0,
1ec970,21,11,0,0,1,1366,33,1,26,0,
1ec970,21,12,1,0,0,0,0,0,0,0,
1ec970,24,1,0,0,1,107,1,1,45,0,
1ec970,24,2,0,0,1,1472,47,1,41,0,
1ec970,24,3,0,0,1,370,12,1,51,0,
1ec970,24,4,0,0,1,366,14,1,41,0,
1ec970,24,5,0,0,1,24,1,1,4,0,
1ec970,24,6,0,0,1,25,1,1,4,0,
1ec970,24,7,0,0,1,25,1,1,4,0,
1ec970,24,8,0,0,1,117,1,1,45,0,
1ec970,24,9,0,0,1,646,22,1,4,0,
1ec970,24,10,0,0,1,208,6,1,4,0,
1ec970,24,11,0,0,1,47,1,1,45,0,
1ec970,24,12,0,0,1,302,10,1,10,0,
1ec970,24,13,0,0,1,1169,39,1,126,0,
1ec970,24,14,0,0,1,45,1,1,2,0,
1ec970,24,15,0,0,1,69,3,1,266,0,
1ec970,24,16,0,0,1,148,4,1,18,0,
1ec970,24,17,0,0,1,51,1,1,18,0,
1ec970,24,18,0,0,1,980,31,1,2,0,
1ec970,24,19,0,0,1,46,1,1,2,0,
1ec970,24,20,0,0,1,256,10,1,2,0,
1ec970,24,21,0,0,1,76,2,1,3,0,
1ec970,24,22,0,0,1,46,1,1,3,0,
1ec970,24,23,0,0,1,227,9,1,3,0,
1ec970,24,24,0,0,1,153,4,1,13,0,
1ec970,24,25,0,0,1,158,4,1,3,0,
1ec970,24,26,0,0,1,66,2,1,217,0,
1ec970,24,27,0,0,1,597,23,1,1,0,
1ec970,24,28,0,0,1,132,3,1,10,0,
1ec970,24,29,0,0,1,725,23,1,4,0,
1ec970,24,30,0,0,1,46,1,1,4,0,
1ec970,24,31,0,0,1,20,1,1,4,0,
1ec970,24,32,0,0,1,76,2,1,44,1,
1ec970,24,33,0,0,1,76,2,1,341,1,NameError
1ec970,24,34,0,0,1,1635,55,1,4,0,
1ec970,24,35,0,0,1,76,2,1,44,1,
1ec970,24,36,0,0,1,184,5,1,434,1,NameError
1ec970,24,37,0,0,1,139,3,1,412,1,NameError
1ec970,24,38,0,0,1,1581,56,1,4,0,
1ec970,24,39,0,0,1,199,6,1,10,0,
1ec970,24,40,0,0,1,114,2,1,387,1,NameError
1ec970,24,41,0,0,1,414,13,1,10,0,
1ec970,24,42,0,0,1,68,2,1,4,0,
1ec970,24,43,0,0,1,526,16,1,47,0,
1ec970,24,44,1,0,0,0,0,0,0,0,
1ec970,7,1,0,0,1,1145,40,1,945,1,ZeroDivisionError
1ec970,7,2,0,0,1,947,33,1,312,0,
1ec970,7,3,0,0,1,1900,50,1,197,0,
1ec970,7,4,0,0,1,1329,39,1,197,0,
1ec970,7,5,0,0,1,1387,49,1,222,0,
1ec970,7,6,0,0,1,834,27,1,2,0,
1ec970,7,7,0,0,1,51,2,1,2,0,
1ec970,7,8,0,0,1,749,24,1,2,0,
1ec970,7,9,0,0,1,51,2,1,2,0,
1ec970,7,10,0,0,1,50,2,1,1,0,
1ec970,7,11,0,0,1,51,2,1,2,0,
1ec970,7,12,0,0,1,52,2,1,2,0,
1ec970,7,13,0,0,1,928,35,1,133,0,
1ec970,7,14,0,0,1,52,2,1,2,0,
1ec970,7,15,0,0,1,56,2,1,2,0,
1ec970,7,16,0,0,1,56,2,1,2,0,
1ec970,7,17,0,0,1,56,2,1,2,0,
1ec970,7,18,0,0,1,56,2,1,2,0,
1ec970,7,19,0,0,1,56,2,1,3,0,
1ec970,7,20,1,0,0,0,0,0,0,0,
1ec970,23,1,0,0,1,1790,44,1,24,0,
1ec970,23,2,0,0,1,157,4,1,195,0,
1ec970,23,3,0,0,1,147,9,1,4,0,
1ec970,23,4,0,0,1,1289,48,1,4,0,
1ec970,23,5,0,0,1,1714,55,1,4,0,
1ec970,23,6,0,0,1,457,18,1,82,0,
1ec970,23,7,0,0,1,259,10,1,175,0,
1ec970,23,8,0,0,1,114,4,1,12,0,
1ec970,23,9,0,0,1,182,9,1,2,0,
1ec970,23,10,0,0,1,357,15,1,2,0,
1ec970,23,11,0,0,1,15,1,1,2,0,
1ec970,23,12,0,0,1,1959,63,1,4,0,
1ec970,23,13,0,0,1,69,2,1,44,1,
1ec970,23,14,0,0,1,69,2,1,350,1,NameError
1ec970,23,15,0,0,1,1724,58,1,4,0,
1ec970,23,16,0,0,1,362,13,1,79,0,
1ec970,23,17,0,0,1,206,9,1,44,1,
1ec970,23,18,0,0,1,1077,32,1,684,1,NameError
1ec970,23,19,0,0,1,86,3,1,904,1,NameError
1ec970,23,20,0,0,1,1810,61,1,4,0,
1ec970,23,21,0,0,1,169,7,1,374,1,NameError
1ec970,23,22,0,0,1,68,2,1,349,1,NameError
1ec970,23,23,0,0,1,729,24,1,4,0,
1ec970,23,24,0,0,1,165,5,1,700,1,NameError
1ec970,23,25,0,0,1,662,25,1,14,0,
1ec970,23,26,0,0,1,575,15,1,4,0,
1ec970,23,27,0,0,1,314,13,1,157,1,
fe4220,16,1,0,0,1,741,20,1,24,0,
fe4220,16,2,0,0,1,430,16,1,2,0,
fe4220,15,1,0,0,1,447,15,1,24,0,
fe4220,15,2,0,0,1,400,14,1,269,0,
fe4220,5,1,0,0,1,1052,31,1,22,0,
fe4220,5,2,0,0,1,516,16,1,24,0,
fe4220,5,3,0,0,1,338,14,1,2,0,
fe4220,7,1,0,0,1,800,26,1,24,0,
fe4220,7,2,0,0,1,671,21,1,24,0,
fe4220,7,3,0,0,1,436,17,1,4,0,
fe4220,14,1,0,0,1,732,25,1,21,0,
fe4220,14,2,0,0,1,546,18,1,2,0,
fe4220,20,1,0,0,1,726,21,1,24,0,
fe4220,20,2,0,0,1,598,19,1,24,0,
fe4220,20,3,0,0,1,413,15,1,269,0,
fe4220,20,4,0,0,1,483,16,1,4,0,
fe4220,1,1,0,0,1,601,20,1,24,0,
fe4220,1,2,0,0,1,521,17,1,24,0,
fe4220,18,1,0,0,1,435,19,1,24,0,
fe4220,18,2,0,0,1,239,11,1,269,0,
fe4220,2,1,0,0,1,616,19,1,24,0,
fe4220,2,2,0,0,1,565,20,1,269,0,
fe4220,2,3,0,0,1,644,24,1,4,0,
fe4220,4,1,0,0,1,588,22,1,24,0,
fe4220,4,2,0,0,1,228,10,1,269,0,
fe4220,23,1,0,0,1,932,28,1,24,0,
fe4220,23,2,0,0,1,481,15,1,269,0,
fe4220,6,1,0,0,1,789,26,1,21,0,
fe4220,6,2,0,0,1,609,18,1,24,0,
fe4220,10,1,0,0,1,1008,26,1,24,0,
fe4220,10,2,0,0,1,722,21,1,269,0,
fe4220,10,3,0,0,1,527,21,1,4,0,
fe4220,10,4,0,0,1,246,11,1,47,0,
fe4220,11,1,0,0,1,1353,40,1,24,0,
fe4220,11,2,0,0,1,576,19,1,24,0,
fe4220,24,1,0,0,1,1272,36,1,24,0,
fe4220,24,2,0,0,1,456,17,1,3,0,
fe4220,24,3,1,0,0,0,0,0,0,0,
fe4220,22,1,0,0,1,587,23,1,24,0,
fe4220,22,2,0,0,1,210,10,1,2,0,
fe4220,21,1,0,0,1,992,32,1,24,0,
fe4220,21,2,0,0,1,876,28,1,24,0,
fe4220,17,1,0,0,1,561,22,1,24,0,
fe4220,17,2,0,0,1,235,10,1,2,0,
fe4220,13,1,0,0,1,594,17,1,24,0,
fe4220,13,2,0,0,1,465,14,1,4,0,
fe4220,3,1,0,0,1,417,15,1,24,0,
fe4220,3,2,0,0,1,364,16,1,4,0,
fe4220,12,1,0,0,1,1047,26,1,24,0,
fe4220,12,2,0,0,1,531,19,1,24,0,
fe4220,12,3,0,0,1,605,21,1,2,0,
fe4220,19,1,0,0,1,856,27,1,24,0,
fe4220,19,2,0,0,1,633,22,1,24,0,
fe4220,9,1,0,0,1,855,26,1,24,0,
fe4220,9,2,0,0,1,248,11,1,269,0,
fe4220,8,1,0,0,1,1213,28,1,24,0,
fe4220,8,2,0,0,1,515,18,1,2,0,
fe4220,8,3,0,0,1,346,12,1,167,0,
fe4220,8,4,1,0,0,0,0,0,0,0,
a249a3,20,1,0,0,1,181,10,1,4,0,
a249a3,20,2,0,0,1,98,5,1,4,0,
a249a3,20,3,0,0,1,7,1,1,9,0,
a249a3,20,4,0,0,1,197,9,1,86,0,
a249a3,20,5,0,0,1,141,7,1,1,0,
a249a3,19,1,0,0,1,118,5,1,446,0,
a249a3,19,2,0,0,1,35,2,1,9,0,
a249a3,19,3,0,0,1,14,1,1,17,0,
a249a3,19,4,0,0,1,120,5,1,4,0,
a249a3,19,5,0,0,1,207,9,1,86,0,
a249a3,19,6,0,0,1,194,9,1,1,0,
a249a3,19,7,0,0,1,58,4,1,19,0,
a249a3,7,1,0,0,1,246,10,1,42,0,
a249a3,7,2,0,0,1,88,3,1,127,0,
a249a3,7,3,0,0,1,307,12,1,32,0,
a249a3,7,4,0,0,1,124,5,1,446,0,
a249a3,7,5,0,0,1,115,5,1,4,0,
a249a3,7,6,0,0,1,117,5,1,4,0,
a249a3,7,7,0,0,1,263,10,1,86,0,
a249a3,7,8,0,0,1,228,10,1,1,0,
a249a3,7,9,0,0,1,138,8,1,19,0,
a249a3,7,10,0,0,1,18,1,1,9,0,
a249a3,1,1,0,0,1,106,4,1,446,0,
a249a3,1,2,0,0,1,106,5,1,4,0,
a249a3,1,3,0,0,1,219,9,1,86,0,
a249a3,1,4,0,0,1,106,5,1,4,0,
a249a3,9,1,0,0,1,149,8,1,4,0,
a249a3,9,2,0,0,1,262,10,1,86,0,
a249a3,3,1,0,0,1,67,4,1,17,0,
a249a3,3,2,0,0,1,166,8,1,11,0,
a249a3,3,3,0,0,1,14,1,1,9,0,
a249a3,3,4,0,0,1,177,7,1,42,0,
a249a3,3,5,0,0,1,254,11,1,42,0,
a249a3,11,1,0,0,1,82,4,1,17,0,
a249a3,11,2,0,0,1,87,3,1,270,0,
a249a3,11,3,0,0,1,264,10,1,86,0,
a249a3,11,4,0,0,1,206,10,1,1,0,
a249a3,11,5,0,0,1,5,1,1,8,0,
a249a3,11,6,0,0,1,10,1,1,9,0,
a249a3,22,1,0,0,1,50,4,1,9,0,
a249a3,22,2,0,0,1,77,3,1,446,0,
a249a3,22,3,0,0,1,140,6,1,4,0,
a249a3,22,4,0,0,1,29,2,1,17,0,
a249a3,22,5,0,0,1,5,1,1,8,0,
a249a3,22,6,0,0,1,122,5,1,2,0,
a249a3,22,7,0,0,1,169,7,1,21,0,
a249a3,22,8,0,0,1,231,11,1,21,0,
a249a3,22,9,0,0,1,37,2,1,1,0,
a249a3,2,1,0,0,1,220,10,1,35,0,
a249a3,2,2,0,0,1,7,1,1,9,0,
a249a3,2,3,0,0,1,229,9,1,86,0,
a249a3,2,4,0,0,1,306,13,1,86,0,
a249a3,2,5,0,0,1,241,11,1,19,0,
a249a3,2,6,0,0,1,40,2,1,19,0,
a249a3,2,7,0,0,1,260,12,1,158,0,
a249a3,2,8,0,0,1,515,16,1,191,0,
a249a3,2,9,0,0,1,53,2,1,216,0,
a249a3,2,10,0,0,1,386,13,1,3,0,
a249a3,16,1,0,0,1,343,12,1,42,0,
a249a3,16,2,0,0,1,130,5,1,446,0,
a249a3,16,3,0,0,1,87,4,1,17,0,
a249a3,16,4,0,0,1,21,2,1,9,0,
a249a3,16,5,0,0,1,229,9,1,86,0,
a249a3,16,6,0,0,1,306,13,1,86,0,
a249a3,16,7,0,0,1,150,5,1,154,0,
a249a3,16,8,0,0,1,517,15,1,329,1,NameError
a249a3,16,9,0,0,1,192,9,1,233,0,
a249a3,16,10,0,0,1,625,24,1,9,0,
a249a3,16,11,0,0,1,182,9,1,10,0,
a249a3,21,1,0,0,1,122,6,1,446,0,
a249a3,21,2,0,0,1,64,3,1,17,0,
a249a3,21,3,0,0,1,101,5,1,4,0,
a249a3,21,4,0,0,1,214,9,1,86,0,
a249a3,21,5,0,0,1,203,9,1,1,0,
a249a3,21,6,0,0,1,307,12,1,44,1,
a249a3,21,7,0,0,1,72,4,1,4,0,
a249a3,12,1,0,0,1,63,4,1,17,0,
a249a3,12,2,0,0,1,194,8,1,4,0,
a249a3,12,3,0,0,1,115,6,1,4,0,
a249a3,12,4,0,0,1,114,5,1,6,0,
a249a3,12,5,0,0,1,263,10,1,86,0,
a249a3,12,6,0,0,1,246,11,1,21,0,
a249a3,12,7,0,0,1,251,11,1,21,0,
a249a3,13,1,0,0,1,269,11,1,48,0,
a249a3,13,2,0,0,1,53,2,1,31,0,
a249a3,13,3,0,0,1,60,3,1,17,0,
a249a3,13,4,0,0,1,172,8,1,8,0,
a249a3,13,5,0,0,1,96,5,1,4,0,
a249a3,13,6,0,0,1,242,9,1,21,0,
a249a3,13,7,0,0,1,169,8,1,19,0,
a249a3,13,8,0,0,1,120,4,1,8031,0,
a249a3,13,9,0,0,1,299,12,1,55,0,
a249a3,13,10,0,0,1,59,2,1,23,0,
a249a3,13,11,0,0,1,350,12,1,408,0,
a249a3,13,12,0,0,1,519,19,1,33,0,
a249a3,13,13,0,0,1,214,6,1,3,0,
a249a3,14,1,0,0,1,107,4,1,446,0,
a249a3,14,2,0,0,1,32,1,1,117,0,
a249a3,14,3,0,0,1,97,5,1,4,0,
a249a3,14,4,0,0,1,182,9,1,84,0,
a249a3,14,5,0,0,1,197,9,1,86,0,
a249a3,14,6,0,0,1,186,9,1,1,0,
a249a3,14,7,0,0,1,239,11,1,42,0,
a249a3,14,8,0,0,1,273,12,1,5,0,
a249a3,14,9,1,0,0,0,0,0,0,0,
a249a3,18,1,0,0,1,31,3,1,1,0,
a249a3,18,2,0,0,1,28,2,1,4,0,
a249a3,18,3,0,0,1,27,2,1,9,0,
a249a3,18,4,0,0,1,451,18,1,36,0,
a249a3,18,5,0,0,1,282,14,1,38,0,
a249a3,18,6,0,0,1,862,35,1,15,0,
a249a3,18,7,0,0,1,182,8,1,17,0,
a249a3,23,1,0,0,1,80,4,1,17,0,
a249a3,23,2,0,0,1,159,8,1,4,0,
a249a3,23,3,0,0,1,127,5,1,6,0,
a249a3,23,4,0,0,1,162,8,1,19,0,
a249a3,23,5,0,0,1,147,7,1,21,0,
a249a3,23,6,0,0,1,243,11,1,21,0,
a249a3,23,7,0,0,1,495,19,1,44,1,
a249a3,23,8,0,0,1,58,4,1,19,0,
a249a3,23,9,0,0,1,112,5,1,4,0,
a249a3,15,1,0,0,1,84,5,1,17,0,
a249a3,15,2,0,0,1,128,6,1,4,0,
a249a3,15,3,0,0,1,183,8,1,158,0,
a249a3,15,4,0,0,1,410,15,1,221,0,
a249a3,15,5,0,0,1,102,5,1,246,0,
a249a3,15,6,0,0,1,570,16,1,221,0,
a249a3,15,7,0,0,1,425,15,1,33,0,
a249a3,15,8,0,0,1,242,11,1,19,0,
a249a3,15,9,0,0,1,57,2,1,21,0,
a249a3,15,10,0,0,1,64,4,1,19,0,
a249a3,4,1,0,0,1,96,5,1,17,0,
a249a3,4,2,0,0,1,132,6,1,4,0,
a249a3,4,3,0,0,1,115,5,1,4,0,
a249a3,4,4,0,0,1,232,11,1,19,0,
a249a3,4,5,0,0,1,50,2,1,21,0,
a249a3,4,6,0,0,1,229,8,1,45,0,
a249a3,4,7,0,0,1,370,17,1,73,0,
a249a3,4,8,0,0,1,46,3,1,8,0,
a249a3,4,9,0,0,1,264,12,1,88,0,
a249a3,4,10,0,0,1,198,7,1,141,0,
a249a3,4,11,1,0,0,0,0,0,0,0,
a249a3,6,1,0,0,1,153,6,1,133,0,
a249a3,6,2,0,0,1,196,6,1,232,0,
a249a3,6,3,0,0,1,261,6,1,127,0,
a249a3,6,4,0,0,1,54,2,1,124,0,
a249a3,6,5,0,0,1,47,3,1,17,0,
a249a3,6,6,0,0,1,117,5,1,4,0,
a249a3,6,7,0,0,1,117,5,1,4,0,
a249a3,6,8,0,0,1,22,2,1,9,0,
a249a3,6,9,0,0,1,227,11,1,19,0,
a249a3,6,10,0,0,1,45,2,1,21,0,
a249a3,6,11,0,0,1,36,2,1,1,0,
a249a3,6,12,0,0,1,37,3,1,9,0,
a249a3,5,1,0,0,1,404,13,1,2509,1,
a249a3,5,2,0,0,1,358,14,1,96,0,
a249a3,5,3,0,0,1,126,6,1,47,0,
a249a3,5,4,0,0,1,15,1,1,9,0,
a249a3,5,5,0,0,1,60,3,1,17,0,
a249a3,5,6,0,0,1,171,8,1,8,0,
a249a3,5,7,0,0,1,7,1,1,9,0,
a249a3,5,8,0,0,1,154,7,1,40,0,
a249a3,5,9,0,0,1,179,7,1,42,0,
a249a3,5,10,0,0,1,252,11,1,42,0,
a249a3,5,11,0,0,1,39,2,1,1,0,
a249a3,5,12,0,0,1,373,14,1,44,1,
a249a3,5,13,0,0,1,14,1,1,9,0,
a249a3,5,14,0,0,1,7,1,1,9,0,
a249a3,5,15,0,0,1,130,6,1,4,0,
a249a3,24,1,0,0,1,153,4,1,9,0,
a249a3,24,2,0,0,1,125,6,1,4,0,
a249a3,24,3,0,0,1,132,5,1,6,0,
a249a3,24,4,0,0,1,231,9,1,84,0,
a249a3,24,5,0,0,1,244,9,1,86,0,
a249a3,24,6,0,0,1,101,4,1,8031,0,
a249a3,24,7,0,0,1,330,13,1,86,0,
a249a3,24,8,0,0,1,50,2,1,1,0,
a249a3,24,9,0,0,1,53,2,1,1,0,
a249a3,24,10,0,0,1,172,6,1,154,0,
a249a3,24,11,0,0,1,358,14,1,76,0,
a249a3,24,12,0,0,1,17,2,1,9,0,
a249a3,24,13,0,0,1,22,2,1,9,0,
a249a3,24,14,0,0,1,106,5,1,2,0,
a249a3,24,15,0,0,1,55,2,1,35,0,
a249a3,24,16,0,0,1,641,21,1,8,0,
a249a3,24,17,0,0,1,473,17,1,19,0,
a249a3,24,18,0,0,1,97,4,1,23,0,
a249a3,24,19,0,0,1,575,20,1,4,0,
a249a3,24,20,0,0,1,185,9,1,26,0,
a249a3,17,1,0,0,1,191,10,1,6,0,
a249a3,17,2,0,0,1,112,5,1,4,0,
a249a3,17,3,0,0,1,114,5,1,4,0,
a249a3,17,4,0,0,1,55,3,1,17,0,
a249a3,17,5,0,0,1,20,1,1,9,0,
a249a3,17,6,0,0,1,299,11,1,86,0,
a249a3,17,7,0,0,1,259,10,1,86,0,
a249a3,17,8,0,0,1,333,13,1,233,0,
a249a3,17,9,0,0,1,239,10,1,42,0,
a249a3,17,10,0,0,1,240,10,1,42,0,
a249a3,17,11,0,0,1,165,6,1,154,0,
a249a3,17,12,0,0,1,140,7,1,66,0,
a249a3,17,13,0,0,1,422,19,1,45,0,
a249a3,17,14,0,0,1,14,1,1,268,1,NameError
a249a3,17,15,0,0,1,253,7,1,3,0,
a249a3,17,16,0,0,1,260,7,1,44,1,
a249a3,17,17,0,0,1,13,1,1,9,0,
a249a3,17,18,0,0,1,13,1,1,9,0,
a249a3,8,1,0,0,1,46,4,1,9,0,
a249a3,8,2,0,0,1,71,4,1,17,0,
a249a3,8,3,0,0,1,168,8,1,11,0,
a249a3,8,4,0,0,1,18,1,1,9,0,
a249a3,8,5,0,0,1,185,8,1,158,0,
a249a3,8,6,0,0,1,356,14,1,21,0,
a249a3,8,7,0,0,1,136,7,1,16,0,
a249a3,8,8,0,0,1,32,2,1,16,0,
a249a3,8,9,0,0,1,36,1,1,18,0,
a249a3,8,10,0,0,1,32,2,1,18,0,
a249a3,8,11,0,0,1,38,1,1,20,0,
a249a3,8,12,0,0,1,39,1,1,23,0,
a249a3,8,13,0,0,1,583,20,1,5,0,
a249a3,8,14,0,0,1,212,11,1,20,0,
a249a3,8,15,0,0,1,480,17,1,2,0,
a249a3,8,16,0,0,1,16,1,1,191,0,
a249a3,8,17,0,0,1,59,2,1,9,0,
a249a3,8,18,0,0,1,69,2,1,1,0,
a249a3,8,19,0,0,1,11,1,1,184,0,
a249a3,8,20,0,0,1,60,2,1,11,0,
a249a3,8,21,0,0,1,434,18,1,44,1,
a249a3,8,22,0,0,1,39,3,1,9,0,
a249a3,10,1,0,0,1,209,7,1,45,0,
a249a3,10,2,0,0,1,14,1,1,4094,0,
a249a3,10,3,0,0,1,22,1,1,81,0,
a249a3,10,4,0,0,1,15,1,1,82,0,
a249a3,10,5,0,0,1,803,29,1,301,0,
a249a3,10,6,0,0,1,43,4,1,81,0,
a249a3,10,7,0,0,1,448,13,1,48,0,
a249a3,10,8,0,0,1,74,2,1,94,0,
a249a3,10,9,0,0,1,228,9,1,40,0,
a249a3,10,10,0,0,1,134,7,1,4,0,
a249a3,10,11,0,0,1,17,2,1,9,0,
a249a3,10,12,0,0,1,107,5,1,4,0,
a249a3,10,13,0,0,1,301,13,1,42,0,
a249a3,10,14,0,0,1,39,2,1,1,0,
a249a3,10,15,0,0,1,665,20,1,44,1,
a249a3,10,16,0,0,1,13,1,1,123,0,
91b02b,6,1,0,0,1,222,9,1,38,0,
91b02b,6,2,0,0,1,303,12,1,15,0,
91b02b,6,3,0,0,1,257,11,1,50,0,
91b02b,6,4,0,0,1,26,2,1,2,0,
91b02b,6,5,0,0,1,26,2,1,2,0,
91b02b,6,6,0,0,1,756,26,1,69,0,
91b02b,6,7,0,0,1,320,9,1,4,0,
91b02b,6,8,0,0,1,153,6,1,4,0,
91b02b,8,1,0,0,1,305,14,1,15,0,
91b02b,8,2,0,0,1,366,15,1,1,0,
91b02b,8,3,0,0,1,8,1,1,8,0,
91b02b,8,4,0,0,1,359,17,1,44,1,
91b02b,8,5,0,0,1,403,17,1,28,0,
91b02b,8,6,0,0,1,749,24,1,10,0,
91b02b,5,1,0,0,1,512,20,1,15,0,
91b02b,5,2,0,0,1,242,9,1,48,0,
91b02b,5,3,0,0,1,114,3,1,1,0,
91b02b,5,4,0,0,1,143,3,1,84,0,
91b02b,5,5,0,0,1,33,2,1,48,0,
91b02b,5,6,0,0,1,468,19,1,4,0,
91b02b,20,1,0,0,1,37,2,1,20,0,
91b02b,20,2,0,0,1,139,9,1,1,0,
91b02b,20,3,0,0,1,456,19,1,15,0,
91b02b,20,4,0,0,1,107,7,1,4,0,
91b02b,20,5,0,0,1,292,11,1,5,0,
91b02b,16,1,0,0,1,396,18,1,15,0,
91b02b,16,2,0,0,1,309,13,1,2,0,
91b02b,16,3,0,0,1,36,1,1,1,0,
91b02b,16,4,0,0,1,43,1,1,2,0,
91b02b,16,5,0,0,1,42,1,1,1,0,
91b02b,16,6,0,0,1,27,2,1,48,0,
91b02b,16,7,0,0,1,700,26,1,4,0,
91b02b,16,8,0,0,1,208,10,1,4,0,
91b02b,16,9,0,0,1,65,3,1,45,0,
91b02b,16,10,0,0,1,65,3,1,45,0,
91b02b,18,1,0,0,1,421,17,1,15,0,
91b02b,18,2,0,0,1,308,14,1,44,1,
91b02b,18,3,0,0,1,612,19,1,377,1,NameError
91b02b,18,4,0,0,1,402,17,1,15,0,
91b02b,18,5,0,0,1,336,8,1,45,0,
91b02b,18,6,0,0,1,449,16,1,9,0,
91b02b,18,7,0,0,1,247,8,1,138,0,
91b02b,22,1,0,0,1,121,5,1,10,0,
91b02b,22,2,0,0,1,89,6,1,8,0,
91b02b,22,3,0,0,1,480,16,1,222,0,
91b02b,22,4,0,0,1,324,14,1,13,0,
91b02b,22,5,0,0,1,117,4,1,21,0,
91b02b,22,6,0,0,1,441,21,1,1,0,
91b02b,22,7,0,0,1,29,2,1,2,0,
91b02b,22,8,0,0,1,29,2,1,2,0,
91b02b,1,1,0,0,1,355,14,1,15,0,
91b02b,1,2,0,0,1,221,9,1,44,1,
91b02b,1,3,0,0,1,403,16,1,431,1,ImportError
91b02b,1,4,0,0,1,153,5,1,454,1,NameError
91b02b,1,5,0,0,1,363,13,1,7,0,
91b02b,1,6,0,0,1,343,10,1,4,0,
91b02b,1,7,0,0,1,272,11,1,13,0,
91b02b,1,8,0,0,1,282,11,1,21,0,
91b02b,7,1,0,0,1,37,2,1,20,0,
91b02b,7,2,0,0,1,154,8,1,4,0,
91b02b,7,3,0,0,1,114,7,1,4,0,
91b02b,7,4,0,0,1,319,12,1,15,0,
91b02b,7,5,0,0,1,7,1,1,4,0,
91b02b,7,6,0,0,1,262,12,1,1,0,
91b02b,7,7,0,0,1,253,10,1,48,0,
91b02b,7,8,0,0,1,19,1,1,81,0,
91b02b,7,9,0,0,1,51,2,1,165,0,
91b02b,7,10,0,0,1,37,2,1,2,0,
91b02b,7,11,0,0,1,12,1,1,171,0,
91b02b,7,12,0,0,1,276,11,1,44,1,
91b02b,7,13,0,0,1,891,27,1,388,1,NameError
91b02b,7,14,0,0,1,361,11,1,56,0,
91b02b,7,15,0,0,1,386,12,1,4,0,
91b02b,7,16,0,0,1,258,10,1,13,0,
91b02b,19,1,0,0,1,37,2,1,20,0,
91b02b,19,2,0,0,1,188,8,1,36,0,
91b02b,19,3,0,0,1,204,10,1,11,0,
91b02b,19,4,0,0,1,443,19,1,15,0,
91b02b,19,5,0,0,1,444,19,1,44,1,
91b02b,19,6,0,0,1,318,12,1,15,0,
91b02b,19,7,0,0,1,261,11,1,48,0,
91b02b,19,8,0,0,1,35,2,1,2,0,
91b02b,19,9,0,0,1,275,11,1,31,0,
91b02b,19,10,0,0,1,300,13,1,10,0,
91b02b,19,11,0,0,1,648,24,1,7,0,
91b02b,19,12,0,0,1,547,15,1,4,0,
91b02b,3,1,0,0,1,139,1,1,45,0,
91b02b,3,2,0,0,1,913,30,1,1,0,
91b02b,3,3,0,0,1,25,1,1,2,0,
91b02b,3,4,0,0,1,25,1,1,2,0,
91b02b,3,5,0,0,1,76,1,1,45,0,
91b02b,3,6,0,0,1,936,29,1,4,0,
91b02b,3,7,0,0,1,199,7,1,4,0,
91b02b,3,8,0,0,1,312,11,1,84,0,
91b02b,3,9,0,0,1,49,2,1,34,0,
91b02b,3,10,0,0,1,45,2,1,1,0,
91b02b,3,11,1,0,0,0,0,0,0,0,
91b02b,10,1,0,0,1,540,25,1,15,0,
91b02b,10,2,0,0,1,783,20,1,7,0,
91b02b,10,3,0,0,1,509,20,1,6,0,
91b02b,10,4,0,0,1,20,2,1,1,0,
91b02b,10,5,0,0,1,20,2,1,1,0,
91b02b,10,6,0,0,1,21,2,1,2,0,
91b02b,10,7,0,0,1,21,2,1,2,0,
91b02b,10,8,0,0,1,130,5,1,2,0,
91b02b,10,9,0,0,1,70,1,1,33,0,
91b02b,10,10,0,0,1,102,2,1,5,0,
91b02b,10,11,0,0,1,107,2,1,7,0,
91b02b,10,12,0,0,1,107,2,1,7,0,
91b02b,10,13,0,0,1,29,2,1,48,0,
91b02b,21,1,0,0,1,410,17,1,15,0,
91b02b,21,2,0,0,1,247,10,1,44,1,
91b02b,21,3,0,0,1,420,18,1,390,1,NameError
91b02b,21,4,0,0,1,444,19,1,25,0,
91b02b,21,5,0,0,1,283,13,1,27,0,
91b02b,21,6,0,0,1,195,9,1,3,0,
91b02b,21,7,0,0,1,190,8,1,102,0,
91b02b,21,8,0,0,1,16,1,1,3,0,
91b02b,21,9,0,0,1,23,2,1,1,0,
91b02b,21,10,0,0,1,23,2,1,1,0,
91b02b,13,1,0,0,1,37,2,1,20,0,
91b02b,13,2,0,0,1,478,23,1,15,0,
91b02b,13,3,0,0,1,258,12,1,50,0,
91b02b,13,4,0,0,1,26,1,1,165,0,
91b02b,13,5,0,0,1,26,1,1,264,0,
91b02b,13,6,0,0,1,28,1,1,5,0,
91b02b,13,7,0,0,1,169,8,1,2,0,
91b02b,13,8,0,0,1,203,9,1,1,0,
91b02b,13,9,0,0,1,26,1,1,1,0,
91b02b,13,10,0,0,1,269,10,1,153,0,
91b02b,13,11,0,0,1,351,18,1,1,0,
91b02b,13,12,0,0,1,46,2,1,18,0,
91b02b,13,13,0,0,1,84,4,1,5,0,
91b02b,13,14,0,0,1,673,28,1,7,0,
91b02b,13,15,0,0,1,529,15,1,4,0,
91b02b,13,16,0,0,1,306,17,1,6,0,
91b02b,12,1,0,0,1,642,27,1,905,0,
91b02b,12,2,0,0,1,387,16,1,53,0,
91b02b,12,3,0,0,1,31,2,1,2,0,
91b02b,12,4,0,0,1,10,1,1,162,0,
91b02b,12,5,0,0,1,37,2,1,2,0,
91b02b,12,6,0,0,1,393,15,1,44,1,
91b02b,12,7,0,0,1,208,10,1,547,1,NameError
91b02b,12,8,0,0,1,326,14,1,15,0,
91b02b,24,1,0,0,1,443,20,1,15,0,
91b02b,24,2,0,0,1,252,12,1,1,0,
91b02b,24,3,0,0,1,10,1,1,8,0,
91b02b,24,4,0,0,1,258,11,1,97,0,
91b02b,24,5,0,0,1,262,12,1,44,1,
91b02b,24,6,0,0,1,29,4,1,4,0,
91b02b,24,7,0,0,1,500,21,1,579,1,NameError
91b02b,24,8,0,0,1,614,25,1,18,0,
91b02b,24,9,0,0,1,21,1,1,15,0,
91b02b,24,10,0,0,1,22,1,1,17,0,
91b02b,14,1,0,0,1,37,2,1,20,0,
91b02b,14,2,0,0,1,397,14,1,15,0,
91b02b,14,3,0,0,1,33,2,1,48,0,
91b02b,14,4,0,0,1,42,2,1,162,0,
91b02b,14,5,0,0,1,38,1,1,5,0,
91b02b,14,6,0,0,1,137,3,1,2,0,
91b02b,14,7,0,0,1,36,1,1,5,0,
91b02b,14,8,0,0,1,11,1,1,171,0,
91b02b,14,9,0,0,1,27,1,1,5,0,
91b02b,14,10,0,0,1,475,18,1,44,1,
91b02b,14,11,0,0,1,941,30,1,391,1,NameError
91b02b,14,12,0,0,1,368,15,1,15,0,
91b02b,14,13,0,0,1,535,18,1,4,0,
91b02b,14,14,0,0,1,217,7,1,4,0,
91b02b,14,15,0,0,1,45,1,1,4,0,
91b02b,14,16,0,0,1,250,11,1,159,0,
91b02b,17,1,0,0,1,412,18,1,15,0,
91b02b,17,2,0,0,1,302,13,1,44,1,
91b02b,17,3,0,0,1,361,14,1,690,1,NameError
91b02b,17,4,0,0,1,486,18,1,7,0,
91b02b,17,5,0,0,1,5,1,1,48,0,
91b02b,17,6,0,0,1,11,1,1,162,0,
91b02b,17,7,0,0,1,42,1,1,5,0,
91b02b,17,8,0,0,1,42,1,1,5,0,
91b02b,17,9,0,0,1,39,2,1,2,0,
91b02b,17,10,0,0,1,11,1,1,171,0,
91b02b,17,11,0,0,1,12,1,1,180,0,
91b02b,17,12,0,0,1,40,1,1,5,0,
91b02b,17,13,0,0,1,177,8,1,21,0,
91b02b,17,14,0,0,1,302,11,1,7,0,
91b02b,17,15,0,0,1,1008,27,1,35,0,
91b02b,15,1,0,0,1,37,2,1,20,0,
91b02b,15,2,0,0,1,205,12,1,4,0,
91b02b,15,3,0,0,1,321,12,1,15,0,
91b02b,15,4,0,0,1,307,13,1,1,0,
91b02b,15,5,0,0,1,319,13,1,44,1,
91b02b,15,6,0,0,1,420,17,1,149,0,
91b02b,15,7,0,0,1,58,2,1,186,0,
91b02b,15,8,0,0,1,143,5,1,232,0,
91b02b,15,9,0,0,1,105,3,1,139,0,
91b02b,15,10,0,0,1,77,2,1,182,0,
91b02b,15,11,0,0,1,297,13,1,48,0,
91b02b,15,12,0,0,1,29,2,1,64,0,
91b02b,15,13,0,0,1,29,2,1,48,0,
91b02b,15,14,1,0,0,0,0,0,0,0,
91b02b,4,1,0,0,1,497,20,1,15,0,
91b02b,4,2,0,0,1,343,15,1,13,0,
91b02b,4,3,0,0,1,297,14,1,13,0,
91b02b,4,4,0,0,1,224,11,1,3,0,
91b02b,4,5,0,0,1,16,1,1,6,0,
91b02b,4,6,0,0,1,898,31,1,1,0,
91b02b,4,7,0,0,1,500,21,1,44,1,
91b02b,4,8,0,0,1,312,15,1,4,0,
91b02b,11,1,0,0,1,646,20,1,43,0,
91b02b,11,2,0,0,1,250,10,1,547,0,
91b02b,11,3,0,0,1,360,14,1,15,0,
91b02b,11,4,0,0,1,7,1,1,4,0,
91b02b,11,5,0,0,1,470,18,1,486,1,ImportError
91b02b,11,6,0,0,1,37,1,1,45,0,
91b02b,11,7,0,0,1,755,20,1,329,1,NameError
91b02b,11,8,0,0,1,407,15,1,7,0,
91b02b,11,9,0,0,1,559,15,1,4,0,
91b02b,23,1,0,0,1,1011,33,1,15,0,
91b02b,23,2,0,0,1,858,28,1,480,1,ImportError
91b02b,23,3,0,0,1,466,14,1,438,1,NameError
91b02b,23,4,0,0,1,844,28,1,15,0,
91b02b,23,5,0,0,1,428,13,1,4,0,
91b02b,23,6,0,0,1,607,22,1,4,0,
91b02b,23,7,0,0,1,699,22,1,3,0,
91b02b,23,8,0,0,1,117,3,1,1,0,
91b02b,23,9,0,0,1,50,2,1,4,0,
91b02b,23,10,0,0,1,74,2,1,1,0,
91b02b,23,11,0,0,1,47,2,1,2,0,
91b02b,23,12,0,0,1,312,11,1,1,0,
91b02b,23,13,0,0,1,140,6,1,1,0,
91b02b,23,14,0,0,1,399,15,1,1,0,
91b02b,23,15,0,0,1,7,1,1,84,0,
91b02b,2,1,0,0,1,325,14,1,15,0,
91b02b,2,2,0,0,1,157,9,1,1,0,
91b02b,2,3,0,0,1,240,10,1,48,0,
91b02b,2,4,0,0,1,14,1,1,2,0,
91b02b,2,5,0,0,1,14,1,1,2,0,
91b02b,2,6,0,0,1,216,10,1,44,1,
91b02b,2,7,0,0,1,279,10,1,450,1,NameError
91b02b,2,8,0,0,1,375,14,1,7,0,
91b02b,2,9,0,0,1,561,17,1,4,0,
91b02b,2,10,0,0,1,50,1,1,4,0,
91b02b,2,11,0,0,1,11,1,1,259,1,NameError
91b02b,2,12,0,0,1,256,11,1,25,0,
91b02b,2,13,0,0,1,354,14,1,2,0,
91b02b,2,14,0,0,1,160,3,1,5,0,
91b02b,2,15,0,0,1,35,2,1,2,0,
91b02b,2,16,0,0,1,160,3,1,4,0,
91b02b,2,17,0,0,1,22,1,1,81,0,
91b02b,2,18,0,0,1,43,1,1,5,0,
91b02b,9,1,0,0,1,21,2,1,6,0,
91b02b,9,2,0,0,1,284,11,1,44,1,
91b02b,9,3,0,0,1,267,11,1,15,0,
91b02b,9,4,0,0,1,230,10,1,24,0,
91b02b,9,5,0,0,1,235,11,1,122,0,
91b02b,9,6,0,0,1,745,23,1,7,0,
91b02b,9,7,0,0,1,525,20,1,129,0,
ca2a54,5,1,0,0,1,693,16,1,4,0,
ca2a54,5,2,0,0,1,204,11,1,2,0,
ca2a54,17,1,1,0,0,0,0,0,0,0,
ca2a54,12,1,0,0,1,246,12,1,27,0,
ca2a54,12,2,0,0,1,206,7,1,390,0,
ca2a54,12,3,0,0,1,32,3,1,6,0,
ca2a54,12,4,0,0,1,651,25,1,53,0,
ca2a54,12,5,0,0,1,14,1,1,17,0,
ca2a54,12,6,0,0,1,31,2,1,2,0,
ca2a54,12,7,0,0,1,321,11,1,4,0,
ca2a54,12,8,0,0,1,190,10,1,2,0,
ca2a54,12,9,1,0,0,0,0,0,0,0,
ca2a54,22,1,0,0,1,370,13,1,4,0,
ca2a54,22,2,0,0,1,196,11,1,2,0,
ca2a54,22,3,0,0,1,365,12,1,4,0,
ca2a54,22,4,0,0,1,15,1,1,2,0,
ca2a54,22,5,0,0,1,35,3,1,2,0,
ca2a54,15,1,0,0,1,35,3,1,2,0,
ca2a54,15,2,0,0,1,540,18,1,4,0,
ca2a54,15,3,0,0,1,316,12,1,4,0,
ca2a54,15,4,0,0,1,203,11,1,2,0,
ca2a54,2,1,0,0,1,829,31,1,58,0,
ca2a54,20,1,0,0,1,113,1,1,45,0,
ca2a54,20,2,0,0,1,1974,49,1,140,0,
ca2a54,9,1,0,0,1,391,16,1,26,0,
ca2a54,9,2,0,0,1,328,13,1,26,0,
ca2a54,9,3,0,0,1,10,1,1,3,0,
ca2a54,3,1,0,0,1,665,15,1,45,0,
ca2a54,3,2,0,0,1,413,16,1,4,0,
ca2a54,3,3,0,0,1,202,11,1,2,0,
ca2a54,13,1,0,0,1,1918,55,1,1,0,
ca2a54,13,2,0,0,1,456,14,1,4,0,
ca2a54,4,1,0,0,1,640,20,1,4,0,
ca2a54,4,2,0,0,1,498,17,1,4,0,
ca2a54,4,3,0,0,1,222,11,1,2,0,
ca2a54,10,1,0,0,1,370,15,1,4,0,
ca2a54,10,2,0,0,1,10,1,1,4,0,
ca2a54,10,3,0,0,1,254,12,1,2,0,
ca2a54,19,1,0,0,1,31,2,1,2,0,
ca2a54,19,2,0,0,1,796,17,1,45,0,
ca2a54,19,3,0,0,1,4447,55,1,9,0,
ca2a54,19,4,0,0,1,938,16,1,2,0,
ca2a54,18,1,0,0,1,20,2,1,18,0,
ca2a54,18,2,0,0,1,136,6,1,110,0,
ca2a54,18,3,0,0,1,35,3,1,2,0,
ca2a54,16,1,0,0,1,35,3,1,6,0,
ca2a54,16,2,0,0,1,262,11,1,4,0,
ca2a54,16,3,0,0,1,616,27,1,53,0,
ca2a54,16,4,0,0,1,69,2,1,2,0,
ca2a54,16,5,0,0,1,688,27,1,4,0,
ca2a54,16,6,0,0,1,389,17,1,5,0,
ca2a54,16,7,0,0,1,28,1,1,5,0,
ca2a54,16,8,0,0,1,17,1,1,7,0,
ca2a54,16,9,0,0,1,323,14,1,4,0,
ca2a54,16,10,0,0,1,71,2,1,2,0,
ca2a54,16,11,0,0,1,69,2,1,3,0,
ca2a54,16,12,0,0,1,97,2,1,2,0,
ca2a54,16,13,1,0,0,0,0,0,0,0,
ca2a54,14,1,0,0,1,368,14,1,59,0,
ca2a54,14,2,0,0,1,149,1,1,45,0,
ca2a54,14,3,0,0,1,2013,47,1,7,0,
ca2a54,14,4,0,0,1,66,2,1,9,0,
ca2a54,14,5,0,0,1,35,3,1,6,0,
ca2a54,14,6,0,0,1,411,15,1,31,0,
ca2a54,21,1,0,0,1,884,28,1,632,1,IndexError
ca2a54,21,2,0,0,1,1187,31,1,596,1,IndexError
ca2a54,21,3,0,0,1,568,25,1,4,0,
ca2a54,21,4,0,0,1,918,36,1,99,0,
ca2a54,21,5,0,0,1,529,12,1,45,0,
ca2a54,21,6,0,0,1,524,21,1,713,0,
ca2a54,21,7,0,0,1,102,3,1,235,0,
ca2a54,21,8,0,0,1,307,11,1,134,0,
ca2a54,21,9,0,0,1,120,3,1,44,1,
ca2a54,21,10,0,0,1,121,3,1,405,1,NameError
ca2a54,21,11,0,0,1,336,11,1,216,0,
ca2a54,21,12,0,0,1,288,12,1,14,0,
ca2a54,6,1,0,0,1,104,1,1,45,0,
ca2a54,6,2,0,0,1,78,1,1,45,0,
ca2a54,6,3,0,0,1,57,1,1,45,0,
ca2a54,6,4,0,0,1,1893,77,1,25,0,
ca2a54,6,5,0,0,1,99,1,1,45,0,
ca2a54,6,6,0,0,1,18,1,1,5,0,
ca2a54,6,7,0,0,1,1907,61,1,45,0,
ca2a54,6,8,0,0,1,21,1,1,4,0,
ca2a54,6,9,0,0,1,99,2,1,23,0,
ca2a54,6,10,0,0,1,1739,65,1,45,0,
ca2a54,6,11,0,0,1,18,1,1,5,0,
ca2a54,6,12,0,0,1,755,22,1,42,0,
ca2a54,6,13,0,0,1,838,19,1,45,0,
ca2a54,6,14,0,0,1,1266,31,1,44,1,
ca2a54,6,15,0,0,1,2360,53,1,4,0,
ca2a54,6,16,0,0,1,36,1,1,2,0,
ca2a54,6,17,0,0,1,5101,96,1,45,0,
ca2a54,6,18,1,0,0,0,0,0,0,0,
3e5546,6,1,0,0,1,109,1,1,45,0,
3e5546,6,2,0,0,1,68,1,1,45,0,
3e5546,6,3,0,0,1,504,18,1,83,0,
3e5546,6,4,0,0,1,42,2,1,83,0,
3e5546,9,1,0,0,1,109,1,1,45,0,
3e5546,9,2,0,0,1,597,23,1,83,0,
3e5546,9,3,0,0,1,44,2,1,82,0,
3e5546,9,4,0,0,1,397,16,1,120,0,
3e5546,9,5,0,0,1,430,18,1,37,0,
3e5546,5,1,0,0,1,84,1,1,45,0,
3e5546,5,2,0,0,1,612,22,1,81,0,
3e5546,5,3,0,0,1,749,23,1,82,0,
3e5546,7,1,0,0,1,103,1,1,45,0,
3e5546,7,2,0,0,1,483,20,1,83,0,
3e5546,7,3,0,0,1,362,17,1,38,0,
3e5546,7,4,0,0,1,308,13,1,18,0,
3e5546,15,1,0,0,1,109,1,1,45,0,
3e5546,15,2,0,0,1,602,21,1,80,0,
3e5546,15,3,0,0,1,367,17,1,38,0,
3e5546,15,4,0,0,1,491,18,1,82,0,
3e5546,12,1,0,0,1,103,1,1,45,0,
3e5546,12,2,0,0,1,537,21,1,84,0,
3e5546,12,3,0,0,1,44,2,1,83,0,
3e5546,12,4,0,0,1,403,16,1,120,0,
3e5546,12,5,0,0,1,259,10,1,219,0,
3e5546,12,6,0,0,1,88,2,1,288,0,
3e5546,12,7,0,0,1,105,2,1,9,0,
3e5546,12,8,0,0,1,19,1,1,17,0,
3e5546,21,1,0,0,1,146,1,1,45,0,
3e5546,21,2,0,0,1,556,21,1,83,0,
3e5546,21,3,0,0,1,53,2,1,84,0,
3e5546,21,4,0,0,1,240,8,1,219,0,
3e5546,21,5,0,0,1,85,2,1,288,0,
3e5546,21,6,0,0,1,70,3,1,18,0,
3e5546,21,7,0,0,1,441,11,1,196,0,
3e5546,21,8,0,0,1,501,20,1,83,0,
3e5546,1,1,0,0,1,109,1,1,45,0,
3e5546,1,2,0,0,1,81,1,1,45,0,
3e5546,1,3,0,0,1,60,1,1,45,0,
3e5546,1,4,0,0,1,479,23,1,83,0,
3e5546,1,5,0,0,1,276,10,1,12,0,
3e5546,1,6,0,0,1,26,1,1,99,0,
3e5546,1,7,0,0,1,206,6,1,220,0,
3e5546,1,8,0,0,1,393,5,1,78,0,
3e5546,17,1,0,0,1,109,1,1,45,0,
3e5546,17,2,0,0,1,469,20,1,84,0,
3e5546,17,3,0,0,1,251,11,1,123,0,
3e5546,17,4,0,0,1,454,18,1,82,0,
3e5546,19,1,0,0,1,109,1,1,45,0,
3e5546,19,2,0,0,1,779,25,1,81,0,
3e5546,19,3,0,0,1,486,19,1,83,0,
3e5546,19,4,0,0,1,431,18,1,81,0,
3e5546,19,5,0,0,1,68,1,1,45,0,
3e5546,19,6,0,0,1,666,21,1,730,1,ZeroDivisionError
3e5546,19,7,0,0,1,619,21,1,22,0,
3e5546,2,1,0,0,1,109,1,1,45,0,
3e5546,2,2,0,0,1,584,23,1,83,0,
3e5546,2,3,0,0,1,382,17,1,38,0,
3e5546,2,4,0,0,1,653,22,1,81,0,
3e5546,2,5,0,0,1,44,3,1,18,0,
3e5546,2,6,0,0,1,215,6,1,219,0,
3e5546,2,7,0,0,1,88,2,1,288,0,
3e5546,2,8,0,0,1,395,11,1,1551,0,
3e5546,2,9,0,0,1,162,5,1,18,0,
3e5546,2,10,0,0,1,403,12,1,12,0,
3e5546,2,11,0,0,1,28,1,1,116,0,
3e5546,3,1,0,0,1,109,1,1,45,0,
3e5546,3,2,0,0,1,81,1,1,45,0,
3e5546,3,3,0,0,1,669,24,1,83,0,
3e5546,3,4,0,0,1,53,2,1,83,0,
3e5546,3,5,0,0,1,348,12,1,18,0,
3e5546,3,6,0,0,1,114,5,1,123,0,
3e5546,18,1,0,0,1,109,1,1,45,0,
3e5546,18,2,0,0,1,542,23,1,83,0,
3e5546,18,3,0,0,1,367,12,1,12,0,
3e5546,23,1,0,0,1,109,1,1,45,0,
3e5546,23,2,0,0,1,506,18,1,84,0,
3e5546,23,3,0,0,1,530,19,1,38,0,
3e5546,23,4,0,0,1,57,2,1,40,0,
3e5546,23,5,0,0,1,213,8,1,219,0,
3e5546,23,6,0,0,1,100,2,1,288,0,
3e5546,10,1,0,0,1,103,1,1,45,0,
3e5546,10,2,0,0,1,68,1,1,45,0,
3e5546,10,3,0,0,1,546,22,1,83,0,
3e5546,10,4,0,0,1,43,2,1,83,0,
3e5546,10,5,0,0,1,269,12,1,99,0,
3e5546,8,1,0,0,1,702,24,1,82,0,
3e5546,8,2,0,0,1,14,1,1,17,0,
3e5546,8,3,0,0,1,471,18,1,82,0,
3e5546,8,4,0,0,1,521,20,1,956,1,ZeroDivisionError
3e5546,8,5,0,0,1,498,20,1,22,0,
3e5546,8,6,0,0,1,203,6,1,204,0,
3e5546,8,7,0,0,1,86,2,1,288,0,
3e5546,8,8,0,0,1,52,2,1,18,0,
3e5546,8,9,0,0,1,550,23,1,2328,0,
3e5546,8,10,0,0,1,136,6,1,150,0,
3e5546,8,11,0,0,1,397,12,1,18,0,
3e5546,20,1,0,0,1,192,8,1,35,0,
3e5546,20,2,0,0,1,501,24,1,82,0,
3e5546,20,3,0,0,1,636,22,1,725,1,ZeroDivisionError
3e5546,20,4,0,0,1,495,19,1,22,0,
3e5546,4,1,0,0,1,109,1,1,45,0,
3e5546,4,2,0,0,1,79,1,1,45,0,
3e5546,4,3,0,0,1,534,24,1,82,0,
3e5546,4,4,0,0,1,476,18,1,79,0,
3e5546,22,1,0,0,1,670,22,1,83,0,
3e5546,22,2,0,0,1,286,12,1,83,0,
3e5546,22,3,0,0,1,397,18,1,40,0,
3e5546,22,4,0,0,1,418,18,1,119,0,
3e5546,22,5,0,0,1,385,12,1,10,0,
3e5546,14,1,0,0,1,705,21,1,82,0,
3e5546,14,2,0,0,1,415,15,1,74,0,
3e5546,14,3,0,0,1,461,17,1,52,0,
3e5546,14,4,0,0,1,289,9,1,55,0,
3e5546,14,5,0,0,1,306,10,1,71,0,
3e5546,14,6,0,0,1,215,7,1,45,0,
3e5546,13,1,0,0,1,254,9,1,199,0,
3e5546,13,2,0,0,1,54,3,1,199,0,
3e5546,13,3,0,0,1,36,2,1,122,0,
3e5546,13,4,0,0,1,74,3,1,199,0,
3e5546,13,5,0,0,1,74,3,1,199,0,
3e5546,13,6,0,0,1,36,2,1,122,0,
3e5546,13,7,0,0,1,51,2,1,148,0,
3e5546,13,8,0,0,1,91,3,1,9,0,
3e5546,13,9,0,0,1,19,1,1,17,0,
3e5546,13,10,0,0,1,645,26,1,82,0,
3e5546,13,11,0,0,1,478,18,1,82,0,
3e5546,13,12,0,0,1,428,15,1,18,0,
3e5546,11,1,0,0,1,656,22,1,83,0,
3e5546,11,2,0,0,1,606,21,1,82,0,
3e5546,11,3,0,0,1,568,20,1,81,0,
3e5546,11,4,0,0,1,301,10,1,288,0,
3e5546,16,1,0,0,1,109,1,1,45,0,
3e5546,16,2,0,0,1,497,22,1,82,0,
3e5546,16,3,0,0,1,432,18,1,80,0,
3e5546,16,4,0,0,1,247,9,1,5,0,
3e5546,16,5,0,0,1,252,8,1,48,0,
3e5546,16,6,0,0,1,496,20,1,82,0,
3e5546,24,1,0,0,1,109,1,1,45,0,
3e5546,24,2,0,0,1,81,1,1,45,0,
3e5546,24,3,0,0,1,618,23,1,83,0,
3e5546,24,4,0,0,1,52,2,1,81,0,
3e5546,24,5,0,0,1,57,1,1,45,0,
3e5546,24,6,0,0,1,558,19,1,84,0,
3e5546,24,7,0,0,1,825,30,1,72,0,
3e5546,24,8,0,0,1,418,15,1,200,0,
07a0c9,14,1,0,0,1,139,5,1,2,0,
07a0c9,14,2,0,0,1,1557,39,1,4,0,
07a0c9,14,3,0,0,1,538,21,1,25,0,
07a0c9,14,4,0,0,1,258,9,1,85,0,
07a0c9,20,1,0,0,1,256,11,1,2,0,
07a0c9,20,2,0,0,1,326,13,1,111,0,
07a0c9,20,3,0,0,1,612,21,1,3,0,
07a0c9,20,4,0,0,1,910,25,1,54,0,
07a0c9,20,5,0,0,1,24,1,1,90,0,
07a0c9,20,6,0,0,1,60,2,1,55,0,
07a0c9,20,7,0,0,1,384,15,1,1,0,
07a0c9,3,1,0,0,1,140,5,1,2,0,
07a0c9,3,2,0,0,1,965,30,1,4,0,
07a0c9,3,3,0,0,1,640,19,1,10,0,
07a0c9,3,4,0,0,1,12,1,1,20,0,
07a0c9,3,5,0,0,1,48,2,1,40,0,
07a0c9,24,1,0,0,1,186,7,1,2,0,
07a0c9,24,2,0,0,1,1155,44,1,3,0,
07a0c9,24,3,0,0,1,646,21,1,3,0,
07a0c9,24,4,0,0,1,11,1,1,40,0,
07a0c9,1,1,0,0,1,156,5,1,83,0,
07a0c9,1,2,0,0,1,649,27,1,10,0,
07a0c9,1,3,0,0,1,713,21,1,4,0,
07a0c9,1,4,0,0,1,406,16,1,6,0,
07a0c9,1,5,0,0,1,82,3,1,40,0,
07a0c9,9,1,0,0,1,115,1,1,45,0,
07a0c9,9,2,0,0,1,526,21,1,2,0,
07a0c9,9,3,0,0,1,718,23,1,4,0,
07a0c9,9,4,0,0,1,292,11,1,3,0,
07a0c9,9,5,0,0,1,667,26,1,1,0,
07a0c9,9,6,0,0,1,396,13,1,21,0,
07a0c9,9,7,0,0,1,53,2,1,171,0,
07a0c9,9,8,0,0,1,367,14,1,7,0,
07a0c9,9,9,0,0,1,585,14,1,16,0,
07a0c9,10,1,0,0,1,139,5,1,2,0,
07a0c9,10,2,0,0,1,587,25,1,4,0,
07a0c9,10,3,0,0,1,38,1,1,4,0,
07a0c9,10,4,0,0,1,526,22,1,3,0,
07a0c9,10,5,0,0,1,29,2,1,40,0,
07a0c9,10,6,0,0,1,191,8,1,4,0,
07a0c9,10,7,0,0,1,180,6,1,3,0,
07a0c9,10,8,0,0,1,420,14,1,2,0,
07a0c9,21,1,0,0,1,158,5,1,2,0,
07a0c9,21,2,0,0,1,1477,37,1,1,0,
07a0c9,21,3,0,0,1,474,16,1,4,0,
07a0c9,21,4,0,0,1,695,22,1,4,0,
07a0c9,21,5,0,0,1,431,13,1,5,0,
07a0c9,21,6,0,0,1,136,4,1,55,0,
07a0c9,21,7,0,0,1,839,20,1,2,0,
07a0c9,15,1,0,0,1,139,5,1,2,0,
07a0c9,15,2,0,0,1,928,35,1,4,0,
07a0c9,15,3,0,0,1,430,12,1,56,0,
07a0c9,15,4,0,0,1,32,2,1,40,0,
07a0c9,15,5,0,0,1,214,8,1,4,0,
07a0c9,15,6,0,0,1,547,17,1,2,0,
07a0c9,15,7,0,0,1,22,1,1,40,0,
07a0c9,15,8,0,0,1,34,1,1,5,0,
07a0c9,15,9,0,0,1,520,17,1,111,0,
07a0c9,6,1,0,0,1,271,8,1,45,0,
07a0c9,6,2,0,0,1,484,17,1,2,0,
07a0c9,6,3,0,0,1,112,3,1,45,0,
07a0c9,6,4,0,0,1,555,20,1,5,0,
07a0c9,6,5,0,0,1,26,1,1,4,0,
07a0c9,6,6,0,0,1,636,23,1,44,1,
07a0c9,6,7,0,0,1,551,19,1,2,0,
07a0c9,6,8,0,0,1,385,14,1,3,0,
07a0c9,6,9,0,0,1,491,19,1,6,0,
07a0c9,6,10,0,0,1,27,1,1,5,0,
07a0c9,6,11,0,0,1,901,35,1,1,0,
07a0c9,6,12,0,0,1,379,12,1,29,0,
07a0c9,6,13,0,0,1,64,3,1,174,0,
07a0c9,6,14,0,0,1,459,17,1,4,0,
07a0c9,5,1,0,0,1,142,5,1,2,0,
07a0c9,5,2,0,0,1,926,36,1,1,0,
07a0c9,5,3,0,0,1,12,1,1,42,0,
07a0c9,5,4,0,0,1,378,14,1,12,0,
07a0c9,5,5,0,0,1,981,40,1,1,0,
07a0c9,5,6,0,0,1,289,11,1,9,0,
07a0c9,5,7,0,0,1,14,1,1,1,0,
07a0c9,5,8,0,0,1,172,5,1,2,0,
07a0c9,5,9,0,0,1,21,1,1,420,0,
07a0c9,5,10,0,0,1,120,2,1,83,0,
07a0c9,5,11,0,0,1,48,2,1,130,0,
07a0c9,5,12,0,0,1,583,22,1,2,0,
07a0c9,22,1,0,0,1,154,1,1,45,0,
07a0c9,22,2,0,0,1,411,21,1,2,0,
07a0c9,22,3,0,0,1,375,17,1,2,0,
07a0c9,22,4,0,0,1,689,26,1,3,0,
07a0c9,22,5,0,0,1,620,22,1,44,1,
07a0c9,22,6,0,0,1,307,10,1,445,1,NameError
07a0c9,22,7,0,0,1,989,35,1,3,0,
07a0c9,22,8,0,0,1,384,17,1,1,0,
07a0c9,22,9,0,0,1,177,3,1,2,0,
07a0c9,22,10,0,0,1,175,6,1,111,0,
07a0c9,22,11,0,0,1,462,16,1,5,0,
07a0c9,22,12,1,0,0,0,0,0,0,0,
07a0c9,17,1,0,0,1,138,5,1,2,0,
07a0c9,17,2,0,0,1,160,8,1,45,0,
07a0c9,17,3,0,0,1,716,24,1,14,0,
07a0c9,17,4,0,0,1,29,2,1,40,0,
07a0c9,17,5,0,0,1,160,7,1,212,0,
07a0c9,17,6,0,0,1,107,4,1,27,0,
07a0c9,17,7,0,0,1,191,10,1,825,0,
07a0c9,17,8,0,0,1,137,6,1,4,0,
07a0c9,17,9,0,0,1,88,4,1,40,0,
07a0c9,17,10,0,0,1,191,6,1,551,0,
07a0c9,17,11,0,0,1,22,1,1,16,0,
07a0c9,19,1,0,0,1,323,17,1,2,0,
07a0c9,19,2,0,0,1,734,23,1,3,0,
07a0c9,19,3,0,0,1,554,20,1,44,1,
07a0c9,19,4,0,0,1,521,17,1,424,1,NameError
07a0c9,19,5,0,0,1,1205,44,1,44,1,
07a0c9,19,6,0,0,1,82,2,1,2,0,
07a0c9,19,7,0,0,1,558,22,1,3,0,
07a0c9,19,8,0,0,1,636,25,1,4,0,
07a0c9,19,9,0,0,1,143,5,1,40,0,
07a0c9,19,10,0,0,1,212,7,1,625,1,NameError
07a0c9,19,11,0,0,1,392,15,1,13,0,
07a0c9,19,12,0,0,1,365,10,1,33,0,
07a0c9,12,1,0,0,1,143,5,1,2,0,
07a0c9,12,2,0,0,1,143,7,1,1,0,
07a0c9,12,3,0,0,1,823,27,1,4,0,
07a0c9,12,4,0,0,1,14,1,1,40,0,
07a0c9,12,5,0,0,1,116,3,1,269,0,
07a0c9,12,6,0,0,1,981,31,1,4,0,
07a0c9,12,7,0,0,1,248,11,1,184,0,
07a0c9,12,8,0,0,1,27,1,1,161,0,
07a0c9,12,9,0,0,1,217,9,1,165,0,
07a0c9,12,10,0,0,1,96,2,1,99,0,
07a0c9,12,11,0,0,1,423,18,1,44,0,
07a0c9,23,1,0,0,1,211,10,1,2,0,
07a0c9,23,2,0,0,1,1120,45,1,3,0,
07a0c9,23,3,0,0,1,553,21,1,3,0,
07a0c9,23,4,0,0,1,11,1,1,55,0,
07a0c9,23,5,0,0,1,213,8,1,9,0,
07a0c9,23,6,0,0,1,802,23,1,2,0,
07a0c9,23,7,0,0,1,299,14,1,1,0,
07a0c9,23,8,0,0,1,350,14,1,3,0,
07a0c9,23,9,0,0,1,98,2,1,2,0,
07a0c9,23,10,0,0,1,18,1,1,120,0,
07a0c9,23,11,0,0,1,76,3,1,13,0,
07a0c9,23,12,0,0,1,80,3,1,12,0,
07a0c9,23,13,0,0,1,584,20,1,3,0,
07a0c9,23,14,0,0,1,87,2,1,2,0,
07a0c9,23,15,0,0,1,55,4,1,4,0,
07a0c9,23,16,0,0,1,55,4,1,5,0,
07a0c9,23,17,0,0,1,618,24,1,2,0,
07a0c9,23,18,0,0,1,6,1,1,55,0,
07a0c9,23,19,0,0,1,36,2,1,18,0,
07a0c9,2,1,0,0,1,248,10,1,2,0,
07a0c9,2,2,0,0,1,1225,42,1,45,0,
07a0c9,2,3,0,0,1,485,13,1,2,0,
07a0c9,2,4,0,0,1,155,4,1,306,0,
07a0c9,2,5,0,0,1,186,6,1,3,0,
07a0c9,2,6,0,0,1,620,14,1,45,0,
07a0c9,2,7,0,0,1,204,3,1,3,0,
07a0c9,2,8,0,0,1,428,11,1,17,0,
07a0c9,2,9,0,0,1,67,2,1,40,0,
07a0c9,2,10,0,0,1,290,8,1,13,0,
07a0c9,2,11,0,0,1,267,9,1,95,0,
07a0c9,2,12,0,0,1,393,13,1,2,0,
07a0c9,2,13,0,0,1,156,7,1,409,0,
07a0c9,2,14,0,0,1,535,12,1,95,0,
07a0c9,8,1,0,0,1,152,5,1,83,0,
07a0c9,8,2,0,0,1,791,28,1,3,0,
07a0c9,8,3,0,0,1,663,26,1,1,0,
07a0c9,8,4,0,0,1,292,7,1,40,0,
07a0c9,8,5,0,0,1,341,14,1,9,0,
07a0c9,8,6,0,0,1,167,5,1,33,0,
07a0c9,8,7,0,0,1,602,20,1,73,0,
07a0c9,8,8,0,0,1,274,11,1,1,0,
07a0c9,8,9,0,0,1,402,14,1,1,0,
07a0c9,8,10,0,0,1,384,11,1,4,0,
07a0c9,8,11,0,0,1,197,8,1,27,0,
07a0c9,8,12,0,0,1,338,14,1,773,0,
07a0c9,8,13,0,0,1,82,2,1,165,0,
07a0c9,8,14,0,0,1,113,2,1,99,0,
07a0c9,8,15,0,0,1,109,2,1,132,0,
07a0c9,8,16,0,0,1,366,11,1,700,1,NameError
07a0c9,8,17,0,0,1,436,16,1,50,0,
07a0c9,8,18,0,0,1,74,2,1,1,0,
07a0c9,8,19,0,0,1,135,6,1,4,0,
07a0c9,8,20,0,0,1,81,2,1,4,0,
07a0c9,8,21,0,0,1,151,8,1,99,0,
07a0c9,8,22,0,0,1,81,2,1,4,0,
07a0c9,7,1,0,0,1,384,13,1,2,0,
07a0c9,7,2,0,0,1,582,21,1,45,0,
07a0c9,7,3,0,0,1,75,2,1,2,0,
07a0c9,7,4,0,0,1,176,6,1,3,0,
07a0c9,7,5,0,0,1,499,20,1,3,0,
07a0c9,7,6,0,0,1,213,7,1,13,0,
07a0c9,7,7,0,0,1,1342,46,1,17,0,
07a0c9,7,8,0,0,1,10,1,1,40,0,
07a0c9,7,9,0,0,1,298,11,1,9,0,
07a0c9,7,10,0,0,1,810,26,1,3,0,
07a0c9,7,11,0,0,1,275,13,1,165,0,
07a0c9,7,12,0,0,1,128,6,1,15,0,
07a0c9,7,13,0,0,1,456,18,1,50,0,
07a0c9,7,14,0,0,1,149,7,1,5,0,
07a0c9,7,15,0,0,1,151,6,1,2,0,
07a0c9,7,16,0,0,1,51,3,1,181,0,
07a0c9,7,17,0,0,1,119,3,1,409,0,
07a0c9,18,1,0,0,1,1200,27,1,2,0,
07a0c9,18,2,0,0,1,421,17,1,2,0,
07a0c9,18,3,0,0,1,620,16,1,5,0,
07a0c9,18,4,0,0,1,859,26,1,5,0,
07a0c9,18,5,0,0,1,372,13,1,4,0,
07a0c9,18,6,0,0,1,63,2,1,28,0,
07a0c9,18,7,0,0,1,69,2,1,2,0,
07a0c9,18,8,0,0,1,59,1,1,127,0,
07a0c9,18,9,0,0,1,397,13,1,29,0,
07a0c9,18,10,0,0,1,154,3,1,3,0,
07a0c9,18,11,0,0,1,55,1,1,125,0,
07a0c9,18,12,0,0,1,91,2,1,408,0,
07a0c9,18,13,0,0,1,1194,33,1,2,0,
07a0c9,18,14,0,0,1,134,5,1,20,0,
07a0c9,18,15,0,0,1,232,7,1,4,0,
07a0c9,18,16,0,0,1,174,5,1,26,0,
07a0c9,18,17,0,0,1,226,8,1,73,0,
07a0c9,18,18,0,0,1,377,10,1,10,0,
07a0c9,18,19,0,0,1,59,2,1,12,0,
07a0c9,18,20,0,0,1,159,2,1,45,0,
07a0c9,18,21,0,0,1,15,1,1,270,1,NameError
07a0c9,18,22,0,0,1,83,3,1,335,1,KeyError
07a0c9,18,23,0,0,1,27,1,1,96,0,
07a0c9,18,24,0,0,1,14,1,1,13,0,
07a0c9,18,25,0,0,1,565,14,1,184,0,
07a0c9,18,26,0,0,1,147,4,1,2,0,
07a0c9,18,27,0,0,1,179,5,1,1,0,
07a0c9,18,28,0,0,1,95,2,1,17,0,
07a0c9,18,29,0,0,1,269,10,1,2,0,
07a0c9,18,30,0,0,1,236,7,1,60,0,
07a0c9,4,1,0,0,1,143,5,1,2,0,
07a0c9,4,2,0,0,1,161,10,1,2,0,
07a0c9,4,3,0,0,1,627,23,1,40,0,
07a0c9,4,4,0,0,1,31,1,1,4,0,
07a0c9,4,5,0,0,1,208,6,1,3,0,
07a0c9,4,6,0,0,1,635,22,1,1,0,
07a0c9,4,7,0,0,1,432,12,1,21,0,
07a0c9,4,8,0,0,1,503,19,1,38,0,
07a0c9,4,9,0,0,1,400,17,1,25,0,
07a0c9,4,10,0,0,1,48,2,1,27,0,
07a0c9,4,11,0,0,1,338,14,1,132,0,
07a0c9,4,12,0,0,1,485,16,1,1,0,
07a0c9,4,13,0,0,1,1437,46,1,50,0,
07a0c9,4,14,0,0,1,987,42,1,27,0,
07a0c9,4,15,0,0,1,385,14,1,44,0,
07a0c9,4,16,0,0,1,867,27,1,37,0,
07a0c9,4,17,0,0,1,3135,81,1,2,0,
07a0c9,4,18,0,0,1,1115,37,1,39,0,
07a0c9,4,19,0,0,1,531,17,1,31,0,
07a0c9,4,20,0,0,1,474,18,1,1,0,
07a0c9,4,21,0,0,1,334,9,1,8,0,
07a0c9,4,22,0,0,1,80,4,1,7,0,
07a0c9,11,1,0,0,1,461,18,1,182,0,
07a0c9,11,2,0,0,1,1015,37,1,2,0,
07a0c9,11,3,0,0,1,658,17,1,1174,1,TypeError
07a0c9,11,4,0,0,1,1300,25,1,953,1,AttributeError
07a0c9,11,5,0,0,1,901,29,1,2,0,
07a0c9,11,6,0,0,1,100,2,1,335,0,
07a0c9,11,7,0,0,1,1282,47,1,992,1,AttributeError
07a0c9,11,8,0,0,1,871,33,1,44,1,
07a0c9,11,9,0,0,1,407,17,1,438,1,NameError
07a0c9,11,10,0,0,1,1695,60,1,2,0,
07a0c9,11,11,0,0,1,514,16,1,45,0,
07a0c9,11,12,0,0,1,329,12,1,44,1,
07a0c9,11,13,0,0,1,941,32,1,434,1,NameError
07a0c9,11,14,0,0,1,1673,61,1,2,0,
07a0c9,11,15,0,0,1,856,30,1,3,0,
07a0c9,11,16,0,0,1,402,17,1,1,0,
07a0c9,11,17,0,0,1,110,4,1,117,0,
07a0c9,11,18,0,0,1,141,4,1,17,0,
07a0c9,11,19,0,0,1,118,3,1,1,0,
07a0c9,11,20,0,0,1,78,2,1,353,1,NameError
07a0c9,11,21,0,0,1,195,7,1,601,1,NameError
07a0c9,11,22,0,0,1,683,19,1,4,0,
07a0c9,11,23,0,0,1,117,5,1,5,0,
07a0c9,11,24,0,0,1,222,9,1,95,0,
07a0c9,11,25,0,0,1,185,6,1,1,0,
07a0c9,11,26,0,0,1,396,14,1,2,0,
07a0c9,11,27,0,0,1,367,16,1,68,0,
07a0c9,11,28,0,0,1,348,7,1,22,0,
07a0c9,11,29,0,0,1,312,10,1,35,0,
07a0c9,11,30,0,0,1,488,14,1,1,0,
07a0c9,11,31,0,0,1,573,21,1,5,0,
07a0c9,11,32,0,0,1,239,9,1,38,0,
07a0c9,16,1,0,0,1,349,16,1,2,0,
07a0c9,16,2,0,0,1,965,27,1,4,0,
07a0c9,16,3,0,0,1,741,29,1,3,0,
07a0c9,16,4,0,0,1,165,5,1,2,0,
07a0c9,16,5,0,0,1,275,8,1,4,0,
07a0c9,16,6,0,0,1,116,3,1,92,0,
07a0c9,16,7,0,0,1,47,2,1,229,0,
07a0c9,16,8,0,0,1,722,25,1,44,1,
07a0c9,16,9,0,0,1,772,29,1,586,1,NameError
07a0c9,16,10,0,0,1,88,4,1,591,1,NameError
07a0c9,16,11,0,0,1,809,30,1,850,1,NameError
07a0c9,16,12,0,0,1,465,17,1,15,0,
07a0c9,16,13,0,0,1,546,20,1,462,1,NameError
07a0c9,16,14,0,0,1,171,6,1,442,1,NameError
07a0c9,16,15,0,0,1,193,8,1,2,0,
07a0c9,16,16,0,0,1,512,19,1,3,0,
07a0c9,16,17,0,0,1,986,19,1,491,1,NameError
07a0c9,16,18,0,0,1,657,19,1,2,0,
07a0c9,16,19,0,0,1,70,2,1,92,0,
07a0c9,16,20,0,0,1,511,14,1,3,0,
07a0c9,16,21,0,0,1,201,8,1,1,0,
07a0c9,16,22,0,0,1,473,12,1,10,0,
07a0c9,16,23,0,0,1,575,14,1,10,0,
07a0c9,16,24,0,0,1,34,1,1,50,0,
07a0c9,16,25,0,0,1,1044,31,1,366,0,
07a0c9,16,26,0,0,1,320,12,1,44,1,
07a0c9,16,27,0,0,1,320,11,1,398,1,NameError
07a0c9,16,28,0,0,1,173,7,1,442,1,NameError
07a0c9,16,29,0,0,1,720,28,1,437,1,NameError
07a0c9,16,30,0,0,1,764,30,1,1,0,
07a0c9,16,31,0,0,1,274,8,1,51,0,
07a0c9,16,32,0,0,1,827,23,1,44,1,
07a0c9,16,33,0,0,1,172,3,1,2,0,
07a0c9,16,34,0,0,1,245,10,1,27,0,
07a0c9,16,35,0,0,1,421,11,1,51,0,
07a0c9,13,1,0,0,1,622,22,1,73,0,
07a0c9,13,2,0,0,1,181,4,1,73,0,
07a0c9,13,3,0,0,1,1096,35,1,2,0,
07a0c9,13,4,0,0,1,1960,59,1,2,0,
07a0c9,13,5,0,0,1,90,2,1,335,0,
07a0c9,13,6,0,0,1,1171,45,1,44,1,
07a0c9,13,7,0,0,1,418,11,1,517,1,NameError
07a0c9,13,8,0,0,1,111,4,1,402,1,NameError
07a0c9,13,9,0,0,1,2767,89,1,2,0,
07a0c9,13,10,0,0,1,711,25,1,3,0,
07a0c9,13,11,0,0,1,539,21,1,1,0,
07a0c9,13,12,0,0,1,220,10,1,117,0,
07a0c9,13,13,0,0,1,288,9,1,341,0,
07a0c9,13,14,0,0,1,328,10,1,2,0,
07a0c9,13,15,0,0,1,281,7,1,1,0,
07a0c9,13,16,0,0,1,219,8,1,4,0,
07a0c9,13,17,0,0,1,160,5,1,46,0,
07a0c9,13,18,0,0,1,447,16,1,1,0,
07a0c9,13,19,0,0,1,57,2,1,68,0,
07a0c9,13,20,0,0,1,216,6,1,2,0,
07a0c9,13,21,0,0,1,47,2,1,549,1,TypeError
07a0c9,13,22,0,0,1,99,4,1,117,0,
07a0c9,13,23,0,0,1,249,8,1,134,0,
07a0c9,13,24,0,0,1,715,25,1,351,0,
07a0c9,13,25,0,0,1,94,3,1,119,0,
07a0c9,13,26,0,0,1,222,7,1,576,1,NameError
07a0c9,13,27,0,0,1,278,9,1,257,0,
07a0c9,13,28,0,0,1,429,7,1,45,0,
07a0c9,13,29,0,0,1,417,16,1,530,0,
07a0c9,13,30,0,0,1,693,19,1,16,0,
07a0c9,13,31,0,0,1,37,1,1,16,0,
07a0c9,13,32,0,0,1,222,8,1,46,0,
07a0c9,13,33,0,0,1,206,8,1,16,0,
07a0c9,13,34,0,0,1,384,15,1,65,0,
07a0c9,13,35,0,0,1,20,1,1,36,0,
07a0c9,13,36,0,0,1,998,30,1,44,1,
07a0c9,13,37,0,0,1,276,9,1,419,1,NameError
07a0c9,13,38,0,0,1,352,16,1,376,1,NameError
07a0c9,13,39,0,0,1,2132,68,1,404,1,NameError
07a0c9,13,40,1,0,0,0,0,0,0,0,
7c78ab,10,1,0,0,1,116,4,1,16,0,
7c78ab,10,2,0,0,1,91,3,1,15,0,
7c78ab,10,3,0,0,1,11,1,1,8,0,
7c78ab,10,4,0,0,1,476,21,1,212,0,
7c78ab,10,5,1,0,0,0,0,0,0,0,
7c78ab,7,1,0,0,1,404,18,1,169,0,
7c78ab,7,2,0,0,1,150,8,1,9,0,
7c78ab,7,3,1,0,0,0,0,0,0,0,
7c78ab,15,1,0,0,1,73,3,1,9,0,
7c78ab,15,2,0,0,1,570,23,1,216,0,
7c78ab,15,3,0,0,1,137,8,1,9,0,
7c78ab,15,4,1,0,0,0,0,0,0,0,
7c78ab,19,1,0,0,1,84,3,1,16,0,
7c78ab,19,2,0,0,1,11,1,1,8,0,
7c78ab,19,3,0,0,1,526,24,1,161,0,
7c78ab,19,4,0,0,1,377,14,1,130,0,
7c78ab,19,5,1,0,0,0,0,0,0,0,
7c78ab,18,1,0,0,1,144,5,1,21,0,
7c78ab,18,2,0,0,1,418,18,1,169,0,
7c78ab,18,3,0,0,1,441,18,1,83,0,
7c78ab,18,4,1,0,0,0,0,0,0,0,
7c78ab,4,1,0,0,1,443,21,1,161,0,
7c78ab,4,2,0,0,1,74,3,1,17,0,
7c78ab,4,3,0,0,1,281,14,1,126,0,
7c78ab,4,4,0,0,1,88,3,1,7,0,
7c78ab,4,5,0,0,1,385,15,1,193,0,
7c78ab,4,6,1,0,0,0,0,0,0,0,
7c78ab,8,1,0,0,1,422,18,1,213,0,
7c78ab,8,2,0,0,1,37,2,1,49,0,
7c78ab,8,3,0,0,1,129,8,1,9,0,
7c78ab,8,4,0,0,1,102,5,1,21,0,
7c78ab,8,5,0,0,1,435,17,1,197,0,
7c78ab,8,6,0,0,1,271,8,1,17,0,
7c78ab,8,7,1,0,0,0,0,0,0,0,
7c78ab,21,1,0,0,1,127,8,1,9,0,
7c78ab,21,2,0,0,1,269,8,1,17,0,
7c78ab,21,3,0,0,1,529,23,1,225,0,
7c78ab,21,4,0,0,1,354,13,1,82,0,
7c78ab,21,5,0,0,1,11,1,1,8,0,
7c78ab,21,6,1,0,0,0,0,0,0,0,
7c78ab,11,1,0,0,1,208,11,1,7,0,
7c78ab,11,2,0,0,1,276,13,1,7,0,
7c78ab,11,3,0,0,1,494,17,1,283,0,
7c78ab,11,4,0,0,1,354,13,1,137,0,
7c78ab,11,5,0,0,1,173,9,1,7,0,
7c78ab,11,6,1,0,0,0,0,0,0,0,
7c78ab,9,1,0,0,1,385,16,1,178,0,
7c78ab,9,2,0,0,1,66,4,1,13,0,
7c78ab,9,3,0,0,1,165,10,1,9,0,
7c78ab,9,4,1,0,0,0,0,0,0,0,
7c78ab,20,1,0,0,1,28,3,1,7,0,
7c78ab,20,2,0,0,1,753,28,1,212,0,
7c78ab,20,3,0,0,1,398,15,1,129,0,
7c78ab,20,4,0,0,1,125,8,1,9,0,
7c78ab,20,5,1,0,0,0,0,0,0,0,
7c78ab,23,1,0,0,1,211,11,1,9,0,
7c78ab,23,2,0,0,1,275,11,1,7,0,
7c78ab,23,3,0,0,1,357,12,1,256,0,
7c78ab,23,4,1,0,0,0,0,0,0,0,
7c78ab,14,1,0,0,1,418,17,1,131,0,
7c78ab,14,2,0,0,1,209,11,1,49,0,
7c78ab,14,3,0,0,1,12,1,1,9,0,
7c78ab,14,4,1,0,0,0,0,0,0,0,
7c78ab,22,1,0,0,1,499,23,1,161,0,
7c78ab,22,2,0,0,1,347,13,1,121,0,
7c78ab,22,3,0,0,1,193,11,1,9,0,
7c78ab,22,4,1,0,0,0,0,0,0,0,
7c78ab,6,1,0,0,1,497,21,1,176,0,
7c78ab,6,2,0,0,1,142,5,1,28,0,
7c78ab,6,3,0,0,1,115,5,1,134,0,
7c78ab,6,4,0,0,1,85,4,1,11,0,
7c78ab,6,5,0,0,1,123,4,1,9,0,
7c78ab,6,6,0,0,1,11,1,1,8,0,
7c78ab,6,7,0,0,1,491,18,1,176,0,
7c78ab,6,8,0,0,1,81,3,1,9,0,
7c78ab,6,9,1,0,0,0,0,0,0,0,
7c78ab,24,1,0,0,1,94,3,1,9,0,
7c78ab,24,2,0,0,1,478,21,1,226,0,
7c78ab,24,3,0,0,1,88,5,1,9,0,
7c78ab,24,4,1,0,0,0,0,0,0,0,
7c78ab,2,1,0,0,1,130,4,1,18,0,
7c78ab,2,2,0,0,1,120,6,1,6,0,
7c78ab,2,3,0,0,1,858,33,1,296,0,
7c78ab,2,4,0,0,1,120,6,1,7,0,
7c78ab,2,5,0,0,1,69,5,1,6,0,
7c78ab,2,6,1,0,0,0,0,0,0,0,
7c78ab,16,1,0,0,1,130,8,1,9,0,
7c78ab,16,2,0,0,1,149,5,1,21,0,
7c78ab,16,3,0,0,1,331,13,1,101,0,
7c78ab,16,4,0,0,1,311,13,1,50,0,
7c78ab,16,5,1,0,0,0,0,0,0,0,
7c78ab,1,1,0,0,1,66,4,1,13,0,
7c78ab,1,2,0,0,1,507,23,1,265,0,
7c78ab,1,3,0,0,1,361,13,1,190,0,
7c78ab,1,4,0,0,1,118,8,1,9,0,
7c78ab,1,5,0,0,1,16,1,1,5,0,
7c78ab,1,6,0,0,1,455,19,1,287,0,
7c78ab,1,7,0,0,1,233,9,1,17,0,
7c78ab,13,1,0,0,1,421,18,1,226,0,
7c78ab,13,2,0,0,1,497,20,1,248,0,
7c78ab,13,3,0,0,1,127,5,1,30,0,
7c78ab,13,4,0,0,1,159,10,1,9,0,
7c78ab,13,5,0,0,1,445,17,1,396,0,
7c78ab,13,6,0,0,1,96,5,1,21,0,
7c78ab,13,7,1,0,0,0,0,0,0,0,
7c78ab,17,1,0,0,1,675,27,1,70,0,
7c78ab,17,2,0,0,1,482,21,1,340,0,
7c78ab,17,3,0,0,1,345,13,1,288,0,
7c78ab,17,4,0,0,1,121,4,1,18,0,
7c78ab,17,5,0,0,1,80,4,1,21,0,
7c78ab,17,6,0,0,1,247,14,1,5,0,
7c78ab,17,7,0,0,1,377,17,1,5,0,
7c78ab,17,8,0,0,1,16,1,1,5,0,
7c78ab,17,9,1,0,0,0,0,0,0,0,
7c78ab,5,1,0,0,1,287,13,1,17,0,
7c78ab,5,2,0,0,1,487,20,1,217,0,
7c78ab,5,3,0,0,1,188,9,1,215,0,
7c78ab,5,4,0,0,1,223,9,1,17,0,
7c78ab,5,5,0,0,1,440,15,1,216,0,
7c78ab,5,6,0,0,1,66,4,1,13,0,
7c78ab,5,7,1,0,0,0,0,0,0,0,
7c78ab,3,1,0,0,1,391,16,1,140,0,
7c78ab,3,2,0,0,1,122,4,1,9,0,
7c78ab,3,3,0,0,1,11,1,1,8,0,
7c78ab,3,4,0,0,1,548,23,1,379,0,
7c78ab,3,5,0,0,1,175,10,1,9,0,
7c78ab,3,6,0,0,1,443,18,1,69,0,
7c78ab,3,7,1,0,0,0,0,0,0,0,
7c78ab,12,1,0,0,1,66,4,1,13,0,
7c78ab,12,2,0,0,1,165,1,1,45,0,
7c78ab,12,3,0,0,1,160,1,1,45,0,
7c78ab,12,4,0,0,1,130,1,1,45,0,
7c78ab,12,5,0,0,1,28,1,1,45,0,
7c78ab,12,6,0,0,1,1605,49,1,45,0,
7c78ab,12,7,0,0,1,71,3,1,680,1,RuntimeError
7c78ab,12,8,0,0,1,399,15,1,194,0,
7c78ab,12,9,0,0,1,133,5,1,7,0,
7c78ab,12,10,0,0,1,441,16,1,431,0,
7c78ab,12,11,0,0,1,120,4,1,18,0,
7c78ab,12,12,0,0,1,33,1,1,22,0,
7c78ab,12,13,0,0,1,31,1,1,18,0,
7c78ab,12,14,1,0,0,0,0,0,0,0,
7c78ab,36,1,0,0,1,96,5,1,21,0,
7c78ab,36,2,0,0,1,514,21,1,68,0,
7c78ab,36,3,0,0,1,76,3,1,75,0,
7c78ab,36,4,1,0,0,0,0,0,0,0,
7c78ab,41,1,0,0,1,126,7,1,9,0,
7c78ab,41,2,0,0,1,66,4,1,13,0,
7c78ab,41,3,0,0,1,478,21,1,191,0,
7c78ab,41,4,1,0,0,0,0,0,0,0,
7c78ab,34,1,0,0,1,139,1,1,45,0,
7c78ab,34,2,0,0,1,424,18,1,155,0,
7c78ab,34,3,0,0,1,453,19,1,265,0,
7c78ab,34,4,0,0,1,102,5,1,21,0,
7c78ab,34,5,0,0,1,160,10,1,5,0,
7c78ab,34,6,0,0,1,356,13,1,83,0,
7c78ab,34,7,1,0,0,0,0,0,0,0,
7c78ab,43,1,0,0,1,129,8,1,9,0,
7c78ab,43,2,0,0,1,244,8,1,17,0,
7c78ab,43,3,0,0,1,378,14,1,226,0,
7c78ab,43,4,1,0,0,0,0,0,0,0,
7c78ab,33,1,0,0,1,66,4,1,13,0,
7c78ab,33,2,0,0,1,584,26,1,165,0,
7c78ab,33,3,0,0,1,424,20,1,192,0,
7c78ab,33,4,0,0,1,123,8,1,9,0,
7c78ab,33,5,1,0,0,0,0,0,0,0,
7c78ab,31,1,0,0,1,66,4,1,13,0,
7c78ab,31,2,1,0,0,0,0,0,0,0,
7c78ab,26,1,0,0,1,420,16,1,213,0,
7c78ab,26,2,0,0,1,127,8,1,9,0,
7c78ab,26,3,0,0,1,160,3,1,17,0,
7c78ab,26,4,0,0,1,419,16,1,219,0,
7c78ab,26,5,0,0,1,286,10,1,7,0,
7c78ab,26,6,0,0,1,198,5,1,7,0,
7c78ab,26,7,1,0,0,0,0,0,0,0,
7c78ab,32,1,0,0,1,156,9,1,9,0,
7c78ab,32,2,0,0,1,10,1,1,7,0,
7c78ab,32,3,0,0,1,120,5,1,20,0,
7c78ab,32,4,0,0,1,512,22,1,214,0,
7c78ab,32,5,0,0,1,417,15,1,129,0,
7c78ab,32,6,1,0,0,0,0,0,0,0,
7c78ab,44,1,0,0,1,130,5,1,21,0,
7c78ab,44,2,0,0,1,396,18,1,186,0,
7c78ab,44,3,1,0,0,0,0,0,0,0,
7c78ab,40,1,0,0,1,86,3,1,6,0,
7c78ab,40,2,0,0,1,16,1,1,7,0,
7c78ab,40,3,0,0,1,479,22,1,161,0,
7c78ab,40,4,0,0,1,270,9,1,81,0,
7c78ab,40,5,1,0,0,0,0,0,0,0,
7c78ab,28,1,0,0,1,66,4,1,13,0,
7c78ab,28,2,0,0,1,485,22,1,266,0,
7c78ab,28,3,0,0,1,383,15,1,274,0,
7c78ab,28,4,0,0,1,125,8,1,9,0,
7c78ab,28,5,1,0,0,0,0,0,0,0,
7c78ab,39,1,0,0,1,124,7,1,9,0,
7c78ab,39,2,0,0,1,269,8,1,17,0,
7c78ab,39,3,0,0,1,766,26,1,161,0,
7c78ab,39,4,0,0,1,66,4,1,13,0,
7c78ab,39,5,1,0,0,0,0,0,0,0,
7c78ab,27,1,0,0,1,254,13,1,17,0,
7c78ab,27,2,0,0,1,498,21,1,276,0,
7c78ab,27,3,0,0,1,294,14,1,7,0,
7c78ab,42,1,0,0,1,428,20,1,129,0,
7c78ab,42,2,0,0,1,83,3,1,17,0,
7c78ab,42,3,0,0,1,11,1,1,7,0,
7c78ab,42,4,0,0,1,177,10,1,9,0,
7c78ab,42,5,1,0,0,0,0,0,0,0,
7c78ab,30,1,0,0,1,397,16,1,309,0,
7c78ab,30,2,0,0,1,138,5,1,21,0,
7c78ab,30,3,0,0,1,1267,43,1,633,1,
7c78ab,30,4,0,0,1,476,21,1,442,0,
7c78ab,30,5,0,0,1,386,14,1,228,0,
7c78ab,30,6,0,0,1,198,11,1,9,0,
7c78ab,30,7,1,0,0,0,0,0,0,0,
7c78ab,37,1,0,0,1,382,16,1,213,0,
7c78ab,37,2,0,0,1,68,3,1,53,0,
7c78ab,37,3,0,0,1,490,18,1,144,0,
7c78ab,37,4,0,0,1,370,14,1,103,0,
7c78ab,37,5,0,0,1,133,4,1,18,0,
7c78ab,37,6,0,0,1,149,9,1,6,0,
7c78ab,37,7,0,0,1,16,1,1,7,0,
7c78ab,37,8,0,0,1,269,15,1,83,0,
7c78ab,37,9,0,0,1,163,8,1,61,0,
7c78ab,37,10,0,0,1,12,1,1,7,0,
7c78ab,37,11,1,0,0,0,0,0,0,0,
7c78ab,46,1,0,0,1,568,22,1,176,0,
7c78ab,46,2,0,0,1,104,5,1,11,0,
7c78ab,46,3,0,0,1,66,4,1,13,0,
7c78ab,46,4,0,0,1,13,1,1,7,0,
7c78ab,46,5,0,0,1,471,21,1,274,0,
7c78ab,46,6,0,0,1,66,3,1,7,0,
7c78ab,46,7,1,0,0,0,0,0,0,0,
7c78ab,38,1,0,0,1,127,8,1,9,0,
7c78ab,38,2,0,0,1,269,8,1,17,0,
7c78ab,38,3,0,0,1,398,15,1,129,0,
7c78ab,38,4,0,0,1,54,3,1,7,0,
7c78ab,38,5,0,0,1,427,17,1,166,0,
7c78ab,47,1,0,0,1,144,1,1,45,0,
7c78ab,47,2,0,0,1,386,15,1,227,0,
7c78ab,47,3,0,0,1,428,19,1,341,0,
7c78ab,47,4,0,0,1,123,5,1,7,0,
7c78ab,47,5,0,0,1,581,21,1,268,0,
7c78ab,47,6,0,0,1,9,1,1,8,0,
7c78ab,47,7,1,0,0,0,0,0,0,0,
7c78ab,35,1,0,0,1,290,4,1,7,0,
7c78ab,35,2,0,0,1,411,18,1,176,0,
7c78ab,35,3,0,0,1,185,11,1,9,0,
7c78ab,35,4,0,0,1,228,14,1,5,0,
7c78ab,35,5,0,0,1,408,17,1,5,0,
7c78ab,35,6,0,0,1,14,1,1,5,0,
7c78ab,35,7,1,0,0,0,0,0,0,0,
7c78ab,29,1,0,0,1,119,4,1,18,0,
7c78ab,29,2,0,0,1,439,14,1,44,0,
7c78ab,29,3,0,0,1,108,5,1,28,0,
7c78ab,29,4,0,0,1,16,1,1,21,0,
7c78ab,29,5,0,0,1,66,4,1,13,0,
7c78ab,29,6,0,0,1,498,21,1,288,0,
7c78ab,29,7,0,0,1,73,2,1,7,0,
7c78ab,29,8,0,0,1,16,1,1,5,0,
7c78ab,45,1,0,0,1,666,22,1,213,0,
7c78ab,45,2,0,0,1,664,30,1,481,0,
7c78ab,45,3,0,0,1,217,10,1,103,0,
7c78ab,45,4,0,0,1,66,4,1,13,0,
7c78ab,45,5,0,0,1,34,2,1,7,0,
7c78ab,45,6,0,0,1,9,1,1,8,0,
7c78ab,45,7,0,0,1,13,1,1,7,0,
7c78ab,45,8,0,0,1,135,4,1,18,0,
7c78ab,45,9,1,0,0,0,0,0,0,0,
7c78ab,48,1,0,0,1,391,16,1,213,0,
7c78ab,48,2,0,0,1,41,2,1,49,0,
7c78ab,48,3,0,0,1,526,23,1,314,0,
7c78ab,48,4,0,0,1,36,3,1,7,0,
7c78ab,48,5,0,0,1,78,3,1,9,0,
7c78ab,48,6,0,0,1,178,10,1,7,0,
7c78ab,48,7,0,0,1,132,3,1,7,0,
7c78ab,48,8,1,0,0,0,0,0,0,0,
7c78ab,25,1,0,0,1,761,25,1,184,0,
7c78ab,25,2,0,0,1,468,19,1,184,0,
7c78ab,25,3,0,0,1,130,8,1,9,0,
7c78ab,25,4,0,0,1,271,8,1,17,0,
7c78ab,25,5,0,0,1,83,5,1,7,0,
7c78ab,25,6,1,0,0,0,0,0,0,0,
cf3142,17,1,0,0,1,102,1,1,45,0,
cf3142,17,2,0,0,1,461,17,1,422,0,
cf3142,7,1,0,0,1,747,32,1,41,0,
cf3142,7,2,0,0,1,2617,57,1,18,0,
cf3142,15,1,0,0,1,797,32,1,7,0,
cf3142,15,2,0,0,1,301,14,1,7,0,
cf3142,15,3,1,0,0,0,0,0,0,0,
cf3142,23,1,0,0,1,642,33,1,3,0,
cf3142,23,2,0,0,1,420,19,1,4,0,
cf3142,23,3,0,0,1,616,21,1,1,0,
cf3142,23,4,0,0,1,36,2,1,1,0,
cf3142,23,5,0,0,1,36,2,1,44,1,
cf3142,5,1,0,0,1,631,22,1,1,0,
cf3142,5,2,0,0,1,8,1,1,258,0,
cf3142,8,1,0,0,1,1187,43,1,44,1,
cf3142,8,2,0,0,1,977,38,1,1,0,
cf3142,8,3,0,0,1,9,1,1,174,0,
cf3142,8,4,0,0,1,984,38,1,20,0,
cf3142,21,1,0,0,1,146,7,1,4,0,
cf3142,21,2,0,0,1,160,4,1,4,0,
cf3142,21,3,0,0,1,529,19,1,3,0,
cf3142,21,4,0,0,1,329,14,1,3,0,
cf3142,22,1,0,0,1,664,21,1,1,0,
cf3142,22,2,0,0,1,7,1,1,44,0,
cf3142,22,3,0,0,1,7,1,1,44,0,
cf3142,22,4,0,0,1,7,1,1,44,0,
cf3142,18,1,0,0,1,160,1,1,45,0,
cf3142,18,2,0,0,1,800,25,1,1,0,
cf3142,18,3,0,0,1,8,1,1,258,0,
cf3142,18,4,0,0,1,94,4,1,5,0,
cf3142,18,5,0,0,1,53,2,1,39,0,
cf3142,18,6,0,0,1,91,1,1,45,0,
cf3142,18,7,0,0,1,612,19,1,3,0,
cf3142,18,8,0,0,1,136,5,1,4,0,
cf3142,20,1,1,0,0,0,0,0,0,0,
cf3142,24,1,0,0,1,450,17,1,44,1,
cf3142,24,2,0,0,1,369,13,1,34,0,
cf3142,24,3,0,0,1,459,16,1,1,0,
cf3142,24,4,0,0,1,586,26,1,24,0,
cf3142,9,1,0,0,1,609,30,1,3,0,
cf3142,9,2,0,0,1,355,15,1,4,0,
cf3142,9,3,0,0,1,2019,49,1,4,0,
cf3142,6,1,0,0,1,475,19,1,17,0,
cf3142,6,2,0,0,1,1265,38,1,45,0,
cf3142,6,3,0,0,1,978,31,1,45,0,
cf3142,6,4,0,0,1,999,32,1,45,0,
cf3142,6,5,0,0,1,1290,45,1,1,0,
cf3142,6,6,0,0,1,9,1,1,174,0,
cf3142,3,1,0,0,1,451,26,1,329,0,
cf3142,13,1,0,0,1,606,25,1,6,0,
cf3142,13,2,0,0,1,1083,33,1,1,0,
cf3142,13,3,0,0,1,8,1,1,44,0,
cf3142,13,4,0,0,1,8,1,1,44,0,
cf3142,13,5,0,0,1,8,1,1,44,0,
cf3142,13,6,0,0,1,1157,41,1,6,0,
cf3142,13,7,0,0,1,249,11,1,2,0,
cf3142,13,8,0,0,1,8,1,1,90,0,
cf3142,13,9,0,0,1,41,1,1,4,0,
cf3142,13,10,0,0,1,41,1,1,4,0,
cf3142,13,11,0,0,1,46,1,1,5,0,
cf3142,13,12,0,0,1,46,1,1,5,0,
cf3142,12,1,0,0,1,947,26,1,1,0,
cf3142,12,2,0,0,1,8,1,1,44,0,
cf3142,12,3,0,0,1,8,1,1,44,0,
cf3142,12,4,0,0,1,8,1,1,44,0,
cf3142,12,5,0,0,1,607,26,1,4,0,
cf3142,12,6,0,0,1,994,29,1,2,0,
cf3142,12,7,0,0,1,124,5,1,1,0,
cf3142,14,1,0,0,1,166,1,1,45,0,
cf3142,14,2,0,0,1,648,27,1,20,0,
cf3142,14,3,0,0,1,573,24,1,24,0,
cf3142,14,4,0,0,1,664,22,1,1,0,
cf3142,14,5,0,0,1,8,1,1,44,0,
cf3142,14,6,0,0,1,8,1,1,44,0,
cf3142,14,7,0,0,1,8,1,1,44,0,
cf3142,14,8,0,0,1,1221,26,1,45,0,
cf3142,14,9,0,0,1,599,23,1,4,0,
cf3142,19,1,0,0,1,753,24,1,45,0,
cf3142,19,2,0,0,1,432,14,1,587,1,NameError
cf3142,19,3,0,0,1,561,15,1,44,1,
cf3142,19,4,0,0,1,479,19,1,638,1,NameError
cf3142,19,5,0,0,1,509,20,1,16,0,
cf3142,19,6,0,0,1,487,17,1,1,0,
cf3142,11,1,0,0,1,134,1,1,45,0,
cf3142,11,2,0,0,1,117,1,1,45,0,
cf3142,11,3,0,0,1,28,1,1,45,0,
cf3142,11,4,0,0,1,230,12,1,4,0,
cf3142,11,5,0,0,1,748,35,1,18,0,
cf3142,11,6,0,0,1,894,31,1,20,0,
cf3142,11,7,0,0,1,362,11,1,2227,0,
cf3142,11,8,0,0,1,244,11,1,411,0,
cf3142,11,9,0,0,1,66,2,1,1896,0,
cf3142,11,10,0,0,1,29,1,1,4,0,
cf3142,11,11,0,0,1,4467,134,1,1462,0,
cf3142,16,1,0,0,1,163,1,1,45,0,
cf3142,16,2,0,0,1,355,14,1,449,0,
cf3142,16,3,0,0,1,669,21,1,1,0,
cf3142,16,4,0,0,1,40,3,1,136,0,
cf3142,16,5,0,0,1,29,2,1,44,1,
cf3142,16,6,0,0,1,104,1,1,45,0,
cf3142,16,7,0,0,1,437,16,1,329,0,
cf3142,16,8,0,0,1,1449,51,1,2,0,
cf3142,16,9,0,0,1,8,1,1,492,0,
cf3142,16,10,0,0,1,87,4,1,175,0,
b286eb,23,1,0,0,1,85,6,1,8,0,
b286eb,10,1,0,0,1,631,23,1,2,0,
b286eb,10,2,0,0,1,131,3,1,484,0,
b286eb,10,3,0,0,1,142,7,1,2,0,
b286eb,10,4,0,0,1,18,1,1,146,0,
b286eb,10,5,0,0,1,119,4,1,605,0,
b286eb,10,6,0,0,1,236,12,1,34,0,
b286eb,10,7,0,0,1,19,1,1,34,0,
b286eb,10,8,0,0,1,19,1,1,34,0,
b286eb,10,9,0,0,1,21,1,1,27,0,
b286eb,10,10,0,0,1,508,21,1,4,0,
b286eb,10,11,0,0,1,16,1,1,3,0,
b286eb,10,12,0,0,1,16,1,1,3,0,
b286eb,10,13,0,0,1,16,1,1,3,0,
b286eb,10,14,0,0,1,16,1,1,3,0,
b286eb,10,15,0,0,1,376,15,1,31,0,
b286eb,10,16,0,0,1,31,1,1,3,0,
b286eb,7,1,0,0,1,136,2,1,45,0,
b286eb,7,2,0,0,1,145,1,1,45,0,
b286eb,7,3,0,0,1,153,5,1,45,0,
b286eb,7,4,0,0,1,50,2,1,29,0,
b286eb,7,5,0,0,1,691,28,1,145,0,
b286eb,7,6,0,0,1,485,16,1,55,0,
b286eb,7,7,0,0,1,823,28,1,4,0,
b286eb,3,1,0,0,1,119,1,1,45,0,
b286eb,3,2,0,0,1,1015,34,1,223,0,
b286eb,3,3,0,0,1,45,2,1,85,0,
b286eb,3,4,0,0,1,311,12,1,3,0,
b286eb,3,5,0,0,1,122,5,1,196,0,
b286eb,3,6,0,0,1,44,2,1,91,0,
b286eb,3,7,0,0,1,44,2,1,5,0,
b286eb,3,8,0,0,1,44,2,1,5,0,
b286eb,3,9,0,0,1,44,2,1,92,0,
b286eb,3,10,0,0,1,45,2,1,65,0,
b286eb,3,11,0,0,1,45,2,1,33,0,
b286eb,3,12,0,0,1,45,2,1,5,0,
b286eb,3,13,0,0,1,45,2,1,5,0,
b286eb,3,14,0,0,1,45,2,1,5,0,
b286eb,3,15,0,0,1,629,23,1,361,0,
b286eb,3,16,0,0,1,40,2,1,2,0,
b286eb,4,1,0,0,1,850,31,1,2,0,
b286eb,4,2,0,0,1,296,13,1,6,0,
b286eb,4,3,0,0,1,471,23,1,6,0,
b286eb,4,4,0,0,1,344,15,1,194,0,
b286eb,4,5,0,0,1,383,15,1,11,0,
b286eb,4,6,0,0,1,518,21,1,16,0,
b286eb,4,7,0,0,1,461,14,1,2,0,
b286eb,4,8,0,0,1,374,12,1,4,0,
b286eb,21,1,0,0,1,391,14,1,22,0,
b286eb,21,2,0,0,1,38,2,1,39,0,
b286eb,21,3,0,0,1,38,2,1,64,0,
b286eb,21,4,0,0,1,21,1,1,3,0,
b286eb,21,5,0,0,1,21,1,1,40,0,
b286eb,21,6,0,0,1,21,1,1,31,0,
b286eb,21,7,0,0,1,21,1,1,38,0,
b286eb,21,8,0,0,1,21,1,1,95,0,
b286eb,21,9,0,0,1,896,27,1,407,0,
b286eb,21,10,0,0,1,359,12,1,44,0,
b286eb,21,11,0,0,1,415,13,1,133,0,
b286eb,21,12,0,0,1,111,7,1,8,0,
b286eb,20,1,0,0,1,771,28,1,45,0,
b286eb,20,2,0,0,1,126,4,1,45,0,
b286eb,20,3,0,0,1,402,17,1,619,0,
b286eb,20,4,0,0,1,666,24,1,3,0,
b286eb,20,5,0,0,1,8,1,1,975,0,
b286eb,20,6,0,0,1,378,15,1,89,0,
b286eb,20,7,0,0,1,402,14,1,81,0,
b286eb,20,8,0,0,1,32,1,1,2,0,
b286eb,20,9,0,0,1,296,11,1,19,0,
b286eb,5,1,0,0,1,70,2,1,45,0,
b286eb,5,2,0,0,1,182,7,1,22,0,
b286eb,5,3,0,0,1,29,1,1,37,0,
b286eb,5,4,0,0,1,24,1,1,5,0,
b286eb,5,5,0,0,1,115,5,1,34,0,
b286eb,5,6,0,0,1,166,4,1,8,0,
b286eb,5,7,0,0,1,34,1,1,8,0,
b286eb,5,8,0,0,1,35,1,1,8,0,
b286eb,5,9,0,0,1,190,5,1,45,0,
b286eb,5,10,0,0,1,146,6,1,45,0,
b286eb,5,11,0,0,1,16,1,1,59,0,
b286eb,5,12,0,0,1,150,5,1,9,0,
b286eb,5,13,0,0,1,37,2,1,1,0,
b286eb,5,14,0,0,1,38,2,1,1,0,
b286eb,5,15,0,0,1,514,19,1,151,0,
b286eb,5,16,0,0,1,381,13,1,141,0,
b286eb,5,17,1,0,0,0,0,0,0,0,
b286eb,11,1,0,0,1,147,1,1,45,0,
b286eb,11,2,0,0,1,183,6,1,45,0,
b286eb,11,3,0,0,1,498,20,1,2,0,
b286eb,11,4,0,0,1,76,2,1,285,0,
b286eb,11,5,0,0,1,199,8,1,64,0,
b286eb,11,6,0,0,1,28,1,1,57,0,
b286eb,11,7,0,0,1,28,1,1,46,0,
b286eb,11,8,0,0,1,28,1,1,64,0,
b286eb,11,9,0,0,1,137,6,1,27,0,
b286eb,11,10,0,0,1,160,5,1,2,0,
b286eb,11,11,0,0,1,42,2,1,139,0,
b286eb,11,12,0,0,1,120,5,1,1,0,
b286eb,11,13,0,0,1,41,2,1,40,0,
b286eb,11,14,0,0,1,566,20,1,12,0,
b286eb,11,15,0,0,1,423,14,1,742,0,
b286eb,11,16,0,0,1,108,8,1,42,0,
b286eb,11,17,0,0,1,56,2,1,67,0,
b286eb,22,1,0,0,1,887,28,1,305,1,KeyError
b286eb,22,2,0,0,1,22,1,1,176,0,
b286eb,22,3,0,0,1,530,20,1,159,0,
b286eb,22,4,0,0,1,106,2,1,51,0,
b286eb,22,5,0,0,1,396,16,1,50,0,
b286eb,22,6,0,0,1,10,1,1,53,0,
b286eb,22,7,0,0,1,10,1,1,53,0,
b286eb,22,8,0,0,1,10,1,1,51,0,
b286eb,22,9,0,0,1,9,1,1,50,0,
b286eb,22,10,0,0,1,9,1,1,50,0,
b286eb,22,11,0,0,1,337,12,1,116,0,
b286eb,22,12,0,0,1,453,18,1,116,0,
b286eb,22,13,0,0,1,473,19,1,9,0,
b286eb,22,14,0,0,1,336,12,1,116,0,
b286eb,6,1,0,0,1,72,2,1,45,0,
b286eb,6,2,0,0,1,236,11,1,22,0,
b286eb,6,3,0,0,1,56,2,1,90,0,
b286eb,6,4,0,0,1,46,2,1,59,0,
b286eb,6,5,0,0,1,505,18,1,153,0,
b286eb,6,6,0,0,1,44,2,1,5,0,
b286eb,6,7,0,0,1,28,1,1,52,0,
b286eb,6,8,0,0,1,28,1,1,95,0,
b286eb,6,9,0,0,1,301,12,1,270,0,
b286eb,6,10,0,0,1,623,21,1,343,0,
b286eb,6,11,0,0,1,28,1,1,96,0,
b286eb,6,12,0,0,1,28,1,1,27,0,
b286eb,6,13,0,0,1,29,1,1,41,0,
b286eb,6,14,0,0,1,398,14,1,82,0,
b286eb,6,15,0,0,1,44,2,1,29,0,
b286eb,6,16,0,0,1,28,1,1,3,0,
b286eb,6,17,0,0,1,29,1,1,86,0,
b286eb,6,18,0,0,1,30,1,1,60,0,
b286eb,6,19,0,0,1,30,1,1,32,0,
b286eb,6,20,0,0,1,47,2,1,35,0,
b286eb,6,21,0,0,1,30,1,1,3,0,
b286eb,6,22,0,0,1,30,1,1,90,0,
b286eb,6,23,0,0,1,30,1,1,58,0,
b286eb,6,24,0,0,1,376,12,1,32,0,
b286eb,6,25,0,0,1,62,1,1,1,0,
b286eb,6,26,0,0,1,61,1,1,1,0,
b286eb,6,27,0,0,1,122,10,1,8,0,
b286eb,17,1,0,0,1,113,4,1,25,0,
b286eb,17,2,0,0,1,113,4,1,33,0,
b286eb,17,3,0,0,1,104,4,1,12,0,
b286eb,17,4,0,0,1,106,4,1,29,0,
b286eb,17,5,0,0,1,145,5,1,64,0,
b286eb,17,6,0,0,1,306,9,1,8,0,
b286eb,17,7,0,0,1,115,5,1,41,0,
b286eb,17,8,0,0,1,519,20,1,362,0,
b286eb,17,9,0,0,1,353,14,1,60,0,
b286eb,17,10,0,0,1,180,10,1,70,0,
b286eb,17,11,0,0,1,610,22,1,160,0,
b286eb,12,1,0,0,1,109,2,1,45,0,
b286eb,12,2,0,0,1,174,7,1,22,0,
b286eb,12,3,0,0,1,56,1,1,37,0,
b286eb,12,4,0,0,1,138,5,1,55,0,
b286eb,12,5,0,0,1,62,2,1,160,0,
b286eb,12,6,0,0,1,13,1,1,2,0,
b286eb,12,7,0,0,1,12,1,1,1,0,
b286eb,12,8,0,0,1,6,1,1,2,0,
b286eb,12,9,0,0,1,105,4,1,19,0,
b286eb,12,10,0,0,1,22,1,1,35,0,
b286eb,12,11,0,0,1,22,1,1,3,0,
b286eb,12,12,0,0,1,76,3,1,15,0,
b286eb,12,13,0,0,1,21,1,1,5,0,
b286eb,12,14,0,0,1,42,1,1,2,0,
b286eb,12,15,0,0,1,21,1,1,5,0,
b286eb,12,16,0,0,1,105,4,1,2,0,
b286eb,12,17,0,0,1,22,1,1,15,0,
b286eb,12,18,0,0,1,450,17,1,110,0,
b286eb,12,19,0,0,1,371,14,1,323,0,
b286eb,12,20,0,0,1,10,1,1,1,0,
b286eb,2,1,0,0,1,689,23,1,44,0,
b286eb,2,2,0,0,1,89,3,1,32,0,
b286eb,2,3,0,0,1,364,10,1,46,0,
b286eb,2,4,0,0,1,450,15,1,38,0,
b286eb,2,5,0,0,1,356,13,1,62,0,
b286eb,15,1,0,0,1,513,21,1,2131,0,
b286eb,15,2,0,0,1,573,17,1,110,0,
b286eb,15,3,0,0,1,613,25,1,80,0,
b286eb,15,4,0,0,1,322,12,1,2,0,
b286eb,15,5,0,0,1,354,12,1,44,1,
b286eb,15,6,0,0,1,79,3,1,354,1,NameError
b286eb,15,7,0,0,1,352,12,1,53,0,
b286eb,14,1,0,0,1,787,32,1,330,1,KeyError
b286eb,14,2,0,0,1,71,3,1,165,0,
b286eb,14,3,0,0,1,409,17,1,166,0,
b286eb,14,4,0,0,1,40,1,1,15,0,
b286eb,14,5,0,0,1,40,1,1,20,0,
b286eb,14,6,0,0,1,40,1,1,15,0,
b286eb,14,7,0,0,1,41,1,1,20,0,
b286eb,14,8,0,0,1,41,1,1,15,0,
b286eb,14,9,0,0,1,41,1,1,20,0,
b286eb,14,10,0,0,1,41,1,1,20,0,
b286eb,14,11,0,0,1,325,13,1,46,0,
b286eb,14,12,0,0,1,47,2,1,24,0,
b286eb,14,13,0,0,1,56,2,1,96,0,
b286eb,14,14,0,0,1,52,2,1,165,0,
b286eb,14,15,0,0,1,125,5,1,52,0,
b286eb,14,16,0,0,1,500,19,1,28,0,
b286eb,14,17,0,0,1,108,8,1,42,0,
b286eb,14,18,0,0,1,10,1,1,5,0,
b286eb,14,19,0,0,1,217,9,1,45,0,
b286eb,14,20,0,0,1,31,1,1,12,0,
b286eb,14,21,0,0,1,32,1,1,17,0,
b286eb,14,22,0,0,1,32,1,1,2,0,
b286eb,14,23,0,0,1,33,1,1,2,0,
b286eb,14,24,0,0,1,358,13,1,110,0,
b286eb,19,1,0,0,1,137,1,1,45,0,
b286eb,19,2,0,0,1,766,24,1,166,0,
b286eb,19,3,0,0,1,199,8,1,22,0,
b286eb,19,4,0,0,1,56,3,1,46,0,
b286eb,19,5,0,0,1,58,3,1,59,0,
b286eb,19,6,0,0,1,119,5,1,37,0,
b286eb,19,7,0,0,1,332,12,1,270,0,
b286eb,19,8,0,0,1,117,5,1,52,0,
b286eb,19,9,0,0,1,59,3,1,41,0,
b286eb,19,10,0,0,1,262,11,1,115,0,
b286eb,19,11,0,0,1,294,11,1,5,0,
b286eb,19,12,0,0,1,40,1,1,1,0,
b286eb,19,13,0,0,1,40,1,1,2,0,
b286eb,19,14,0,0,1,46,2,1,255,0,
b286eb,19,15,0,0,1,40,1,1,1,0,
b286eb,19,16,0,0,1,41,1,1,2,0,
b286eb,19,17,0,0,1,191,4,1,45,0,
b286eb,19,18,0,0,1,211,8,1,18,0,
b286eb,19,19,0,0,1,688,28,1,4,0,
b286eb,19,20,0,0,1,377,15,1,1,0,
b286eb,19,21,0,0,1,11,1,1,94,0,
b286eb,19,22,0,0,1,513,18,1,277,0,
b286eb,19,23,0,0,1,90,8,1,70,0,
b286eb,16,1,0,0,1,568,25,1,294,0,
b286eb,16,2,0,0,1,397,15,1,12,0,
b286eb,16,3,0,0,1,310,12,1,2,0,
b286eb,16,4,0,0,1,36,1,1,35,0,
b286eb,16,5,0,0,1,317,12,1,27,0,
b286eb,16,6,0,0,1,19,1,1,19,0,
b286eb,16,7,0,0,1,93,3,1,48,0,
b286eb,16,8,0,0,1,26,1,1,37,0,
b286eb,16,9,0,0,1,207,9,1,98,0,
b286eb,16,10,0,0,1,55,2,1,5,0,
b286eb,16,11,0,0,1,65,2,1,32,0,
b286eb,16,12,0,0,1,55,2,1,5,0,
b286eb,16,13,0,0,1,55,2,1,5,0,
b286eb,16,14,0,0,1,70,2,1,34,0,
b286eb,16,15,0,0,1,59,2,1,63,0,
b286eb,16,16,0,0,1,55,2,1,34,0,
b286eb,16,17,0,0,1,68,2,1,5,0,
b286eb,16,18,0,0,1,60,2,1,5,0,
b286eb,16,19,0,0,1,56,2,1,97,0,
b286eb,16,20,0,0,1,56,2,1,72,0,
b286eb,16,21,0,0,1,56,2,1,106,0,
b286eb,16,22,0,0,1,574,24,1,35,0,
b286eb,16,23,0,0,1,87,6,1,70,0,
b286eb,13,1,0,0,1,1061,39,1,4967,0,
b286eb,13,2,0,0,1,200,7,1,52,0,
b286eb,13,3,0,0,1,207,10,1,2,0,
b286eb,13,4,0,0,1,29,2,1,2,0,
b286eb,13,5,0,0,1,402,14,1,177,0,
b286eb,13,6,0,0,1,29,1,1,2,0,
b286eb,13,7,0,0,1,28,1,1,2,0,
b286eb,13,8,0,0,1,29,1,1,2,0,
b286eb,13,9,0,0,1,28,1,1,2,0,
b286eb,13,10,0,0,1,29,1,1,2,0,
b286eb,13,11,0,0,1,29,1,1,1,0,
b286eb,13,12,0,0,1,29,1,1,2,0,
b286eb,13,13,0,0,1,29,1,1,2,0,
b286eb,13,14,0,0,1,28,1,1,2,0,
b286eb,13,15,0,0,1,29,1,1,1,0,
b286eb,13,16,0,0,1,28,1,1,1,0,
b286eb,13,17,0,0,1,376,18,1,3,0,
b286eb,13,18,0,0,1,343,13,1,46,0,
b286eb,13,19,0,0,1,45,2,1,5,0,
b286eb,13,20,0,0,1,50,2,1,97,0,
b286eb,13,21,0,0,1,181,10,1,85,0,
b286eb,13,22,0,0,1,174,7,1,51,0,
b286eb,13,23,0,0,1,174,5,1,59,0,
b286eb,13,24,0,0,1,81,2,1,26,0,
b286eb,13,25,0,0,1,359,14,1,45,0,
b286eb,13,26,0,0,1,255,13,1,41,0,
b286eb,13,27,0,0,1,104,7,1,34,0,
b286eb,9,1,0,0,1,168,1,1,45,0,
b286eb,9,2,0,0,1,1114,31,1,8,0,
b286eb,9,3,0,0,1,541,19,1,44,1,
b286eb,9,4,0,0,1,111,6,1,33,0,
b286eb,9,5,0,0,1,182,8,1,3,0,
b286eb,9,6,0,0,1,65,4,1,9,0,
b286eb,9,7,0,0,1,86,4,1,4,0,
b286eb,9,8,0,0,1,197,8,1,35,0,
b286eb,9,9,0,0,1,349,13,1,237,0,
b286eb,9,10,0,0,1,516,20,1,393,0,
b286eb,9,11,0,0,1,229,9,1,357,0,
b286eb,9,12,0,0,1,370,17,1,253,0,
b286eb,9,13,0,0,1,297,11,1,617,1,NameError
b286eb,9,14,0,0,1,286,10,1,264,0,
b286eb,9,15,0,0,1,387,15,1,98,0,
b286eb,9,16,0,0,1,32,1,1,2,0,
b286eb,9,17,0,0,1,298,12,1,2,0,
b286eb,9,18,0,0,1,355,14,1,585,0,
b286eb,9,19,0,0,1,60,2,1,107,0,
b286eb,9,20,0,0,1,60,2,1,5,0,
b286eb,9,21,0,0,1,60,2,1,79,0,
b286eb,9,22,0,0,1,60,2,1,100,0,
b286eb,9,23,0,0,1,237,8,1,91,0,
b286eb,18,1,0,0,1,765,25,1,160,0,
b286eb,18,2,0,0,1,332,12,1,22,0,
b286eb,18,3,0,0,1,33,1,1,44,0,
b286eb,18,4,0,0,1,34,1,1,94,0,
b286eb,18,5,0,0,1,350,13,1,42,0,
b286eb,18,6,0,0,1,57,2,1,92,0,
b286eb,18,7,0,0,1,271,12,1,35,0,
b286eb,18,8,0,0,1,196,8,1,3,0,
b286eb,18,9,0,0,1,296,10,1,4,0,
b286eb,18,10,0,0,1,46,1,1,4,0,
b286eb,18,11,0,0,1,756,21,1,683,1,AttributeError
b286eb,18,12,0,0,1,537,16,1,160,0,
b286eb,18,13,0,0,1,83,4,1,5,0,
b286eb,18,14,0,0,1,83,4,1,5,0,
b286eb,18,15,0,0,1,415,12,1,4,0,
b286eb,18,16,0,0,1,414,14,1,62,0,
b286eb,18,17,0,0,1,114,4,1,111,0,
b286eb,18,18,0,0,1,65,4,1,2,0,
b286eb,24,1,0,0,1,675,26,1,324,1,KeyError
b286eb,24,2,0,0,1,73,3,1,102,0,
b286eb,24,3,0,0,1,504,20,1,506,0,
b286eb,24,4,0,0,1,203,8,1,3,0,
b286eb,24,5,0,0,1,97,3,1,31,0,
b286eb,24,6,0,0,1,316,12,1,36,0,
b286eb,24,7,0,0,1,368,11,1,155,0,
b286eb,24,8,0,0,1,335,13,1,129,0,
b286eb,24,9,0,0,1,320,11,1,96,0,
b286eb,24,10,0,0,1,168,6,1,58,0,
b286eb,24,11,0,0,1,649,23,1,169,0,
b286eb,24,12,0,0,1,73,2,1,194,0,
b286eb,24,13,0,0,1,350,12,1,4,0,
b286eb,24,14,0,0,1,264,11,1,46,0,
b286eb,24,15,0,0,1,21,1,1,1,0,
b286eb,24,16,0,0,1,265,11,1,62,0,
b286eb,24,17,0,0,1,283,12,1,49,0,
b286eb,24,18,0,0,1,165,7,1,58,0,
b286eb,24,19,0,0,1,211,9,1,15,0,
b286eb,24,20,0,0,1,263,11,1,35,0,
b286eb,24,21,0,0,1,22,1,1,24,0,
b286eb,24,22,0,0,1,369,14,1,4,0,
b286eb,24,23,0,0,1,70,4,1,4,0,
b286eb,24,24,0,0,1,783,26,1,4,0,
b286eb,24,25,0,0,1,125,7,1,8,0,
b286eb,24,26,0,0,1,67,2,1,4,0,
b286eb,24,27,0,0,1,280,11,1,24,0,
b286eb,24,28,0,0,1,273,11,1,4,0,
b286eb,24,29,0,0,1,322,13,1,44,1,
b286eb,24,30,0,0,1,413,14,1,54,0,
b286eb,24,31,0,0,1,81,6,1,70,0,
b286eb,1,1,0,0,1,176,8,1,22,0,
b286eb,1,2,0,0,1,27,1,1,43,0,
b286eb,1,3,0,0,1,115,5,1,15,0,
b286eb,1,4,0,0,1,244,10,1,60,0,
b286eb,1,5,0,0,1,95,5,1,27,0,
b286eb,1,6,0,0,1,130,6,1,44,0,
b286eb,1,7,0,0,1,18,1,1,5,0,
b286eb,1,8,0,0,1,158,6,1,45,0,
b286eb,1,9,0,0,1,235,11,1,22,0,
b286eb,1,10,0,0,1,22,1,1,22,0,
b286eb,1,11,0,0,1,195,8,1,3,0,
b286eb,1,12,0,0,1,36,1,1,3,0,
b286eb,1,13,0,0,1,356,14,1,41,0,
b286eb,1,14,0,0,1,273,11,1,19,0,
b286eb,1,15,0,0,1,322,11,1,60,0,
b286eb,1,16,0,0,1,129,4,1,44,1,
b286eb,1,17,0,0,1,477,18,1,823,1,NameError
b286eb,1,18,0,0,1,447,16,1,66,0,
b286eb,1,19,0,0,1,165,7,1,127,0,
b286eb,1,20,0,0,1,216,9,1,5,0,
b286eb,1,21,0,0,1,360,12,1,44,1,
b286eb,1,22,0,0,1,342,14,1,841,1,NameError
b286eb,1,23,0,0,1,418,19,1,113,0,
b286eb,1,24,0,0,1,312,12,1,34,0,
b286eb,1,25,0,0,1,436,17,1,4,0,
b286eb,1,26,0,0,1,672,25,1,19,0,
b286eb,1,27,0,0,1,46,2,1,2,0,
b286eb,1,28,0,0,1,309,13,1,2,0,
b286eb,1,29,0,0,1,11,1,1,198,0,
b286eb,1,30,0,0,1,492,18,1,35,0,
b286eb,1,31,0,0,1,30,1,1,144,0,
170362,15,1,0,0,1,454,21,1,90,0,
170362,15,2,0,0,1,255,11,1,5,0,
170362,15,3,0,0,1,131,5,1,10,0,
170362,15,4,0,0,1,148,7,1,12,0,
170362,15,5,0,0,1,20,1,1,12,0,
170362,15,6,0,0,1,17,1,1,10,0,
170362,15,7,0,0,1,20,1,1,12,0,
170362,15,8,0,0,1,19,1,1,10,0,
170362,15,9,0,0,1,214,9,1,10,0,
170362,15,10,0,0,1,58,2,1,10,0,
170362,15,11,0,0,1,27,2,1,15,0,
170362,15,12,0,0,1,20,1,1,10,0,
170362,15,13,0,0,1,225,9,1,10,0,
170362,16,1,0,0,1,545,28,1,60,0,
170362,16,2,0,0,1,371,14,1,4,0,
170362,16,3,0,0,1,236,11,1,7,0,
170362,16,4,0,0,1,201,9,1,7,0,
170362,16,5,0,0,1,222,12,1,5,0,
170362,16,6,0,0,1,23,1,1,5,0,
170362,16,7,0,0,1,20,1,1,4,0,
170362,16,8,0,0,1,59,3,1,1,0,
170362,16,9,0,0,1,22,1,1,5,0,
170362,16,10,0,0,1,24,1,1,5,0,
170362,16,11,0,0,1,63,3,1,114,0,
170362,16,12,0,0,1,37,3,1,14,0,
170362,16,13,0,0,1,13,2,1,12,0,
170362,16,14,0,0,1,15,1,1,2,0,
170362,16,15,0,0,1,203,7,1,24,0,
170362,16,16,0,0,1,23,1,1,5,0,
170362,19,1,0,0,1,368,16,1,171,0,
170362,19,2,0,0,1,331,11,1,10,0,
170362,19,3,0,0,1,175,9,1,16,0,
170362,19,4,0,0,1,140,7,1,70,0,
170362,19,5,0,0,1,22,2,1,15,0,
170362,19,6,0,0,1,128,5,1,10,0,
170362,19,7,0,0,1,129,5,1,10,0,
170362,19,8,0,0,1,248,9,1,39,0,
170362,19,9,0,0,1,63,3,1,1,0,
170362,19,10,0,0,1,68,1,1,3,0,
170362,19,11,0,0,1,68,1,1,3,0,
170362,19,12,0,0,1,76,2,1,15,0,
170362,8,1,0,0,1,407,15,1,60,0,
170362,8,2,0,0,1,318,12,1,7,0,
170362,8,3,0,0,1,150,6,1,7,0,
170362,8,4,0,0,1,195,9,1,182,0,
170362,8,5,0,0,1,78,3,1,112,0,
170362,8,6,0,0,1,70,4,1,3,0,
170362,8,7,0,0,1,13,1,1,1,0,
170362,8,8,0,0,1,25,1,1,5,0,
170362,8,9,0,0,1,101,5,1,90,0,
170362,8,10,0,0,1,22,1,1,2,0,
170362,8,11,0,0,1,219,9,1,7,0,
170362,8,12,0,0,1,60,2,1,15,0,
170362,8,13,0,0,1,5,1,1,12,0,
170362,8,14,0,0,1,43,2,1,2,0,
170362,8,15,0,0,1,165,7,1,12,0,
170362,18,1,0,0,1,909,34,1,200,0,
170362,18,2,0,0,1,424,17,1,3,0,
170362,18,3,0,0,1,247,11,1,10,0,
170362,18,4,0,0,1,185,9,1,31,0,
170362,18,5,0,0,1,40,3,1,14,0,
170362,18,6,0,0,1,62,3,1,61,0,
170362,18,7,0,0,1,22,2,1,15,0,
170362,18,8,0,0,1,100,5,1,35,0,
170362,18,9,0,0,1,173,7,1,24,0,
170362,18,10,0,0,1,266,12,1,10,0,
170362,18,11,0,0,1,28,1,1,5,0,
170362,4,1,0,0,1,631,26,1,60,0,
170362,4,2,0,0,1,268,12,1,10,0,
170362,4,3,0,0,1,262,11,1,167,0,
170362,4,4,0,0,1,143,6,1,10,0,
170362,4,5,0,0,1,88,5,1,90,0,
170362,4,6,0,0,1,53,3,1,53,0,
170362,4,7,0,0,1,325,14,1,27,0,
170362,4,8,0,0,1,245,11,1,3,0,
170362,4,9,0,0,1,22,1,1,2,0,
170362,4,10,0,0,1,280,12,1,18,0,
170362,4,11,0,0,1,57,4,1,15,0,
170362,17,1,0,0,1,144,1,1,45,0,
170362,17,2,0,0,1,500,18,1,60,0,
170362,17,3,0,0,1,328,12,1,10,0,
170362,17,4,0,0,1,225,9,1,10,0,
170362,17,5,0,0,1,65,4,1,4,0,
170362,17,6,0,0,1,14,1,1,4,0,
170362,17,7,0,0,1,11,1,1,5,0,
170362,17,8,0,0,1,13,1,1,4,0,
170362,17,9,0,0,1,12,1,1,5,0,
170362,17,10,0,0,1,13,1,1,1,0,
170362,17,11,0,0,1,304,8,1,4,0,
170362,17,12,0,0,1,34,1,1,1,0,
170362,17,13,0,0,1,100,2,1,3,0,
170362,17,14,0,0,1,69,1,1,3,0,
170362,17,15,0,0,1,182,10,1,6,0,
170362,17,16,0,0,1,68,3,1,1,0,
170362,17,17,0,0,1,27,2,1,15,0,
170362,17,18,0,0,1,238,9,1,18,0,
170362,17,19,0,0,1,13,1,1,4,0,
170362,17,20,1,0,0,0,0,0,0,0,
170362,3,1,0,0,1,577,25,1,90,0,
170362,3,2,0,0,1,317,11,1,4,0,
170362,3,3,0,0,1,214,7,1,4,0,
170362,3,4,0,0,1,30,1,1,5,0,
170362,3,5,0,0,1,30,1,1,5,0,
170362,3,6,0,0,1,222,8,1,4,0,
170362,3,7,0,0,1,74,2,1,300,0,
170362,3,8,0,0,1,68,2,1,60,0,
170362,3,9,0,0,1,271,9,1,45,0,
170362,3,10,0,0,1,74,3,1,45,0,
170362,3,11,0,0,1,108,5,1,79,0,
170362,3,12,0,0,1,67,2,1,29,0,
170362,3,13,0,0,1,34,1,1,4,0,
170362,3,14,0,0,1,73,2,1,32,0,
170362,3,15,0,0,1,46,1,1,13,0,
170362,3,16,0,0,1,50,3,1,14,0,
170362,3,17,0,0,1,35,1,1,5,0,
170362,3,18,0,0,1,34,1,1,5,0,
170362,3,19,0,0,1,34,1,1,5,0,
170362,3,20,0,0,1,268,12,1,194,0,
170362,3,21,0,0,1,134,5,1,7,0,
170362,3,22,0,0,1,24,2,1,15,0,
170362,21,1,0,0,1,284,11,1,90,0,
170362,21,2,0,0,1,301,9,1,4,0,
170362,21,3,0,0,1,613,23,1,10,0,
170362,21,4,0,0,1,120,6,1,21,0,
170362,21,5,0,0,1,210,9,1,10,0,
170362,21,6,0,0,1,19,2,1,12,0,
170362,21,7,0,0,1,15,1,1,2,0,
170362,21,8,0,0,1,22,1,1,5,0,
170362,21,9,0,0,1,22,1,1,5,0,
170362,21,10,0,0,1,22,1,1,5,0,
170362,21,11,0,0,1,38,3,1,4,0,
170362,23,1,0,0,1,418,16,1,90,0,
170362,23,2,0,0,1,248,11,1,10,0,
170362,23,3,0,0,1,319,14,1,10,0,
170362,23,4,0,0,1,194,9,1,114,0,
170362,23,5,0,0,1,72,3,1,86,0,
170362,23,6,0,0,1,109,5,1,44,0,
170362,23,7,0,0,1,21,1,1,3,0,
170362,23,8,0,0,1,40,2,1,140,0,
170362,23,9,0,0,1,140,7,1,4,0,
170362,23,10,0,0,1,351,17,1,10,0,
170362,23,11,0,0,1,24,2,1,15,0,
170362,20,1,0,0,1,704,34,1,60,0,
170362,20,2,0,0,1,243,11,1,10,0,
170362,20,3,0,0,1,176,9,1,16,0,
170362,20,4,0,0,1,15,1,1,57,0,
170362,20,5,0,0,1,19,1,1,5,0,
170362,20,6,0,0,1,656,33,1,4,0,
170362,20,7,0,0,1,346,10,1,24,0,
170362,20,8,0,0,1,13,1,1,3,0,
170362,20,9,0,0,1,13,1,1,1,0,
170362,20,10,0,0,1,189,10,1,3,0,
170362,20,11,0,0,1,220,15,1,5,0,
170362,20,12,0,0,1,190,9,1,19,0,
170362,20,13,0,0,1,262,12,1,10,0,
170362,20,14,0,0,1,13,2,1,12,0,
170362,20,15,0,0,1,12,1,1,2,0,
170362,20,16,0,0,1,154,8,1,12,0,
170362,10,1,0,0,1,636,26,1,5,0,
170362,10,2,0,0,1,155,6,1,10,0,
170362,10,3,0,0,1,26,2,1,4,0,
170362,10,4,0,0,1,76,4,1,70,0,
170362,10,5,0,0,1,244,10,1,10,0,
170362,10,6,0,0,1,12,1,1,1,0,
170362,10,7,0,0,1,13,1,1,1,0,
170362,10,8,0,0,1,81,2,1,3,0,
170362,10,9,0,0,1,81,2,1,3,0,
170362,10,10,0,0,1,40,1,1,1,0,
170362,10,11,0,0,1,41,1,1,1,0,
170362,10,12,0,0,1,217,7,1,12,0,
170362,10,13,0,0,1,202,7,1,12,0,
170362,10,14,0,0,1,92,4,1,15,0,
170362,10,15,0,0,1,67,1,1,81,0,
170362,10,16,0,0,1,92,4,1,12,0,
170362,10,17,0,0,1,32,3,1,4,0,
170362,10,18,0,0,1,33,3,1,4,0,
170362,10,19,0,0,1,20,1,1,10,0,
170362,10,20,0,0,1,234,10,1,10,0,
170362,10,21,0,0,1,54,2,1,10,0,
170362,10,22,0,0,1,54,2,1,18,0,
170362,10,23,0,0,1,55,2,1,18,0,
170362,10,24,0,0,1,71,4,1,45,0,
170362,10,25,0,0,1,22,1,1,2,0,
170362,10,26,0,0,1,122,6,1,17,0,
170362,5,1,0,0,1,1152,38,1,60,0,
170362,5,2,0,0,1,313,12,1,4,0,
170362,5,3,0,0,1,21,1,1,16,0,
170362,5,4,0,0,1,21,1,1,16,0,
170362,5,5,0,0,1,22,1,1,16,0,
170362,5,6,0,0,1,22,1,1,16,0,
170362,5,7,0,0,1,333,14,1,10,0,
170362,5,8,0,0,1,203,8,1,15,0,
170362,5,9,0,0,1,88,4,1,98,0,
170362,5,10,0,0,1,211,10,1,26,0,
170362,5,11,0,0,1,351,14,1,10,0,
170362,5,12,0,0,1,28,1,1,41,0,
170362,5,13,0,0,1,22,1,1,2,0,
170362,5,14,0,0,1,25,1,1,16,0,
170362,5,15,0,0,1,349,14,1,18,0,
170362,5,16,0,0,1,7,1,1,1,0,
170362,5,17,0,0,1,36,1,1,4,0,
170362,11,1,0,0,1,474,22,1,60,0,
170362,11,2,0,0,1,283,11,1,5,0,
170362,11,3,0,0,1,221,7,1,16,0,
170362,11,4,0,0,1,127,5,1,10,0,
170362,11,5,0,0,1,198,7,1,44,1,
170362,11,6,0,0,1,587,23,1,404,1,NameError
170362,11,7,0,0,1,463,22,1,45,0,
170362,11,8,0,0,1,276,12,1,10,0,
170362,11,9,0,0,1,150,7,1,114,0,
170362,11,10,0,0,1,84,4,1,63,0,
170362,11,11,0,0,1,299,11,1,10,0,
170362,11,12,0,0,1,5,1,1,12,0,
170362,11,13,0,0,1,15,1,1,2,0,
170362,11,14,0,0,1,12,1,1,271,1,NameError
170362,11,15,0,0,1,23,1,1,10,0,
170362,11,16,0,0,1,89,4,1,63,0,
170362,11,17,0,0,1,90,5,1,90,0,
170362,11,18,0,0,1,14,1,1,3,0,
170362,11,19,0,0,1,41,2,1,15,0,
170362,11,20,0,0,1,195,8,1,67,0,
170362,12,1,0,0,1,528,20,1,171,0,
170362,12,2,0,0,1,321,11,1,10,0,
170362,12,3,0,0,1,214,7,1,12,0,
170362,12,4,0,0,1,24,1,1,12,0,
170362,12,5,0,0,1,252,9,1,10,0,
170362,12,6,0,0,1,121,5,1,105,0,
170362,12,7,0,0,1,28,2,1,12,0,
170362,12,8,0,0,1,29,2,1,12,0,
170362,12,9,0,0,1,32,1,1,41,0,
170362,12,10,0,0,1,15,1,1,2,0,
170362,12,11,0,0,1,242,9,1,4,0,
170362,12,12,0,0,1,260,9,1,10,0,
170362,12,13,0,0,1,70,2,1,120,0,
170362,12,14,0,0,1,170,7,1,4,0,
170362,12,15,0,0,1,27,1,1,10,0,
170362,12,16,0,0,1,27,1,1,10,0,
170362,12,17,0,0,1,13,1,1,1,0,
170362,12,18,0,0,1,33,1,1,1,0,
170362,12,19,0,0,1,13,1,1,1,0,
170362,12,20,0,0,1,34,1,1,1,0,
170362,12,21,0,0,1,13,1,1,1,0,
170362,12,22,0,0,1,100,1,1,4,0,
170362,12,23,0,0,1,15,1,1,2,0,
170362,12,24,0,0,1,308,9,1,12,0,
170362,2,1,0,0,1,461,16,1,60,0,
170362,2,2,0,0,1,267,11,1,5,0,
170362,2,3,0,0,1,184,7,1,16,0,
170362,2,4,0,0,1,20,1,1,16,0,
170362,2,5,0,0,1,21,1,1,16,0,
170362,2,6,0,0,1,21,1,1,16,0,
170362,2,7,0,0,1,342,14,1,5,0,
170362,2,8,0,0,1,21,1,1,16,0,
170362,2,9,0,0,1,21,1,1,16,0,
170362,2,10,0,0,1,45,2,1,120,0,
170362,2,11,0,0,1,419,18,1,3,0,
170362,2,12,0,0,1,202,8,1,38,0,
170362,2,13,0,0,1,41,2,1,124,0,
170362,2,14,0,0,1,239,9,1,73,0,
170362,2,15,0,0,1,512,19,1,74,0,
170362,2,16,0,0,1,72,3,1,80,0,
170362,2,17,0,0,1,451,21,1,9,0,
170362,2,18,0,0,1,399,16,1,10,0,
170362,2,19,0,0,1,169,7,1,12,0,
170362,2,20,0,0,1,28,1,1,12,0,
170362,2,21,0,0,1,24,1,1,10,0,
170362,2,22,0,0,1,25,1,1,10,0,
170362,2,23,0,0,1,26,1,1,10,0,
170362,2,24,0,0,1,26,1,1,10,0,
170362,2,25,0,0,1,28,1,1,12,0,
170362,2,26,0,0,1,29,1,1,12,0,
170362,2,27,0,0,1,113,7,1,63,0,
170362,2,28,0,0,1,26,1,1,10,0,
170362,2,29,0,0,1,61,2,1,10,0,
170362,2,30,0,0,1,13,2,1,12,0,
170362,2,31,0,0,1,12,1,1,2,0,
170362,2,32,0,0,1,251,10,1,10,0,
170362,2,33,0,0,1,329,10,1,12,0,
170362,9,1,0,0,1,350,15,1,90,0,
170362,9,2,0,0,1,488,18,1,4,0,
170362,9,3,0,0,1,244,9,1,45,0,
170362,9,4,0,0,1,66,3,1,45,0,
170362,9,5,0,0,1,258,9,1,45,0,
170362,9,6,0,0,1,139,7,1,9,0,
170362,9,7,0,0,1,15,1,1,3,0,
170362,9,8,0,0,1,197,8,1,45,0,
170362,9,9,0,0,1,406,20,1,139,0,
170362,9,10,0,0,1,341,14,1,4,0,
170362,9,11,0,0,1,243,10,1,45,0,
170362,9,12,0,0,1,58,2,1,38,0,
170362,9,13,0,0,1,202,9,1,45,0,
170362,9,14,0,0,1,130,5,1,4,0,
170362,9,15,0,0,1,171,7,1,16,0,
170362,9,16,0,0,1,13,1,1,16,0,
170362,9,17,0,0,1,14,1,1,16,0,
170362,9,18,0,0,1,236,11,1,10,0,
170362,9,19,0,0,1,126,6,1,10,0,
170362,9,20,0,0,1,17,1,1,24,0,
170362,9,21,0,0,1,18,1,1,24,0,
170362,9,22,0,0,1,15,1,1,16,0,
170362,9,23,0,0,1,118,7,1,57,0,
170362,9,24,0,0,1,25,2,1,15,0,
170362,9,25,0,0,1,17,1,1,16,0,
170362,9,26,0,0,1,327,14,1,10,0,
170362,9,27,0,0,1,73,3,1,80,0,
170362,9,28,0,0,1,849,32,1,47,0,
170362,9,29,0,0,1,249,13,1,47,0,
170362,9,30,0,0,1,14,1,1,16,0,
170362,9,31,0,0,1,14,1,1,16,0,
170362,9,32,0,0,1,14,1,1,16,0,
170362,9,33,0,0,1,14,1,1,16,0,
170362,9,34,0,0,1,107,6,1,69,0,
170362,9,35,0,0,1,17,1,1,16,0,
170362,9,36,0,0,1,301,15,1,20,0,
170362,9,37,0,0,1,303,15,1,39,0,
170362,9,38,0,0,1,190,8,1,27,0,
170362,9,39,0,0,1,13,1,1,3,0,
170362,1,1,0,0,1,660,25,1,60,0,
170362,1,2,0,0,1,432,16,1,4,0,
170362,1,3,0,0,1,254,10,1,1,0,
170362,1,4,0,0,1,301,14,1,5,0,
170362,1,5,0,0,1,405,19,1,60,0,
170362,1,6,0,0,1,333,15,1,5,0,
170362,1,7,0,0,1,330,15,1,10,0,
170362,1,8,0,0,1,75,3,1,15,0,
170362,1,9,0,0,1,63,2,1,2,0,
170362,1,10,0,0,1,64,2,1,1,0,
170362,1,11,0,0,1,163,8,1,12,0,
170362,1,12,0,0,1,20,1,1,10,0,
170362,1,13,0,0,1,20,1,1,10,0,
170362,1,14,0,0,1,20,1,1,10,0,
170362,1,15,0,0,1,344,14,1,10,0,
170362,1,16,0,0,1,93,5,1,41,0,
170362,1,17,0,0,1,22,1,1,2,0,
170362,1,18,0,0,1,549,17,1,10,0,
170362,1,19,0,0,1,84,2,1,18,0,
170362,1,20,0,0,1,79,2,1,18,0,
170362,1,21,0,0,1,21,1,1,12,0,
170362,1,22,0,0,1,21,1,1,12,0,
170362,1,23,0,0,1,422,17,1,7,0,
170362,13,1,0,0,1,272,13,1,90,0,
170362,13,2,0,0,1,260,10,1,17,0,
170362,13,3,0,0,1,306,14,1,10,0,
170362,13,4,0,0,1,19,1,1,16,0,
170362,13,5,0,0,1,17,1,1,16,0,
170362,13,6,0,0,1,18,1,1,16,0,
170362,13,7,0,0,1,19,1,1,16,0,
170362,13,8,0,0,1,21,1,1,24,0,
170362,13,9,0,0,1,20,1,1,24,0,
170362,13,10,0,0,1,19,1,1,16,0,
170362,13,11,0,0,1,19,1,1,16,0,
170362,13,12,0,0,1,311,14,1,10,0,
170362,13,13,0,0,1,22,1,1,24,0,
170362,13,14,0,0,1,32,1,1,41,0,
170362,13,15,0,0,1,52,4,1,15,0,
170362,13,16,0,0,1,13,1,1,1,0,
170362,13,17,0,0,1,319,12,1,153,0,
170362,13,18,0,0,1,160,7,1,12,0,
170362,13,19,0,0,1,63,2,1,243,0,
170362,13,20,0,0,1,6,1,1,1,0,
170362,13,21,1,0,0,0,0,0,0,0,
170362,6,1,0,0,1,304,16,1,171,0,
170362,6,2,0,0,1,90,5,1,150,0,
170362,6,3,0,0,1,262,11,1,5,0,
170362,6,4,0,0,1,164,7,1,16,0,
170362,6,5,0,0,1,13,1,1,16,0,
170362,6,6,0,0,1,13,1,1,16,0,
170362,6,7,0,0,1,261,11,1,10,0,
170362,6,8,0,0,1,110,6,1,140,0,
170362,6,9,0,0,1,34,3,1,14,0,
170362,6,10,0,0,1,152,6,1,10,0,
170362,6,11,0,0,1,152,6,1,18,0,
170362,6,12,0,0,1,16,1,1,16,0,
170362,6,13,0,0,1,76,5,1,45,0,
170362,6,14,0,0,1,21,2,1,2,0,
170362,6,15,0,0,1,379,14,1,4,0,
170362,6,16,0,0,1,399,24,1,9,0,
170362,6,17,0,0,1,97,5,1,19,0,
170362,6,18,0,0,1,20,1,1,3,0,
170362,6,19,0,0,1,13,1,1,1,0,
170362,6,20,0,0,1,365,17,1,3,0,
170362,6,21,0,0,1,267,10,1,45,0,
170362,6,22,0,0,1,450,21,1,7,0,
170362,6,23,0,0,1,430,22,1,34,0,
170362,6,24,0,0,1,264,14,1,3,0,
170362,6,25,0,0,1,74,5,1,3,0,
170362,6,26,0,0,1,15,1,1,1,0,
170362,6,27,0,0,1,71,4,1,5,0,
170362,6,28,0,0,1,75,4,1,5,0,
170362,6,29,0,0,1,75,4,1,5,0,
170362,6,30,0,0,1,76,4,1,5,0,
170362,6,31,0,0,1,77,4,1,904,0,
170362,6,32,0,0,1,8,1,1,1,0,
170362,6,33,0,0,1,14,1,1,16,0,
170362,6,34,0,0,1,17,1,1,16,0,
170362,6,35,0,0,1,283,12,1,18,0,
170362,7,1,0,0,1,720,30,1,60,0,
170362,7,2,0,0,1,308,11,1,5,0,
170362,7,3,0,0,1,131,5,1,10,0,
170362,7,4,0,0,1,31,1,1,4,0,
170362,7,5,0,0,1,185,9,1,31,0,
170362,7,6,0,0,1,94,4,1,121,0,
170362,7,7,0,0,1,186,9,1,21,0,
170362,7,8,0,0,1,218,9,1,10,0,
170362,7,9,0,0,1,31,1,1,5,0,
170362,7,10,0,0,1,276,11,1,59,0,
170362,7,11,0,0,1,24,2,1,15,0,
170362,7,12,0,0,1,58,2,1,18,0,
170362,7,13,0,0,1,276,9,1,45,0,
170362,7,14,0,0,1,226,8,1,4,0,
170362,7,15,0,0,1,549,24,1,20,0,
170362,7,16,0,0,1,78,3,1,27,0,
170362,7,17,0,0,1,328,10,1,45,0,
170362,7,18,0,0,1,84,3,1,80,0,
170362,7,19,0,0,1,33,1,1,1,0,
170362,7,20,0,0,1,271,9,1,13,0,
170362,7,21,0,0,1,230,7,1,10,0,
170362,7,22,0,0,1,389,13,1,97,0,
170362,7,23,0,0,1,270,9,1,12,0,
170362,7,24,0,0,1,189,5,1,36,0,
170362,7,25,0,0,1,282,11,1,335,0,
170362,7,26,0,0,1,73,1,1,3,0,
170362,7,27,0,0,1,119,6,1,3,0,
170362,7,28,0,0,1,28,1,1,7,0,
170362,7,29,0,0,1,490,17,1,32,0,
170362,24,1,0,0,1,253,11,1,90,0,
170362,24,2,0,0,1,349,12,1,5,0,
170362,24,3,0,0,1,33,2,1,7,0,
170362,24,4,0,0,1,37,1,1,3,0,
170362,24,5,0,0,1,15,1,1,16,0,
170362,24,6,0,0,1,66,2,1,70,0,
170362,24,7,0,0,1,360,14,1,44,1,
170362,24,8,0,0,1,455,22,1,90,0,
170362,24,9,0,0,1,268,13,1,90,0,
170362,24,10,0,0,1,388,17,1,10,0,
170362,24,11,0,0,1,33,2,1,4,0,
170362,24,12,0,0,1,14,1,1,3,0,
170362,24,13,0,0,1,14,1,1,3,0,
170362,24,14,0,0,1,13,1,1,1,0,
170362,24,15,0,0,1,271,8,1,117,0,
170362,24,16,0,0,1,106,9,1,5,0,
170362,24,17,0,0,1,13,1,1,1,0,
170362,24,18,0,0,1,129,6,1,74,0,
170362,24,19,0,0,1,40,3,1,4,0,
170362,24,20,0,0,1,238,10,1,10,0,
170362,24,21,0,0,1,47,2,1,10,0,
170362,24,22,0,0,1,40,3,1,4,0,
170362,24,23,0,0,1,63,2,1,41,0,
170362,24,24,0,0,1,33,2,1,2,0,
170362,24,25,0,0,1,23,1,1,10,0,
170362,24,26,0,0,1,276,11,1,7,0,
170362,24,27,0,0,1,55,3,1,47,0,
170362,24,28,0,0,1,96,5,1,23,0,
170362,24,29,0,0,1,221,9,1,125,0,
170362,24,30,0,0,1,15,1,1,2,0,
170362,24,31,0,0,1,39,3,1,4,0,
170362,14,1,0,0,1,351,13,1,60,0,
170362,14,2,0,0,1,288,12,1,9,0,
170362,14,3,0,0,1,239,8,1,4,0,
170362,14,4,0,0,1,350,13,1,7,0,
170362,14,5,0,0,1,28,1,1,44,1,
170362,14,6,0,0,1,577,16,1,489,1,NameError
170362,14,7,0,0,1,497,19,1,4,0,
170362,14,8,0,0,1,287,12,1,7,0,
170362,14,9,0,0,1,194,9,1,13,0,
170362,14,10,0,0,1,76,2,1,65,0,
170362,14,11,0,0,1,50,3,1,14,0,
170362,14,12,0,0,1,77,3,1,33,0,
170362,14,13,0,0,1,154,6,1,15,0,
170362,14,14,0,0,1,209,8,1,25,0,
170362,14,15,0,0,1,76,2,1,43,0,
170362,14,16,0,0,1,23,2,1,12,0,
170362,14,17,0,0,1,12,1,1,2,0,
170362,14,18,0,0,1,13,1,1,1,0,
170362,14,19,0,0,1,27,1,1,3,0,
170362,14,20,0,0,1,28,1,1,3,0,
170362,14,21,0,0,1,210,8,1,4,0,
170362,14,22,0,0,1,28,1,1,3,0,
170362,14,23,0,0,1,28,1,1,3,0,
170362,14,24,0,0,1,28,1,1,3,0,
170362,14,25,0,0,1,31,1,1,5,0,
170362,14,26,0,0,1,31,1,1,5,0,
170362,14,27,0,0,1,438,20,1,4,0,
170362,14,28,0,0,1,16,1,1,1,0,
170362,14,29,0,0,1,104,5,1,19,0,
170362,14,30,0,0,1,559,25,1,81,0,
170362,14,31,0,0,1,86,2,1,82,0,
170362,14,32,0,0,1,25,1,1,4,0,
170362,14,33,0,0,1,91,5,1,55,0,
170362,14,34,0,0,1,131,5,1,81,0,
170362,14,35,0,0,1,403,19,1,101,0,
170362,14,36,0,0,1,460,18,1,35,0,
170362,14,37,0,0,1,176,8,1,47,0,
170362,14,38,0,0,1,34,1,1,7,0,
170362,14,39,0,0,1,27,1,1,5,0,
170362,14,40,0,0,1,28,1,1,5,0,
170362,14,41,0,0,1,51,3,1,17,0,
170362,22,1,0,0,1,370,11,1,90,0,
170362,22,2,0,0,1,515,20,1,3,0,
170362,22,3,0,0,1,221,7,1,10,0,
170362,22,4,0,0,1,32,1,1,1,0,
170362,22,5,0,0,1,436,15,1,45,0,
170362,22,6,0,0,1,70,2,1,4,0,
170362,22,7,0,0,1,319,14,1,4,0,
170362,22,8,0,0,1,206,10,1,10,0,
170362,22,9,0,0,1,5,1,1,1,0,
170362,22,10,0,0,1,247,11,1,44,1,
170362,22,11,0,0,1,652,27,1,10,0,
170362,22,12,0,0,1,205,9,1,10,0,
170362,22,13,0,0,1,127,6,1,98,0,
170362,22,14,0,0,1,88,3,1,49,0,
170362,22,15,0,0,1,118,6,1,169,0,
170362,22,16,0,0,1,24,1,1,5,0,
170362,22,17,0,0,1,24,1,1,5,0,
170362,22,18,0,0,1,5,1,1,9,0,
170362,22,19,0,0,1,5,1,1,12,0,
170362,22,20,0,0,1,101,5,1,90,0,
170362,22,21,0,0,1,104,6,1,5,0,
170362,22,22,0,0,1,154,7,1,12,0,
170362,22,23,0,0,1,19,1,1,12,0,
170362,22,24,0,0,1,18,1,1,12,0,
170362,22,25,0,0,1,19,1,1,12,0,
170362,22,26,0,0,1,290,15,1,19,0,
170362,22,27,0,0,1,184,9,1,12,0,
170362,22,28,0,0,1,314,15,1,44,1,
170362,22,29,0,0,1,19,2,1,2,0,
170362,22,30,0,0,1,20,1,1,280,1,NameError
170362,22,31,0,0,1,396,21,1,10,0,
170362,22,32,0,0,1,284,12,1,10,0,
170362,22,33,0,0,1,52,3,1,28,0,
170362,22,34,0,0,1,14,1,1,125,0,
a9dbc8,14,1,0,0,1,122,1,1,45,0,
a9dbc8,14,2,0,0,1,129,1,1,45,0,
a9dbc8,14,3,0,0,1,28,1,1,45,0,
a9dbc8,14,4,0,0,1,2084,66,1,45,0,
a9dbc8,14,5,0,0,1,61,2,1,2440,1,ValueError
a9dbc8,14,6,0,0,1,1612,54,1,1345,1,ValueError
a9dbc8,14,7,0,0,1,1506,51,1,19,0,
a9dbc8,14,8,0,0,1,52,2,1,49,0,
a9dbc8,14,9,0,0,1,8,1,1,1,0,
a9dbc8,14,10,0,0,1,52,2,1,79,0,
a9dbc8,14,11,0,0,1,1656,54,1,57,0,
a9dbc8,14,12,0,0,1,73,4,1,66,0,
a9dbc8,14,13,0,0,1,38,2,1,25,0,
a9dbc8,17,1,0,0,1,1824,43,1,597,1,IndexError
a9dbc8,17,2,0,0,1,1070,37,1,14,0,
a9dbc8,17,3,0,0,1,664,26,1,6,0,
a9dbc8,17,4,0,0,1,980,34,1,100,0,
a9dbc8,17,5,0,0,1,911,33,1,221,0,
a9dbc8,17,6,0,0,1,928,33,1,73,0,
a9dbc8,17,7,0,0,1,743,31,1,55,0,
a9dbc8,17,8,0,0,1,534,24,1,9,0,
a9dbc8,17,9,0,0,1,448,20,1,36,0,
a9dbc8,7,1,0,0,1,2003,48,1,21,0,
a9dbc8,7,2,0,0,1,50,2,1,33,0,
a9dbc8,7,3,0,0,1,24,1,1,5,0,
a9dbc8,7,4,0,0,1,51,2,1,44,1,
a9dbc8,7,5,0,0,1,887,29,1,51,0,
a9dbc8,7,6,0,0,1,150,6,1,44,1,
a9dbc8,7,7,0,0,1,141,6,1,52,0,
a9dbc8,7,8,0,0,1,1092,34,1,39,0,
a9dbc8,7,9,0,0,1,55,3,1,51,0,
a9dbc8,11,1,0,0,1,1401,40,1,44,0,
a9dbc8,11,2,0,0,1,48,2,1,44,1,
a9dbc8,11,3,0,0,1,912,30,1,56,0,
a9dbc8,11,4,0,0,1,820,28,1,12,0,
a9dbc8,11,5,0,0,1,883,30,1,177,0,
a9dbc8,11,6,0,0,1,49,2,1,48,0,
a9dbc8,11,7,0,0,1,55,2,1,64,0,
a9dbc8,11,8,0,0,1,26,1,1,2,0,
a9dbc8,11,9,0,0,1,8,1,1,1,0,
a9dbc8,11,10,0,0,1,1659,35,1,45,0,
a9dbc8,11,11,0,0,1,900,29,1,61,0,
a9dbc8,16,1,0,0,1,1478,40,1,44,0,
a9dbc8,16,2,0,0,1,1222,41,1,185,0,
a9dbc8,16,3,0,0,1,70,4,1,44,1,
a9dbc8,16,4,0,0,1,879,29,1,56,0,
a9dbc8,16,5,0,0,1,57,2,1,11,0,
a9dbc8,16,6,0,0,1,25,2,1,295,1,NameError
a9dbc8,16,7,0,0,1,1047,37,1,48,0,
a9dbc8,16,8,0,0,1,465,14,1,27,0,
a9dbc8,16,9,0,0,1,62,3,1,63,0,
a9dbc8,3,1,0,0,1,1895,49,1,27,0,
a9dbc8,3,2,0,0,1,50,2,1,51,0,
a9dbc8,3,3,0,0,1,1402,47,1,186,0,
a9dbc8,3,4,0,0,1,224,10,1,108,0,
a9dbc8,3,5,0,0,1,39,2,1,64,0,
a9dbc8,3,6,0,0,1,9,1,1,12,0,
a9dbc8,3,7,0,0,1,172,8,1,335,0,
a9dbc8,3,8,0,0,1,135,4,1,12,0,
a9dbc8,3,9,0,0,1,140,4,1,12,0,
a9dbc8,3,10,0,0,1,140,4,1,16,0,
a9dbc8,3,11,0,0,1,83,4,1,91,0,
a9dbc8,3,12,0,0,1,11,1,1,28,0,
a9dbc8,3,13,0,0,1,106,5,1,68,0,
a9dbc8,3,14,0,0,1,12,1,1,12,0,
a9dbc8,3,15,0,0,1,865,34,1,195,0,
a9dbc8,3,16,0,0,1,30,3,1,10,0,
a9dbc8,15,1,0,0,1,766,30,1,592,1,IndexError
a9dbc8,15,2,0,0,1,487,24,1,7,0,
a9dbc8,15,3,0,0,1,365,15,1,17,0,
a9dbc8,15,4,0,0,1,496,19,1,144,0,
a9dbc8,15,5,0,0,1,614,23,1,12,0,
a9dbc8,15,6,0,0,1,1281,39,1,48,0,
a9dbc8,15,7,0,0,1,151,4,1,1,0,
a9dbc8,15,8,0,0,1,852,26,1,22,0,
a9dbc8,15,9,0,0,1,316,12,1,11,0,
a9dbc8,15,10,1,0,0,0,0,0,0,0,
a9dbc8,9,1,0,0,1,146,1,1,45,0,
a9dbc8,9,2,0,0,1,116,1,1,45,0,
a9dbc8,9,3,0,0,1,28,1,1,45,0,
a9dbc8,9,4,0,0,1,3511,82,1,90,0,
a9dbc8,9,5,0,0,1,82,1,1,45,0,
a9dbc8,9,6,0,0,1,23,1,1,1538,0,
a9dbc8,9,7,0,0,1,2293,65,1,12,0,
a9dbc8,9,8,0,0,1,1291,36,1,23,0,
a9dbc8,9,9,0,0,1,45,1,1,2,0,
a9dbc8,9,10,0,0,1,45,1,1,2,0,
a9dbc8,9,11,0,0,1,48,3,1,5,0,
a9dbc8,9,12,1,0,0,0,0,0,0,0,
a9dbc8,1,1,0,0,1,1434,40,1,33,0,
a9dbc8,1,2,0,0,1,1134,37,1,185,0,
a9dbc8,1,3,0,0,1,94,5,1,74,0,
a9dbc8,1,4,0,0,1,20,1,1,2,0,
a9dbc8,1,5,0,0,1,170,8,1,61,0,
a9dbc8,1,6,0,0,1,1159,37,1,56,0,
a9dbc8,1,7,0,0,1,8,1,1,1,0,
a9dbc8,1,8,0,0,1,41,1,1,2,0,
a9dbc8,1,9,0,0,1,41,1,1,2,0,
a9dbc8,1,10,0,0,1,109,6,1,109,0,
a9dbc8,1,11,0,0,1,179,8,1,27,0,
a9dbc8,1,12,0,0,1,14,1,1,1,0,
a9dbc8,1,13,0,0,1,46,2,1,63,0,
a9dbc8,1,14,0,0,1,274,10,1,27,0,
a9dbc8,1,15,0,0,1,362,16,1,24,0,
a9dbc8,1,16,0,0,1,1318,14,1,45,0,
a9dbc8,4,1,0,0,1,1273,38,1,56,0,
a9dbc8,4,2,0,0,1,49,2,1,23,0,
a9dbc8,4,3,0,0,1,1052,34,1,11,0,
a9dbc8,4,4,0,0,1,78,2,1,44,1,
a9dbc8,4,5,0,0,1,1322,35,1,88,0,
a9dbc8,4,6,0,0,1,1347,42,1,21,0,
a9dbc8,4,7,0,0,1,26,1,1,36,0,
a9dbc8,4,8,0,0,1,1362,33,1,240,0,
a9dbc8,4,9,0,0,1,492,15,1,19,0,
a9dbc8,4,10,0,0,1,298,8,1,29,0,
a9dbc8,4,11,0,0,1,35,1,1,36,0,
a9dbc8,4,12,0,0,1,35,1,1,42,0,
a9dbc8,4,13,0,0,1,1635,41,1,87,0,
a9dbc8,13,1,0,0,1,1244,39,1,33,0,
a9dbc8,13,2,0,0,1,52,2,1,44,1,
a9dbc8,13,3,0,0,1,1038,36,1,44,1,
a9dbc8,13,4,0,0,1,875,33,1,39,0,
a9dbc8,13,5,0,0,1,62,3,1,51,0,
a9dbc8,13,6,0,0,1,42,2,1,48,0,
a9dbc8,13,7,0,0,1,64,3,1,63,0,
a9dbc8,13,8,0,0,1,33,2,1,2,0,
a9dbc8,13,9,0,0,1,35,2,1,76,0,
a9dbc8,13,10,0,0,1,33,2,1,2,0,
a9dbc8,13,11,0,0,1,35,2,1,90,0,
a9dbc8,13,12,0,0,1,11,1,1,30,0,
a9dbc8,13,13,0,0,1,11,1,1,61,0,
a9dbc8,13,14,0,0,1,232,5,1,45,0,
a9dbc8,13,15,0,0,1,1689,51,1,93,0,
a9dbc8,13,16,0,0,1,631,19,1,41,0,
a9dbc8,13,17,0,0,1,119,4,1,33,0,
a9dbc8,13,18,0,0,1,862,35,1,33,0,
a9dbc8,13,19,0,0,1,1082,35,1,22,0,
a9dbc8,13,20,0,0,1,481,16,1,149,0,
a9dbc8,13,21,0,0,1,77,2,1,15,0,
a9dbc8,13,22,0,0,1,107,4,1,27,0,
a9dbc8,13,23,0,0,1,162,6,1,15,0,
a9dbc8,13,24,0,0,1,255,9,1,39,0,
a9dbc8,13,25,0,0,1,222,9,1,5,0,
a9dbc8,13,26,0,0,1,40,2,1,67,0,
a9dbc8,13,27,0,0,1,269,10,1,8,0,
a9dbc8,13,28,0,0,1,101,5,1,16,0,
a9dbc8,13,29,0,0,1,58,2,1,87,0,
a9dbc8,2,1,0,0,1,1164,36,1,33,0,
a9dbc8,2,2,0,0,1,20,1,1,2,0,
a9dbc8,2,3,0,0,1,20,1,1,2,0,
a9dbc8,2,4,0,0,1,20,1,1,2,0,
a9dbc8,2,5,0,0,1,68,2,1,44,1,
a9dbc8,2,6,0,0,1,68,2,1,332,1,NameError
a9dbc8,2,7,0,0,1,973,34,1,44,1,
a9dbc8,2,8,0,0,1,3369,87,1,45,0,
a9dbc8,2,9,0,0,1,1971,69,1,47,0,
a9dbc8,2,10,0,0,1,1358,47,1,1,0,
a9dbc8,2,11,0,0,1,1816,64,1,87,0,
a9dbc8,12,1,0,0,1,1368,40,1,44,0,
a9dbc8,12,2,0,0,1,52,2,1,39,0,
a9dbc8,12,3,0,0,1,20,1,1,2,0,
a9dbc8,12,4,0,0,1,8,1,1,1,0,
a9dbc8,12,5,0,0,1,168,7,1,51,0,
a9dbc8,12,6,0,0,1,20,1,1,44,1,
a9dbc8,12,7,0,0,1,931,31,1,652,1,TypeError
a9dbc8,12,8,0,0,1,242,11,1,67,0,
a9dbc8,12,9,0,0,1,926,31,1,647,1,TypeError
a9dbc8,12,10,0,0,1,1264,38,1,709,1,TypeError
a9dbc8,12,11,0,0,1,938,31,1,23,0,
a9dbc8,12,12,0,0,1,169,7,1,15,0,
a9dbc8,12,13,0,0,1,43,2,1,48,0,
a9dbc8,12,14,0,0,1,34,2,1,2,0,
a9dbc8,12,15,0,0,1,11,1,1,73,0,
a9dbc8,12,16,0,0,1,151,8,1,27,0,
a9dbc8,12,17,0,0,1,44,2,1,39,0,
a9dbc8,12,18,0,0,1,265,10,1,88,0,
a9dbc8,12,19,1,0,0,0,0,0,0,0,
a9dbc8,10,1,0,0,1,1460,36,1,27,0,
a9dbc8,10,2,0,0,1,51,2,1,23,0,
a9dbc8,10,3,0,0,1,20,1,1,44,1,
a9dbc8,10,4,0,0,1,809,26,1,21,0,
a9dbc8,10,5,0,0,1,18,1,1,45,0,
a9dbc8,10,6,0,0,1,180,10,1,73,0,
a9dbc8,10,7,0,0,1,1162,39,1,32,0,
a9dbc8,10,8,0,0,1,317,16,1,24,0,
a9dbc8,10,9,1,0,0,0,0,0,0,0,
a9dbc8,18,1,0,0,1,1476,39,1,56,0,
a9dbc8,18,2,0,0,1,183,9,1,44,1,
a9dbc8,18,3,0,0,1,80,4,1,360,1,NameError
a9dbc8,18,4,0,0,1,950,35,1,56,0,
a9dbc8,18,5,0,0,1,57,2,1,41,0,
a9dbc8,18,6,0,0,1,57,2,1,44,1,
a9dbc8,18,7,0,0,1,57,2,1,328,1,NameError
a9dbc8,18,8,0,0,1,8,1,1,1,0,
a9dbc8,18,9,0,0,1,1105,39,1,23,0,
a9dbc8,18,10,0,0,1,38,2,1,39,0,
a9dbc8,18,11,0,0,1,38,2,1,48,0,
a9dbc8,18,12,0,0,1,147,8,1,27,0,
a9dbc8,18,13,0,0,1,47,2,1,76,0,
a9dbc8,18,14,0,0,1,215,8,1,39,0,
a9dbc8,18,15,1,0,0,0,0,0,0,0,
a9dbc8,5,1,0,0,1,1582,40,1,23,0,
a9dbc8,5,2,0,0,1,50,2,1,29,0,
a9dbc8,5,3,0,0,1,20,1,1,2,0,
a9dbc8,5,4,0,0,1,20,1,1,2,0,
a9dbc8,5,5,0,0,1,48,3,1,5,0,
a9dbc8,5,6,0,0,1,6,1,1,1,0,
a9dbc8,5,7,0,0,1,1096,35,1,21,0,
a9dbc8,5,8,0,0,1,613,26,1,32,0,
a9dbc8,5,9,0,0,1,19,1,1,45,0,
a9dbc8,5,10,0,0,1,160,9,1,73,0,
a9dbc8,5,11,0,0,1,40,1,1,27,0,
a9dbc8,5,12,0,0,1,214,8,1,58,0,
a9dbc8,5,13,0,0,1,88,5,1,55,0,
a9dbc8,5,14,0,0,1,101,5,1,27,0,
a9dbc8,5,15,0,0,1,41,3,1,45,0,
a9dbc8,5,16,0,0,1,150,8,1,27,0,
a9dbc8,5,17,0,0,1,83,3,1,39,0,
a9dbc8,5,18,0,0,1,866,36,1,113,0,
a9dbc8,5,19,0,0,1,52,3,1,75,0,
a9dbc8,5,20,1,0,0,0,0,0,0,0,
a9dbc8,21,1,1,0,0,0,0,0,0,0,
a9dbc8,22,1,1,0,0,0,0,0,0,0,
a9dbc8,23,1,0,0,1,1187,34,1,51,0,
a9dbc8,23,2,0,0,1,757,27,1,12,0,
a9dbc8,23,3,0,0,1,19,1,1,21,0,
a9dbc8,23,4,0,0,1,660,15,1,52,0,
a9dbc8,23,5,0,0,1,19,1,1,36,0,
a9dbc8,23,6,0,0,1,198,9,1,78,0,
a9dbc8,23,7,0,0,1,89,4,1,16,0,
a9dbc8,23,8,0,0,1,797,27,1,2,0,
a9dbc8,23,9,0,0,1,24,1,1,44,1,
a9dbc8,23,10,0,0,1,8,1,1,1,0,
a9dbc8,23,11,0,0,1,707,26,1,1,0,
a9dbc8,23,12,0,0,1,727,26,1,12,0,
a9dbc8,23,13,0,0,1,19,1,1,274,1,NameError
a9dbc8,23,14,0,0,1,723,26,1,45,0,
a9dbc8,23,15,0,0,1,20,1,1,73,0,
a9dbc8,23,16,0,0,1,70,3,1,75,0,
a9dbc8,23,17,1,0,0,0,0,0,0,0,
a9dbc8,24,1,0,0,1,355,12,1,35,0,
a9dbc8,24,2,0,0,1,45,3,1,60,0,
a9dbc8,24,3,0,0,1,58,1,1,4,0,
a9dbc8,24,4,0,0,1,587,21,1,4,0,
a9dbc8,24,5,0,0,1,58,4,1,1,0,
a9dbc8,24,6,0,0,1,674,22,1,8,0,
a9dbc8,24,7,0,0,1,14,1,1,30,0,
a9dbc8,24,8,0,0,1,162,5,1,220,0,
a9dbc8,24,9,0,0,1,49,2,1,88,0,
a9dbc8,19,1,0,0,1,84,1,1,45,0,
a9dbc8,19,2,0,0,1,108,1,1,45,0,
a9dbc8,19,3,0,0,1,28,1,1,45,0,
a9dbc8,19,4,0,0,1,4206,88,1,17,0,
a9dbc8,19,5,0,0,1,469,19,1,40,0,
a9dbc8,19,6,0,0,1,22,1,1,23,0,
a9dbc8,19,7,0,0,1,97,3,1,49,0,
a9dbc8,19,8,0,0,1,22,1,1,30,0,
a9dbc8,19,9,0,0,1,91,3,1,30,0,
a9dbc8,19,10,0,0,1,23,1,1,44,1,
a9dbc8,19,11,0,0,1,72,4,1,15,0,
a9dbc8,19,12,0,0,1,2269,76,1,77,0,
a9dbc8,19,13,0,0,1,1758,60,1,79,0,
a9dbc8,19,14,0,0,1,1350,40,1,79,0,
a9dbc8,19,15,1,0,0,0,0,0,0,0,
a9dbc8,8,1,0,0,1,1357,42,1,27,0,
a9dbc8,8,2,0,0,1,51,2,1,23,0,
a9dbc8,8,3,0,0,1,330,15,1,44,1,
a9dbc8,8,4,0,0,1,836,32,1,370,1,NameError
a9dbc8,8,5,0,0,1,207,12,1,100,0,
a9dbc8,8,6,0,0,1,946,26,1,173,0,
a9dbc8,8,7,0,0,1,674,22,1,45,0,
a9dbc8,8,8,0,0,1,1077,38,1,188,0,
a9dbc8,8,9,0,0,1,146,6,1,63,0,
a9dbc8,8,10,0,0,1,79,2,1,77,0,
a9dbc8,8,11,0,0,1,46,2,1,78,0,
a9dbc8,8,12,0,0,1,26,1,1,91,0,
a9dbc8,8,13,1,0,0,0,0,0,0,0,
a9dbc8,20,1,0,0,1,1151,36,1,27,0,
a9dbc8,20,2,0,0,1,50,2,1,28,0,
a9dbc8,20,3,0,0,1,167,7,1,47,0,
a9dbc8,20,4,0,0,1,122,4,1,43,0,
a9dbc8,20,5,0,0,1,955,34,1,21,0,
a9dbc8,20,6,0,0,1,18,1,1,45,0,
a9dbc8,20,7,0,0,1,376,16,1,78,0,
a9dbc8,20,8,0,0,1,1480,52,1,32,0,
a9dbc8,20,9,0,0,1,1416,45,1,31,0,
a9dbc8,20,10,0,0,1,30,2,1,24,0,
a9dbc8,20,11,0,0,1,374,14,1,99,0,
a9dbc8,20,12,0,0,1,61,3,1,91,0,
a9dbc8,20,13,0,0,1,32,1,1,99,0,
a9dbc8,20,14,0,0,1,47,2,1,64,0,
a9dbc8,20,15,0,0,1,31,2,1,75,0,
a9dbc8,20,16,0,0,1,56,3,1,91,0,
a9dbc8,20,17,0,0,1,25,2,1,2,0,
a9dbc8,20,18,0,0,1,52,3,1,119,0,
a9dbc8,20,19,0,0,1,5,1,1,107,0,
a9dbc8,20,20,1,0,0,0,0,0,0,0,
a9dbc8,6,1,0,0,1,1383,40,1,56,0,
a9dbc8,6,2,0,0,1,20,1,1,2,0,
a9dbc8,6,3,0,0,1,20,1,1,2,0,
a9dbc8,6,4,0,0,1,1528,53,1,193,0,
a9dbc8,6,5,0,0,1,14,1,1,44,1,
a9dbc8,6,6,0,0,1,1057,34,1,21,0,
a9dbc8,6,7,0,0,1,46,2,1,48,0,
a9dbc8,6,8,0,0,1,23,1,1,36,0,
a9dbc8,6,9,0,0,1,2642,50,1,44,0,
a9dbc8,6,10,0,0,1,3071,65,1,49,0,
a9dbc8,6,11,0,0,1,169,6,1,115,0,
a9dbc8,6,12,0,0,1,19,1,1,275,1,NameError
a9dbc8,6,13,0,0,1,986,33,1,87,0,
a9dbc8,6,14,1,0,0,0,0,0,0,0,
53de2d,7,1,0,0,1,1765,52,1,206,0,
53de2d,7,2,0,0,1,140,6,1,174,0,
53de2d,7,3,0,0,1,877,34,1,1656,0,
53de2d,14,1,0,0,1,122,3,1,193,0,
53de2d,14,2,0,0,1,75,2,1,190,0,
53de2d,14,3,0,0,1,850,27,1,624,0,
53de2d,14,4,0,0,1,439,14,1,304,0,
53de2d,14,5,0,0,1,866,29,1,153,0,
53de2d,14,6,0,0,1,66,3,1,17,0,
53de2d,12,1,0,0,1,1546,42,1,206,0,
53de2d,12,2,0,0,1,1010,27,1,7,0,
53de2d,12,3,0,0,1,50,1,1,11,0,
53de2d,12,4,0,0,1,10,1,1,90,0,
53de2d,12,5,0,0,1,161,3,1,2,0,
53de2d,6,1,0,0,1,122,3,1,97,0,
53de2d,6,2,0,0,1,2522,69,1,174,0,
53de2d,6,3,0,0,1,16,1,1,32,0,
53de2d,6,4,0,0,1,828,20,1,206,0,
53de2d,4,1,0,0,1,152,4,1,75,0,
53de2d,4,2,0,0,1,264,12,1,2,0,
53de2d,4,3,0,0,1,1946,44,1,2,0,
53de2d,4,4,0,0,1,10,1,1,187,0,
53de2d,4,5,0,0,1,1934,58,1,2,0,
53de2d,4,6,0,0,1,9,1,1,203,0,
53de2d,4,7,0,0,1,1208,39,1,4,0,
53de2d,4,8,0,0,1,238,7,1,288,0,
53de2d,4,9,0,0,1,238,7,1,291,0,
53de2d,4,10,0,0,1,122,5,1,4,0,
53de2d,13,1,0,0,1,112,5,1,41,0,
53de2d,13,2,0,0,1,66,2,1,93,0,
53de2d,13,3,0,0,1,1478,40,1,190,0,
53de2d,13,4,0,0,1,874,26,1,1567,0,
53de2d,13,5,0,0,1,381,11,1,1522,0,
53de2d,13,6,0,0,1,578,19,1,35,0,
53de2d,13,7,0,0,1,84,2,1,31,0,
53de2d,13,8,0,0,1,31,1,1,2,0,
53de2d,13,9,0,0,1,191,6,1,174,0,
53de2d,9,1,0,0,1,108,5,1,41,0,
53de2d,9,2,0,0,1,101,2,1,99,0,
53de2d,9,3,0,0,1,2335,66,1,771,1,ZeroDivisionError
53de2d,9,4,0,0,1,1556,51,1,206,0,
53de2d,9,5,0,0,1,1165,40,1,2,0,
53de2d,9,6,0,0,1,179,7,1,2,0,
53de2d,19,1,0,0,1,176,8,1,97,0,
53de2d,19,2,0,0,1,1962,48,1,174,0,
53de2d,19,3,0,0,1,6,1,1,187,0,
53de2d,19,4,0,0,1,97,5,1,4,0,
53de2d,19,5,0,0,1,265,11,1,37,0,
53de2d,19,6,0,0,1,836,28,1,65,0,
53de2d,19,7,0,0,1,157,9,1,293,0,
53de2d,19,8,0,0,1,63,3,1,290,0,
53de2d,19,9,0,0,1,377,10,1,148,0,
53de2d,19,10,0,0,1,23,1,1,147,0,
53de2d,19,11,0,0,1,1336,44,1,206,0,
53de2d,11,1,0,0,1,197,4,1,193,0,
53de2d,11,2,0,0,1,2267,60,1,174,0,
53de2d,11,3,0,0,1,11,1,1,203,0,
53de2d,11,4,0,0,1,64,2,1,2,0,
53de2d,11,5,0,0,1,12,1,1,219,0,
53de2d,11,6,0,0,1,1012,30,1,1205,0,
53de2d,11,7,0,0,1,757,21,1,2,0,
53de2d,11,8,0,0,1,115,5,1,2,0,
53de2d,23,1,0,0,1,127,1,1,45,0,
53de2d,23,2,0,0,1,3412,65,1,206,0,
53de2d,23,3,0,0,1,1015,29,1,248,0,
53de2d,23,4,0,0,1,997,30,1,188,0,
53de2d,23,5,0,0,1,1984,56,1,206,0,
53de2d,23,6,0,0,1,988,28,1,7,0,
53de2d,23,7,0,0,1,87,2,1,2,0,
53de2d,24,1,0,0,1,1833,53,1,206,0,
53de2d,24,2,0,0,1,1650,56,1,678,1,AttributeError
53de2d,24,3,0,0,1,1410,51,1,2,0,
53de2d,24,4,0,0,1,1044,28,1,2,0,
53de2d,24,5,0,0,1,60,1,1,11,0,
53de2d,18,1,0,0,1,127,4,1,93,0,
53de2d,18,2,0,0,1,984,29,1,193,0,
53de2d,18,3,0,0,1,14,1,1,5,0,
53de2d,18,4,0,0,1,1498,38,1,2,0,
53de2d,18,5,0,0,1,1124,36,1,2,0,
53de2d,18,6,0,0,1,326,14,1,31,0,
53de2d,18,7,0,0,1,1678,54,1,206,0,
53de2d,18,8,0,0,1,196,7,1,2,0,
53de2d,18,9,0,0,1,147,3,1,56,0,
53de2d,18,10,0,0,1,565,17,1,270,0,
53de2d,18,11,0,0,1,132,5,1,4,0,
53de2d,3,1,0,0,1,151,1,1,45,0,
53de2d,3,2,0,0,1,99,2,1,193,0,
53de2d,3,3,0,0,1,3138,71,1,174,0,
53de2d,3,4,0,0,1,11,1,1,187,0,
53de2d,3,5,0,0,1,967,34,1,1135,0,
53de2d,3,6,0,0,1,998,31,1,263,0,
53de2d,3,7,0,0,1,38,1,1,267,0,
53de2d,3,8,0,0,1,779,24,1,625,0,
53de2d,3,9,0,0,1,402,13,1,296,0,
53de2d,3,10,0,0,1,917,24,1,206,0,
53de2d,2,1,0,0,1,136,4,1,193,0,
53de2d,2,2,0,0,1,72,2,1,222,0,
53de2d,2,3,0,0,1,1205,38,1,206,0,
53de2d,2,4,0,0,1,1419,39,1,1603,0,
53de2d,2,5,0,0,1,157,9,1,10,0,
53de2d,2,6,0,0,1,33,4,1,10,0,
53de2d,2,7,0,0,1,60,2,1,2,0,
53de2d,10,1,0,0,1,91,1,1,45,0,
53de2d,10,2,0,0,1,2673,64,1,206,0,
53de2d,10,3,0,0,1,848,26,1,145,0,
53de2d,10,4,0,0,1,1127,38,1,206,0,
53de2d,10,5,0,0,1,864,26,1,34,0,
53de2d,10,6,0,0,1,481,15,1,243,0,
53de2d,10,7,0,0,1,43,2,1,122,0,
53de2d,10,8,0,0,1,184,7,1,113,0,
53de2d,10,9,0,0,1,164,8,1,79,0,
53de2d,10,10,0,0,1,718,22,1,112,0,
53de2d,10,11,0,0,1,1153,35,1,206,0,
53de2d,10,12,0,0,1,795,29,1,60,0,
53de2d,10,13,0,0,1,278,11,1,17,0,
53de2d,10,14,0,0,1,37,1,1,4,0,
53de2d,10,15,0,0,1,5,1,1,3,0,
53de2d,5,1,0,0,1,2015,54,1,4,0,
53de2d,5,2,0,0,1,1349,39,1,44,1,
53de2d,5,3,0,0,1,2460,59,1,190,0,
53de2d,5,4,0,0,1,1085,36,1,1575,0,
53de2d,5,5,0,0,1,122,3,1,391,1,NameError
53de2d,5,6,0,0,1,289,4,1,4,0,
53de2d,5,7,0,0,1,55,2,1,4,0,
53de2d,5,8,0,0,1,5,1,1,3,0,
53de2d,5,9,0,0,1,1588,44,1,4,0,
53de2d,1,1,0,0,1,114,5,1,41,0,
53de2d,1,2,0,0,1,126,4,1,41,0,
53de2d,1,3,0,0,1,196,3,1,83,0,
53de2d,1,4,0,0,1,94,3,1,93,0,
53de2d,1,5,0,0,1,21,1,1,93,0,
53de2d,1,6,0,0,1,3118,72,1,174,0,
53de2d,1,7,0,0,1,5,1,1,187,0,
53de2d,1,8,0,0,1,1295,41,1,2,0,
53de2d,1,9,0,0,1,812,26,1,1575,0,
53de2d,1,10,0,0,1,1190,36,1,190,0,
53de2d,1,11,0,0,1,1030,30,1,107,0,
53de2d,1,12,0,0,1,1606,50,1,206,0,
53de2d,1,13,0,0,1,221,8,1,2,0,
53de2d,1,14,0,0,1,230,8,1,2,0,
53de2d,8,1,0,0,1,142,5,1,100,0,
53de2d,8,2,0,0,1,104,2,1,112,0,
53de2d,8,3,0,0,1,3200,81,1,828,1,ZeroDivisionError
53de2d,8,4,0,0,1,1784,54,1,750,1,ZeroDivisionError
53de2d,8,5,0,0,1,1574,51,1,206,0,
53de2d,8,6,0,0,1,1132,39,1,1205,0,
53de2d,8,7,0,0,1,1267,36,1,2,0,
53de2d,8,8,0,0,1,121,5,1,4,0,
53de2d,15,1,0,0,1,123,5,1,37,0,
53de2d,15,2,0,0,1,116,3,1,87,0,
53de2d,15,3,0,0,1,91,2,1,95,0,
53de2d,15,4,0,0,1,14,1,1,95,0,
53de2d,15,5,0,0,1,15,1,1,112,0,
53de2d,15,6,0,0,1,1382,43,1,206,0,
53de2d,15,7,0,0,1,988,31,1,45,0,
53de2d,15,8,0,0,1,992,27,1,8,0,
53de2d,15,9,0,0,1,24,1,1,18,0,
53de2d,15,10,0,0,1,19,1,1,44,0,
53de2d,15,11,0,0,1,236,9,1,40,0,
53de2d,15,12,0,0,1,352,12,1,122,0,
53de2d,15,13,0,0,1,38,2,1,123,0,
53de2d,15,14,0,0,1,54,2,1,93,0,
53de2d,15,15,0,0,1,55,2,1,2,0,
53de2d,15,16,0,0,1,122,5,1,4,0,
53de2d,15,17,0,0,1,977,28,1,44,1,
53de2d,15,18,0,0,1,99,2,1,2,0,
53de2d,15,19,0,0,1,28,1,1,305,1,NameError
53de2d,15,20,0,0,1,808,23,1,622,1,NameError
53de2d,15,21,0,0,1,865,24,1,5,0,
53de2d,15,22,0,0,1,128,5,1,2,0,
53de2d,15,23,0,0,1,34,2,1,203,0,
53de2d,17,1,0,0,1,1479,42,1,206,0,
53de2d,17,2,0,0,1,2562,64,1,1816,1,TypeError
53de2d,17,3,0,0,1,1839,57,1,800,1,ZeroDivisionError
53de2d,17,4,0,0,1,1836,60,1,214,0,
53de2d,17,5,0,0,1,648,16,1,1030,0,
53de2d,17,6,0,0,1,10,1,1,2,0,
53de2d,17,7,0,0,1,1272,32,1,206,0,
53de2d,17,8,0,0,1,201,9,1,103,0,
53de2d,22,1,0,0,1,179,7,1,93,0,
53de2d,22,2,0,0,1,1875,53,1,176,0,
53de2d,22,3,0,0,1,5,1,1,229,0,
53de2d,22,4,0,0,1,1393,45,1,667,1,ZeroDivisionError
53de2d,22,5,0,0,1,1412,40,1,206,0,
53de2d,22,6,0,0,1,870,29,1,1201,0,
53de2d,22,7,0,0,1,1297,30,1,116,0,
53de2d,22,8,0,0,1,1136,27,1,785,1,NameError
53de2d,22,9,0,0,1,264,8,1,44,1,
53de2d,22,10,0,0,1,36,1,1,295,1,NameError
53de2d,22,11,0,0,1,128,2,1,410,1,NameError
53de2d,22,12,0,0,1,1296,38,1,206,0,
53de2d,22,13,0,0,1,14,1,1,3,0,
53de2d,22,14,0,0,1,1067,29,1,4,0,
53de2d,21,1,0,0,1,217,10,1,123,0,
53de2d,21,2,0,0,1,145,5,1,124,0,
53de2d,21,3,0,0,1,138,3,1,95,0,
53de2d,21,4,0,0,1,13,1,1,112,0,
53de2d,21,5,0,0,1,1904,47,1,2,0,
53de2d,21,6,0,0,1,132,5,1,174,0,
53de2d,21,7,0,0,1,11,1,1,203,0,
53de2d,21,8,0,0,1,1136,28,1,112,0,
53de2d,21,9,0,0,1,107,2,1,110,0,
53de2d,21,10,0,0,1,151,3,1,4,0,
53de2d,21,11,0,0,1,937,30,1,1183,0,
53de2d,21,12,0,0,1,1096,31,1,44,1,
53de2d,21,13,0,0,1,20,1,1,289,1,NameError
53de2d,21,14,0,0,1,930,27,1,2,0,
53de2d,21,15,0,0,1,28,1,1,604,1,NameError
53de2d,21,16,0,0,1,47,2,1,5,0,
53de2d,21,17,0,0,1,28,1,1,5,0,
53de2d,16,1,0,0,1,123,4,1,97,0,
53de2d,16,2,0,0,1,2430,68,1,174,0,
53de2d,16,3,0,0,1,17,1,1,80,0,
53de2d,16,4,0,0,1,11,1,1,187,0,
53de2d,16,5,0,0,1,929,25,1,116,0,
53de2d,16,6,0,0,1,1227,42,1,190,0,
53de2d,16,7,0,0,1,516,16,1,4,0,
53de2d,16,8,0,0,1,801,19,1,44,1,
53de2d,16,9,0,0,1,1191,41,1,361,1,NameError
53de2d,16,10,0,0,1,87,2,1,2,0,
53de2d,16,11,0,0,1,140,6,1,673,1,NameError
53de2d,16,12,0,0,1,60,1,1,45,0,
53de2d,16,13,0,0,1,140,6,1,190,0,
53de2d,16,14,0,0,1,799,22,1,44,1,
53de2d,16,15,0,0,1,135,4,1,424,1,NameError
53de2d,16,16,0,0,1,185,4,1,467,1,NameError
53de2d,16,17,0,0,1,276,5,1,578,1,NameError
53de2d,16,18,0,0,1,1216,36,1,814,1,NameError
53de2d,16,19,0,0,1,24,1,1,45,0,
53de2d,16,20,0,0,1,312,5,1,287,0,
53de2d,16,21,0,0,1,1216,37,1,2,0,
53de2d,16,22,0,0,1,784,22,1,759,1,NameError
53de2d,16,23,0,0,1,163,7,1,44,1,
53de2d,16,24,0,0,1,72,2,1,339,1,NameError
53de2d,16,25,0,0,1,172,3,1,174,0,
53de2d,16,26,0,0,1,101,3,1,376,1,NameError
53de2d,16,27,0,0,1,123,3,1,403,1,NameError
53de2d,16,28,0,0,1,199,4,1,493,1,NameError
53de2d,16,29,0,0,1,1068,34,1,770,1,NameError
53de2d,16,30,0,0,1,224,5,1,131,0,
cbbc1b,10,1,1,0,0,0,0,0,0,0,
cbbc1b,13,1,0,0,1,177,12,1,108,0,
cbbc1b,13,2,0,0,1,75,3,1,113,0,
cbbc1b,13,3,0,0,1,163,5,1,44,1,
cbbc1b,13,4,0,0,1,716,31,1,62,0,
cbbc1b,13,5,0,0,1,340,13,1,62,0,
cbbc1b,13,6,0,0,1,190,8,1,2,0,
cbbc1b,13,7,0,0,1,735,29,1,35,0,
cbbc1b,13,8,0,0,1,33,2,1,3,0,
cbbc1b,12,1,0,0,1,110,1,1,45,0,
cbbc1b,12,2,0,0,1,534,24,1,61,0,
cbbc1b,12,3,0,0,1,240,11,1,61,0,
cbbc1b,12,4,0,0,1,71,3,1,60,0,
cbbc1b,12,5,0,0,1,205,8,1,246,0,
cbbc1b,12,6,0,0,1,15,1,1,247,0,
cbbc1b,12,7,0,0,1,109,3,1,150,0,
cbbc1b,12,8,0,0,1,165,7,1,7,0,
cbbc1b,12,9,0,0,1,399,17,1,37,0,
cbbc1b,12,10,0,0,1,376,16,1,37,0,
cbbc1b,12,11,0,0,1,91,4,1,16,0,
cbbc1b,12,12,0,0,1,44,2,1,16,0,
cbbc1b,12,13,0,0,1,429,15,1,61,0,
cbbc1b,12,14,0,0,1,72,2,1,61,0,
cbbc1b,15,1,0,0,1,116,1,1,45,0,
cbbc1b,15,2,0,0,1,1116,37,1,118,0,
cbbc1b,15,3,0,0,1,153,6,1,17,0,
cbbc1b,15,4,0,0,1,723,25,1,82,0,
cbbc1b,15,5,0,0,1,351,13,1,7,0,
cbbc1b,15,6,0,0,1,578,26,1,123,0,
cbbc1b,15,7,0,0,1,422,19,1,123,0,
cbbc1b,15,8,0,0,1,180,9,1,119,0,
cbbc1b,15,9,0,0,1,176,8,1,108,0,
cbbc1b,15,10,0,0,1,72,4,1,277,0,
cbbc1b,15,11,0,0,1,15,1,1,302,0,
cbbc1b,15,12,0,0,1,63,2,1,150,0,
cbbc1b,15,13,0,0,1,51,2,1,66,0,
cbbc1b,15,14,0,0,1,206,9,1,3,0,
cbbc1b,15,15,0,0,1,203,7,1,76,0,
cbbc1b,15,16,0,0,1,120,4,1,1644,1,ValueError
cbbc1b,15,17,0,0,1,91,4,1,3,0,
cbbc1b,15,18,0,0,1,325,14,1,38,0,
cbbc1b,15,19,0,0,1,187,6,1,76,0,
cbbc1b,15,20,0,0,1,305,13,1,37,0,
cbbc1b,15,21,0,0,1,319,10,1,2,0,
cbbc1b,14,1,1,0,0,0,0,0,0,0,
cbbc1b,1,1,0,0,1,157,6,1,36,0,
cbbc1b,1,2,0,0,1,69,2,1,33,0,
cbbc1b,1,3,0,0,1,136,7,1,12,0,
cbbc1b,1,4,0,0,1,308,9,1,17,0,
cbbc1b,18,1,0,0,1,702,28,1,80,0,
cbbc1b,18,2,0,0,1,242,11,1,82,0,
cbbc1b,18,3,0,0,1,254,10,1,117,0,
cbbc1b,18,4,0,0,1,163,7,1,104,0,
cbbc1b,18,5,0,0,1,146,5,1,150,0,
cbbc1b,18,6,0,0,1,26,1,1,5,0,
cbbc1b,18,7,0,0,1,26,1,1,4,0,
cbbc1b,18,8,0,0,1,203,6,1,2,0,
cbbc1b,18,9,0,0,1,188,7,1,76,0,
cbbc1b,18,10,0,0,1,190,7,1,76,0,
cbbc1b,18,11,0,0,1,549,26,1,129,0,
cbbc1b,18,12,0,0,1,145,5,1,392,0,
cbbc1b,18,13,0,0,1,265,8,1,148,0,
cbbc1b,22,1,0,0,1,110,1,1,45,0,
cbbc1b,22,2,0,0,1,967,35,1,83,0,
cbbc1b,22,3,0,0,1,51,2,1,81,0,
cbbc1b,22,4,0,0,1,489,15,1,104,0,
cbbc1b,22,5,0,0,1,533,15,1,106,0,
cbbc1b,22,6,0,0,1,161,8,1,104,0,
cbbc1b,22,7,0,0,1,130,5,1,150,0,
cbbc1b,22,8,0,0,1,168,8,1,2,0,
cbbc1b,22,9,0,0,1,226,8,1,76,0,
cbbc1b,22,10,0,0,1,109,4,1,47,0,
cbbc1b,22,11,0,0,1,39,1,1,20,0,
cbbc1b,22,12,0,0,1,39,1,1,19,0,
cbbc1b,22,13,0,0,1,82,3,1,16,0,
cbbc1b,22,14,0,0,1,36,1,1,3,0,
cbbc1b,22,15,0,0,1,270,8,1,76,0,
cbbc1b,22,16,0,0,1,73,3,1,43,0,
cbbc1b,22,17,0,0,1,37,1,1,20,0,
cbbc1b,22,18,0,0,1,88,3,1,16,0,
cbbc1b,22,19,0,0,1,135,6,1,22,0,
cbbc1b,3,1,0,0,1,92,1,1,45,0,
cbbc1b,3,2,0,0,1,615,21,1,85,0,
cbbc1b,3,3,0,0,1,130,6,1,84,0,
cbbc1b,3,4,0,0,1,135,5,1,104,0,
cbbc1b,3,5,0,0,1,119,5,1,150,0,
cbbc1b,3,6,0,0,1,136,5,1,2,0,
cbbc1b,3,7,0,0,1,320,13,1,76,0,
cbbc1b,3,8,0,0,1,124,4,1,1,0,
cbbc1b,3,9,0,0,1,215,7,1,62,0,
cbbc1b,3,10,0,0,1,105,3,1,5,0,
cbbc1b,3,11,0,0,1,12,1,1,20,0,
cbbc1b,3,12,0,0,1,56,2,1,19,0,
cbbc1b,3,13,0,0,1,175,5,1,76,0,
cbbc1b,3,14,0,0,1,210,6,1,58,0,
cbbc1b,3,15,0,0,1,56,2,1,20,0,
cbbc1b,3,16,0,0,1,62,2,1,5,0,
cbbc1b,3,17,0,0,1,1425,38,1,225,0,
cbbc1b,3,18,0,0,1,137,7,1,224,0,
cbbc1b,5,1,0,0,1,97,1,1,45,0,
cbbc1b,5,2,0,0,1,555,24,1,61,0,
cbbc1b,5,3,0,0,1,312,12,1,61,0,
cbbc1b,5,4,0,0,1,83,3,1,16,0,
cbbc1b,5,5,0,0,1,272,10,1,150,0,
cbbc1b,5,6,0,0,1,68,1,1,45,0,
cbbc1b,5,7,0,0,1,921,33,1,125,0,
cbbc1b,5,8,0,0,1,117,8,1,17,0,
cbbc1b,5,9,0,0,1,80,3,1,16,0,
cbbc1b,5,10,0,0,1,215,7,1,76,0,
cbbc1b,5,11,0,0,1,108,4,1,66,0,
cbbc1b,5,12,0,0,1,143,5,1,1,0,
cbbc1b,5,13,0,0,1,111,5,1,76,0,
cbbc1b,5,14,0,0,1,263,8,1,410,0,
cbbc1b,5,15,0,0,1,165,1,1,17,0,
cbbc1b,5,16,0,0,1,84,3,1,19,0,
cbbc1b,5,17,0,0,1,137,4,1,5,0,
cbbc1b,5,18,0,0,1,308,9,1,44,1,
cbbc1b,23,1,0,0,1,152,1,1,45,0,
cbbc1b,23,2,0,0,1,141,1,1,45,0,
cbbc1b,23,3,0,0,1,1179,40,1,229,0,
cbbc1b,23,4,0,0,1,178,8,1,230,0,
cbbc1b,23,5,0,0,1,178,8,1,231,0,
cbbc1b,23,6,0,0,1,60,1,1,45,0,
cbbc1b,23,7,0,0,1,992,37,1,61,0,
cbbc1b,23,8,0,0,1,35,3,1,18,0,
cbbc1b,23,9,0,0,1,247,9,1,51,0,
cbbc1b,23,10,0,0,1,189,8,1,108,0,
cbbc1b,23,11,0,0,1,17,1,1,113,0,
cbbc1b,23,12,0,0,1,207,6,1,150,0,
cbbc1b,23,13,0,0,1,140,5,1,2,0,
cbbc1b,23,14,0,0,1,600,20,1,17,0,
cbbc1b,23,15,0,0,1,524,19,1,17,0,
cbbc1b,23,16,0,0,1,53,2,1,17,0,
cbbc1b,23,17,0,0,1,272,8,1,76,0,
cbbc1b,23,18,0,0,1,139,3,1,228,0,
cbbc1b,23,19,0,0,1,68,2,1,1578,1,ValueError
cbbc1b,23,20,0,0,1,60,1,1,45,0,
cbbc1b,23,21,0,0,1,432,17,1,66,0,
cbbc1b,23,22,0,0,1,330,15,1,51,0,
cbbc1b,24,1,0,0,1,146,8,1,76,0,
cbbc1b,24,2,0,0,1,32,2,1,63,0,
cbbc1b,24,3,0,0,1,32,1,1,42,0,
cbbc1b,24,4,0,0,1,73,2,1,42,0,
cbbc1b,24,5,0,0,1,27,1,1,43,0,
cbbc1b,24,6,0,0,1,46,2,1,38,0,
cbbc1b,24,7,0,0,1,30,1,1,43,0,
cbbc1b,24,8,0,0,1,76,4,1,5,0,
cbbc1b,24,9,0,0,1,135,5,1,76,0,
cbbc1b,24,10,0,0,1,35,2,1,63,0,
cbbc1b,24,11,0,0,1,90,3,1,17,0,
cbbc1b,24,12,0,0,1,13,1,1,20,0,
cbbc1b,24,13,0,0,1,47,2,1,5,0,
cbbc1b,24,14,0,0,1,77,4,1,3,0,
cbbc1b,24,15,0,0,1,270,10,1,17,0,
cbbc1b,24,16,0,0,1,1031,32,1,17,0,
cbbc1b,24,17,0,0,1,7,1,1,192,0,
cbbc1b,24,18,0,0,1,12,1,1,3,0,
cbbc1b,24,19,0,0,1,32,2,1,17,0,
cbbc1b,24,20,0,0,1,339,9,1,56,0,
cbbc1b,24,21,0,0,1,11,1,1,17,0,
cbbc1b,24,22,0,0,1,134,7,1,38,0,
cbbc1b,24,23,0,0,1,501,18,1,17,0,
cbbc1b,24,24,0,0,1,215,2,1,17,0,
cbbc1b,24,25,0,0,1,46,1,1,8,0,
cbbc1b,24,26,0,0,1,257,5,1,58,0,
cbbc1b,24,27,0,0,1,74,5,1,18,0,
cbbc1b,24,28,0,0,1,136,6,1,17,0,
cbbc1b,24,29,0,0,1,152,7,1,104,0,
cbbc1b,24,30,0,0,1,58,3,1,227,0,
cbbc1b,24,31,0,0,1,14,1,1,227,0,
cbbc1b,24,32,0,0,1,372,3,1,60,0,
cbbc1b,24,33,0,0,1,134,4,1,14,0,
cbbc1b,24,34,0,0,1,63,2,1,2,0,
cbbc1b,24,35,0,0,1,86,2,1,17,0,
cbbc1b,9,1,0,0,1,151,7,1,104,0,
cbbc1b,9,2,0,0,1,56,3,1,246,0,
cbbc1b,9,3,0,0,1,16,1,1,247,0,
cbbc1b,9,4,0,0,1,166,3,1,393,0,
cbbc1b,9,5,0,0,1,203,6,1,343,0,
cbbc1b,9,6,0,0,1,65,2,1,196,0,
cbbc1b,9,7,0,0,1,65,2,1,196,0,
cbbc1b,9,8,0,0,1,98,3,1,150,0,
cbbc1b,9,9,0,0,1,136,5,1,2,0,
cbbc1b,9,10,0,0,1,955,34,1,224,0,
cbbc1b,9,11,0,0,1,47,2,1,17,0,
cbbc1b,9,12,0,0,1,166,6,1,76,0,
cbbc1b,9,13,0,0,1,35,2,1,63,0,
cbbc1b,9,14,0,0,1,199,4,1,10,0,
cbbc1b,9,15,0,0,1,67,2,1,1,0,
cbbc1b,9,16,0,0,1,316,7,1,76,0,
cbbc1b,9,17,0,0,1,831,26,1,136,0,
cbbc1b,9,18,0,0,1,140,5,1,3,0,
cbbc1b,9,19,0,0,1,661,24,1,84,0,
cbbc1b,9,20,0,0,1,193,6,1,227,0,
cbbc1b,9,21,0,0,1,14,1,1,227,0,
cbbc1b,9,22,0,0,1,208,5,1,148,0,
cbbc1b,21,1,0,0,1,109,1,1,45,0,
cbbc1b,21,2,0,0,1,947,34,1,83,0,
cbbc1b,21,3,0,0,1,73,1,1,45,0,
cbbc1b,21,4,0,0,1,227,11,1,26,0,
cbbc1b,21,5,0,0,1,689,24,1,88,0,
cbbc1b,21,6,0,0,1,153,5,1,72,0,
cbbc1b,21,7,0,0,1,51,1,1,123,0,
cbbc1b,21,8,0,0,1,297,2,1,44,1,
cbbc1b,21,9,0,0,1,43,2,1,307,1,NameError
cbbc1b,21,10,0,0,1,58,3,1,32,0,
cbbc1b,21,11,0,0,1,255,7,1,1738,0,
cbbc1b,21,12,0,0,1,118,4,1,52,0,
cbbc1b,21,13,0,0,1,111,5,1,51,0,
cbbc1b,21,14,0,0,1,70,2,1,614,1,TypeError
cbbc1b,21,15,0,0,1,46,1,1,9,0,
cbbc1b,21,16,0,0,1,81,1,1,45,0,
cbbc1b,21,17,0,0,1,1098,35,1,227,0,
cbbc1b,21,18,0,0,1,54,2,1,17,0,
cbbc1b,21,19,0,0,1,334,13,1,42,0,
cbbc1b,21,20,0,0,1,177,6,1,104,0,
cbbc1b,21,21,0,0,1,639,20,1,210,0,
cbbc1b,21,22,0,0,1,141,5,1,2,0,
cbbc1b,21,23,0,0,1,188,6,1,76,0,
cbbc1b,21,24,0,0,1,112,4,1,47,0,
cbbc1b,21,25,0,0,1,42,1,1,20,0,
cbbc1b,21,26,0,0,1,142,4,1,331,0,
cbbc1b,21,27,0,0,1,11,1,1,4,0,
cbbc1b,21,28,0,0,1,290,9,1,76,0,
cbbc1b,21,29,0,0,1,96,3,1,5,0,
cbbc1b,21,30,0,0,1,220,9,1,17,0,
cbbc1b,16,1,0,0,1,45,2,1,6,0,
cbbc1b,16,2,0,0,1,136,4,1,62,0,
cbbc1b,16,3,0,0,1,37,2,1,63,0,
cbbc1b,16,4,0,0,1,32,1,1,42,0,
cbbc1b,16,5,0,0,1,29,1,1,19,0,
cbbc1b,16,6,0,0,1,91,3,1,5,0,
cbbc1b,16,7,0,0,1,196,3,1,5,0,
cbbc1b,16,8,0,0,1,807,28,1,80,0,
cbbc1b,16,9,0,0,1,169,5,1,104,0,
cbbc1b,16,10,0,0,1,54,3,1,227,0,
cbbc1b,16,11,0,0,1,14,1,1,227,0,
cbbc1b,16,12,0,0,1,321,12,1,150,0,
cbbc1b,16,13,0,0,1,135,5,1,2,0,
cbbc1b,16,14,0,0,1,781,29,1,145,0,
cbbc1b,16,15,0,0,1,992,33,1,112,0,
cbbc1b,16,16,0,0,1,380,17,1,17,0,
cbbc1b,16,17,0,0,1,604,25,1,228,0,
cbbc1b,4,1,0,0,1,383,16,1,76,0,
cbbc1b,4,2,0,0,1,18,1,1,417,0,
cbbc1b,4,3,0,0,1,83,2,1,17,0,
cbbc1b,4,4,0,0,1,42,2,1,169,0,
cbbc1b,4,5,0,0,1,91,3,1,2811,1,
cbbc1b,4,6,0,0,1,255,7,1,488,0,
cbbc1b,4,7,0,0,1,72,3,1,21,0,
cbbc1b,4,8,0,0,1,42,2,1,16,0,
cbbc1b,4,9,0,0,1,19,1,1,5,0,
cbbc1b,4,10,0,0,1,400,12,1,76,0,
cbbc1b,4,11,0,0,1,38,1,1,17,0,
cbbc1b,4,12,0,0,1,42,2,1,170,0,
cbbc1b,4,13,0,0,1,400,11,1,529,0,
cbbc1b,4,14,0,0,1,73,3,1,19,0,
cbbc1b,4,15,0,0,1,45,2,1,16,0,
cbbc1b,4,16,0,0,1,908,31,1,136,0,
cbbc1b,4,17,0,0,1,334,16,1,128,0,
cbbc1b,4,18,0,0,1,548,28,1,37,0,
cbbc1b,4,19,0,0,1,145,8,1,37,0,
cbbc1b,4,20,0,0,1,598,22,1,105,0,
cbbc1b,4,21,0,0,1,1067,36,1,116,0,
cbbc1b,4,22,0,0,1,207,8,1,2,0,
cbbc1b,4,23,0,0,1,57,2,1,17,0,
cbbc1b,4,24,0,0,1,578,24,1,81,0,
cbbc1b,4,25,0,0,1,289,10,1,150,0,
cbbc1b,8,1,0,0,1,110,1,1,45,0,
cbbc1b,8,2,0,0,1,807,33,1,138,0,
cbbc1b,8,3,0,0,1,216,6,1,28,0,
cbbc1b,8,4,0,0,1,138,5,1,3,0,
cbbc1b,8,5,0,0,1,92,1,1,45,0,
cbbc1b,8,6,0,0,1,729,28,1,54,0,
cbbc1b,8,7,0,0,1,46,3,1,18,0,
cbbc1b,8,8,0,0,1,91,3,1,43,0,
cbbc1b,8,9,0,0,1,776,33,1,85,0,
cbbc1b,8,10,0,0,1,190,5,1,2,0,
cbbc1b,8,11,0,0,1,214,8,1,218,0,
cbbc1b,8,12,0,0,1,16,1,1,236,0,
cbbc1b,8,13,0,0,1,474,5,1,56,0,
cbbc1b,8,14,0,0,1,449,9,1,35,0,
cbbc1b,8,15,0,0,1,440,17,1,85,0,
cbbc1b,8,16,0,0,1,332,12,1,75,0,
cbbc1b,8,17,0,0,1,824,23,1,17,0,
cbbc1b,19,1,0,0,1,141,6,1,42,0,
cbbc1b,19,2,0,0,1,196,6,1,61,0,
cbbc1b,19,3,0,0,1,96,5,1,2,0,
cbbc1b,19,4,0,0,1,1454,38,1,17,0,
cbbc1b,19,5,0,0,1,14,1,1,207,0,
cbbc1b,19,6,0,0,1,251,9,1,17,0,
cbbc1b,19,7,0,0,1,76,3,1,37,0,
cbbc1b,19,8,0,0,1,56,3,1,17,0,
cbbc1b,19,9,0,0,1,40,3,1,18,0,
cbbc1b,19,10,0,0,1,150,7,1,104,0,
cbbc1b,19,11,0,0,1,114,4,1,76,0,
cbbc1b,19,12,0,0,1,42,2,1,76,0,
cbbc1b,19,13,0,0,1,116,3,1,47,0,
cbbc1b,19,14,0,0,1,75,3,1,20,0,
cbbc1b,19,15,0,0,1,240,6,1,37,0,
cbbc1b,19,16,0,0,1,118,3,1,5,0,
cbbc1b,19,17,0,0,1,48,2,1,17,0,
cbbc1b,19,18,0,0,1,49,2,1,19,0,
cbbc1b,19,19,0,0,1,79,4,1,3,0,
cbbc1b,19,20,0,0,1,41,2,1,11,0,
cbbc1b,19,21,0,0,1,161,5,1,76,0,
cbbc1b,19,22,0,0,1,104,3,1,43,0,
cbbc1b,19,23,0,0,1,40,1,1,20,0,
cbbc1b,19,24,0,0,1,95,3,1,5,0,
cbbc1b,19,25,0,0,1,487,17,1,17,0,
cbbc1b,19,26,0,0,1,14,1,1,207,0,
cbbc1b,19,27,0,0,1,35,2,1,189,0,
cbbc1b,19,28,0,0,1,299,11,1,53,0,
cbbc1b,19,29,0,0,1,136,5,1,58,0,
cbbc1b,19,30,0,0,1,152,5,1,39,0,
cbbc1b,19,31,0,0,1,159,5,1,94,0,
cbbc1b,19,32,0,0,1,169,5,1,148,0,
cbbc1b,19,33,0,0,1,110,4,1,2,0,
cbbc1b,19,34,0,0,1,482,16,1,17,0,
cbbc1b,11,1,0,0,1,331,9,1,79,0,
cbbc1b,11,2,0,0,1,728,29,1,17,0,
cbbc1b,11,3,0,0,1,9,1,1,195,0,
cbbc1b,11,4,0,0,1,20,1,1,17,0,
cbbc1b,11,5,0,0,1,8,1,1,6,0,
cbbc1b,11,6,0,0,1,197,10,1,23,0,
cbbc1b,11,7,0,0,1,10,1,1,9,0,
cbbc1b,11,8,0,0,1,12,1,1,9,0,
cbbc1b,11,9,0,0,1,13,1,1,4,0,
cbbc1b,11,10,0,0,1,257,7,1,79,0,
cbbc1b,11,11,0,0,1,619,24,1,15,0,
cbbc1b,6,1,0,0,1,103,5,1,42,0,
cbbc1b,6,2,0,0,1,753,27,1,63,0,
cbbc1b,6,3,0,0,1,298,11,1,63,0,
cbbc1b,6,4,0,0,1,103,5,1,14,0,
cbbc1b,6,5,0,0,1,324,11,1,7,0,
cbbc1b,6,6,0,0,1,1309,33,1,17,0,
cbbc1b,6,7,0,0,1,647,21,1,17,0,
cbbc1b,6,8,0,0,1,524,19,1,198,0,
cbbc1b,6,9,0,0,1,802,21,1,35,0,
cbbc1b,6,10,0,0,1,172,8,1,227,0,
cbbc1b,6,11,0,0,1,13,1,1,227,0,
cbbc1b,6,12,0,0,1,58,2,1,44,1,
cbbc1b,6,13,0,0,1,50,2,1,314,1,NameError
cbbc1b,6,14,0,0,1,187,9,1,150,0,
cbbc1b,6,15,0,0,1,952,33,1,201,0,
cbbc1b,6,16,0,0,1,100,5,1,43,0,
cbbc1b,6,17,0,0,1,45,2,1,110,0,
cbbc1b,6,18,0,0,1,135,5,1,9,0,
cbbc1b,6,19,0,0,1,35,2,1,3,0,
cbbc1b,6,20,0,0,1,40,2,1,12,0,
cbbc1b,6,21,0,0,1,123,4,1,28,0,
cbbc1b,6,22,0,0,1,39,2,1,12,0,
cbbc1b,6,23,0,0,1,55,2,1,49,0,
cbbc1b,6,24,0,0,1,56,2,1,2,0,
cbbc1b,17,1,1,0,0,0,0,0,0,0,
cbbc1b,20,1,0,0,1,109,1,1,45,0,
cbbc1b,20,2,0,0,1,858,27,1,81,0,
cbbc1b,20,3,0,0,1,44,2,1,81,0,
cbbc1b,20,4,0,0,1,317,12,1,7,0,
cbbc1b,20,5,0,0,1,79,1,1,45,0,
cbbc1b,20,6,0,0,1,1071,35,1,162,0,
cbbc1b,20,7,0,0,1,608,22,1,145,0,
cbbc1b,20,8,0,0,1,89,2,1,44,1,
cbbc1b,20,9,0,0,1,60,1,1,45,0,
cbbc1b,20,10,0,0,1,151,5,1,631,1,NameError
cbbc1b,20,11,0,0,1,338,13,1,17,0,
cbbc1b,20,12,0,0,1,357,13,1,36,0,
cbbc1b,20,13,0,0,1,190,4,1,22,0,
cbbc1b,20,14,0,0,1,375,16,1,14,0,
cbbc1b,20,15,0,0,1,380,13,1,219,0,
cbbc1b,20,16,0,0,1,508,20,1,5,0,
cbbc1b,20,17,0,0,1,414,14,1,221,0,
cbbc1b,20,18,0,0,1,286,7,1,35,0,
cbbc1b,20,19,0,0,1,31,2,1,35,0,
cbbc1b,20,20,0,0,1,496,16,1,4,0,
cbbc1b,20,21,1,0,0,0,0,0,0,0,
cbbc1b,2,1,0,0,1,133,6,1,42,0,
cbbc1b,2,2,0,0,1,70,2,1,44,0,
cbbc1b,2,3,0,0,1,133,5,1,53,0,
cbbc1b,2,4,0,0,1,123,4,1,23,0,
cbbc1b,2,5,0,0,1,106,6,1,3,0,
cbbc1b,2,6,0,0,1,986,34,1,232,0,
cbbc1b,2,7,0,0,1,118,6,1,56,0,
cbbc1b,2,8,0,0,1,32,2,1,17,0,
cbbc1b,2,9,0,0,1,24,2,1,172,0,
cbbc1b,2,10,0,0,1,151,6,1,61,0,
cbbc1b,2,11,0,0,1,21,1,1,1,0,
cbbc1b,2,12,0,0,1,795,29,1,135,0,
cbbc1b,2,13,0,0,1,50,2,1,44,1,
cbbc1b,2,14,0,0,1,694,22,1,673,1,NameError
cbbc1b,2,15,0,0,1,796,22,1,17,0,
cbbc1b,2,16,0,0,1,73,2,1,17,0,
cbbc1b,2,17,0,0,1,54,2,1,17,0,
cbbc1b,2,18,0,0,1,54,2,1,17,0,
cbbc1b,2,19,0,0,1,694,21,1,16,0,
cbbc1b,2,20,0,0,1,177,6,1,438,1,NameError
cbbc1b,2,21,0,0,1,183,7,1,76,0,
cbbc1b,2,22,0,0,1,37,2,1,76,0,
cbbc1b,2,23,0,0,1,37,2,1,63,0,
cbbc1b,2,24,0,0,1,92,3,1,40,0,
cbbc1b,2,25,0,0,1,147,6,1,4,0,
cbbc1b,2,26,0,0,1,12,1,1,19,0,
cbbc1b,2,27,0,0,1,189,6,1,76,0,
cbbc1b,2,28,0,0,1,40,2,1,63,0,
cbbc1b,2,29,0,0,1,76,3,1,4,0,
cbbc1b,2,30,0,0,1,200,7,1,5,0,
cbbc1b,2,31,0,0,1,54,2,1,17,0,
cbbc1b,2,32,0,0,1,30,1,1,1,0,
cbbc1b,2,33,0,0,1,32,2,1,3,0,
cbbc1b,2,34,0,0,1,79,4,1,19,0,
cbbc1b,2,35,0,0,1,31,2,1,18,0,
cbbc1b,2,36,0,0,1,49,2,1,4,0,
cbbc1b,2,37,0,0,1,379,15,1,605,1,NameError
cbbc1b,2,38,0,0,1,187,9,1,17,0,
cbbc1b,2,39,0,0,1,106,5,1,4,0,
cbbc1b,2,40,0,0,1,129,4,1,12,0,
cbbc1b,2,41,1,0,0,0,0,0,0,0,
cbbc1b,7,1,0,0,1,155,8,1,77,0,
cbbc1b,7,2,0,0,1,12,1,1,417,0,
cbbc1b,7,3,0,0,1,63,3,1,83,0,
cbbc1b,7,4,0,0,1,223,8,1,59,0,
cbbc1b,7,5,0,0,1,148,4,1,134,0,
cbbc1b,7,6,0,0,1,18,1,1,3,0,
cbbc1b,7,7,0,0,1,192,5,1,46,0,
cbbc1b,7,8,0,0,1,32,1,1,3,0,
cbbc1b,7,9,0,0,1,111,2,1,34,0,
cbbc1b,7,10,0,0,1,16,1,1,31,0,
cbbc1b,7,11,0,0,1,841,29,1,231,0,
cbbc1b,7,12,0,0,1,49,2,1,17,0,
cbbc1b,7,13,0,0,1,297,13,1,54,0,
cbbc1b,7,14,0,0,1,26,2,1,51,0,
cbbc1b,7,15,0,0,1,125,4,1,49,0,
cbbc1b,7,16,0,0,1,80,1,1,37,0,
cbbc1b,7,17,0,0,1,80,3,1,23,0,
cbbc1b,7,18,0,0,1,9,1,1,17,0,
cbbc1b,7,19,0,0,1,82,4,1,52,0,
cbbc1b,7,20,0,0,1,117,4,1,78,0,
cbbc1b,7,21,0,0,1,38,2,1,81,0,
cbbc1b,7,22,0,0,1,59,2,1,57,0,
cbbc1b,7,23,0,0,1,22,1,1,18,0,
cbbc1b,7,24,0,0,1,180,3,1,164,0,
cbbc1b,7,25,0,0,1,36,1,1,18,0,
cbbc1b,7,26,0,0,1,301,9,1,277,0,
cbbc1b,7,27,0,0,1,192,4,1,81,0,
cbbc1b,7,28,0,0,1,172,1,1,159,0,
cbbc1b,7,29,0,0,1,35,2,1,363,0,
cbbc1b,7,30,0,0,1,50,2,1,91,0,
cbbc1b,7,31,0,0,1,78,2,1,15,0,
cbbc1b,7,32,0,0,1,50,2,1,199,0,
cbbc1b,7,33,0,0,1,393,8,1,291,0,
cbbc1b,7,34,0,0,1,167,5,1,41,0,
cbbc1b,7,35,0,0,1,78,2,1,57,0,
cbbc1b,7,36,0,0,1,351,11,1,2,0,
cbbc1b,7,37,0,0,1,709,26,1,229,0,
cbbc1b,7,38,0,0,1,120,4,1,552,0,
cbbc1b,7,39,0,0,1,22,1,1,17,0,
cbbc1b,7,40,0,0,1,53,2,1,154,0,
cbbc1b,7,41,0,0,1,59,3,1,101,0,
cbbc1b,7,42,0,0,1,126,5,1,37,0,
cbbc1b,7,43,0,0,1,177,5,1,93,0,
cbbc1b,7,44,0,0,1,37,2,1,66,0,
cbbc1b,7,45,0,0,1,53,2,1,42,0,
cbbc1b,7,46,0,0,1,38,1,1,40,0,
cbbc1b,7,47,0,0,1,47,2,1,5,0,
cbbc1b,7,48,0,0,1,92,3,1,5,0,
cbbc1b,7,49,0,0,1,12,1,1,4,0,
cbbc1b,7,50,0,0,1,222,8,1,204,0,
cbbc1b,7,51,0,0,1,16,1,1,215,0,
cbbc1b,7,52,0,0,1,71,3,1,343,1,NameError
cbbc1b,7,53,0,0,1,362,4,1,221,0,
cbbc1b,7,54,0,0,1,71,2,1,16,0,
cbbc1b,7,55,0,0,1,75,2,1,57,0,
cbbc1b,7,56,0,0,1,214,10,1,2,0,
cbbc1b,7,57,0,0,1,370,10,1,1656,0,
cbbc1b,7,58,0,0,1,307,10,1,128,0,
69ce73,3,1,0,0,1,1068,40,1,164,0,
69ce73,3,2,0,0,1,43,2,1,12,0,
69ce73,9,1,0,0,1,526,21,1,29,0,
69ce73,9,2,0,0,1,109,3,1,24,0,
69ce73,9,3,0,0,1,725,11,1,16,0,
69ce73,9,4,0,0,1,191,4,1,16,0,
69ce73,9,5,0,0,1,188,4,1,16,0,
69ce73,9,6,0,0,1,155,4,1,16,0,
69ce73,9,7,0,0,1,155,4,1,16,0,
69ce73,6,1,0,0,1,377,13,1,135,0,
69ce73,6,2,0,0,1,170,5,1,183,0,
69ce73,6,3,1,0,0,0,0,0,0,0,
69ce73,15,1,0,0,1,403,22,1,78,0,
69ce73,15,2,0,0,1,123,5,1,148,0,
69ce73,15,3,0,0,1,816,27,1,104,0,
69ce73,15,4,0,0,1,114,4,1,153,0,
69ce73,20,1,0,0,1,1002,35,1,43,0,
69ce73,20,2,0,0,1,62,3,1,7,0,
69ce73,4,1,0,0,1,159,8,1,61,0,
69ce73,4,2,0,0,1,46,1,1,59,0,
69ce73,4,3,0,0,1,864,27,1,10,0,
69ce73,4,4,0,0,1,510,13,1,462,1,NameError
69ce73,4,5,0,0,1,134,4,1,50,0,
69ce73,7,1,0,0,1,196,8,1,24,0,
69ce73,7,2,0,0,1,125,5,1,49,0,
69ce73,7,3,0,0,1,104,7,1,158,0,
69ce73,7,4,0,0,1,204,5,1,16,0,
69ce73,7,5,0,0,1,46,2,1,16,0,
69ce73,7,6,1,0,0,0,0,0,0,0,
69ce73,10,1,0,0,1,868,32,1,163,0,
69ce73,10,2,0,0,1,306,14,1,98,0,
69ce73,12,1,0,0,1,374,17,1,29,0,
69ce73,12,2,0,0,1,144,5,1,12,0,
69ce73,12,3,0,0,1,505,16,1,22,0,
69ce73,12,4,0,0,1,157,7,1,124,0,
69ce73,12,5,0,0,1,265,9,1,94,0,
69ce73,21,1,0,0,1,1142,43,1,180,0,
69ce73,21,2,0,0,1,365,14,1,45,0,
69ce73,21,3,0,0,1,28,1,1,280,1,NameError
69ce73,21,4,0,0,1,142,4,1,16,0,
69ce73,21,5,0,0,1,142,4,1,16,0,
69ce73,14,1,0,0,1,636,25,1,359,0,
69ce73,14,2,0,0,1,213,8,1,178,0,
69ce73,5,1,0,0,1,435,17,1,44,1,
69ce73,5,2,0,0,1,367,10,1,514,1,NameError
69ce73,5,3,0,0,1,373,12,1,218,0,
69ce73,5,4,0,0,1,294,10,1,18,0,
69ce73,5,5,0,0,1,254,8,1,17,0,
69ce73,5,6,0,0,1,223,7,1,4,0,
69ce73,23,1,0,0,1,160,6,1,80,0,
69ce73,23,2,0,0,1,19,1,1,48,0,
69ce73,23,3,0,0,1,193,8,1,108,0,
69ce73,23,4,0,0,1,702,20,1,45,0,
69ce73,23,5,0,0,1,64,3,1,42,0,
69ce73,23,6,0,0,1,35,2,1,44,0,
69ce73,23,7,0,0,1,62,3,1,42,0,
69ce73,23,8,0,0,1,13,1,1,46,0,
69ce73,23,9,0,0,1,428,15,1,38,0,
69ce73,23,10,0,0,1,587,15,1,84,0,
69ce73,8,1,0,0,1,324,12,1,41,0,
69ce73,8,2,0,0,1,107,3,1,75,0,
69ce73,8,3,0,0,1,16,1,1,630,1,AttributeError
69ce73,8,4,0,0,1,92,3,1,32,0,
69ce73,8,5,0,0,1,41,2,1,23,0,
69ce73,8,6,0,0,1,83,3,1,26,0,
69ce73,8,7,0,0,1,64,2,1,52,0,
69ce73,8,8,0,0,1,968,28,1,103,0,
69ce73,8,9,0,0,1,414,15,1,446,0,
69ce73,8,10,0,0,1,76,1,1,172,0,
69ce73,8,11,0,0,1,277,10,1,42,0,
69ce73,8,12,0,0,1,115,4,1,75,0,
69ce73,8,13,0,0,1,92,3,1,33,0,
69ce73,8,14,0,0,1,41,2,1,24,0,
69ce73,8,15,0,0,1,142,5,1,26,0,
69ce73,8,16,0,0,1,492,18,1,87,0,
69ce73,8,17,0,0,1,757,20,1,467,1,AttributeError
69ce73,8,18,0,0,1,75,2,1,23,0,
69ce73,8,19,0,0,1,638,12,1,162,0,
69ce73,8,20,0,0,1,370,13,1,61,0,
69ce73,8,21,0,0,1,117,5,1,27,0,
69ce73,8,22,0,0,1,722,23,1,216,0,
69ce73,22,1,0,0,1,186,8,1,24,0,
69ce73,22,2,0,0,1,139,7,1,73,0,
69ce73,22,3,0,0,1,110,4,1,96,0,
69ce73,22,4,0,0,1,22,1,1,11,0,
69ce73,22,5,0,0,1,23,1,1,1,0,
69ce73,22,6,0,0,1,128,3,1,39,0,
69ce73,22,7,0,0,1,189,9,1,101,0,
69ce73,22,8,0,0,1,205,7,1,671,1,ValueError
69ce73,22,9,0,0,1,257,7,1,18,0,
69ce73,22,10,0,0,1,183,9,1,3,0,
69ce73,22,11,0,0,1,283,10,1,43,0,
69ce73,22,12,0,0,1,123,3,1,45,0,
69ce73,22,13,0,0,1,70,4,1,1,0,
69ce73,22,14,0,0,1,20,1,1,3,0,
69ce73,22,15,0,0,1,81,2,1,1,0,
69ce73,22,16,0,0,1,299,9,1,4,0,
69ce73,22,17,0,0,1,187,6,1,1,0,
69ce73,22,18,0,0,1,535,14,1,73,0,
69ce73,22,19,0,0,1,822,27,1,174,0,
69ce73,22,20,1,0,0,0,0,0,0,0,
69ce73,16,1,0,0,1,234,10,1,130,0,
69ce73,16,2,0,0,1,300,12,1,167,0,
69ce73,16,3,0,0,1,25,1,1,84,0,
69ce73,16,4,0,0,1,900,29,1,135,0,
69ce73,16,5,0,0,1,125,5,1,117,0,
69ce73,16,6,0,0,1,125,7,1,101,0,
69ce73,16,7,0,0,1,1301,42,1,1364,0,
69ce73,16,8,0,0,1,313,7,1,556,1,ModuleNotFoundError
69ce73,16,9,0,0,1,6,1,1,266,1,NameError
69ce73,16,10,0,0,1,258,8,1,597,0,
69ce73,16,11,0,0,1,897,27,1,455,0,
69ce73,16,12,0,0,1,620,22,1,483,0,
69ce73,16,13,0,0,1,800,24,1,441,0,
69ce73,16,14,0,0,1,189,7,1,38,0,
69ce73,16,15,0,0,1,250,9,1,38,0,
69ce73,16,16,0,0,1,64,3,1,40,0,
69ce73,16,17,0,0,1,53,2,1,1,0,
69ce73,16,18,0,0,1,35,1,1,1,0,
69ce73,16,19,0,0,1,92,3,1,32,0,
69ce73,16,20,0,0,1,22,1,1,36,0,
69ce73,16,21,0,0,1,41,1,1,37,0,
69ce73,16,22,0,0,1,39,1,1,37,0,
69ce73,16,23,0,0,1,615,20,1,30,0,
69ce73,16,24,0,0,1,630,21,1,33,0,
69ce73,16,25,0,0,1,83,3,1,37,0,
69ce73,16,26,0,0,1,54,2,1,32,0,
69ce73,16,27,0,0,1,571,19,1,5,0,
69ce73,16,28,1,0,0,0,0,0,0,0,
69ce73,1,1,0,0,1,2490,59,1,53,0,
69ce73,1,2,0,0,1,203,5,1,107,0,
69ce73,1,3,0,0,1,1715,34,1,430,1,NameError
69ce73,1,4,0,0,1,1147,29,1,257,0,
69ce73,1,5,0,0,1,70,1,1,47,0,
69ce73,1,6,0,0,1,78,1,1,60,0,
69ce73,1,7,0,0,1,99,4,1,2,0,
69ce73,1,8,0,0,1,52,3,1,14,0,
69ce73,1,9,0,0,1,125,2,1,45,0,
69ce73,1,10,0,0,1,683,17,1,13,0,
69ce73,1,11,0,0,1,517,14,1,257,0,
69ce73,1,12,0,0,1,34,1,1,32,0,
69ce73,1,13,0,0,1,16,1,1,16,0,
69ce73,1,14,0,0,1,34,1,1,10,0,
69ce73,1,15,0,0,1,754,31,1,109,0,
69ce73,1,16,0,0,1,102,5,1,107,0,
69ce73,1,17,0,0,1,168,5,1,45,0,
69ce73,1,18,0,0,1,118,5,1,18,0,
69ce73,1,19,0,0,1,310,8,1,15,0,
69ce73,1,20,0,0,1,200,5,1,43,0,
69ce73,1,21,0,0,1,78,1,1,61,0,
69ce73,1,22,0,0,1,3,1,1,36,0,
69ce73,1,23,0,0,1,142,5,1,7,0,
69ce73,1,24,0,0,1,720,28,1,171,0,
69ce73,1,25,0,0,1,34,1,1,89,0,
69ce73,17,1,0,0,1,536,24,1,39,0,
69ce73,17,2,0,0,1,70,3,1,21,0,
69ce73,17,3,0,0,1,10,1,1,17,0,
69ce73,17,4,0,0,1,47,2,1,16,0,
69ce73,17,5,0,0,1,16,1,1,29,0,
69ce73,17,6,0,0,1,33,2,1,17,0,
69ce73,17,7,0,0,1,54,2,1,23,0,
69ce73,17,8,0,0,1,66,2,1,20,0,
69ce73,17,9,0,0,1,439,11,1,95,0,
69ce73,17,10,0,0,1,33,2,1,25,0,
69ce73,17,11,0,0,1,499,12,1,41,0,
69ce73,17,12,0,0,1,16,1,1,30,0,
69ce73,17,13,0,0,1,147,5,1,25,0,
69ce73,17,14,0,0,1,9,1,1,19,0,
69ce73,17,15,0,0,1,201,8,1,2,0,
69ce73,17,16,0,0,1,441,10,1,28,0,
69ce73,17,17,0,0,1,243,8,1,4,0,
69ce73,17,18,0,0,1,387,9,1,24,0,
69ce73,17,19,0,0,1,107,3,1,13,0,
69ce73,17,20,0,0,1,24,1,1,20,0,
69ce73,17,21,0,0,1,62,2,1,29,0,
69ce73,17,22,0,0,1,16,1,1,39,0,
69ce73,17,23,0,0,1,149,2,1,38,0,
69ce73,17,24,0,0,1,88,3,1,12,0,
69ce73,17,25,0,0,1,19,1,1,18,0,
69ce73,17,26,0,0,1,409,11,1,95,0,
69ce73,17,27,0,0,1,75,2,1,20,0,
69ce73,17,28,0,0,1,342,10,1,87,0,
69ce73,17,29,0,0,1,11,1,1,19,0,
69ce73,17,30,0,0,1,322,10,1,17,0,
69ce73,17,31,0,0,1,217,8,1,17,0,
69ce73,17,32,0,0,1,479,13,1,17,0,
69ce73,17,33,0,0,1,84,3,1,4,0,
69ce73,17,34,0,0,1,174,7,1,2,0,
69ce73,17,35,0,0,1,37,1,1,18,0,
69ce73,17,36,0,0,1,34,1,1,17,0,
69ce73,17,37,0,0,1,387,11,1,36,0,
69ce73,17,38,0,0,1,396,10,1,28,0,
69ce73,17,39,0,0,1,454,14,1,37,0,
69ce73,17,40,0,0,1,271,12,1,36,0,
69ce73,17,41,0,0,1,367,11,1,2,0,
69ce73,17,42,0,0,1,62,2,1,16,0,
69ce73,17,43,0,0,1,108,4,1,35,0,
69ce73,17,44,0,0,1,12,1,1,18,0,
69ce73,17,45,0,0,1,174,7,1,2,0,
69ce73,17,46,0,0,1,147,6,1,2,0,
69ce73,17,47,0,0,1,166,4,1,45,0,
69ce73,17,48,0,0,1,1248,41,1,132,0,
69ce73,17,49,0,0,1,37,1,1,18,0,
69ce73,17,50,0,0,1,179,7,1,2,0,
69ce73,17,51,0,0,1,695,18,1,389,1,NameError
69ce73,17,52,0,0,1,28,2,1,28,0,
69ce73,17,53,0,0,1,147,6,1,2,0,
69ce73,17,54,0,0,1,35,1,1,21,0,
69ce73,17,55,0,0,1,528,16,1,355,1,NameError
69ce73,17,56,0,0,1,571,18,1,215,0,
69ce73,17,57,0,0,1,355,10,1,2,0,
69ce73,18,1,0,0,1,350,13,1,78,0,
69ce73,18,2,0,0,1,34,1,1,31,0,
69ce73,18,3,0,0,1,136,3,1,32,0,
69ce73,18,4,0,0,1,81,2,1,13,0,
69ce73,18,5,0,0,1,115,4,1,52,0,
69ce73,18,6,0,0,1,206,4,1,32,0,
69ce73,18,7,0,0,1,171,3,1,33,0,
69ce73,18,8,0,0,1,102,2,1,14,0,
69ce73,18,9,0,0,1,84,3,1,54,0,
69ce73,18,10,0,0,1,62,3,1,16,0,
69ce73,18,11,0,0,1,58,3,1,39,0,
69ce73,18,12,0,0,1,286,5,1,9,0,
69ce73,18,13,0,0,1,60,2,1,24,0,
69ce73,18,14,0,0,1,235,8,1,2,0,
69ce73,18,15,0,0,1,43,2,1,39,0,
69ce73,18,16,0,0,1,20,1,1,17,0,
69ce73,18,17,0,0,1,46,1,1,24,0,
69ce73,18,18,0,0,1,435,8,1,9,0,
69ce73,18,19,0,0,1,88,3,1,42,0,
69ce73,18,20,0,0,1,219,8,1,2,0,
69ce73,18,21,0,0,1,239,8,1,4,0,
69ce73,18,22,0,0,1,53,2,1,19,0,
69ce73,18,23,0,0,1,41,1,1,18,0,
69ce73,18,24,0,0,1,566,15,1,87,0,
69ce73,18,25,0,0,1,242,8,1,17,0,
69ce73,18,26,0,0,1,196,5,1,102,0,
69ce73,18,27,0,0,1,34,1,1,17,0,
69ce73,18,28,0,0,1,36,1,1,17,0,
69ce73,18,29,0,0,1,37,1,1,18,0,
69ce73,18,30,0,0,1,36,1,1,18,0,
69ce73,18,31,0,0,1,37,1,1,16,0,
69ce73,18,32,0,0,1,200,7,1,2,0,
69ce73,18,33,0,0,1,36,1,1,17,0,
69ce73,18,34,0,0,1,37,1,1,17,0,
69ce73,18,35,0,0,1,33,1,1,18,0,
69ce73,18,36,0,0,1,36,1,1,17,0,
69ce73,18,37,0,0,1,238,8,1,4,0,
69ce73,18,38,0,0,1,532,18,1,2,0,
69ce73,18,39,0,0,1,54,3,1,78,0,
69ce73,18,40,0,0,1,41,2,1,78,0,
69ce73,18,41,0,0,1,671,16,1,5,0,
69ce73,18,42,0,0,1,199,7,1,2,0,
69ce73,18,43,0,0,1,170,6,1,2,0,
69ce73,18,44,0,0,1,238,8,1,4,0,
69ce73,18,45,0,0,1,16,1,1,51,0,
69ce73,18,46,0,0,1,219,8,1,2,0,
69ce73,18,47,0,0,1,173,6,1,2,0,
69ce73,18,48,0,0,1,31,1,1,18,0,
69ce73,18,49,0,0,1,36,1,1,18,0,
69ce73,18,50,0,0,1,36,1,1,17,0,
69ce73,18,51,0,0,1,37,1,1,635,1,TypeError
69ce73,18,52,0,0,1,30,1,1,18,0,
69ce73,18,53,0,0,1,31,1,1,18,0,
69ce73,18,54,0,0,1,839,22,1,116,0,
69ce73,18,55,1,0,0,0,0,0,0,0,
69ce73,24,1,0,0,1,146,7,1,93,0,
69ce73,24,2,0,0,1,273,12,1,50,0,
69ce73,24,3,0,0,1,11,1,1,3,0,
69ce73,24,4,0,0,1,60,3,1,16,0,
69ce73,24,5,0,0,1,15,1,1,39,0,
69ce73,24,6,0,0,1,372,14,1,47,0,
69ce73,24,7,0,0,1,86,2,1,32,0,
69ce73,24,8,0,0,1,137,3,1,48,0,
69ce73,24,9,0,0,1,81,2,1,14,0,
69ce73,24,10,0,0,1,355,12,1,4,0,
69ce73,24,11,0,0,1,324,13,1,44,1,
69ce73,24,12,0,0,1,195,7,1,410,1,NameError
69ce73,24,13,0,0,1,85,4,1,18,0,
69ce73,24,14,0,0,1,179,6,1,2,0,
69ce73,24,15,0,0,1,67,3,1,16,0,
69ce73,24,16,0,0,1,35,1,1,16,0,
69ce73,24,17,0,0,1,200,8,1,2,0,
69ce73,24,18,0,0,1,45,1,1,18,0,
69ce73,24,19,0,0,1,45,1,1,17,0,
69ce73,24,20,0,0,1,46,1,1,17,0,
69ce73,24,21,0,0,1,310,9,1,511,1,ModuleNotFoundError
69ce73,24,22,0,0,1,558,20,1,330,1,NameError
69ce73,24,23,0,0,1,626,22,1,5,0,
69ce73,24,24,0,0,1,298,13,1,200,0,
69ce73,24,25,0,0,1,27,1,1,84,0,
69ce73,24,26,0,0,1,614,18,1,87,0,
69ce73,24,27,0,0,1,809,25,1,26,0,
69ce73,24,28,0,0,1,73,2,1,27,0,
69ce73,24,29,0,0,1,364,10,1,93,0,
69ce73,24,30,0,0,1,628,16,1,26,0,
69ce73,24,31,0,0,1,809,23,1,648,1,IndexError
69ce73,24,32,0,0,1,462,13,1,26,0,
69ce73,24,33,0,0,1,399,11,1,43,0,
69ce73,24,34,0,0,1,210,7,1,2,0,
69ce73,24,35,0,0,1,171,6,1,2,0,
69ce73,24,36,0,0,1,111,2,1,19,0,
69ce73,24,37,0,0,1,218,7,1,2,0,
69ce73,24,38,0,0,1,62,1,1,571,1,IndexError
69ce73,24,39,0,0,1,125,5,1,78,0,
69ce73,24,40,0,0,1,13,1,1,19,0,
69ce73,24,41,0,0,1,54,3,1,24,0,
69ce73,24,42,0,0,1,156,6,1,40,0,
69ce73,24,43,0,0,1,188,5,1,90,0,
69ce73,24,44,0,0,1,192,7,1,11,0,
69ce73,24,45,0,0,1,377,8,1,229,0,
69ce73,24,46,0,0,1,60,1,1,62,0,
69ce73,24,47,0,0,1,67,3,1,1,0,
69ce73,24,48,0,0,1,321,9,1,95,0,
69ce73,24,49,0,0,1,45,1,1,21,0,
69ce73,24,50,1,0,0,0,0,0,0,0,
69ce73,11,1,0,0,1,209,9,1,91,0,
69ce73,11,2,0,0,1,22,1,1,38,0,
69ce73,11,3,0,0,1,41,2,1,92,0,
69ce73,11,4,0,0,1,34,1,1,38,0,
69ce73,11,5,0,0,1,79,3,1,18,0,
69ce73,11,6,0,0,1,131,3,1,37,0,
69ce73,11,7,0,0,1,144,5,1,14,0,
69ce73,11,8,0,0,1,80,2,1,56,0,
69ce73,11,9,0,0,1,196,6,1,36,0,
69ce73,11,10,0,0,1,238,6,1,38,0,
69ce73,11,11,0,0,1,167,5,1,31,0,
69ce73,11,12,0,0,1,71,4,1,16,0,
69ce73,11,13,0,0,1,18,1,1,16,0,
69ce73,11,14,0,0,1,216,7,1,95,0,
69ce73,11,15,0,0,1,42,1,1,32,0,
69ce73,11,16,0,0,1,74,3,1,32,0,
69ce73,11,17,0,0,1,260,6,1,14,0,
69ce73,11,18,0,0,1,155,6,1,78,0,
69ce73,11,19,0,0,1,299,9,1,45,0,
69ce73,11,20,0,0,1,19,1,1,271,1,NameError
69ce73,11,21,0,0,1,590,14,1,9,0,
69ce73,11,22,0,0,1,110,3,1,6,0,
69ce73,11,23,0,0,1,207,3,1,18,0,
69ce73,11,24,0,0,1,244,9,1,2,0,
69ce73,11,25,0,0,1,192,7,1,52,0,
69ce73,11,26,0,0,1,261,9,1,2,0,
69ce73,11,27,0,0,1,365,7,1,2,0,
69ce73,11,28,0,0,1,222,4,1,96,0,
69ce73,11,29,0,0,1,24,1,1,17,0,
69ce73,11,30,0,0,1,398,9,1,577,1,ModuleNotFoundError
69ce73,11,31,0,0,1,64,5,1,141,0,
69ce73,11,32,0,0,1,130,3,1,65,0,
69ce73,11,33,0,0,1,224,4,1,4,0,
69ce73,11,34,0,0,1,322,5,1,4,0,
69ce73,11,35,0,0,1,40,1,1,40,0,
69ce73,11,36,0,0,1,93,3,1,19,0,
69ce73,11,37,0,0,1,388,12,1,243,0,
69ce73,11,38,0,0,1,42,1,1,88,0,
69ce73,11,39,0,0,1,164,3,1,648,1,IndexError
69ce73,11,40,0,0,1,217,5,1,87,0,
69ce73,11,41,0,0,1,366,10,1,115,0,
69ce73,11,42,0,0,1,202,8,1,2,0,
69ce73,11,43,0,0,1,253,9,1,44,1,
69ce73,11,44,0,0,1,374,13,1,158,1,
a53356,21,1,0,0,1,149,1,1,45,0,
a53356,21,2,0,0,1,291,13,1,5,0,
a53356,1,1,0,0,1,97,4,1,4,0,
a53356,4,1,0,0,1,97,4,1,4,0,
a53356,4,2,0,0,1,60,2,1,4,0,
a53356,19,1,0,0,1,155,1,1,45,0,
a53356,19,2,0,0,1,608,20,1,7,0,
a53356,16,1,0,0,1,193,8,1,5,0,
a53356,16,2,0,0,1,303,10,1,4,0,
a53356,16,3,0,0,1,190,5,1,21,0,
a53356,16,4,0,0,1,71,3,1,3,0,
a53356,16,5,0,0,1,624,19,1,498,1,ModuleNotFoundError
a53356,20,1,0,0,1,254,10,1,5,0,
a53356,8,1,0,0,1,369,16,1,31,0,
a53356,9,1,0,0,1,186,8,1,5,0,
a53356,9,2,0,0,1,63,3,1,3,0,
a53356,9,3,0,0,1,16,1,1,3,0,
a53356,9,4,0,0,1,15,1,1,4,0,
a53356,11,1,0,0,1,85,1,1,348,1,ModuleNotFoundError
a53356,11,2,0,0,1,380,16,1,150,0,
a53356,11,3,0,0,1,174,7,1,5,0,
a53356,23,1,0,0,1,198,8,1,5,0,
a53356,23,2,0,0,1,765,27,1,437,1,ModuleNotFoundError
a53356,17,1,0,0,1,101,5,1,4,0,
a53356,17,2,0,0,1,9,1,1,3,0,
a53356,17,3,0,0,1,400,13,1,5,0,
a53356,17,4,0,0,1,468,21,1,419,1,ModuleNotFoundError
a53356,15,1,0,0,1,97,4,1,4,0,
a53356,15,2,0,0,1,9,1,1,3,0,
a53356,15,3,0,0,1,798,27,1,428,1,ModuleNotFoundError
a53356,10,1,0,0,1,81,1,1,45,0,
a53356,10,2,0,0,1,319,12,1,3,0,
a53356,10,3,0,0,1,67,2,1,5,0,
a53356,10,4,0,0,1,340,15,1,8,0,
a53356,24,1,0,0,1,51,1,1,45,0,
a53356,24,2,0,0,1,177,7,1,5,0,
a53356,2,1,0,0,1,228,12,1,61,0,
a53356,2,2,0,0,1,278,6,1,565,1,ModuleNotFoundError
a53356,2,3,0,0,1,102,4,1,3,0,
a53356,2,4,0,0,1,330,15,1,17,0,
a53356,22,1,0,0,1,109,7,1,3,0,
a53356,13,1,0,0,1,186,8,1,5,0,
a53356,13,2,0,0,1,62,3,1,3,0,
a53356,13,3,0,0,1,1205,36,1,15,0,
a53356,5,1,0,0,1,346,13,1,5,0,
a53356,5,2,0,0,1,327,15,1,8,0,
a53356,12,1,0,0,1,193,6,1,1,0,
a53356,12,2,0,0,1,142,1,1,405,1,ModuleNotFoundError
a53356,12,3,0,0,1,116,1,1,45,0,
a53356,12,4,0,0,1,767,29,1,21,0,
a53356,12,5,0,0,1,248,11,1,81,0,
a53356,12,6,0,0,1,122,5,1,39,0,
a53356,12,7,0,0,1,270,11,1,5,0,
a53356,12,8,0,0,1,217,8,1,4,0,
a53356,12,9,0,0,1,553,20,1,422,0,
a53356,12,10,1,0,0,0,0,0,0,0,
a53356,7,1,0,0,1,142,1,1,45,0,
a53356,7,2,0,0,1,339,15,1,17,0,
a53356,7,3,0,0,1,23,1,1,6,0,
a53356,7,4,0,0,1,81,1,1,45,0,
a53356,7,5,0,0,1,310,14,1,17,0,
a53356,7,6,0,0,1,245,10,1,17,0,
a53356,7,7,0,0,1,170,5,1,3,0,
a53356,6,1,0,0,1,193,8,1,5,0,
a53356,6,2,0,0,1,857,29,1,393,1,ModuleNotFoundError
a53356,6,3,0,0,1,388,16,1,17,0,
a53356,6,4,0,0,1,28,1,1,17,0,
a53356,6,5,0,0,1,263,10,1,17,0,
a53356,6,6,0,0,1,264,10,1,123,0,
a33272,10,1,0,0,1,47,2,1,4,0,
a33272,10,2,0,0,1,113,4,1,320,0,
a33272,10,3,0,0,1,426,16,1,25,0,
a33272,10,4,0,0,1,236,7,1,8,0,
a33272,9,1,0,0,1,319,12,1,40,0,
a33272,20,1,0,0,1,47,2,1,4,0,
a33272,20,2,0,0,1,103,4,1,299,0,
a33272,20,3,0,0,1,386,15,1,25,0,
a33272,20,4,0,0,1,297,12,1,40,0,
a33272,14,1,0,0,1,47,2,1,4,0,
a33272,14,2,0,0,1,215,4,1,320,0,
a33272,14,3,0,0,1,466,18,1,25,0,
a33272,14,4,0,0,1,447,16,1,40,0,
a33272,15,1,0,0,1,47,2,1,4,0,
a33272,15,2,0,0,1,349,14,1,40,0,
a33272,4,1,0,0,1,161,4,1,299,0,
a33272,4,2,0,0,1,493,19,1,25,0,
a33272,6,1,0,0,1,338,13,1,40,0,
a33272,13,1,0,0,1,207,5,1,5,0,
a33272,17,1,0,0,1,45,2,1,4,0,
a33272,17,2,0,0,1,97,4,1,299,0,
a33272,17,3,0,0,1,344,12,1,40,0,
a33272,11,1,0,0,1,494,19,1,25,0,
a33272,11,2,0,0,1,234,7,1,202,0,
a33272,5,1,0,0,1,384,14,1,40,0,
a33272,1,1,0,0,1,47,2,1,4,0,
a33272,1,2,0,0,1,171,4,1,320,0,
a33272,1,3,0,0,1,475,17,1,25,0,
a33272,1,4,0,0,1,238,7,1,8,0,
a33272,12,1,0,0,1,790,24,1,40,0,
a33272,2,1,0,0,1,483,15,1,25,0,
a33272,18,1,0,0,1,47,2,1,4,0,
a33272,18,2,0,0,1,129,4,1,299,0,
a33272,18,3,0,0,1,308,11,1,40,0,
a33272,16,1,0,0,1,121,4,1,120,0,
a33272,16,2,0,0,1,10,1,1,3,0,
a33272,16,3,0,0,1,13,1,1,98,0,
a33272,16,4,0,0,1,454,15,1,25,0,
a33272,3,1,0,0,1,47,2,1,4,0,
a33272,3,2,0,0,1,129,4,1,299,0,
a33272,3,3,0,0,1,409,13,1,25,0,
a33272,3,4,0,0,1,300,10,1,25,0,
a33272,8,1,0,0,1,47,2,1,4,0,
a33272,21,1,0,0,1,47,2,1,4,0,
a33272,21,2,0,0,1,553,22,1,34,0,
a33272,21,3,0,0,1,170,6,1,17,0,
a33272,22,1,0,0,1,464,17,1,25,0,
a33272,22,2,0,0,1,41,1,1,4,0,
a33272,22,3,0,0,1,133,4,1,171,0,
a33272,7,1,0,0,1,47,2,1,4,0,
a33272,23,1,0,0,1,488,19,1,25,0,
a33272,23,2,0,0,1,408,17,1,155,0,
3cf8bf,14,1,0,0,1,102,5,1,35,0,
3cf8bf,14,2,0,0,1,108,3,1,29,0,
3cf8bf,14,3,0,0,1,133,5,1,130,0,
3cf8bf,21,1,0,0,1,74,4,1,35,0,
3cf8bf,21,2,0,0,1,150,6,1,130,0,
3cf8bf,6,1,0,0,1,102,5,1,35,0,
3cf8bf,6,2,0,0,1,189,7,1,131,0,
3cf8bf,3,1,0,0,1,77,4,1,35,0,
3cf8bf,3,2,0,0,1,138,4,1,29,0,
3cf8bf,3,3,0,0,1,148,5,1,320,0,
3cf8bf,3,4,0,0,1,89,4,1,6,0,
3cf8bf,20,1,0,0,1,103,5,1,35,0,
3cf8bf,20,2,0,0,1,240,5,1,58,0,
3cf8bf,18,1,0,0,1,81,4,1,35,0,
3cf8bf,18,2,0,0,1,177,7,1,132,0,
3cf8bf,18,3,0,0,1,111,4,1,131,0,
3cf8bf,1,1,0,0,1,67,3,1,35,0,
3cf8bf,1,2,0,0,1,64,2,1,3,0,
3cf8bf,1,3,0,0,1,101,3,1,24,0,
3cf8bf,1,4,0,0,1,144,5,1,138,0,
3cf8bf,8,1,0,0,1,102,5,1,35,0,
3cf8bf,8,2,0,0,1,139,6,1,153,0,
3cf8bf,4,1,0,0,1,102,5,1,35,0,
3cf8bf,4,2,0,0,1,149,6,1,131,0,
3cf8bf,10,1,0,0,1,103,5,1,35,0,
3cf8bf,10,2,0,0,1,136,4,1,239,0,
3cf8bf,10,3,0,0,1,107,4,1,116,0,
3cf8bf,10,4,1,0,0,0,0,0,0,0,
3cf8bf,2,1,0,0,1,103,5,1,35,0,
3cf8bf,2,2,0,0,1,121,4,1,27,0,
3cf8bf,2,3,0,0,1,140,6,1,109,0,
3cf8bf,9,1,0,0,1,103,5,1,35,0,
3cf8bf,9,2,0,0,1,125,4,1,27,0,
3cf8bf,9,3,0,0,1,103,4,1,94,0,
3cf8bf,9,4,0,0,1,495,16,1,65,0,
3cf8bf,13,1,0,0,1,102,5,1,35,0,
3cf8bf,13,2,0,0,1,125,4,1,27,0,
3cf8bf,13,3,0,0,1,293,8,1,109,0,
3cf8bf,13,4,0,0,1,118,4,1,94,0,
3cf8bf,15,1,0,0,1,103,5,1,35,0,
3cf8bf,15,2,0,0,1,220,11,1,109,0,
3cf8bf,15,3,0,0,1,394,16,1,59,0,
3cf8bf,17,1,0,0,1,102,5,1,35,0,
3cf8bf,17,2,0,0,1,123,4,1,320,0,
3cf8bf,17,3,1,0,0,0,0,0,0,0,
3cf8bf,16,1,0,0,1,103,5,1,35,0,
3cf8bf,16,2,0,0,1,128,4,1,239,0,
3cf8bf,16,3,0,0,1,145,5,1,45,0,
3cf8bf,16,4,0,0,1,144,4,1,234,0,
3cf8bf,22,1,0,0,1,109,5,1,35,0,
3cf8bf,22,2,0,0,1,128,3,1,29,0,
3cf8bf,22,3,0,0,1,175,5,1,103,0,
3cf8bf,22,4,0,0,1,140,5,1,131,0,
3cf8bf,22,5,1,0,0,0,0,0,0,0,
3cf8bf,19,1,0,0,1,146,8,1,131,0,
3cf8bf,19,2,0,0,1,295,9,1,19,0,
3cf8bf,19,3,1,0,0,0,0,0,0,0,
3cf8bf,23,1,0,0,1,69,3,1,35,0,
3cf8bf,23,2,0,0,1,147,4,1,239,0,
3cf8bf,23,3,0,0,1,97,4,1,117,0,
3cf8bf,23,4,1,0,0,0,0,0,0,0,
3cf8bf,7,1,0,0,1,103,5,1,35,0,
3cf8bf,7,2,0,0,1,97,4,1,138,0,
3cf8bf,7,3,1,0,0,0,0,0,0,0,
3cf8bf,12,1,0,0,1,102,5,1,35,0,
3cf8bf,12,2,0,0,1,357,13,1,273,0,
3cf8bf,5,1,1,0,0,0,0,0,0,0,
3cf8bf,24,1,0,0,1,102,5,1,35,0,
3cf8bf,24,2,0,0,1,151,7,1,109,0,
3cf8bf,24,3,1,0,0,0,0,0,0,0,
3cf8bf,11,1,0,0,1,102,5,1,35,0,
3cf8bf,11,2,0,0,1,127,5,1,132,0,
3cf8bf,11,3,0,0,1,123,5,1,131,0,
3cf8bf,11,4,1,0,0,0,0,0,0,0,
bad5bf,1,1,0,0,1,406,15,1,44,0,
bad5bf,1,2,0,0,1,5,1,1,17,0,
bad5bf,1,3,0,0,1,479,17,1,453,1,ValueError
bad5bf,1,4,0,0,1,216,8,1,38,0,
bad5bf,1,5,0,0,1,33,1,1,18,0,
bad5bf,15,1,0,0,1,196,8,1,124,0,
bad5bf,15,2,0,0,1,836,35,1,38,0,
bad5bf,15,3,0,0,1,470,15,1,1,0,
bad5bf,14,1,0,0,1,168,7,1,101,0,
bad5bf,14,2,0,0,1,82,2,1,101,0,
bad5bf,14,3,0,0,1,565,21,1,38,0,
bad5bf,14,4,0,0,1,143,4,1,39,0,
bad5bf,22,1,0,0,1,281,8,1,133,0,
bad5bf,22,2,0,0,1,1007,34,1,82,0,
bad5bf,5,1,0,0,1,186,8,1,218,0,
bad5bf,5,2,0,0,1,657,26,1,41,0,
bad5bf,5,3,0,0,1,227,9,1,41,0,
bad5bf,5,4,0,0,1,229,9,1,41,0,
bad5bf,17,1,0,0,1,181,6,1,202,0,
bad5bf,17,2,0,0,1,506,21,1,38,0,
bad5bf,17,3,0,0,1,310,10,1,92,0,
bad5bf,17,4,1,0,0,0,0,0,0,0,
bad5bf,20,1,0,0,1,202,8,1,124,0,
bad5bf,20,2,0,0,1,997,34,1,82,0,
bad5bf,20,3,0,0,1,110,3,1,5,0,
bad5bf,18,1,0,0,1,702,26,1,83,0,
bad5bf,18,2,0,0,1,933,23,1,30,0,
bad5bf,18,3,0,0,1,97,2,1,25,0,
bad5bf,18,4,0,0,1,98,2,1,29,0,
bad5bf,18,5,0,0,1,97,2,1,22,0,
bad5bf,18,6,0,0,1,98,2,1,27,0,
bad5bf,18,7,0,0,1,785,25,1,36,0,
bad5bf,18,8,0,0,1,112,3,1,1,0,
bad5bf,18,9,0,0,1,99,4,1,36,0,
bad5bf,18,10,0,0,1,106,3,1,5,0,
bad5bf,18,11,0,0,1,452,16,1,74,0,
bad5bf,7,1,0,0,1,199,8,1,202,0,
bad5bf,7,2,0,0,1,679,25,1,1053,1,TypeError
bad5bf,7,3,0,0,1,389,16,1,36,0,
bad5bf,7,4,0,0,1,341,13,1,40,0,
bad5bf,7,5,0,0,1,743,28,1,79,0,
bad5bf,7,6,0,0,1,63,2,1,16,0,
bad5bf,7,7,0,0,1,5,1,1,17,0,
bad5bf,23,1,0,0,1,235,13,1,40,0,
bad5bf,23,2,0,0,1,105,5,1,22,0,
bad5bf,23,3,0,0,1,103,5,1,40,0,
bad5bf,23,4,0,0,1,107,5,1,39,0,
bad5bf,23,5,0,0,1,940,31,1,779,0,
bad5bf,23,6,0,0,1,772,31,1,37,0,
bad5bf,23,7,0,0,1,572,20,1,41,0,
bad5bf,23,8,1,0,0,0,0,0,0,0,
bad5bf,12,1,0,0,1,479,18,1,80,0,
bad5bf,12,2,0,0,1,718,23,1,87,0,
bad5bf,12,3,0,0,1,252,10,1,22,0,
bad5bf,12,4,0,0,1,191,8,1,40,0,
bad5bf,12,5,0,0,1,504,23,1,37,0,
bad5bf,12,6,0,0,1,180,5,1,39,0,
bad5bf,12,7,0,0,1,110,3,1,5,0,
bad5bf,10,1,0,0,1,197,6,1,202,0,
bad5bf,10,2,0,0,1,574,22,1,41,0,
bad5bf,10,3,0,0,1,541,17,1,38,0,
bad5bf,10,4,0,0,1,462,15,1,48,0,
bad5bf,24,1,0,0,1,741,25,1,50,0,
bad5bf,24,2,0,0,1,518,20,1,161,0,
bad5bf,24,3,0,0,1,96,3,1,8,0,
bad5bf,24,4,0,0,1,533,20,1,109,0,
bad5bf,24,5,0,0,1,436,16,1,34,0,
bad5bf,24,6,0,0,1,437,16,1,51,0,
bad5bf,24,7,0,0,1,638,24,1,878,0,
bad5bf,9,1,0,0,1,154,1,1,45,0,
bad5bf,9,2,0,0,1,621,27,1,44,0,
bad5bf,9,3,0,0,1,505,18,1,84,0,
bad5bf,9,4,0,0,1,287,10,1,28,0,
bad5bf,9,5,1,0,0,0,0,0,0,0,
bad5bf,16,1,0,0,1,1234,40,1,76,0,
bad5bf,16,2,0,0,1,751,25,1,280,0,
bad5bf,16,3,0,0,1,223,11,1,266,0,
bad5bf,16,4,0,0,1,622,29,1,38,0,
bad5bf,16,5,0,0,1,111,3,1,1,0,
bad5bf,21,1,0,0,1,140,1,1,45,0,
bad5bf,21,2,0,0,1,638,23,1,45,0,
bad5bf,21,3,0,0,1,158,5,1,4,0,
bad5bf,21,4,0,0,1,217,4,1,45,0,
bad5bf,21,5,0,0,1,77,2,1,341,1,NameError
bad5bf,21,6,0,0,1,179,5,1,77,0,
bad5bf,4,1,0,0,1,1090,31,1,222,0,
bad5bf,4,2,0,0,1,763,28,1,44,0,
bad5bf,4,3,0,0,1,132,3,1,81,0,
bad5bf,11,1,0,0,1,314,17,1,6,0,
bad5bf,11,2,0,0,1,44,2,1,23,0,
bad5bf,11,3,0,0,1,602,25,1,71,0,
bad5bf,11,4,0,0,1,340,14,1,7,0,
bad5bf,11,5,0,0,1,401,14,1,1,0,
bad5bf,11,6,0,0,1,272,8,1,39,0,
bad5bf,11,7,0,0,1,118,3,1,40,0,
bad5bf,11,8,0,0,1,169,5,1,40,0,
bad5bf,11,9,0,0,1,100,4,1,22,0,
bad5bf,11,10,0,0,1,172,6,1,128,0,
bad5bf,8,1,0,0,1,449,14,1,110,0,
bad5bf,8,2,0,0,1,22,1,1,114,0,
bad5bf,8,3,0,0,1,61,2,1,109,0,
bad5bf,8,4,0,0,1,645,26,1,37,0,
bad5bf,8,5,0,0,1,39,1,1,4,0,
bad5bf,8,6,0,0,1,33,1,1,5,0,
bad5bf,8,7,0,0,1,408,14,1,35,0,
bad5bf,8,8,0,0,1,468,15,1,51,0,
bad5bf,8,9,0,0,1,177,5,1,34,0,
bad5bf,8,10,0,0,1,97,4,1,40,0,
bad5bf,8,11,0,0,1,42,2,1,5,0,
bad5bf,6,1,0,0,1,142,1,1,45,0,
bad5bf,6,2,0,0,1,564,21,1,17,0,
bad5bf,6,3,0,0,1,163,5,1,48,0,
bad5bf,6,4,0,0,1,70,3,1,15,0,
bad5bf,6,5,0,0,1,59,2,1,15,0,
bad5bf,6,6,0,0,1,57,2,1,15,0,
bad5bf,6,7,0,0,1,117,3,1,29,0,
bad5bf,6,8,0,0,1,116,3,1,31,0,
bad5bf,3,1,0,0,1,1122,44,1,70,0,
bad5bf,3,2,0,0,1,18,1,1,42,0,
bad5bf,3,3,0,0,1,22,1,1,41,0,
bad5bf,3,4,0,0,1,44,2,1,71,0,
bad5bf,3,5,0,0,1,52,2,1,479,0,
bad5bf,3,6,0,0,1,244,10,1,70,0,
bad5bf,3,7,0,0,1,137,3,1,350,0,
bad5bf,3,8,0,0,1,21,1,1,41,0,
bad5bf,3,9,0,0,1,98,4,1,14,0,
bad5bf,3,10,0,0,1,27,1,1,14,0,
bad5bf,3,11,0,0,1,106,3,1,31,0,
bad5bf,3,12,0,0,1,27,1,1,15,0,
bad5bf,3,13,0,0,1,160,6,1,102,0,
bad5bf,3,14,0,0,1,323,13,1,11,0,
bad5bf,3,15,0,0,1,633,24,1,38,0,
bad5bf,3,16,0,0,1,34,1,1,5,0,
bad5bf,13,1,0,0,1,179,1,1,45,0,
bad5bf,13,2,0,0,1,1121,28,1,44,0,
bad5bf,13,3,0,0,1,468,20,1,38,0,
bad5bf,13,4,0,0,1,334,16,1,40,0,
bad5bf,13,5,0,0,1,60,2,1,5,0,
bad5bf,19,1,0,0,1,1844,58,1,83,0,
bad5bf,19,2,0,0,1,813,36,1,37,0,
bad5bf,19,3,0,0,1,43,2,1,19,0,
bad5bf,19,4,0,0,1,136,4,1,18,0,
bad5bf,19,5,0,0,1,290,5,1,44,1,
bad5bf,19,6,0,0,1,318,6,1,585,1,NameError
bad5bf,19,7,0,0,1,955,36,1,44,1,
bad5bf,19,8,0,0,1,318,6,1,584,1,NameError
bad5bf,19,9,0,0,1,955,36,1,44,1,
bad5bf,19,10,0,0,1,82,3,1,354,1,NameError
bad5bf,19,11,0,0,1,105,4,1,15,0,
bad5bf,19,12,0,0,1,69,2,1,15,0,
bad5bf,19,13,0,0,1,69,2,1,130,0,
686753,7,1,0,0,1,605,28,1,121,0,
686753,7,2,0,0,1,52,3,1,7,0,
686753,7,3,0,0,1,33,2,1,7,0,
686753,7,4,0,0,1,251,10,1,39,0,
686753,7,5,0,0,1,248,10,1,58,0,
686753,7,6,0,0,1,73,2,1,47,0,
686753,7,7,0,0,1,133,9,1,28,0,
686753,7,8,0,0,1,161,5,1,21,0,
686753,7,9,0,0,1,82,4,1,17,0,
686753,7,10,0,0,1,170,5,1,21,0,
686753,7,11,0,0,1,95,3,1,4,0,
686753,7,12,0,0,1,175,5,1,3,0,
686753,7,13,0,0,1,339,10,1,12,0,
686753,21,1,0,0,1,321,14,1,25,0,
686753,21,2,0,0,1,164,4,1,20,0,
686753,21,3,0,0,1,175,5,1,34,0,
686753,21,4,0,0,1,85,3,1,20,0,
686753,21,5,0,0,1,46,2,1,23,0,
686753,21,6,0,0,1,59,4,1,31,0,
686753,21,7,0,0,1,206,8,1,30,0,
686753,21,8,0,0,1,82,3,1,4,0,
686753,21,9,0,0,1,533,25,1,245,0,
686753,21,10,0,0,1,64,3,1,8,0,
686753,21,11,0,0,1,236,8,1,37,0,
686753,21,12,0,0,1,106,4,1,18,0,
686753,2,1,0,0,1,726,24,1,253,0,
686753,2,2,0,0,1,78,3,1,115,0,
686753,2,3,0,0,1,141,3,1,115,0,
686753,2,4,0,0,1,247,7,1,115,0,
686753,2,5,0,0,1,20,1,1,57,0,
686753,2,6,0,0,1,10,1,1,56,0,
686753,2,7,0,0,1,10,1,1,58,0,
686753,2,8,0,0,1,532,16,1,1719,1,ValueError
686753,2,9,0,0,1,152,4,1,284,0,
686753,2,10,0,0,1,161,4,1,17,0,
686753,2,11,0,0,1,54,2,1,4,0,
686753,2,12,0,0,1,459,12,1,2486,0,
686753,2,13,0,0,1,49,3,1,18,0,
686753,2,14,0,0,1,125,5,1,4,0,
686753,9,1,0,0,1,359,14,1,1,0,
686753,9,2,0,0,1,12,1,1,72,0,
686753,9,3,0,0,1,248,8,1,35,0,
686753,9,4,0,0,1,45,2,1,21,0,
686753,9,5,0,0,1,267,9,1,29,0,
686753,9,6,0,0,1,141,5,1,29,0,
686753,9,7,0,0,1,110,4,1,12,0,
686753,9,8,0,0,1,78,3,1,4,0,
686753,9,9,0,0,1,98,4,1,17,0,
686753,9,10,0,0,1,316,13,1,55,0,
686753,9,11,0,0,1,115,4,1,75,0,
686753,9,12,0,0,1,62,2,1,25,0,
686753,9,13,0,0,1,81,3,1,25,0,
686753,9,14,0,0,1,81,3,1,42,0,
686753,9,15,0,0,1,52,3,1,3,0,
686753,9,16,0,0,1,155,6,1,80,0,
686753,9,17,0,0,1,82,4,1,4,0,
686753,13,1,0,0,1,294,11,1,7,0,
686753,13,2,0,0,1,33,2,1,7,0,
686753,13,3,0,0,1,159,6,1,1,0,
686753,13,4,0,0,1,319,19,1,18,0,
686753,13,5,0,0,1,128,5,1,35,0,
686753,13,6,0,0,1,53,3,1,53,0,
686753,13,7,0,0,1,77,2,1,48,0,
686753,13,8,0,0,1,73,2,1,47,0,
686753,13,9,0,0,1,168,8,1,294,0,
686753,13,10,0,0,1,64,3,1,29,0,
686753,13,11,0,0,1,106,4,1,12,0,
686753,13,12,0,0,1,46,2,1,1,0,
686753,13,13,0,0,1,283,8,1,15,0,
686753,13,14,0,0,1,95,3,1,4,0,
686753,13,15,0,0,1,66,2,1,3,0,
686753,13,16,0,0,1,1159,40,1,125,0,
686753,13,17,0,0,1,132,3,1,120,0,
686753,1,1,0,0,1,243,10,1,14,0,
686753,1,2,0,0,1,14,1,1,14,0,
686753,1,3,0,0,1,72,2,1,18,0,
686753,1,4,0,0,1,37,2,1,10,0,
686753,1,5,0,0,1,275,15,1,4,0,
686753,1,6,0,0,1,276,11,1,4,0,
686753,1,7,0,0,1,126,3,1,1,0,
686753,22,1,0,0,1,310,17,1,194,0,
686753,22,2,0,0,1,34,1,1,102,0,
686753,22,3,0,0,1,54,3,1,93,0,
686753,22,4,0,0,1,581,13,1,54,0,
686753,22,5,0,0,1,333,10,1,218,0,
686753,22,6,0,0,1,234,8,1,151,0,
686753,22,7,0,0,1,64,2,1,1,0,
686753,22,8,0,0,1,3,1,1,151,0,
686753,22,9,0,0,1,181,6,1,55,0,
686753,22,10,0,0,1,120,7,1,4,0,
686753,22,11,0,0,1,559,27,1,23,0,
686753,22,12,0,0,1,103,5,1,8,0,
686753,22,13,0,0,1,376,14,1,18,0,
686753,22,14,0,0,1,84,3,1,23,0,
686753,18,1,0,0,1,315,12,1,994,1,NotImplementedError
686753,18,2,0,0,1,191,9,1,40,0,
686753,18,3,0,0,1,67,3,1,35,0,
686753,18,4,0,0,1,37,2,1,21,0,
686753,18,5,0,0,1,140,5,1,28,0,
686753,18,6,0,0,1,127,4,1,12,0,
686753,18,7,0,0,1,17,1,1,17,0,
686753,18,8,0,0,1,77,3,1,4,0,
686753,18,9,0,0,1,120,5,1,18,0,
686753,18,10,0,0,1,71,3,1,4,0,
686753,18,11,0,0,1,415,14,1,75,0,
686753,18,12,0,0,1,73,3,1,4,0,
686753,3,1,0,0,1,413,14,1,137,0,
686753,3,2,0,0,1,136,3,1,55,0,
686753,3,3,0,0,1,36,1,1,33,0,
686753,3,4,0,0,1,76,2,1,21,0,
686753,3,5,0,0,1,56,2,1,10,0,
686753,3,6,0,0,1,44,2,1,19,0,
686753,3,7,0,0,1,19,1,1,19,0,
686753,3,8,0,0,1,6,1,1,6,0,
686753,3,9,0,0,1,38,2,1,20,0,
686753,3,10,0,0,1,57,2,1,4,0,
686753,3,11,0,0,1,13,1,1,2,0,
686753,3,12,0,0,1,486,21,1,160,0,
686753,3,13,0,0,1,89,4,1,17,0,
686753,3,14,0,0,1,405,15,1,37,0,
686753,3,15,0,0,1,76,4,1,18,0,
686753,3,16,1,0,0,0,0,0,0,0,
686753,10,1,0,0,1,886,37,1,183,0,
686753,10,2,0,0,1,102,4,1,80,0,
686753,10,3,0,0,1,316,8,1,1648,1,ValueError
686753,10,4,0,0,1,418,10,1,305,0,
686753,10,5,0,0,1,86,4,1,50,0,
686753,10,6,0,0,1,136,5,1,117,0,
686753,10,7,0,0,1,135,6,1,53,0,
686753,10,8,0,0,1,195,10,1,41,0,
686753,10,9,0,0,1,22,1,1,30,0,
686753,10,10,0,0,1,246,7,1,27,0,
686753,10,11,0,0,1,14,1,1,27,0,
686753,10,12,0,0,1,211,5,1,21,0,
686753,10,13,0,0,1,91,3,1,10,0,
686753,10,14,0,0,1,352,14,1,10,0,
686753,10,15,0,0,1,69,2,1,13,0,
686753,10,16,0,0,1,87,4,1,2,0,
686753,20,1,0,0,1,361,17,1,185,0,
686753,20,2,0,0,1,362,10,1,1630,1,ValueError
686753,20,3,0,0,1,267,6,1,1178,0,
686753,20,4,0,0,1,493,18,1,147,0,
686753,20,5,0,0,1,85,3,1,147,0,
686753,20,6,0,0,1,55,2,1,148,0,
686753,20,7,0,0,1,84,4,1,17,0,
686753,20,8,0,0,1,82,1,1,3,0,
686753,20,9,0,0,1,591,22,1,23,0,
686753,5,1,0,0,1,583,24,1,5,0,
686753,5,2,0,0,1,116,4,1,13,0,
686753,5,3,0,0,1,141,5,1,5,0,
686753,5,4,0,0,1,44,2,1,22,0,
686753,5,5,0,0,1,114,4,1,13,0,
686753,5,6,0,0,1,234,8,1,101,0,
686753,5,7,0,0,1,69,4,1,55,0,
686753,5,8,0,0,1,15,1,1,28,0,
686753,5,9,0,0,1,15,1,1,26,0,
686753,5,10,0,0,1,83,2,1,41,0,
686753,5,11,0,0,1,43,2,1,78,0,
686753,5,12,0,0,1,66,3,1,41,0,
686753,5,13,0,0,1,3,1,1,19,0,
686753,5,14,0,0,1,98,3,1,41,0,
686753,5,15,0,0,1,42,2,1,21,0,
686753,5,16,0,0,1,77,3,1,22,0,
686753,5,17,0,0,1,100,4,1,4,0,
686753,5,18,0,0,1,484,18,1,8,0,
686753,5,19,0,0,1,531,18,1,17,0,
686753,14,1,0,0,1,426,14,1,70,0,
686753,14,2,0,0,1,155,6,1,35,0,
686753,14,3,0,0,1,261,10,1,38,0,
686753,14,4,0,0,1,201,7,1,18,0,
686753,14,5,0,0,1,140,8,1,89,0,
686753,14,6,0,0,1,168,5,1,79,0,
686753,14,7,0,0,1,94,3,1,36,0,
686753,12,1,0,0,1,349,14,1,2342,1,ZeroDivisionError
686753,12,2,0,0,1,269,6,1,1175,0,
686753,12,3,0,0,1,397,15,1,34,0,
686753,12,4,0,0,1,633,20,1,141,0,
686753,12,5,0,0,1,267,6,1,63,0,
686753,12,6,0,0,1,98,3,1,21,0,
686753,12,7,0,0,1,88,3,1,4,0,
686753,12,8,0,0,1,84,3,1,3,0,
686753,16,1,0,0,1,297,16,1,153,0,
686753,16,2,0,0,1,61,2,1,1612,1,ValueError
686753,16,3,0,0,1,277,6,1,1207,0,
686753,16,4,0,0,1,70,3,1,35,0,
686753,16,5,0,0,1,129,5,1,36,0,
686753,16,6,0,0,1,102,3,1,36,0,
686753,16,7,0,0,1,56,3,1,17,0,
686753,16,8,0,0,1,80,3,1,17,0,
686753,16,9,0,0,1,8,1,1,17,0,
686753,16,10,0,0,1,38,1,1,4,0,
686753,19,1,0,0,1,338,15,1,117,0,
686753,19,2,0,0,1,184,3,1,117,0,
686753,19,3,0,0,1,179,8,1,27,0,
686753,19,4,0,0,1,242,7,1,59,0,
686753,19,5,0,0,1,614,25,1,41,0,
686753,19,6,0,0,1,507,11,1,1708,1,ValueError
686753,19,7,0,0,1,269,6,1,1409,0,
686753,19,8,0,0,1,287,11,1,16,0,
686753,19,9,0,0,1,41,1,1,27,0,
686753,19,10,0,0,1,15,1,1,17,0,
686753,19,11,0,0,1,127,3,1,263,0,
686753,19,12,0,0,1,175,4,1,51,0,
686753,19,13,0,0,1,267,8,1,21,0,
686753,19,14,0,0,1,474,14,1,28,0,
686753,19,15,0,0,1,263,10,1,74,0,
686753,19,16,0,0,1,55,2,1,21,0,
686753,19,17,0,0,1,24,1,1,17,0,
686753,19,18,0,0,1,133,4,1,4,0,
686753,15,1,0,0,1,893,37,1,123,0,
686753,15,2,0,0,1,269,8,1,201,0,
686753,15,3,0,0,1,325,13,1,185,0,
686753,15,4,0,0,1,530,22,1,1503,0,
686753,15,5,0,0,1,43,2,1,711,0,
686753,15,6,0,0,1,959,24,1,312,0,
686753,15,7,0,0,1,406,12,1,225,0,
686753,15,8,0,0,1,307,10,1,2760,1,TypeError
686753,15,9,1,0,0,0,0,0,0,0,
686753,4,1,0,0,1,361,14,1,994,1,NotImplementedError
686753,4,2,0,0,1,349,12,1,1662,1,ValueError
686753,4,3,0,0,1,372,9,1,294,0,
686753,4,4,0,0,1,485,15,1,35,0,
686753,4,5,0,0,1,66,2,1,14,0,
686753,4,6,0,0,1,414,10,1,1677,1,ValueError
686753,4,7,0,0,1,145,5,1,7,0,
686753,4,8,0,0,1,145,5,1,7,0,
686753,4,9,0,0,1,148,6,1,22,0,
686753,4,10,0,0,1,159,5,1,18,0,
686753,4,11,0,0,1,32,2,1,10,0,
686753,4,12,0,0,1,74,3,1,4,0,
686753,4,13,0,0,1,985,29,1,254,0,
686753,11,1,0,0,1,1129,48,1,478,0,
686753,11,2,0,0,1,232,14,1,1672,1,ValueError
686753,11,3,0,0,1,316,11,1,1363,0,
686753,11,4,0,0,1,84,2,1,215,0,
686753,11,5,0,0,1,72,2,1,95,0,
686753,11,6,0,0,1,530,21,1,31,0,
686753,11,7,0,0,1,78,1,1,61,0,
686753,11,8,0,0,1,194,3,1,31,0,
686753,11,9,0,0,1,38,1,1,320,1,TypeError
686753,11,10,0,0,1,35,2,1,31,0,
686753,11,11,0,0,1,57,1,1,40,0,
686753,11,12,0,0,1,30,2,1,44,0,
686753,11,13,0,0,1,316,8,1,37,0,
686753,11,14,0,0,1,185,4,1,71,0,
686753,11,15,0,0,1,84,3,1,36,0,
686753,11,16,0,0,1,184,6,1,40,0,
686753,11,17,0,0,1,77,3,1,35,0,
686753,11,18,0,0,1,42,2,1,21,0,
686753,11,19,0,0,1,453,16,1,55,0,
686753,11,20,0,0,1,88,3,1,21,0,
686753,11,21,0,0,1,262,7,1,66,0,
686753,11,22,0,0,1,76,4,1,23,0,
686753,11,23,0,0,1,34,2,1,26,0,
686753,11,24,0,0,1,37,2,1,14,0,
686753,11,25,0,0,1,88,3,1,4,0,
686753,24,1,0,0,1,623,29,1,287,0,
686753,24,2,0,0,1,437,16,1,497,0,
686753,24,3,0,0,1,667,18,1,2747,0,
686753,24,4,0,0,1,160,4,1,1738,1,ValueError
686753,24,5,0,0,1,160,2,1,154,0,
686753,24,6,0,0,1,210,2,1,499,1,AttributeError
686753,24,7,0,0,1,158,1,1,48,0,
686753,24,8,0,0,1,436,8,1,45,0,
686753,24,9,0,0,1,16,1,1,272,1,NameError
686753,24,10,0,0,1,405,7,1,134,0,
686753,24,11,0,0,1,1015,30,1,509,1,TypeError
686753,24,12,0,0,1,502,16,1,205,0,
686753,24,13,1,0,0,0,0,0,0,0,
686753,17,1,0,0,1,487,20,1,1035,1,NotImplementedError
686753,17,2,0,0,1,759,34,1,88,0,
686753,17,3,0,0,1,546,18,1,284,0,
686753,17,4,0,0,1,590,19,1,34,0,
686753,17,5,0,0,1,867,24,1,80,0,
686753,17,6,0,0,1,76,4,1,18,0,
686753,17,7,0,0,1,39,1,1,30,0,
686753,17,8,0,0,1,108,1,1,390,1,TypeError
686753,17,9,0,0,1,134,4,1,431,1,AttributeError
686753,17,10,0,0,1,109,4,1,1705,1,ValueError
686753,17,11,0,0,1,353,14,1,55,0,
686753,17,12,0,0,1,58,3,1,39,0,
686753,17,13,0,0,1,134,3,1,16,0,
686753,17,14,0,0,1,237,9,1,85,0,
686753,17,15,0,0,1,30,2,1,8,0,
686753,17,16,0,0,1,30,2,1,8,0,
686753,17,17,0,0,1,116,3,1,18,0,
686753,17,18,0,0,1,175,6,1,21,0,
686753,17,19,0,0,1,86,3,1,4,0,
686753,6,1,0,0,1,176,8,1,9,0,
686753,6,2,0,0,1,112,6,1,10,0,
686753,6,3,0,0,1,245,5,1,70,0,
686753,6,4,0,0,1,85,1,1,117,0,
686753,6,5,0,0,1,138,5,1,128,0,
686753,6,6,0,0,1,132,4,1,87,0,
686753,6,7,0,0,1,40,1,1,55,0,
686753,6,8,0,0,1,178,3,1,35,0,
686753,6,9,0,0,1,35,1,1,36,0,
686753,6,10,0,0,1,200,6,1,20,0,
686753,6,11,0,0,1,126,3,1,33,0,
686753,6,12,0,0,1,106,5,1,1,0,
686753,6,13,0,0,1,49,2,1,3,0,
686753,6,14,0,0,1,203,4,1,51,0,
686753,6,15,0,0,1,31,1,1,33,0,
686753,6,16,0,0,1,31,1,1,34,0,
686753,6,17,0,0,1,26,1,1,3,0,
686753,6,18,0,0,1,29,1,1,3,0,
686753,6,19,0,0,1,165,5,1,21,0,
686753,6,20,0,0,1,133,3,1,37,0,
686753,6,21,0,0,1,231,7,1,30,0,
686753,6,22,0,0,1,115,4,1,45,0,
686753,6,23,0,0,1,112,3,1,16,0,
686753,6,24,0,0,1,100,5,1,7,0,
686753,6,25,0,0,1,374,11,1,38,0,
686753,6,26,0,0,1,81,3,1,17,0,
686753,6,27,0,0,1,13,1,1,18,0,
686753,6,28,0,0,1,36,2,1,9,0,
686753,6,29,0,0,1,483,18,1,1268,0,
686753,6,30,0,0,1,4,1,1,29,0,
686753,6,31,0,0,1,169,5,1,249,0,
686753,6,32,0,0,1,300,10,1,495,1,AttributeError
686753,6,33,0,0,1,97,4,1,854,0,
686753,6,34,0,0,1,561,24,1,1197,0,
686753,6,35,0,0,1,1358,45,1,555,0,
686753,6,36,0,0,1,677,22,1,131,0,
686753,6,37,0,0,1,75,2,1,619,1,TypeError
686753,6,38,0,0,1,50,1,1,8,0,
686753,6,39,0,0,1,729,22,1,199,0,
686753,6,40,0,0,1,281,5,1,92,0,
686753,6,41,0,0,1,211,2,1,45,0,
686753,6,42,0,0,1,41,2,1,117,0,
686753,6,43,0,0,1,57,2,1,107,0,
686753,6,44,0,0,1,99,4,1,74,0,
686753,6,45,0,0,1,33,1,1,37,0,
686753,6,46,0,0,1,55,2,1,18,0,
686753,6,47,0,0,1,94,2,1,17,0,
686753,6,48,0,0,1,174,4,1,28,0,
686753,6,49,0,0,1,296,6,1,23,0,
686753,6,50,0,0,1,204,4,1,36,0,
686753,6,51,0,0,1,18,1,1,22,0,
686753,6,52,0,0,1,169,5,1,2,0,
686753,6,53,0,0,1,41,2,1,100,0,
686753,6,54,0,0,1,146,4,1,72,0,
686753,6,55,0,0,1,99,2,1,36,0,
686753,6,56,0,0,1,49,2,1,36,0,
686753,6,57,0,0,1,833,28,1,1144,1,TypeError
686753,6,58,0,0,1,855,27,1,159,0,
686753,6,59,0,0,1,503,14,1,208,0,
686753,6,60,0,0,1,150,2,1,45,0,
686753,6,61,0,0,1,123,3,1,17,0,
686753,6,62,0,0,1,77,2,1,14,0,
686753,6,63,0,0,1,45,1,1,12,0,
686753,6,64,0,0,1,848,16,1,2809,1,KeyError
686753,6,65,0,0,1,345,4,1,184,0,
686753,6,66,0,0,1,503,14,1,190,0,
686753,6,67,0,0,1,326,5,1,204,0,
686753,6,68,0,0,1,219,4,1,45,0,
686753,6,69,0,0,1,95,5,1,387,1,NameError
686753,6,70,0,0,1,193,6,1,1,0,
686753,6,71,0,0,1,170,4,1,72,0,
686753,6,72,0,0,1,82,2,1,10,0,
686753,6,73,0,0,1,78,2,1,34,0,
686753,6,74,0,0,1,17,1,1,105,0,
686753,6,75,0,0,1,51,1,1,14,0,
686753,6,76,0,0,1,83,2,1,48,0,
686753,6,77,0,0,1,63,2,1,359,1,AttributeError
686753,6,78,0,0,1,20,1,1,211,0,
686753,6,79,0,0,1,68,3,1,18,0,
686753,6,80,0,0,1,97,2,1,387,1,TypeError
686753,6,81,0,0,1,36,1,1,28,0,
686753,6,82,0,0,1,70,2,1,28,0,
686753,6,83,0,0,1,51,2,1,1,0,
686753,6,84,0,0,1,103,3,1,97,0,
686753,6,85,0,0,1,151,6,1,255,0,
686753,6,86,1,0,0,0,0,0,0,0,
686753,8,1,0,0,1,795,28,1,21,0,
686753,8,2,0,0,1,538,18,1,189,0,
686753,8,3,0,0,1,279,8,1,1,0,
686753,8,4,0,0,1,105,3,1,50,0,
686753,8,5,0,0,1,137,5,1,43,0,
686753,8,6,0,0,1,198,5,1,44,1,
686753,8,7,0,0,1,184,5,1,472,1,NameError
686753,8,8,0,0,1,203,6,1,84,0,
686753,8,9,0,0,1,129,3,1,115,0,
686753,8,10,0,0,1,32,1,1,17,0,
686753,8,11,0,0,1,153,6,1,38,0,
686753,8,12,0,0,1,70,2,1,42,0,
686753,8,13,0,0,1,383,12,1,53,0,
686753,8,14,0,0,1,101,2,1,30,0,
686753,8,15,0,0,1,405,13,1,114,0,
686753,8,16,0,0,1,98,3,1,563,0,
686753,8,17,0,0,1,60,2,1,2371,1,KeyError
686753,8,18,0,0,1,12,1,1,18,0,
686753,8,19,0,0,1,57,1,1,30,0,
686753,8,20,0,0,1,33,1,1,315,1,TypeError
686753,8,21,0,0,1,36,1,1,318,1,TypeError
686753,8,22,0,0,1,38,1,1,30,0,
686753,8,23,0,0,1,7,1,1,7,0,
686753,8,24,0,0,1,9,1,1,7,0,
686753,8,25,0,0,1,10,1,1,8,0,
686753,8,26,0,0,1,557,18,1,84,0,
686753,8,27,0,0,1,60,2,1,924,0,
686753,8,28,0,0,1,60,2,1,209,0,
686753,8,29,0,0,1,67,2,1,147,0,
686753,8,30,0,0,1,196,2,1,127,0,
686753,8,31,0,0,1,45,3,1,114,0,
686753,8,32,0,0,1,90,2,1,9,0,
686753,8,33,0,0,1,19,1,1,9,0,
686753,8,34,0,0,1,26,1,1,17,0,
686753,8,35,0,0,1,60,1,1,11,0,
686753,8,36,0,0,1,28,1,1,18,0,
686753,8,37,0,0,1,163,3,1,114,0,
686753,8,38,0,0,1,85,2,1,27,0,
686753,8,39,0,0,1,143,4,1,45,0,
686753,8,40,0,0,1,39,2,1,304,1,NameError
686753,8,41,0,0,1,67,3,1,340,1,NameError
686753,8,42,0,0,1,107,5,1,106,0,
686753,8,43,0,0,1,239,5,1,45,0,
686753,8,44,0,0,1,169,4,1,31,0,
686753,8,45,0,0,1,186,2,1,87,0,
686753,8,46,0,0,1,24,2,1,93,0,
686753,8,47,0,0,1,130,2,1,445,0,
686753,8,48,0,0,1,159,4,1,651,0,
686753,8,49,0,0,1,24,1,1,24,0,
686753,8,50,0,0,1,248,6,1,45,0,
686753,8,51,0,0,1,9,1,1,272,1,NameError
686753,8,52,0,0,1,305,9,1,895,0,
686753,8,53,0,0,1,24,1,1,18,0,
686753,8,54,0,0,1,23,1,1,895,0,
686753,8,55,0,0,1,932,35,1,70,0,
686753,8,56,0,0,1,115,4,1,34,0,
686753,8,57,0,0,1,468,16,1,18,0,
686753,8,58,0,0,1,945,30,1,459,1,AttributeError
686753,8,59,0,0,1,686,25,1,7152,0,
686753,8,60,0,0,1,459,13,1,44,1,
686753,8,61,0,0,1,300,12,1,50,0,
686753,8,62,0,0,1,219,9,1,104,0,
686753,8,63,0,0,1,910,39,1,111,0,
686753,8,64,0,0,1,44,2,1,103,0,
686753,8,65,0,0,1,415,15,1,474,1,AttributeError
686753,8,66,0,0,1,300,13,1,51,0,
686753,8,67,0,0,1,9,1,1,51,0,
686753,8,68,0,0,1,254,6,1,51,0,
686753,8,69,0,0,1,57,2,1,51,0,
686753,8,70,0,0,1,84,2,1,52,0,
686753,8,71,0,0,1,173,4,1,453,1,NameError
686753,8,72,0,0,1,192,5,1,80,0,
686753,8,73,0,0,1,141,3,1,43,0,
686753,8,74,0,0,1,539,13,1,85,0,
686753,8,75,0,0,1,257,8,1,119,0,
686753,8,76,0,0,1,835,33,1,410,1,NameError
686753,8,77,0,0,1,390,17,1,102,0,
686753,8,78,0,0,1,360,14,1,51,0,
686753,8,79,0,0,1,1074,37,1,81,0,
686753,8,80,0,0,1,80,2,1,27,0,
686753,8,81,0,0,1,49,1,1,43,0,
686753,8,82,0,0,1,174,3,1,82,0,
686753,8,83,0,0,1,251,6,1,99,0,
686753,8,84,0,0,1,406,14,1,1,0,
686753,8,85,0,0,1,7,1,1,459,0,
686753,8,86,0,0,1,173,3,1,112,0,
686753,8,87,0,0,1,17,1,1,73,0,
686753,8,88,0,0,1,97,2,1,66,0,
686753,8,89,0,0,1,19,1,1,112,0,
686753,8,90,0,0,1,19,1,1,112,0,
686753,8,91,0,0,1,22,1,1,12,0,
686753,8,92,1,0,0,0,0,0,0,0,
3eee67,5,1,0,0,1,11,2,1,8,0,
3eee67,5,2,0,0,1,61,6,1,26,0,
3eee67,5,3,0,0,1,43,3,1,17,0,
3eee67,5,4,0,0,1,44,3,1,17,0,
3eee67,5,5,0,0,1,43,3,1,28,0,
3eee67,5,6,0,0,1,32,2,1,1,0,
3eee67,5,7,0,0,1,153,1,1,45,0,
3eee67,5,8,0,0,1,37,2,1,6,0,
3eee67,5,9,0,0,1,57,1,1,45,0,
3eee67,5,10,0,0,1,1244,36,1,206,0,
3eee67,5,11,0,0,1,52,2,1,55,0,
3eee67,5,12,0,0,1,716,26,1,20,0,
3eee67,5,13,0,0,1,59,3,1,4,0,
3eee67,21,1,0,0,1,1101,38,1,23,0,
3eee67,21,2,0,0,1,299,6,1,17,0,
3eee67,21,3,0,0,1,63,3,1,10,0,
3eee67,21,4,0,0,1,43,3,1,4,0,
3eee67,21,5,0,0,1,14,1,1,5,0,
3eee67,21,6,0,0,1,14,1,1,4,0,
3eee67,21,7,0,0,1,32,2,1,1,0,
3eee67,3,1,0,0,1,139,1,1,45,0,
3eee67,3,2,0,0,1,157,2,1,45,0,
3eee67,3,3,0,0,1,100,1,1,45,0,
3eee67,3,4,0,0,1,57,1,1,45,0,
3eee67,3,5,0,0,1,1389,39,1,64,0,
3eee67,3,6,0,0,1,89,3,1,47,0,
3eee67,3,7,0,0,1,90,3,1,48,0,
3eee67,3,8,0,0,1,33,2,1,1,0,
3eee67,18,1,0,0,1,92,8,1,4,0,
3eee67,18,2,0,0,1,39,3,1,17,0,
3eee67,18,3,0,0,1,55,3,1,10,0,
3eee67,18,4,0,0,1,10,1,1,17,0,
3eee67,18,5,0,0,1,40,3,1,17,0,
3eee67,18,6,0,0,1,17,2,1,8,0,
3eee67,18,7,0,0,1,1645,55,1,15,0,
3eee67,18,8,0,0,1,32,2,1,1,0,
3eee67,24,1,0,0,1,53,4,1,18,0,
3eee67,24,2,0,0,1,58,5,1,8,0,
3eee67,24,3,0,0,1,34,3,1,10,0,
3eee67,24,4,0,0,1,63,3,1,26,0,
3eee67,24,5,0,0,1,75,3,1,10,0,
3eee67,24,6,0,0,1,27,1,1,17,0,
3eee67,24,7,0,0,1,73,6,1,4,0,
3eee67,24,8,0,0,1,3,1,1,8,0,
3eee67,24,9,0,0,1,10,1,1,8,0,
3eee67,24,10,0,0,1,10,1,1,8,0,
3eee67,24,11,0,0,1,31,2,1,8,0,
3eee67,24,12,0,0,1,48,3,1,17,0,
3eee67,13,1,0,0,1,1441,48,1,44,1,
3eee67,13,2,0,0,1,1250,42,1,89,0,
3eee67,13,3,0,0,1,70,2,1,9,0,
3eee67,13,4,0,0,1,43,3,1,8,0,
3eee67,13,5,0,0,1,50,2,1,8,0,
3eee67,13,6,0,0,1,79,3,1,10,0,
3eee67,13,7,0,0,1,10,1,1,17,0,
3eee67,13,8,0,0,1,32,2,1,1,0,
3eee67,13,9,0,0,1,55,3,1,4,0,
3eee67,13,10,0,0,1,14,1,1,5,0,
3eee67,13,11,0,0,1,14,1,1,4,0,
3eee67,12,1,0,0,1,1650,52,1,44,1,
3eee67,12,2,0,0,1,1360,41,1,19,0,
3eee67,12,3,0,0,1,21,3,1,8,0,
3eee67,12,4,0,0,1,9,1,1,8,0,
3eee67,12,5,0,0,1,59,5,1,4,0,
3eee67,12,6,0,0,1,38,3,1,10,0,
3eee67,12,7,0,0,1,10,1,1,17,0,
3eee67,12,8,0,0,1,91,2,1,1,0,
3eee67,12,9,0,0,1,20,1,1,1,0,
3eee67,9,1,0,0,1,159,1,1,45,0,
3eee67,9,2,0,0,1,65,4,1,17,0,
3eee67,9,3,0,0,1,15,1,1,17,0,
3eee67,9,4,0,0,1,96,3,1,21,0,
3eee67,9,5,0,0,1,46,3,1,4,0,
3eee67,9,6,0,0,1,30,1,1,10,0,
3eee67,9,7,0,0,1,102,1,1,45,0,
3eee67,9,8,0,0,1,117,2,1,45,0,
3eee67,9,9,0,0,1,1148,37,1,78,0,
3eee67,14,1,0,0,1,21,3,1,8,0,
3eee67,14,2,0,0,1,59,5,1,4,0,
3eee67,14,3,0,0,1,74,3,1,10,0,
3eee67,14,4,0,0,1,10,1,1,17,0,
3eee67,7,1,0,0,1,1035,35,1,23,0,
3eee67,7,2,0,0,1,23,3,1,8,0,
3eee67,7,3,0,0,1,24,2,1,8,0,
3eee67,7,4,0,0,1,88,5,1,10,0,
3eee67,7,5,0,0,1,46,3,1,4,0,
3eee67,7,6,0,0,1,14,1,1,5,0,
3eee67,7,7,0,0,1,14,1,1,4,0,
3eee67,7,8,0,0,1,2458,57,1,935,1,ValueError
3eee67,7,9,0,0,1,1745,40,1,68,0,
3eee67,7,10,0,0,1,1332,37,1,54,0,
3eee67,16,1,0,0,1,64,5,1,27,0,
3eee67,16,2,0,0,1,70,3,1,10,0,
3eee67,16,3,0,0,1,46,3,1,4,0,
3eee67,16,4,0,0,1,14,1,1,5,0,
3eee67,16,5,0,0,1,62,5,1,22,0,
3eee67,20,1,0,0,1,116,7,1,18,0,
3eee67,20,2,0,0,1,120,4,1,10,0,
3eee67,20,3,0,0,1,21,1,1,17,0,
3eee67,20,4,0,0,1,10,1,1,17,0,
3eee67,20,5,0,0,1,68,3,1,8,0,
3eee67,20,6,0,0,1,3,1,1,8,0,
3eee67,20,7,0,0,1,51,4,1,4,0,
3eee67,20,8,0,0,1,84,5,1,17,0,
3eee67,20,9,0,0,1,32,2,1,1,0,
3eee67,20,10,0,0,1,111,8,1,20,0,
3eee67,20,11,0,0,1,1324,44,1,44,1,
3eee67,20,12,0,0,1,1262,41,1,15,0,
3eee67,17,1,0,0,1,1780,56,1,44,1,
3eee67,17,2,0,0,1,1541,54,1,149,0,
3eee67,17,3,0,0,1,4093,97,1,125,0,
3eee67,17,4,0,0,1,62,5,1,22,0,
3eee67,17,5,0,0,1,57,3,1,10,0,
3eee67,17,6,0,0,1,11,1,1,17,0,
3eee67,17,7,0,0,1,54,2,1,4,0,
3eee67,17,8,0,0,1,16,1,1,10,0,
3eee67,17,9,0,0,1,2100,72,1,1,0,
3eee67,15,1,0,0,1,1256,37,1,44,1,
3eee67,15,2,0,0,1,818,27,1,29,0,
3eee67,15,3,0,0,1,815,30,1,1,0,
3eee67,15,4,0,0,1,21,3,1,8,0,
3eee67,15,5,0,0,1,24,2,1,8,0,
3eee67,15,6,0,0,1,76,3,1,10,0,
3eee67,15,7,0,0,1,43,3,1,4,0,
3eee67,15,8,0,0,1,14,1,1,5,0,
3eee67,15,9,0,0,1,14,1,1,4,0,
3eee67,15,10,0,0,1,3380,89,1,41,0,
3eee67,15,11,0,0,1,32,2,1,1,0,
3eee67,15,12,1,0,0,0,0,0,0,0,
3eee67,4,1,0,0,1,59,4,1,8,0,
3eee67,4,2,0,0,1,48,2,1,6,0,
3eee67,4,3,0,0,1,32,2,1,1,0,
3eee67,4,4,0,0,1,2115,68,1,23,0,
3eee67,4,5,0,0,1,15,1,1,1,0,
3eee67,23,1,0,0,1,85,6,1,17,0,
3eee67,23,2,0,0,1,16,2,1,8,0,
3eee67,23,3,0,0,1,41,2,1,8,0,
3eee67,23,4,0,0,1,73,3,1,10,0,
3eee67,23,5,0,0,1,31,1,1,36,0,
3eee67,23,6,0,0,1,1018,32,1,13,0,
3eee67,23,7,0,0,1,1908,44,1,4,0,
3eee67,23,8,0,0,1,80,2,1,13,0,
3eee67,23,9,0,0,1,206,2,1,6,0,
3eee67,23,10,0,0,1,43,2,1,33,0,
3eee67,23,11,0,0,1,960,27,1,4,0,
3eee67,23,12,0,0,1,100,3,1,45,0,
3eee67,23,13,0,0,1,48,3,1,2,0,
3eee67,23,14,0,0,1,37,2,1,4,0,
3eee67,23,15,0,0,1,73,3,1,2,0,
3eee67,23,16,0,0,1,37,2,1,4,0,
3eee67,23,17,0,0,1,73,3,1,2,0,
3eee67,23,18,0,0,1,37,2,1,4,0,
3eee67,23,19,0,0,1,73,3,1,2,0,
3eee67,23,20,0,0,1,32,2,1,1,0,
3eee67,23,21,0,0,1,37,2,1,4,0,
3eee67,23,22,0,0,1,73,3,1,2,0,
3eee67,6,1,0,0,1,65,4,1,17,0,
3eee67,6,2,0,0,1,17,3,1,8,0,
3eee67,6,3,0,0,1,23,3,1,8,0,
3eee67,6,4,0,0,1,98,6,1,35,0,
3eee67,6,5,0,0,1,72,3,1,10,0,
3eee67,6,6,0,0,1,11,1,1,17,0,
3eee67,6,7,0,0,1,49,5,1,8,0,
3eee67,6,8,0,0,1,58,6,1,8,0,
3eee67,6,9,0,0,1,811,25,1,27,0,
3eee67,6,10,0,0,1,117,7,1,19,0,
3eee67,6,11,0,0,1,32,3,1,10,0,
3eee67,6,12,0,0,1,29,3,1,8,0,
3eee67,6,13,0,0,1,54,6,1,8,0,
3eee67,6,14,0,0,1,74,8,1,4,0,
3eee67,6,15,0,0,1,991,35,1,45,0,
3eee67,6,16,0,0,1,741,28,1,15,0,
3eee67,6,17,0,0,1,32,2,1,1,0,
3eee67,2,1,0,0,1,39,3,1,19,0,
3eee67,2,2,0,0,1,23,3,1,8,0,
3eee67,2,3,0,0,1,39,3,1,8,0,
3eee67,2,4,0,0,1,10,1,1,8,0,
3eee67,2,5,0,0,1,1171,40,1,73,0,
3eee67,2,6,0,0,1,1369,37,1,1368,1,ValueError
3eee67,2,7,0,0,1,1030,31,1,141,0,
3eee67,2,8,0,0,1,121,3,1,76,0,
3eee67,2,9,0,0,1,73,2,1,44,1,
3eee67,2,10,0,0,1,89,3,1,8,0,
3eee67,2,11,0,0,1,52,5,1,1,0,
3eee67,2,12,0,0,1,34,3,1,8,0,
3eee67,2,13,0,0,1,40,3,1,26,0,
3eee67,2,14,0,0,1,7,1,1,18,0,
3eee67,2,15,0,0,1,45,2,1,10,0,
3eee67,22,1,0,0,1,183,1,1,45,0,
3eee67,22,2,0,0,1,176,7,1,49,0,
3eee67,22,3,0,0,1,1097,38,1,53,0,
3eee67,22,4,0,0,1,887,31,1,21,0,
3eee67,22,5,0,0,1,968,31,1,44,1,
3eee67,22,6,0,0,1,146,8,1,21,0,
3eee67,22,7,0,0,1,9,1,1,8,0,
3eee67,22,8,0,0,1,17,1,1,8,0,
3eee67,22,9,0,0,1,59,2,1,10,0,
3eee67,8,1,0,0,1,162,1,1,45,0,
3eee67,8,2,0,0,1,146,1,1,45,0,
3eee67,8,3,0,0,1,2603,75,1,23,0,
3eee67,8,4,0,0,1,23,3,1,8,0,
3eee67,8,5,0,0,1,9,1,1,8,0,
3eee67,8,6,0,0,1,60,4,1,4,0,
3eee67,8,7,0,0,1,52,3,1,10,0,
3eee67,8,8,0,0,1,10,1,1,17,0,
3eee67,10,1,0,0,1,42,3,1,20,0,
3eee67,10,2,0,0,1,93,7,1,35,0,
3eee67,10,3,0,0,1,33,3,1,8,0,
3eee67,10,4,0,0,1,109,3,1,21,0,
3eee67,10,5,0,0,1,71,7,1,8,0,
3eee67,10,6,0,0,1,24,2,1,8,0,
3eee67,10,7,0,0,1,136,6,1,21,0,
3eee67,10,8,0,0,1,34,3,1,10,0,
3eee67,10,9,0,0,1,36,3,1,8,0,
3eee67,10,10,0,0,1,1518,49,1,32,0,
3eee67,10,11,0,0,1,644,22,1,29,0,
3eee67,10,12,0,0,1,94,4,1,16,0,
3eee67,10,13,0,0,1,1541,38,1,53,0,
3eee67,19,1,0,0,1,145,10,1,17,0,
3eee67,19,2,0,0,1,159,6,1,28,0,
3eee67,19,3,0,0,1,165,8,1,28,0,
3eee67,19,4,0,0,1,32,2,1,1,0,
3eee67,19,5,0,0,1,1001,34,1,44,1,
3eee67,19,6,0,0,1,1003,33,1,44,1,
3eee67,19,7,0,0,1,726,23,1,3,0,
3eee67,19,8,0,0,1,2342,58,1,45,0,
3eee67,19,9,0,0,1,921,30,1,48,0,
3eee67,19,10,0,0,1,211,8,1,52,0,
3eee67,19,11,0,0,1,1091,30,1,36,0,
3eee67,19,12,0,0,1,759,23,1,2,0,
3eee67,19,13,0,0,1,120,4,1,23,0,
3eee67,19,14,0,0,1,97,4,1,70,0,
3eee67,11,1,0,0,1,84,7,1,22,0,
3eee67,11,2,0,0,1,16,2,1,8,0,
3eee67,11,3,0,0,1,9,1,1,8,0,
3eee67,11,4,0,0,1,59,5,1,4,0,
3eee67,11,5,0,0,1,38,3,1,10,0,
3eee67,11,6,0,0,1,10,1,1,17,0,
3eee67,11,7,0,0,1,1812,51,1,44,1,
3eee67,11,8,0,0,1,1311,40,1,19,0,
3eee67,11,9,0,0,1,1669,52,1,25,0,
3eee67,11,10,0,0,1,372,14,1,35,0,
3eee67,11,11,0,0,1,274,8,1,50,0,
3eee67,11,12,0,0,1,313,11,1,32,0,
3eee67,11,13,0,0,1,1357,43,1,15,0,
3eee67,11,14,0,0,1,536,19,1,83,0,
3eee67,11,15,0,0,1,1190,40,1,181,0,
3eee67,11,16,0,0,1,1334,42,1,44,1,
3eee67,11,17,0,0,1,1319,41,1,1,0,
3eee67,11,18,0,0,1,1187,37,1,116,0,
dbbfe8,16,1,0,0,1,231,2,1,6,0,
dbbfe8,16,2,0,0,1,75,2,1,33,0,
dbbfe8,16,3,0,0,1,729,17,1,2,0,
dbbfe8,16,4,0,0,1,181,5,1,2,0,
dbbfe8,16,5,0,0,1,3505,119,1,3,0,
dbbfe8,16,6,0,0,1,431,13,1,2007,0,
dbbfe8,16,7,0,0,1,368,12,1,2433,0,
dbbfe8,16,8,0,0,1,108,3,1,2,0,
dbbfe8,16,9,0,0,1,78,2,1,285,0,
dbbfe8,16,10,0,0,1,44,2,1,1231,0,
dbbfe8,16,11,0,0,1,1801,56,1,1,0,
dbbfe8,16,12,0,0,1,465,15,1,10,0,
dbbfe8,9,1,0,0,1,113,1,1,45,0,
dbbfe8,9,2,0,0,1,426,14,1,2,0,
dbbfe8,9,3,0,0,1,378,13,1,5,0,
dbbfe8,9,4,0,0,1,2279,75,1,3,0,
dbbfe8,9,5,0,0,1,100,1,1,45,0,
dbbfe8,9,6,0,0,1,464,11,1,49,0,
dbbfe8,9,7,0,0,1,345,8,1,23,0,
dbbfe8,9,8,0,0,1,54,3,1,2,0,
dbbfe8,9,9,0,0,1,1122,32,1,13,0,
dbbfe8,9,10,0,0,1,334,8,1,4,0,
dbbfe8,9,11,0,0,1,400,7,1,10,0,
dbbfe8,9,12,0,0,1,497,19,1,97,0,
dbbfe8,12,1,0,0,1,172,1,1,45,0,
dbbfe8,12,2,0,0,1,172,1,1,45,0,
dbbfe8,12,3,0,0,1,37,2,1,6,0,
dbbfe8,12,4,0,0,1,69,2,1,33,0,
dbbfe8,12,5,0,0,1,502,19,1,2,0,
dbbfe8,12,6,0,0,1,173,5,1,2,0,
dbbfe8,12,7,0,0,1,314,16,1,2,0,
dbbfe8,12,8,0,0,1,907,34,1,38,0,
dbbfe8,12,9,0,0,1,952,24,1,3,0,
dbbfe8,12,10,0,0,1,16,1,1,3,0,
dbbfe8,12,11,0,0,1,537,21,1,2079,0,
dbbfe8,12,12,0,0,1,353,10,1,1389,0,
dbbfe8,12,13,0,0,1,19,1,1,2,0,
dbbfe8,12,14,0,0,1,94,2,1,2,0,
dbbfe8,12,15,0,0,1,100,3,1,569,0,
dbbfe8,12,16,0,0,1,245,7,1,97,0,
dbbfe8,12,17,0,0,1,959,23,1,12,0,
dbbfe8,12,18,0,0,1,423,10,1,10,0,
dbbfe8,4,1,0,0,1,129,1,1,45,0,
dbbfe8,4,2,0,0,1,440,12,1,2,0,
dbbfe8,4,3,0,0,1,454,16,1,2,0,
dbbfe8,4,4,0,0,1,1163,38,1,3,0,
dbbfe8,4,5,0,0,1,1017,36,1,16,0,
dbbfe8,4,6,0,0,1,401,9,1,2007,0,
dbbfe8,4,7,0,0,1,219,5,1,45,0,
dbbfe8,4,8,0,0,1,1432,48,1,2419,0,
dbbfe8,4,9,0,0,1,107,3,1,2,0,
dbbfe8,4,10,0,0,1,292,11,1,97,0,
dbbfe8,4,11,0,0,1,951,27,1,4,0,
dbbfe8,4,12,0,0,1,1560,54,1,10,0,
dbbfe8,14,1,0,0,1,190,1,1,45,0,
dbbfe8,14,2,0,0,1,454,16,1,2,0,
dbbfe8,14,3,0,0,1,342,9,1,1,0,
dbbfe8,14,4,0,0,1,1214,37,1,2,0,
dbbfe8,14,5,0,0,1,41,1,1,8,0,
dbbfe8,14,6,0,0,1,950,35,1,3,0,
dbbfe8,14,7,0,0,1,348,12,1,8,0,
dbbfe8,14,8,0,0,1,293,8,1,9,0,
dbbfe8,14,9,0,0,1,431,15,1,64,0,
dbbfe8,14,10,0,0,1,2176,66,1,1,0,
dbbfe8,19,1,0,0,1,157,1,1,45,0,
dbbfe8,19,2,0,0,1,401,18,1,2,0,
dbbfe8,19,3,0,0,1,199,5,1,45,0,
dbbfe8,19,4,0,0,1,1744,62,1,454,1,NameError
dbbfe8,19,5,0,0,1,1901,65,1,18,0,
dbbfe8,19,6,0,0,1,196,5,1,1977,0,
dbbfe8,19,7,0,0,1,389,9,1,2039,0,
dbbfe8,19,8,0,0,1,3684,109,1,2348,0,
dbbfe8,19,9,0,0,1,99,3,1,2,0,
dbbfe8,19,10,0,0,1,220,7,1,97,0,
dbbfe8,19,11,0,0,1,1815,47,1,9,0,
dbbfe8,19,12,0,0,1,379,12,1,2239,1,ValueError
dbbfe8,19,13,0,0,1,88,3,1,11,0,
dbbfe8,19,14,0,0,1,303,8,1,2124,0,
dbbfe8,22,1,0,0,1,118,1,1,45,0,
dbbfe8,22,2,0,0,1,573,20,1,2,0,
dbbfe8,22,3,0,0,1,3309,101,1,23,0,
dbbfe8,22,4,0,0,1,334,9,1,45,0,
dbbfe8,22,5,0,0,1,18,1,1,4,0,
dbbfe8,22,6,0,0,1,14,1,1,3,0,
dbbfe8,22,7,0,0,1,352,9,1,10,0,
dbbfe8,22,8,0,0,1,4498,120,1,2,0,
dbbfe8,22,9,0,0,1,171,2,1,23,0,
dbbfe8,22,10,0,0,1,49,3,1,2,0,
dbbfe8,22,11,0,0,1,386,16,1,2,0,
dbbfe8,22,12,0,0,1,1601,44,1,4,0,
dbbfe8,22,13,0,0,1,439,11,1,5,0,
dbbfe8,22,14,0,0,1,447,18,1,97,0,
dbbfe8,22,15,0,0,1,247,10,1,183,0,
dbbfe8,6,1,0,0,1,690,27,1,2,0,
dbbfe8,6,2,0,0,1,172,5,1,2,0,
dbbfe8,6,3,0,0,1,1727,54,1,87,0,
dbbfe8,6,4,0,0,1,1421,44,1,36,0,
dbbfe8,6,5,0,0,1,217,5,1,1977,0,
dbbfe8,6,6,0,0,1,411,12,1,2524,0,
dbbfe8,6,7,0,0,1,87,3,1,2,0,
dbbfe8,6,8,0,0,1,120,2,1,39,0,
dbbfe8,6,9,0,0,1,140,5,1,168,0,
dbbfe8,6,10,0,0,1,279,10,1,97,0,
dbbfe8,6,11,0,0,1,2368,59,1,5,0,
dbbfe8,6,12,0,0,1,659,20,1,2207,0,
dbbfe8,6,13,0,0,1,86,2,1,40,0,
dbbfe8,17,1,0,0,1,72,2,1,6,0,
dbbfe8,17,2,0,0,1,629,22,1,20,0,
dbbfe8,17,3,0,0,1,382,12,1,45,0,
dbbfe8,17,4,0,0,1,3178,84,1,866,1,UnboundLocalError
dbbfe8,17,5,0,0,1,2186,73,1,16,0,
dbbfe8,17,6,0,0,1,334,12,1,1977,0,
dbbfe8,17,7,0,0,1,429,12,1,2039,0,
dbbfe8,17,8,0,0,1,3219,82,1,22,0,
dbbfe8,17,9,0,0,1,432,13,1,2434,0,
dbbfe8,17,10,0,0,1,98,3,1,2,0,
dbbfe8,17,11,0,0,1,222,8,1,55,0,
dbbfe8,17,12,0,0,1,112,2,1,42,0,
dbbfe8,17,13,0,0,1,3327,70,1,25,0,
dbbfe8,7,1,0,0,1,153,1,1,45,0,
dbbfe8,7,2,0,0,1,560,18,1,2,0,
dbbfe8,7,3,0,0,1,317,7,1,1,0,
dbbfe8,7,4,0,0,1,3227,112,1,22,0,
dbbfe8,7,5,0,0,1,254,6,1,4,0,
dbbfe8,7,6,0,0,1,77,3,1,1,0,
dbbfe8,7,7,0,0,1,336,9,1,21,0,
dbbfe8,7,8,0,0,1,3047,97,1,9,0,
dbbfe8,7,9,0,0,1,473,12,1,29,0,
dbbfe8,7,10,0,0,1,149,6,1,8,0,
dbbfe8,7,11,0,0,1,2094,57,1,16,0,
dbbfe8,7,12,0,0,1,400,8,1,45,0,
dbbfe8,7,13,0,0,1,268,6,1,4,0,
dbbfe8,7,14,0,0,1,890,20,1,2270,1,ValueError
dbbfe8,7,15,0,0,1,2100,71,1,9,0,
dbbfe8,7,16,0,0,1,256,6,1,5,0,
dbbfe8,23,1,0,0,1,115,1,1,45,0,
dbbfe8,23,2,0,0,1,558,20,1,2,0,
dbbfe8,23,3,0,0,1,303,8,1,1,0,
dbbfe8,23,4,0,0,1,3593,119,1,27,0,
dbbfe8,23,5,0,0,1,239,5,1,45,0,
dbbfe8,23,6,0,0,1,10,1,1,262,0,
dbbfe8,23,7,0,0,1,350,10,1,105,0,
dbbfe8,23,8,0,0,1,2691,90,1,87,0,
dbbfe8,23,9,0,0,1,105,3,1,2,0,
dbbfe8,23,10,0,0,1,194,7,1,97,0,
dbbfe8,23,11,0,0,1,927,28,1,16,0,
dbbfe8,23,12,0,0,1,572,12,1,2216,1,ValueError
dbbfe8,23,13,0,0,1,2151,60,1,100,0,
dbbfe8,23,14,0,0,1,82,2,1,40,0,
dbbfe8,23,15,1,0,0,0,0,0,0,0,
dbbfe8,20,1,0,0,1,156,1,1,45,0,
dbbfe8,20,2,0,0,1,393,16,1,2,0,
dbbfe8,20,3,0,0,1,365,12,1,45,0,
dbbfe8,20,4,0,0,1,818,33,1,50,0,
dbbfe8,20,5,0,0,1,325,10,1,6,0,
dbbfe8,20,6,0,0,1,1072,42,1,452,1,NameError
dbbfe8,20,7,0,0,1,2009,81,1,23,0,
dbbfe8,20,8,0,0,1,30,2,1,6,0,
dbbfe8,20,9,0,0,1,486,13,1,265,0,
dbbfe8,20,10,0,0,1,395,11,1,9,0,
dbbfe8,20,11,0,0,1,130,3,1,2,0,
dbbfe8,20,12,0,0,1,839,22,1,7,0,
dbbfe8,20,13,0,0,1,374,10,1,4,0,
dbbfe8,20,14,0,0,1,379,9,1,10,0,
dbbfe8,20,15,0,0,1,399,15,1,123,0,
dbbfe8,20,16,0,0,1,2467,71,1,2263,1,ValueError
dbbfe8,20,17,0,0,1,215,3,1,10,0,
dbbfe8,3,1,0,0,1,121,1,1,45,0,
dbbfe8,3,2,0,0,1,111,1,1,45,0,
dbbfe8,3,3,0,0,1,28,1,1,45,0,
dbbfe8,3,4,0,0,1,353,12,1,2,0,
dbbfe8,3,5,0,0,1,148,4,1,45,0,
dbbfe8,3,6,0,0,1,3095,98,1,452,1,NameError
dbbfe8,3,7,0,0,1,111,1,1,45,0,
dbbfe8,3,8,0,0,1,420,15,1,2,0,
dbbfe8,3,9,0,0,1,2276,78,1,2021,0,
dbbfe8,3,10,0,0,1,348,9,1,2524,0,
dbbfe8,3,11,0,0,1,96,3,1,2,0,
dbbfe8,3,12,0,0,1,723,17,1,45,0,
dbbfe8,3,13,0,0,1,1207,39,1,1,0,
dbbfe8,3,14,0,0,1,338,8,1,5,0,
dbbfe8,3,15,0,0,1,67,2,1,180,0,
dbbfe8,3,16,0,0,1,171,3,1,396,0,
dbbfe8,3,17,0,0,1,223,6,1,97,0,
dbbfe8,3,18,0,0,1,255,8,1,97,0,
dbbfe8,8,1,0,0,1,47,1,1,45,0,
dbbfe8,8,2,0,0,1,57,1,1,45,0,
dbbfe8,8,3,0,0,1,602,17,1,2,0,
dbbfe8,8,4,0,0,1,2823,85,1,3,0,
dbbfe8,8,5,0,0,1,272,10,1,43,0,
dbbfe8,8,6,0,0,1,283,6,1,1977,0,
dbbfe8,8,7,0,0,1,340,10,1,2039,0,
dbbfe8,8,8,0,0,1,3200,90,1,3,0,
dbbfe8,8,9,0,0,1,633,22,1,2523,0,
dbbfe8,8,10,0,0,1,42,2,1,2,0,
dbbfe8,8,11,0,0,1,419,14,1,97,0,
dbbfe8,8,12,0,0,1,1538,52,1,5,0,
dbbfe8,8,13,0,0,1,307,7,1,2207,0,
dbbfe8,24,1,0,0,1,179,1,1,45,0,
dbbfe8,24,2,0,0,1,517,19,1,2,0,
dbbfe8,24,3,0,0,1,329,8,1,1,0,
dbbfe8,24,4,0,0,1,3875,128,1,2080,0,
dbbfe8,24,5,0,0,1,369,14,1,395,1,AttributeError
dbbfe8,24,6,0,0,1,3572,109,1,2039,0,
dbbfe8,24,7,0,0,1,3691,109,1,2434,0,
dbbfe8,24,8,0,0,1,108,3,1,2,0,
dbbfe8,24,9,0,0,1,390,13,1,97,0,
dbbfe8,24,10,0,0,1,2593,67,1,5,0,
dbbfe8,21,1,0,0,1,552,20,1,2,0,
dbbfe8,21,2,0,0,1,185,5,1,3,0,
dbbfe8,21,3,0,0,1,1142,35,1,2,0,
dbbfe8,21,4,0,0,1,3022,66,1,3,0,
dbbfe8,21,5,0,0,1,772,26,1,262,0,
dbbfe8,21,6,0,0,1,236,10,1,3,0,
dbbfe8,21,7,0,0,1,563,17,1,2233,1,ValueError
dbbfe8,21,8,0,0,1,4463,119,1,10,0,
dbbfe8,21,9,0,0,1,11,1,1,94,0,
dbbfe8,21,10,0,0,1,4834,122,1,9,0,
dbbfe8,21,11,0,0,1,118,4,1,2,0,
dbbfe8,21,12,0,0,1,466,16,1,97,0,
dbbfe8,21,13,0,0,1,1688,50,1,5,0,
dbbfe8,21,14,0,0,1,1444,34,1,5,0,
dbbfe8,18,1,0,0,1,111,1,1,45,0,
dbbfe8,18,2,0,0,1,3460,91,1,40,0,
dbbfe8,18,3,0,0,1,2550,74,1,10,0,
dbbfe8,18,4,0,0,1,4825,136,1,23,0,
dbbfe8,18,5,0,0,1,49,2,1,2,0,
dbbfe8,18,6,0,0,1,503,16,1,97,0,
dbbfe8,18,7,0,0,1,2517,58,1,16,0,
dbbfe8,18,8,0,0,1,4435,116,1,22,0,
dbbfe8,18,9,0,0,1,4432,116,1,66,0,
dbbfe8,18,10,0,0,1,4509,117,1,10,0,
dbbfe8,10,1,0,0,1,233,1,1,45,0,
dbbfe8,10,2,0,0,1,37,2,1,6,0,
dbbfe8,10,3,0,0,1,57,1,1,45,0,
dbbfe8,10,4,0,0,1,83,1,1,45,0,
dbbfe8,10,5,0,0,1,5969,154,1,34,0,
dbbfe8,10,6,0,0,1,4752,117,1,9,0,
dbbfe8,10,7,0,0,1,154,5,1,5,0,
dbbfe8,10,8,0,0,1,2071,55,1,7,0,
dbbfe8,10,9,0,0,1,4349,103,1,158,0,
dbbfe8,10,10,0,0,1,320,11,1,1,0,
dbbfe8,10,11,0,0,1,4456,108,1,44,1,
dbbfe8,10,12,0,0,1,69,2,1,343,1,NameError
dbbfe8,10,13,0,0,1,500,14,1,361,1,NameError
dbbfe8,10,14,0,0,1,152,4,1,448,1,NameError
dbbfe8,10,15,0,0,1,4370,104,1,722,1,NameError
dbbfe8,10,16,0,0,1,184,5,1,751,1,NameError
dbbfe8,10,17,0,0,1,210,5,1,2,0,
dbbfe8,10,18,0,0,1,453,13,1,55,0,
dbbfe8,11,1,0,0,1,99,1,1,45,0,
dbbfe8,11,2,0,0,1,402,16,1,2,0,
dbbfe8,11,3,0,0,1,507,13,1,1,0,
dbbfe8,11,4,0,0,1,1377,43,1,3,0,
dbbfe8,11,5,0,0,1,119,1,1,45,0,
dbbfe8,11,6,0,0,1,512,16,1,2079,0,
dbbfe8,11,7,0,0,1,320,7,1,23,0,
dbbfe8,11,8,0,0,1,50,2,1,2,0,
dbbfe8,11,9,0,0,1,1624,52,1,9,0,
dbbfe8,11,10,0,0,1,1389,49,1,3,0,
dbbfe8,11,11,0,0,1,375,6,1,2235,1,ValueError
dbbfe8,11,12,0,0,1,450,11,1,16,0,
dbbfe8,11,13,0,0,1,190,2,1,2191,1,ValueError
dbbfe8,11,14,0,0,1,106,1,1,45,0,
dbbfe8,11,15,0,0,1,14,1,1,1558,0,
dbbfe8,11,16,0,0,1,275,6,1,8,0,
dbbfe8,11,17,0,0,1,112,3,1,407,1,AttributeError
dbbfe8,11,18,0,0,1,168,2,1,2170,1,ValueError
dbbfe8,11,19,0,0,1,14,1,1,281,1,AttributeError
dbbfe8,11,20,0,0,1,1,1,1,1,0,
dbbfe8,11,21,1,0,0,0,0,0,0,0,
dbbfe8,11,22,1,0,0,0,0,0,0,0,
dbbfe8,11,23,0,0,1,155,2,1,413,1,NameError
dbbfe8,11,24,0,0,1,2494,88,1,30,0,
dbbfe8,11,25,0,0,1,223,4,1,44,1,
dbbfe8,11,26,0,0,1,151,2,1,410,1,NameError
dbbfe8,11,27,0,0,1,209,3,1,477,1,NameError
dbbfe8,11,28,0,0,1,253,5,1,534,1,NameError
dbbfe8,11,29,0,0,1,272,6,1,510,1,NameError
dbbfe8,11,30,0,0,1,2032,75,1,30,0,
dbbfe8,11,31,0,0,1,223,4,1,44,1,
dbbfe8,11,32,0,0,1,698,20,1,440,1,NameError
dbbfe8,11,33,0,0,1,2643,92,1,30,0,
dbbfe8,11,34,0,0,1,223,4,1,2334,0,
dbbfe8,11,35,0,0,1,132,5,1,5,0,
dbbfe8,11,36,0,0,1,366,14,1,97,0,
dbbfe8,11,37,0,0,1,1346,41,1,4,0,
dbbfe8,15,1,0,0,1,197,1,1,45,0,
dbbfe8,15,2,0,0,1,295,11,1,2,0,
dbbfe8,15,3,0,0,1,445,16,1,1,0,
dbbfe8,15,4,0,0,1,956,35,1,56,0,
dbbfe8,15,5,0,0,1,289,8,1,10,0,
dbbfe8,15,6,0,0,1,186,1,1,45,0,
dbbfe8,15,7,0,0,1,840,33,1,23,0,
dbbfe8,15,8,0,0,1,301,9,1,1977,0,
dbbfe8,15,9,0,0,1,314,9,1,10,0,
dbbfe8,15,10,0,0,1,4,1,1,255,0,
dbbfe8,15,11,0,0,1,414,11,1,39,0,
dbbfe8,15,12,0,0,1,269,4,1,9,0,
dbbfe8,15,13,0,0,1,1001,38,1,3,0,
dbbfe8,15,14,0,0,1,866,33,1,16,0,
dbbfe8,15,15,0,0,1,405,11,1,2406,1,ValueError
dbbfe8,15,16,0,0,1,7,1,1,280,1,AttributeError
dbbfe8,15,17,0,0,1,1,1,1,1,0,
dbbfe8,15,18,0,0,1,30,1,1,45,0,
dbbfe8,15,19,0,0,1,72,3,1,44,1,
dbbfe8,15,20,0,0,1,39,2,1,303,1,NameError
dbbfe8,15,21,0,0,1,1294,42,1,411,1,NameError
dbbfe8,15,22,0,0,1,1927,76,1,44,1,
dbbfe8,15,23,0,0,1,30,1,1,279,1,NameError
dbbfe8,15,24,0,0,1,49,2,1,310,1,NameError
dbbfe8,15,25,0,0,1,2758,104,1,11,0,
dbbfe8,15,26,0,0,1,28,1,1,14,0,
dbbfe8,15,27,0,0,1,85,3,1,2,0,
dbbfe8,15,28,0,0,1,440,15,1,4,0,
dbbfe8,15,29,0,0,1,448,11,1,4,0,
dbbfe8,15,30,0,0,1,307,6,1,45,0,
dbbfe8,15,31,0,0,1,611,16,1,5,0,
dbbfe8,2,1,0,0,1,181,1,1,45,0,
dbbfe8,2,2,0,0,1,560,22,1,31,0,
dbbfe8,2,3,0,0,1,389,8,1,32,0,
dbbfe8,2,4,0,0,1,1789,62,1,34,0,
dbbfe8,2,5,0,0,1,214,6,1,4,0,
dbbfe8,2,6,0,0,1,118,3,1,32,0,
dbbfe8,2,7,0,0,1,316,9,1,749,1,TypeError
dbbfe8,2,8,0,0,1,395,10,1,71,0,
dbbfe8,2,9,0,0,1,3043,91,1,85,0,
dbbfe8,2,10,0,0,1,298,9,1,87,0,
dbbfe8,2,11,0,0,1,728,16,1,81,0,
dbbfe8,2,12,0,0,1,540,16,1,45,0,
dbbfe8,2,13,0,0,1,2807,84,1,56,0,
dbbfe8,2,14,0,0,1,778,24,1,143,0,
dbbfe8,2,15,0,0,1,928,29,1,11,0,
dbbfe8,2,16,0,0,1,1042,33,1,45,0,
dbbfe8,2,17,0,0,1,283,9,1,45,0,
dbbfe8,2,18,0,0,1,768,26,1,54,0,
dbbfe8,2,19,0,0,1,2576,74,1,14,0,
dbbfe8,2,20,0,0,1,4538,129,1,22,0,
dbbfe8,2,21,0,0,1,144,4,1,22,0,
dbbfe8,2,22,0,0,1,2988,82,1,17,0,
dbbfe8,2,23,0,0,1,144,4,1,22,0,
dbbfe8,2,24,0,0,1,144,4,1,23,0,
dbbfe8,2,25,0,0,1,83,2,1,17,0,
dbbfe8,2,26,0,0,1,68,3,1,6,0,
dbbfe8,2,27,0,0,1,175,3,1,45,0,
dbbfe8,2,28,0,0,1,4398,113,1,25,0,
dbbfe8,2,29,0,0,1,1765,55,1,44,0,
dbbfe8,1,1,0,0,1,121,1,1,45,0,
dbbfe8,1,2,0,0,1,484,18,1,2,0,
dbbfe8,1,3,0,0,1,532,18,1,1,0,
dbbfe8,1,4,0,0,1,1104,38,1,24,0,
dbbfe8,1,5,0,0,1,98,2,1,45,0,
dbbfe8,1,6,0,0,1,1238,28,1,6,0,
dbbfe8,1,7,0,0,1,649,24,1,6,0,
dbbfe8,1,8,0,0,1,361,11,1,100,0,
dbbfe8,1,9,0,0,1,193,7,1,2,0,
dbbfe8,1,10,0,0,1,92,2,1,2,0,
dbbfe8,1,11,0,0,1,671,23,1,5,0,
dbbfe8,1,12,0,0,1,322,11,1,163,0,
dbbfe8,1,13,0,0,1,209,7,1,2,0,
dbbfe8,1,14,0,0,1,2368,68,1,4,0,
dbbfe8,1,15,0,0,1,71,3,1,22,0,
dbbfe8,1,16,0,0,1,11,1,1,52,0,
dbbfe8,1,17,0,0,1,276,11,1,52,0,
dbbfe8,1,18,0,0,1,263,7,1,487,1,TypeError
dbbfe8,1,19,0,0,1,170,2,1,5,0,
dbbfe8,1,20,0,0,1,2353,73,1,29,0,
dbbfe8,1,21,0,0,1,3310,96,1,5,0,
dbbfe8,1,22,0,0,1,151,6,1,35,0,
dbbfe8,1,23,0,0,1,2589,77,1,2,0,
dbbfe8,1,24,0,0,1,1103,32,1,4,0,
dbbfe8,1,25,0,0,1,41,1,1,17,0,
dbbfe8,1,26,0,0,1,70,3,1,55,0,
dbbfe8,1,27,0,0,1,916,26,1,4,0,
dbbfe8,1,28,0,0,1,2503,70,1,5,0,
dbbfe8,1,29,0,0,1,60,2,1,1380,1,ValueError
dbbfe8,1,30,0,0,1,2438,68,1,5,0,
dbbfe8,1,31,0,0,1,1094,37,1,863,1,IndexError
dbbfe8,1,32,0,0,1,2156,68,1,4,0,
dbbfe8,1,33,0,0,1,3532,92,1,737,1,TypeError
dbbfe8,1,34,0,0,1,3333,90,1,4,0,
dbbfe8,1,35,0,0,1,22,1,1,3,0,
dbbfe8,1,36,0,0,1,3113,85,1,10,0,
dbbfe8,1,37,0,0,1,113,2,1,4,0,
dbbfe8,1,38,0,0,1,29,1,1,4,0,
dbbfe8,1,39,0,0,1,113,3,1,2,0,
dbbfe8,1,40,0,0,1,67,2,1,286,0,
dbbfe8,1,41,0,0,1,1379,43,1,4,0,
dbbfe8,1,42,0,0,1,3044,84,1,4,0,
dbbfe8,1,43,0,0,1,3095,88,1,4,0,
dbbfe8,1,44,0,0,1,3140,90,1,5,0,
dbbfe8,1,45,0,0,1,137,2,1,9,0,
dbbfe8,1,46,0,0,1,106,2,1,5,0,
dbbfe8,1,47,1,0,0,0,0,0,0,0,
dbbfe8,13,1,0,0,1,129,1,1,45,0,
dbbfe8,13,2,0,0,1,442,16,1,2,0,
dbbfe8,13,3,0,0,1,234,6,1,2,0,
dbbfe8,13,4,0,0,1,2642,77,1,3,0,
dbbfe8,13,5,0,0,1,294,8,1,16,0,
dbbfe8,13,6,0,0,1,398,12,1,8,0,
dbbfe8,13,7,0,0,1,575,15,1,10,0,
dbbfe8,13,8,0,0,1,595,15,1,71,0,
dbbfe8,13,9,0,0,1,280,3,1,9,0,
dbbfe8,13,10,0,0,1,2248,53,1,40,0,
dbbfe8,13,11,0,0,1,14,1,1,29,0,
dbbfe8,13,12,0,0,1,162,7,1,48,0,
dbbfe8,13,13,0,0,1,1034,27,1,97,0,
dbbfe8,13,14,0,0,1,13,1,1,29,0,
dbbfe8,13,15,0,0,1,608,14,1,44,1,
dbbfe8,13,16,0,0,1,609,14,1,636,1,NameError
dbbfe8,13,17,0,0,1,67,1,1,45,0,
dbbfe8,13,18,0,0,1,614,14,1,640,1,NameError
dbbfe8,13,19,0,0,1,3241,96,1,45,0,
dbbfe8,13,20,0,0,1,589,14,1,44,1,
dbbfe8,13,21,0,0,1,452,10,1,409,1,NameError
dbbfe8,13,22,0,0,1,18,1,1,45,0,
dbbfe8,13,23,0,0,1,413,9,1,442,1,NameError
dbbfe8,13,24,0,0,1,3087,90,1,45,0,
dbbfe8,13,25,0,0,1,447,10,1,14,0,
dbbfe8,13,26,0,0,1,553,13,1,44,1,
dbbfe8,13,27,0,0,1,3700,93,1,662,1,NameError
dbbfe8,13,28,0,0,1,57,2,1,581,1,NameError
dbbfe8,13,29,0,0,1,83,2,1,11,0,
dbbfe8,13,30,0,0,1,25,1,1,128,0,
414a5b,9,1,0,0,1,220,7,1,19,0,
414a5b,9,2,0,0,1,715,23,1,3,0,
414a5b,9,3,0,0,1,61,3,1,6,0,
414a5b,9,4,1,0,0,0,0,0,0,0,
414a5b,6,1,0,0,1,94,6,1,40,0,
414a5b,6,2,0,0,1,70,3,1,3,0,
414a5b,6,3,0,0,1,75,2,1,4,0,
414a5b,6,4,0,0,1,863,31,1,38,0,
414a5b,6,5,0,0,1,130,5,1,49,0,
414a5b,6,6,0,0,1,87,2,1,3,0,
414a5b,6,7,1,0,0,0,0,0,0,0,
414a5b,19,1,0,0,1,224,11,1,9,0,
414a5b,19,2,0,0,1,404,18,1,38,0,
414a5b,19,3,0,0,1,130,5,1,49,0,
414a5b,19,4,0,0,1,53,2,1,3,0,
414a5b,19,5,1,0,0,0,0,0,0,0,
414a5b,3,1,0,0,1,162,8,1,9,0,
414a5b,3,2,0,0,1,73,3,1,25,0,
414a5b,3,3,0,0,1,155,6,1,49,0,
414a5b,3,4,0,0,1,31,1,1,3,0,
414a5b,3,5,0,0,1,998,22,1,8,0,
414a5b,3,6,1,0,0,0,0,0,0,0,
414a5b,20,1,0,0,1,292,14,1,69,0,
414a5b,20,2,0,0,1,158,5,1,3,0,
414a5b,20,3,0,0,1,59,3,1,4,0,
414a5b,20,4,0,0,1,664,18,1,8,0,
414a5b,20,5,0,0,1,6,1,1,18,0,
414a5b,20,6,0,0,1,948,31,1,38,0,
414a5b,20,7,0,0,1,63,2,1,5,0,
414a5b,20,8,0,0,1,31,1,1,3,0,
414a5b,20,9,1,0,0,0,0,0,0,0,
414a5b,11,1,0,0,1,114,6,1,3,0,
414a5b,11,2,0,0,1,131,3,1,2,0,
414a5b,11,3,0,0,1,290,13,1,3,0,
414a5b,11,4,0,0,1,88,5,1,3,0,
414a5b,11,5,0,0,1,523,18,1,57,0,
414a5b,11,6,1,0,0,0,0,0,0,0,
414a5b,12,1,0,0,1,274,14,1,9,0,
414a5b,12,2,0,0,1,57,3,1,4,0,
414a5b,12,3,0,0,1,48,2,1,5,0,
414a5b,12,4,0,0,1,230,7,1,5,0,
414a5b,12,5,0,0,1,1806,52,1,37,0,
414a5b,12,6,0,0,1,70,2,1,5,0,
414a5b,12,7,0,0,1,18,1,1,8,0,
414a5b,12,8,1,0,0,0,0,0,0,0,
414a5b,14,1,0,0,1,146,7,1,9,0,
414a5b,14,2,0,0,1,149,4,1,3,0,
414a5b,14,3,0,0,1,59,3,1,6,0,
414a5b,14,4,0,0,1,453,16,1,7,0,
414a5b,14,5,0,0,1,1777,57,1,37,0,
414a5b,14,6,1,0,0,0,0,0,0,0,
414a5b,18,1,0,0,1,303,14,1,69,0,
414a5b,18,2,0,0,1,334,12,1,3,0,
414a5b,18,3,0,0,1,47,2,1,4,0,
414a5b,18,4,0,0,1,519,20,1,12,0,
414a5b,18,5,0,0,1,1226,38,1,48,0,
414a5b,18,6,0,0,1,881,25,1,35,0,
414a5b,18,7,0,0,1,50,2,1,6,0,
414a5b,18,8,1,0,0,0,0,0,0,0,
414a5b,8,1,0,0,1,109,7,1,3,0,
414a5b,8,2,0,0,1,652,27,1,38,0,
414a5b,8,3,0,0,1,1484,60,1,38,0,
414a5b,8,4,0,0,1,90,2,1,3,0,
414a5b,8,5,0,0,1,668,28,1,37,0,
414a5b,8,6,0,0,1,81,2,1,2,0,
414a5b,8,7,0,0,1,65,3,1,11,0,
414a5b,8,8,1,0,0,0,0,0,0,0,
414a5b,21,1,0,0,1,447,16,1,11,0,
414a5b,21,2,0,0,1,894,22,1,27,0,
414a5b,21,3,0,0,1,65,3,1,6,0,
414a5b,21,4,0,0,1,2040,59,1,8,0,
414a5b,21,5,0,0,1,65,2,1,3,0,
414a5b,21,6,1,0,0,0,0,0,0,0,
414a5b,22,1,0,0,1,117,8,1,3,0,
414a5b,22,2,0,0,1,70,3,1,4,0,
414a5b,22,3,0,0,1,757,26,1,38,0,
414a5b,22,4,0,0,1,1460,41,1,26,0,
414a5b,22,5,0,0,1,67,2,1,5,0,
414a5b,22,6,0,0,1,49,2,1,6,0,
414a5b,22,7,1,0,0,0,0,0,0,0,
414a5b,13,1,0,0,1,330,16,1,3,0,
414a5b,13,2,0,0,1,852,35,1,38,0,
414a5b,13,3,0,0,1,203,6,1,13,0,
414a5b,13,4,1,0,0,0,0,0,0,0,
414a5b,15,1,0,0,1,390,17,1,9,0,
414a5b,15,2,0,0,1,18,2,1,18,0,
414a5b,15,3,0,0,1,177,8,1,3,0,
414a5b,15,4,0,0,1,88,5,1,2,0,
414a5b,15,5,0,0,1,460,16,1,19,0,
414a5b,15,6,0,0,1,15,1,1,18,0,
414a5b,15,7,0,0,1,466,11,1,13,0,
414a5b,15,8,0,0,1,337,14,1,8,0,
414a5b,15,9,1,0,0,0,0,0,0,0,
414a5b,4,1,0,0,1,365,18,1,9,0,
414a5b,4,2,0,0,1,89,4,1,25,0,
414a5b,4,3,0,0,1,165,6,1,49,0,
414a5b,4,4,0,0,1,49,2,1,3,0,
414a5b,4,5,0,0,1,1160,32,1,25,0,
414a5b,4,6,0,0,1,194,7,1,25,0,
414a5b,4,7,0,0,1,1840,44,1,45,0,
414a5b,4,8,0,0,1,572,17,1,759,1,NameError
414a5b,4,9,0,0,1,792,25,1,28,0,
414a5b,4,10,1,0,0,0,0,0,0,0,
414a5b,23,1,0,0,1,114,6,1,40,0,
414a5b,23,2,0,0,1,41,2,1,3,0,
414a5b,23,3,0,0,1,70,3,1,4,0,
414a5b,23,4,0,0,1,66,3,1,25,0,
414a5b,23,5,0,0,1,544,23,1,58,0,
414a5b,23,6,0,0,1,1480,44,1,26,0,
414a5b,23,7,0,0,1,70,2,1,5,0,
414a5b,23,8,0,0,1,18,1,1,8,0,
414a5b,23,9,1,0,0,0,0,0,0,0,
414a5b,24,1,0,0,1,469,19,1,28,0,
414a5b,24,2,0,0,1,2295,69,1,796,1,KeyError
414a5b,24,3,0,0,1,1129,37,1,59,0,
414a5b,24,4,0,0,1,64,3,1,6,0,
414a5b,24,5,0,0,1,117,4,1,40,0,
414a5b,24,6,0,0,1,70,3,1,3,0,
414a5b,10,1,0,0,1,308,14,1,130,0,
414a5b,10,2,0,0,1,221,12,1,6,0,
414a5b,10,3,0,0,1,243,10,1,3,0,
414a5b,10,4,0,0,1,573,20,1,8,0,
414a5b,10,5,1,0,0,0,0,0,0,0,
414a5b,7,1,0,0,1,393,17,1,28,0,
414a5b,7,2,0,0,1,89,4,1,25,0,
414a5b,7,3,0,0,1,2138,58,1,657,1,TypeError
414a5b,7,4,0,0,1,2519,53,1,940,1,UnboundLocalError
414a5b,7,5,0,0,1,1466,44,1,27,0,
414a5b,7,6,0,0,1,225,7,1,3,0,
414a5b,7,7,0,0,1,564,19,1,7,0,
414a5b,7,8,0,0,1,17,1,1,7,0,
414a5b,7,9,0,0,1,189,6,1,49,0,
414a5b,7,10,0,0,1,31,1,1,3,0,
414a5b,7,11,1,0,0,0,0,0,0,0,
414a5b,17,1,0,0,1,437,19,1,165,0,
414a5b,17,2,0,0,1,180,6,1,3,0,
414a5b,17,3,0,0,1,334,10,1,25,0,
414a5b,17,4,0,0,1,180,6,1,49,0,
414a5b,17,5,0,0,1,63,2,1,3,0,
414a5b,17,6,0,0,1,1512,38,1,28,0,
414a5b,17,7,0,0,1,600,17,1,38,0,
414a5b,17,8,0,0,1,1051,33,1,8,0,
414a5b,17,9,0,0,1,17,1,1,8,0,
414a5b,17,10,1,0,0,0,0,0,0,0,
414a5b,16,1,0,0,1,391,17,1,15,0,
414a5b,16,2,0,0,1,6,1,1,5,0,
414a5b,16,3,0,0,1,777,28,1,4,0,
414a5b,16,4,0,0,1,979,39,1,38,0,
414a5b,16,5,0,0,1,744,21,1,11,0,
414a5b,16,6,1,0,0,0,0,0,0,0,
414a5b,2,1,0,0,1,149,8,1,3,0,
414a5b,2,2,0,0,1,187,8,1,3,0,
414a5b,2,3,0,0,1,6,1,1,18,0,
414a5b,2,4,0,0,1,703,21,1,7,0,
414a5b,2,5,1,0,0,0,0,0,0,0,
414a5b,1,1,0,0,1,120,6,1,9,0,
414a5b,1,2,0,0,1,76,3,1,25,0,
414a5b,1,3,0,0,1,704,27,1,19,0,
414a5b,1,4,0,0,1,138,7,1,2,0,
414a5b,1,5,0,0,1,701,21,1,27,0,
414a5b,1,6,0,0,1,734,22,1,26,0,
414a5b,1,7,0,0,1,564,21,1,26,0,
414a5b,1,8,0,0,1,51,2,1,4,0,
414a5b,1,9,0,0,1,492,11,1,25,0,
414a5b,1,10,0,0,1,514,11,1,1,0,
414a5b,1,11,0,0,1,210,6,1,12,0,
414a5b,1,12,0,0,1,178,6,1,38,0,
414a5b,5,1,0,0,1,282,14,1,3,0,
414a5b,5,2,0,0,1,209,14,1,3,0,
414a5b,5,3,0,0,1,381,17,1,9,0,
414a5b,5,4,0,0,1,6,1,1,18,0,
414a5b,5,5,0,0,1,45,2,1,313,1,TypeError
414a5b,5,6,0,0,1,121,7,1,40,0,
414a5b,5,7,0,0,1,55,2,1,36,0,
414a5b,5,8,0,0,1,50,2,1,5704,0,
