timestamp,elapsed_s,running,waiting,cache_pct,preemptions
1772537533.2,0.0,0,0,0.0000,0
1772537538.2,5.0,0,0,0.0000,0
1772537543.2,10.0,0,0,0.0000,0
1772537548.2,15.0,0,0,0.0000,0
1772537553.2,20.0,0,0,0.0000,0
1772537558.2,25.0,0,0,0.0000,0
1772537563.2,30.1,0,0,0.0000,0
1772537568.2,35.1,0,0,0.0000,0
1772537573.2,40.1,0,0,0.0000,0
1772537578.2,45.1,0,0,0.0000,0
1772537583.3,50.1,0,0,0.0000,0
1772537588.3,55.1,0,0,0.0000,0
1772537593.3,60.1,0,0,0.0000,0
1772537598.3,65.1,0,0,0.0000,0
1772537603.3,70.1,0,0,0.0000,0
1772537608.3,75.1,0,0,0.0000,0
1772537613.3,80.1,0,0,0.0000,0
1772537618.3,85.1,0,0,0.0000,0
1772537623.3,90.1,0,0,0.0000,0
1772537628.3,95.2,0,0,0.0000,0
1772537633.3,100.2,0,0,0.0000,0
1772537638.4,105.2,0,0,0.0000,0
1772537643.4,110.2,0,0,0.0000,0
1772537648.4,115.2,0,0,0.0000,0
1772537653.4,120.2,0,0,0.0000,0
1772537658.4,125.2,0,0,0.0000,0
1772537663.4,130.2,0,0,0.0000,0
1772537668.4,135.2,0,0,0.0000,0
1772537673.4,140.2,0,0,0.0000,0
1772537678.4,145.2,0,0,0.0000,0
1772537683.4,150.2,0,0,0.0000,0
1772537688.4,155.2,0,0,0.0000,0
1772537693.4,160.3,0,0,0.0000,0
1772537698.4,165.3,0,0,0.0000,0
1772537703.4,170.3,0,0,0.0000,0
1772537708.5,175.3,0,0,0.0000,0
1772537713.5,180.3,0,0,0.0000,0
1772537718.5,185.3,0,0,0.0000,0
1772537723.5,190.3,0,0,0.0000,0
1772537728.5,195.3,0,0,0.0000,0
1772537733.5,200.3,0,0,0.0000,0
1772537738.5,205.3,0,0,0.0000,0
1772537743.5,210.3,0,0,0.0000,0
1772537748.6,215.4,0,0,0.0000,0
1772537753.6,220.4,0,0,0.0000,0
1772537758.6,225.4,0,0,0.0000,0
1772537763.6,230.4,0,0,0.0000,0
1772537768.6,235.4,0,0,0.0000,0
1772537773.6,240.5,0,0,0.0000,0
1772537778.7,245.5,0,0,0.0000,0
1772537783.7,250.5,0,0,0.0000,0
1772537788.7,255.5,0,0,0.0000,0
1772537793.7,260.5,0,0,0.0000,0
1772537798.7,265.5,0,0,0.0000,0
1772537803.7,270.5,0,0,0.0000,0
1772537808.7,275.5,0,0,0.0000,0
1772537813.8,280.6,0,0,0.0000,0
1772537818.8,285.6,0,0,0.0000,0
1772537823.8,290.6,0,0,0.0000,0
1772537828.8,295.6,0,0,0.0000,0
1772537833.8,300.6,0,0,0.0000,0
1772537838.8,305.6,0,0,0.0000,0
1772537843.8,310.6,0,0,0.0000,0
1772537848.8,315.6,0,0,0.0000,0
1772537853.8,320.6,0,0,0.0000,0
1772537858.9,325.7,0,0,0.0000,0
1772537863.9,330.7,0,0,0.0000,0
1772537868.9,335.7,0,0,0.0000,0
1772537874.0,340.8,0,0,0.0000,0
1772537879.0,345.8,0,0,0.0000,0
1772537884.0,350.8,0,0,0.0000,0
1772537889.0,355.9,0,0,0.0000,0
1772537894.0,360.9,0,0,0.0000,0
1772537899.1,365.9,0,0,0.0000,0
1772537904.1,370.9,0,0,0.0000,0
1772537909.1,375.9,0,0,0.0000,0
1772537914.1,380.9,0,0,0.0000,0
1772537919.1,385.9,0,0,0.0000,0
1772537924.1,390.9,0,0,0.0000,0
1772537929.1,395.9,0,0,0.0000,0
1772537934.1,400.9,0,0,0.0000,0
1772537939.1,405.9,0,0,0.0000,0
1772537944.2,411.0,0,0,0.0000,0
1772537949.2,416.0,0,0,0.0000,0
1772537954.2,421.0,0,0,0.0000,0
1772537959.2,426.0,0,0,0.0000,0
1772537964.2,431.0,0,0,0.0000,0
1772537969.2,436.0,0,0,0.0000,0
1772537974.2,441.0,0,0,0.0000,0
1772537979.2,446.0,0,0,0.0000,0
1772537984.2,451.0,0,0,0.0000,0
1772537989.2,456.0,0,0,0.0000,0
1772537994.2,461.0,0,0,0.0000,0
1772537999.3,466.2,0,0,0.0000,0
1772538004.3,471.2,0,0,0.0000,0
1772538009.4,476.2,0,0,0.0000,0
1772538014.4,481.2,0,0,0.0000,0
1772538019.4,486.2,0,0,0.0000,0
1772538024.4,491.2,0,0,0.0000,0
1772538029.4,496.2,0,0,0.0000,0
1772538034.4,501.2,0,0,0.0000,0
1772538039.4,506.2,0,0,0.0000,0
1772538044.4,511.2,0,0,0.0000,0
1772538049.4,516.2,0,0,0.0000,0
1772538054.4,521.2,0,0,0.0000,0
1772538059.4,526.2,0,0,0.0000,0
1772538064.4,531.2,0,0,0.0000,0
1772538069.4,536.2,0,0,0.0000,0
1772538074.4,541.2,0,0,0.0000,0
1772538079.4,546.2,0,0,0.0000,0
1772538084.4,551.2,0,0,0.0000,0
1772538089.4,556.2,0,0,0.0000,0
1772538094.4,561.2,0,0,0.0000,0
1772538099.4,566.2,0,0,0.0000,0
1772538104.4,571.2,0,0,0.0000,0
1772538109.4,576.2,0,0,0.0000,0
1772538114.4,581.3,0,0,0.0000,0
1772538119.4,586.3,0,0,0.0000,0
1772538124.4,591.3,0,0,0.0000,0
1772538129.5,596.3,0,0,0.0000,0
1772538134.5,601.3,0,0,0.0000,0
1772538139.5,606.3,0,0,0.0000,0
1772538144.5,611.3,0,0,0.0000,0
1772538149.5,616.3,0,0,0.0000,0
1772538154.6,621.4,0,0,0.0000,0
1772538159.6,626.4,0,0,0.0000,0
1772538164.6,631.4,0,0,0.0000,0
1772538169.6,636.4,0,0,0.0000,0
1772538174.6,641.4,0,0,0.0000,0
1772538179.6,646.4,0,0,0.0000,0
1772538184.6,651.4,0,0,0.0000,0
1772538189.6,656.4,0,0,0.0000,0
1772538194.6,661.4,0,0,0.0000,0
1772538199.6,666.4,0,0,0.0000,0
1772538204.6,671.4,0,0,0.0000,0
1772538209.6,676.4,0,0,0.0000,0
1772538214.6,681.4,0,0,0.0000,0
1772538219.6,686.4,0,0,0.0000,0
1772538224.6,691.4,0,0,0.0000,0
1772538229.6,696.4,0,0,0.0000,0
1772538234.6,701.4,0,0,0.0000,0
1772538239.6,706.4,0,0,0.0000,0
1772538244.6,711.4,0,0,0.0000,0
1772538249.6,716.4,0,0,0.0000,0
1772538254.6,721.4,0,0,0.0000,0
1772538259.7,726.5,0,0,0.0000,0
1772538264.7,731.5,0,0,0.0000,0
1772538269.7,736.5,0,0,0.0000,0
1772538274.7,741.5,0,0,0.0000,0
1772538279.7,746.5,0,0,0.0000,0
1772538284.7,751.5,0,0,0.0000,0
1772538289.8,756.6,0,0,0.0000,0
1772538294.8,761.6,0,0,0.0000,0
1772538299.9,766.7,0,0,0.0000,0
1772538304.9,771.7,0,0,0.0000,0
1772538309.9,776.7,0,0,0.0000,0
1772538314.9,781.7,0,0,0.0000,0
1772538319.9,786.7,0,0,0.0000,0
1772538324.9,791.7,0,0,0.0000,0
1772538329.9,796.7,0,0,0.0000,0
1772538334.9,801.7,0,0,0.0000,0
1772538339.9,806.7,0,0,0.0000,0
1772538344.9,811.7,0,0,0.0000,0
1772538349.9,816.7,0,0,0.0000,0
1772538354.9,821.7,0,0,0.0000,0
1772538359.9,826.7,0,0,0.0000,0
1772538364.9,831.7,0,0,0.0000,0
1772538369.9,836.7,0,0,0.0000,0
1772538374.9,841.8,0,0,0.0000,0
1772538379.9,846.8,0,0,0.0000,0
1772538384.9,851.8,0,0,0.0000,0
1772538389.9,856.8,0,0,0.0000,0
1772538395.0,861.8,0,0,0.0000,0
1772538400.0,866.8,0,0,0.0000,0
1772538405.0,871.8,0,0,0.0000,0
1772538410.0,876.8,0,0,0.0000,0
1772538415.0,881.8,0,0,0.0000,0
1772538420.0,886.8,0,0,0.0000,0
1772538425.0,891.8,0,0,0.0000,0
1772538430.0,896.8,0,0,0.0000,0
1772538435.0,901.8,0,0,0.0000,0
1772538440.0,906.8,0,0,0.0000,0
1772538445.0,911.8,0,0,0.0000,0
1772538450.0,916.8,0,0,0.0000,0
1772538455.1,921.9,0,0,0.0000,0
1772538460.1,926.9,0,0,0.0000,0
1772538465.1,931.9,0,0,0.0000,0
1772538470.1,936.9,0,0,0.0000,0
1772538475.1,941.9,0,0,0.0000,0
1772538480.1,946.9,0,0,0.0000,0
1772538485.1,951.9,0,0,0.0000,0
1772538490.1,956.9,0,0,0.0000,0
1772538495.1,961.9,0,0,0.0000,0
1772538500.1,966.9,0,0,0.0000,0
1772538505.1,971.9,0,0,0.0000,0
1772538510.1,976.9,0,0,0.0000,0
1772538515.1,981.9,0,0,0.0000,0
1772538520.1,986.9,0,0,0.0000,0
1772538525.1,991.9,0,0,0.0000,0
1772538530.1,996.9,0,0,0.0000,0
1772538535.1,1002.0,0,0,0.0000,0
1772538540.1,1007.0,0,0,0.0000,0
1772538545.1,1012.0,0,0,0.0000,0
1772538550.1,1017.0,0,0,0.0000,0
1772538555.2,1022.0,0,0,0.0000,0
1772538560.2,1027.0,0,0,0.0000,0
1772538565.2,1032.0,0,0,0.0000,0
1772538570.2,1037.0,0,0,0.0000,0
1772538575.2,1042.0,0,0,0.0000,0
1772538580.2,1047.0,0,0,0.0000,0
1772538585.2,1052.0,0,0,0.0000,0
1772538590.2,1057.0,0,0,0.0000,0
1772538595.2,1062.0,0,0,0.0000,0
1772538600.2,1067.0,0,0,0.0000,0
1772538605.2,1072.0,0,0,0.0000,0
1772538610.2,1077.0,0,0,0.0000,0
1772538615.2,1082.0,0,0,0.0000,0
1772538620.2,1087.0,0,0,0.0000,0
1772538625.2,1092.0,0,0,0.0000,0
1772538630.2,1097.0,0,0,0.0000,0
1772538635.2,1102.0,0,0,0.0000,0
1772538640.2,1107.0,0,0,0.0000,0
1772538645.2,1112.0,0,0,0.0000,0
1772538650.2,1117.0,0,0,0.0000,0
1772538655.2,1122.0,0,0,0.0000,0
1772538660.2,1127.0,0,0,0.0000,0
1772538665.2,1132.0,0,0,0.0000,0
1772538670.2,1137.0,0,0,0.0000,0
1772538675.3,1142.1,0,0,0.0000,0
1772538680.3,1147.1,0,0,0.0000,0
1772538685.3,1152.1,0,0,0.0000,0
1772538690.3,1157.1,0,0,0.0000,0
1772538695.3,1162.1,0,0,0.0000,0
1772538700.3,1167.1,0,0,0.0000,0
1772538705.3,1172.1,0,0,0.0000,0
1772538710.3,1177.1,0,0,0.0000,0
1772538715.3,1182.1,0,0,0.0000,0
1772538720.3,1187.1,0,0,0.0000,0
1772538725.3,1192.1,0,0,0.0000,0
1772538730.3,1197.1,0,0,0.0000,0
1772538735.3,1202.1,0,0,0.0000,0
1772538740.3,1207.1,0,0,0.0000,0
1772538745.3,1212.1,0,0,0.0000,0
1772538750.3,1217.1,0,0,0.0000,0
1772538755.3,1222.1,0,0,0.0000,0
1772538760.3,1227.1,0,0,0.0000,0
1772538765.3,1232.1,0,0,0.0000,0
1772538770.4,1237.2,0,0,0.0000,0
1772538775.4,1242.2,0,0,0.0000,0
1772538780.4,1247.2,0,0,0.0000,0
1772538785.4,1252.2,0,0,0.0000,0
1772538790.4,1257.2,0,0,0.0000,0
1772538795.4,1262.2,0,0,0.0000,0
1772538800.4,1267.2,0,0,0.0000,0
1772538805.4,1272.2,0,0,0.0000,0
1772538810.4,1277.2,0,0,0.0000,0
1772538815.4,1282.2,0,0,0.0000,0
1772538820.4,1287.2,0,0,0.0000,0
1772538825.4,1292.2,0,0,0.0000,0
1772538830.4,1297.2,0,0,0.0000,0
1772538835.4,1302.2,0,0,0.0000,0
1772538840.4,1307.2,0,0,0.0000,0
1772538845.4,1312.2,0,0,0.0000,0
1772538850.4,1317.2,0,0,0.0000,0
1772538855.4,1322.2,0,0,0.0000,0
1772538860.4,1327.2,0,0,0.0000,0
1772538865.4,1332.2,0,0,0.0000,0
1772538870.4,1337.2,0,0,0.0000,0
1772538875.4,1342.2,0,0,0.0000,0
1772538880.4,1347.2,0,0,0.0000,0
1772538885.4,1352.2,0,0,0.0000,0
1772538890.4,1357.2,0,0,0.0000,0
1772538895.4,1362.2,0,0,0.0000,0
1772538900.4,1367.3,0,0,0.0000,0
1772538905.4,1372.3,0,0,0.0000,0
1772538910.4,1377.3,0,0,0.0000,0
1772538915.4,1382.3,0,0,0.0000,0
1772538920.5,1387.3,0,0,0.0000,0
1772538925.5,1392.3,0,0,0.0000,0
1772538930.5,1397.3,0,0,0.0000,0
1772538935.5,1402.3,0,0,0.0000,0
1772538940.5,1407.3,0,0,0.0000,0
1772538945.5,1412.3,0,0,0.0000,0
1772538950.5,1417.3,0,0,0.0000,0
1772538955.5,1422.3,0,0,0.0000,0
1772538960.5,1427.3,0,0,0.0000,0
1772538965.5,1432.3,0,0,0.0000,0
1772538970.5,1437.3,0,0,0.0000,0
1772538975.5,1442.3,0,0,0.0000,0
1772538980.5,1447.3,0,0,0.0000,0
1772538985.5,1452.3,0,0,0.0000,0
1772538990.5,1457.3,0,0,0.0000,0
1772538995.5,1462.3,0,0,0.0000,0
1772539000.5,1467.3,0,0,0.0000,0
1772539005.5,1472.3,0,0,0.0000,0
1772539010.5,1477.3,0,0,0.0000,0
1772539015.5,1482.3,0,0,0.0000,0
1772539020.5,1487.3,0,0,0.0000,0
1772539025.5,1492.3,0,0,0.0000,0
1772539030.5,1497.4,0,0,0.0000,0
1772539035.5,1502.4,0,0,0.0000,0
1772539040.5,1507.4,0,0,0.0000,0
1772539045.5,1512.4,0,0,0.0000,0
1772539050.6,1517.4,0,0,0.0000,0
1772539055.6,1522.4,0,0,0.0000,0
1772539060.6,1527.4,0,0,0.0000,0
1772539065.6,1532.4,0,0,0.0000,0
1772539070.6,1537.4,0,0,0.0000,0
1772539075.6,1542.4,0,0,0.0000,0
1772539080.6,1547.4,0,0,0.0000,0
1772539085.6,1552.4,0,0,0.0000,0
1772539090.6,1557.4,0,0,0.0000,0
1772539095.6,1562.4,0,0,0.0000,0
1772539100.6,1567.4,0,0,0.0000,0
1772539105.6,1572.4,0,0,0.0000,0
1772539110.6,1577.4,0,0,0.0000,0
1772539115.6,1582.4,0,0,0.0000,0
1772539120.6,1587.4,0,0,0.0000,0
1772539125.6,1592.4,0,0,0.0000,0
1772539130.6,1597.4,0,0,0.0000,0
1772539135.6,1602.4,0,0,0.0000,0
1772539140.6,1607.4,0,0,0.0000,0
1772539145.6,1612.4,0,0,0.0000,0
1772539150.6,1617.4,0,0,0.0000,0
1772539155.6,1622.4,0,0,0.0000,0
1772539160.6,1627.4,0,0,0.0000,0
1772539165.6,1632.4,0,0,0.0000,0
1772539170.6,1637.4,0,0,0.0000,0
1772539175.6,1642.4,0,0,0.0000,0
1772539180.6,1647.4,0,0,0.0000,0
1772539185.6,1652.5,0,0,0.0000,0
1772539190.6,1657.5,0,0,0.0000,0
1772539195.6,1662.5,0,0,0.0000,0
1772539200.7,1667.5,0,0,0.0000,0
1772539205.7,1672.5,0,0,0.0000,0
1772539210.7,1677.5,0,0,0.0000,0
1772539215.7,1682.5,0,0,0.0000,0
1772539220.7,1687.5,0,0,0.0000,0
1772539225.7,1692.5,0,0,0.0000,0
1772539230.7,1697.5,0,0,0.0000,0
1772539235.7,1702.5,0,0,0.0000,0
1772539240.7,1707.5,0,0,0.0000,0
1772539245.7,1712.5,0,0,0.0000,0
1772539250.7,1717.5,0,0,0.0000,0
1772539255.7,1722.5,0,0,0.0000,0
1772539260.7,1727.5,0,0,0.0000,0
1772539265.7,1732.5,0,0,0.0000,0
1772539270.7,1737.5,0,0,0.0000,0
1772539275.7,1742.6,0,0,0.0000,0
1772539280.7,1747.6,0,0,0.0000,0
1772539285.8,1752.6,0,0,0.0000,0
1772539290.8,1757.6,0,0,0.0000,0
1772539295.8,1762.7,0,0,0.0000,0
1772539300.8,1767.7,0,0,0.0000,0
1772539305.9,1772.7,0,0,0.0000,0
1772539310.9,1777.7,0,0,0.0000,0
1772539315.9,1782.7,0,0,0.0000,0
1772539320.9,1787.7,0,0,0.0000,0
1772539325.9,1792.7,0,0,0.0000,0
1772539330.9,1797.7,0,0,0.0000,0
1772539335.9,1802.7,0,0,0.0000,0
1772539340.9,1807.7,0,0,0.0000,0
1772539345.9,1812.7,0,0,0.0000,0
1772539350.9,1817.7,0,0,0.0000,0
1772539355.9,1822.7,0,0,0.0000,0
1772539360.9,1827.7,0,0,0.0000,0
1772539365.9,1832.7,0,0,0.0000,0
1772539370.9,1837.7,0,0,0.0000,0
1772539375.9,1842.7,0,0,0.0000,0
1772539380.9,1847.7,0,0,0.0000,0
1772539385.9,1852.7,0,0,0.0000,0
1772539390.9,1857.7,0,0,0.0000,0
1772539395.9,1862.7,0,0,0.0000,0
1772539400.9,1867.7,0,0,0.0000,0
1772539405.9,1872.7,0,0,0.0000,0
1772539410.9,1877.7,0,0,0.0000,0
1772539415.9,1882.7,0,0,0.0000,0
1772539420.9,1887.8,0,0,0.0000,0
1772539425.9,1892.8,0,0,0.0000,0
1772539430.9,1897.8,0,0,0.0000,0
1772539436.0,1902.8,0,0,0.0000,0
1772539441.0,1907.8,0,0,0.0000,0
1772539446.0,1912.8,0,0,0.0000,0
1772539451.0,1917.8,0,0,0.0000,0
1772539456.0,1922.8,0,0,0.0000,0
1772539461.0,1927.8,0,0,0.0000,0
1772539466.0,1932.8,0,0,0.0000,0
1772539471.0,1937.8,0,0,0.0000,0
1772539476.0,1942.8,0,0,0.0000,0
1772539481.0,1947.9,0,0,0.0000,0
1772539486.0,1952.9,0,0,0.0000,0
1772539491.1,1957.9,0,0,0.0000,0
1772539496.1,1962.9,0,0,0.0000,0
1772539501.1,1967.9,0,0,0.0000,0
1772539506.1,1972.9,0,0,0.0000,0
1772539511.1,1977.9,0,0,0.0000,0
1772539516.1,1982.9,0,0,0.0000,0
1772539521.1,1987.9,0,0,0.0000,0
1772539526.1,1992.9,0,0,0.0000,0
1772539531.1,1997.9,0,0,0.0000,0
1772539536.1,2002.9,0,0,0.0000,0
1772539541.1,2007.9,0,0,0.0000,0
1772539546.1,2012.9,0,0,0.0000,0
1772539551.1,2017.9,0,0,0.0000,0
1772539556.1,2022.9,0,0,0.0000,0
1772539561.1,2027.9,0,0,0.0000,0
1772539566.1,2032.9,0,0,0.0000,0
1772539571.1,2037.9,0,0,0.0000,0
1772539576.1,2042.9,0,0,0.0000,0
1772539581.1,2047.9,0,0,0.0000,0
1772539586.1,2052.9,0,0,0.0000,0
1772539591.1,2057.9,0,0,0.0000,0
1772539596.1,2062.9,0,0,0.0000,0
1772539601.1,2067.9,0,0,0.0000,0
1772539606.1,2072.9,0,0,0.0000,0
1772539611.1,2077.9,0,0,0.0000,0
1772539616.1,2082.9,0,0,0.0000,0
1772539621.1,2087.9,0,0,0.0000,0
1772539626.1,2093.0,0,0,0.0000,0
1772539631.1,2098.0,0,0,0.0000,0
1772539636.1,2103.0,0,0,0.0000,0
1772539641.1,2108.0,0,0,0.0000,0
1772539646.2,2113.0,0,0,0.0000,0
1772539651.2,2118.0,0,0,0.0000,0
1772539656.2,2123.0,0,0,0.0000,0
1772539661.2,2128.0,0,0,0.0000,0
1772539666.2,2133.0,0,0,0.0000,0
1772539671.2,2138.0,0,0,0.0000,0
1772539676.2,2143.0,0,0,0.0000,0
1772539681.2,2148.0,0,0,0.0000,0
1772539686.2,2153.0,0,0,0.0000,0
1772539691.2,2158.0,0,0,0.0000,0
1772539696.2,2163.0,0,0,0.0000,0
1772539701.2,2168.0,0,0,0.0000,0
1772539706.2,2173.1,0,0,0.0000,0
1772539711.2,2178.1,0,0,0.0000,0
1772539716.2,2183.1,0,0,0.0000,0
1772539721.2,2188.1,0,0,0.0000,0
1772539726.3,2193.1,0,0,0.0000,0
1772539731.3,2198.1,0,0,0.0000,0
1772539736.3,2203.1,0,0,0.0000,0
1772539741.3,2208.1,0,0,0.0000,0
1772539746.3,2213.1,0,0,0.0000,0
1772539751.3,2218.1,0,0,0.0000,0
1772539756.3,2223.1,0,0,0.0000,0
1772539761.3,2228.1,0,0,0.0000,0
1772539766.3,2233.1,0,0,0.0000,0
1772539771.3,2238.1,0,0,0.0000,0
1772539776.3,2243.1,0,0,0.0000,0
1772539781.3,2248.1,0,0,0.0000,0
1772539786.3,2253.1,0,0,0.0000,0
1772539791.3,2258.1,0,0,0.0000,0
1772539796.3,2263.1,0,0,0.0000,0
1772539801.3,2268.1,0,0,0.0000,0
1772539806.3,2273.1,0,0,0.0000,0
1772539811.3,2278.1,0,0,0.0000,0
1772539816.3,2283.1,0,0,0.0000,0
1772539821.3,2288.1,0,0,0.0000,0
1772539826.3,2293.1,0,0,0.0000,0
1772539831.3,2298.1,0,0,0.0000,0
1772539836.3,2303.1,0,0,0.0000,0
1772539841.3,2308.1,0,0,0.0000,0
1772539846.3,2313.2,0,0,0.0000,0
1772539851.3,2318.2,0,0,0.0000,0
1772539856.3,2323.2,0,0,0.0000,0
1772539861.3,2328.2,0,0,0.0000,0
1772539866.4,2333.2,0,0,0.0000,0
1772539871.4,2338.2,0,0,0.0000,0
1772539876.4,2343.2,0,0,0.0000,0
1772539881.4,2348.2,0,0,0.0000,0
1772539886.4,2353.2,0,0,0.0000,0
1772539891.4,2358.2,0,0,0.0000,0
1772539896.4,2363.2,0,0,0.0000,0
1772539901.4,2368.2,0,0,0.0000,0
1772539906.4,2373.2,0,0,0.0000,0
1772539911.4,2378.2,0,0,0.0000,0
1772539916.4,2383.2,0,0,0.0000,0
1772539921.4,2388.2,0,0,0.0000,0
1772539926.4,2393.2,0,0,0.0000,0
1772539931.4,2398.2,0,0,0.0000,0
1772539936.4,2403.2,0,0,0.0000,0
1772539941.4,2408.2,0,0,0.0000,0
1772539946.4,2413.2,0,0,0.0000,0
1772539951.5,2418.3,0,0,0.0000,0
1772539956.5,2423.3,0,0,0.0000,0
1772539961.5,2428.3,0,0,0.0000,0
1772539966.5,2433.3,0,0,0.0000,0
1772539971.5,2438.3,0,0,0.0000,0
1772539976.5,2443.3,0,0,0.0000,0
1772539981.5,2448.3,0,0,0.0000,0
1772539986.5,2453.3,0,0,0.0000,0
1772539991.5,2458.3,0,0,0.0000,0
1772539996.5,2463.3,0,0,0.0000,0
1772540001.5,2468.3,0,0,0.0000,0
1772540006.5,2473.3,0,0,0.0000,0
1772540011.6,2478.4,0,0,0.0000,0
1772540016.6,2483.4,0,0,0.0000,0
1772540021.6,2488.4,0,0,0.0000,0
1772540026.6,2493.4,0,0,0.0000,0
1772540031.6,2498.4,0,0,0.0000,0
1772540036.6,2503.4,0,0,0.0000,0
1772540041.6,2508.4,0,0,0.0000,0
1772540046.6,2513.4,0,0,0.0000,0
1772540051.6,2518.4,0,0,0.0000,0
1772540056.6,2523.4,0,0,0.0000,0
1772540061.6,2528.4,0,0,0.0000,0
1772540066.6,2533.4,0,0,0.0000,0
1772540071.6,2538.4,0,0,0.0000,0
1772540076.6,2543.4,0,0,0.0000,0
1772540081.6,2548.4,0,0,0.0000,0
1772540086.6,2553.4,0,0,0.0000,0
1772540091.7,2558.5,0,0,0.0000,0
1772540096.7,2563.5,0,0,0.0000,0
1772540101.7,2568.5,0,0,0.0000,0
1772540106.7,2573.5,0,0,0.0000,0
1772540111.7,2578.5,0,0,0.0000,0
1772540116.7,2583.5,0,0,0.0000,0
1772540121.7,2588.5,0,0,0.0000,0
1772540126.7,2593.5,0,0,0.0000,0
1772540131.7,2598.5,0,0,0.0000,0
1772540136.7,2603.5,0,0,0.0000,0
1772540141.7,2608.5,0,0,0.0000,0
1772540146.7,2613.5,0,0,0.0000,0
1772540151.7,2618.5,0,0,0.0000,0
1772540156.7,2623.5,0,0,0.0000,0
1772540161.7,2628.6,0,0,0.0000,0
1772540166.8,2633.6,0,0,0.0000,0
1772540171.8,2638.6,0,0,0.0000,0
1772540176.8,2643.6,0,0,0.0000,0
1772540181.8,2648.6,0,0,0.0000,0
1772540186.8,2653.6,0,0,0.0000,0
1772540191.8,2658.7,0,0,0.0000,0
1772540196.8,2663.7,0,0,0.0000,0
1772540201.9,2668.7,0,0,0.0000,0
1772540206.9,2673.7,0,0,0.0000,0
1772540211.9,2678.7,0,0,0.0000,0
1772540216.9,2683.7,0,0,0.0000,0
1772540221.9,2688.7,0,0,0.0000,0
1772540226.9,2693.7,0,0,0.0000,0
1772540231.9,2698.7,0,0,0.0000,0
1772540236.9,2703.7,0,0,0.0000,0
1772540241.9,2708.7,0,0,0.0000,0
1772540246.9,2713.7,0,0,0.0000,0
1772540251.9,2718.7,0,0,0.0000,0
1772540256.9,2723.7,0,0,0.0000,0
1772540261.9,2728.7,0,0,0.0000,0
1772540266.9,2733.8,0,0,0.0000,0
1772540271.9,2738.8,0,0,0.0000,0
1772540276.9,2743.8,0,0,0.0000,0
1772540281.9,2748.8,0,0,0.0000,0
1772540287.0,2753.8,0,0,0.0000,0
1772540292.0,2758.8,0,0,0.0000,0
1772540297.0,2763.8,0,0,0.0000,0
1772540302.0,2768.8,0,0,0.0000,0
1772540307.0,2773.8,0,0,0.0000,0
1772540312.0,2778.8,0,0,0.0000,0
1772540317.0,2783.8,0,0,0.0000,0
1772540322.0,2788.8,0,0,0.0000,0
1772540327.0,2793.8,0,0,0.0000,0
1772540332.0,2798.8,0,0,0.0000,0
1772540337.0,2803.8,0,0,0.0000,0
1772540342.0,2808.8,0,0,0.0000,0
1772540347.0,2813.8,0,0,0.0000,0
1772540352.0,2818.8,0,0,0.0000,0
1772540357.0,2823.8,0,0,0.0000,0
1772540362.0,2828.8,0,0,0.0000,0
1772540367.0,2833.8,0,0,0.0000,0
1772540372.0,2838.8,0,0,0.0000,0
1772540377.0,2843.8,0,0,0.0000,0
1772540382.0,2848.8,0,0,0.0000,0
1772540387.0,2853.8,0,0,0.0000,0
1772540392.0,2858.8,0,0,0.0000,0
1772540397.0,2863.8,0,0,0.0000,0
1772540402.0,2868.8,0,0,0.0000,0
1772540407.0,2873.8,0,0,0.0000,0
1772540412.0,2878.8,0,0,0.0000,0
1772540417.0,2883.8,0,0,0.0000,0
1772540422.0,2888.8,0,0,0.0000,0
1772540427.0,2893.9,0,0,0.0000,0
1772540432.0,2898.9,0,0,0.0000,0
1772540437.0,2903.9,0,0,0.0000,0
1772540442.1,2908.9,0,0,0.0000,0
1772540447.1,2913.9,0,0,0.0000,0
1772540452.1,2918.9,0,0,0.0000,0
1772540457.1,2923.9,0,0,0.0000,0
1772540462.1,2928.9,0,0,0.0000,0
1772540467.1,2933.9,0,0,0.0000,0
1772540472.1,2938.9,0,0,0.0000,0
1772540477.1,2943.9,0,0,0.0000,0
1772540482.1,2948.9,0,0,0.0000,0
1772540487.1,2953.9,0,0,0.0000,0
1772540492.1,2959.0,0,0,0.0000,0
1772540497.1,2964.0,0,0,0.0000,0
1772540502.1,2969.0,0,0,0.0000,0
1772540507.2,2974.0,0,0,0.0000,0
1772540512.2,2979.0,0,0,0.0000,0
1772540517.2,2984.0,0,0,0.0000,0
1772540522.2,2989.0,0,0,0.0000,0
1772540527.2,2994.0,0,0,0.0000,0
1772540532.2,2999.0,0,0,0.0000,0
1772540537.2,3004.0,0,0,0.0000,0
1772540542.2,3009.0,0,0,0.0000,0
1772540547.2,3014.0,0,0,0.0000,0
1772540552.2,3019.0,0,0,0.0000,0
1772540557.2,3024.0,0,0,0.0000,0
1772540562.2,3029.0,0,0,0.0000,0
1772540567.2,3034.0,0,0,0.0000,0
1772540572.2,3039.0,0,0,0.0000,0
1772540577.3,3044.1,0,0,0.0000,0
1772540582.3,3049.1,0,0,0.0000,0
1772540587.3,3054.1,0,0,0.0000,0
1772540592.3,3059.1,0,0,0.0000,0
1772540597.3,3064.1,0,0,0.0000,0
1772540602.3,3069.1,0,0,0.0000,0
1772540607.3,3074.1,0,0,0.0000,0
1772540612.3,3079.1,0,0,0.0000,0
1772540617.3,3084.1,0,0,0.0000,0
1772540622.3,3089.1,0,0,0.0000,0
1772540627.3,3094.1,0,0,0.0000,0
1772540632.3,3099.1,0,0,0.0000,0
1772540637.3,3104.1,0,0,0.0000,0
1772540642.3,3109.1,0,0,0.0000,0
1772540647.3,3114.1,0,0,0.0000,0
1772540652.3,3119.1,0,0,0.0000,0
1772540657.3,3124.1,0,0,0.0000,0
1772540662.3,3129.1,0,0,0.0000,0
1772540667.4,3134.2,0,0,0.0000,0
1772540672.4,3139.2,0,0,0.0000,0
1772540677.4,3144.2,0,0,0.0000,0
1772540682.4,3149.2,0,0,0.0000,0
1772540687.4,3154.2,0,0,0.0000,0
1772540692.4,3159.2,0,0,0.0000,0
1772540697.4,3164.2,0,0,0.0000,0
1772540702.4,3169.2,0,0,0.0000,0
1772540707.4,3174.2,0,0,0.0000,0
1772540712.5,3179.3,0,0,0.0000,0
1772540717.5,3184.3,0,0,0.0000,0
1772540722.5,3189.3,0,0,0.0000,0
1772540727.5,3194.3,0,0,0.0000,0
1772540732.5,3199.3,0,0,0.0000,0
1772540737.5,3204.3,0,0,0.0000,0
1772540742.5,3209.3,0,0,0.0000,0
1772540747.5,3214.3,0,0,0.0000,0
1772540752.5,3219.3,0,0,0.0000,0
1772540757.6,3224.4,0,0,0.0000,0
1772540762.6,3229.4,0,0,0.0000,0
1772540767.6,3234.4,0,0,0.0000,0
1772540772.6,3239.4,0,0,0.0000,0
1772540777.6,3244.4,0,0,0.0000,0
1772540782.6,3249.4,0,0,0.0000,0
1772540787.6,3254.4,0,0,0.0000,0
1772540792.6,3259.4,0,0,0.0000,0
1772540797.6,3264.4,0,0,0.0000,0
1772540802.6,3269.4,0,0,0.0000,0
1772540807.6,3274.5,0,0,0.0000,0
1772540812.6,3279.5,0,0,0.0000,0
1772540817.7,3284.5,0,0,0.0000,0
1772540822.7,3289.5,0,0,0.0000,0
1772540827.7,3294.5,0,0,0.0000,0
1772540832.7,3299.5,0,0,0.0000,0
1772540837.7,3304.5,0,0,0.0000,0
1772540842.7,3309.5,0,0,0.0000,0
1772540847.7,3314.5,0,0,0.0000,0
1772540852.7,3319.5,0,0,0.0000,0
1772540857.7,3324.5,0,0,0.0000,0
1772540862.7,3329.5,0,0,0.0000,0
1772540867.7,3334.5,0,0,0.0000,0
1772540872.7,3339.5,0,0,0.0000,0
1772540877.7,3344.5,0,0,0.0000,0
1772540882.7,3349.5,0,0,0.0000,0
1772540887.7,3354.5,0,0,0.0000,0
1772540892.7,3359.5,0,0,0.0000,0
1772540897.7,3364.5,0,0,0.0000,0
1772540902.7,3369.5,0,0,0.0000,0
1772540907.7,3374.5,0,0,0.0000,0
1772540912.7,3379.5,0,0,0.0000,0
1772540917.7,3384.5,0,0,0.0000,0
1772540922.7,3389.6,0,0,0.0000,0
1772540927.7,3394.6,0,0,0.0000,0
1772540932.7,3399.6,0,0,0.0000,0
1772540937.8,3404.6,0,0,0.0000,0
1772540942.8,3409.6,0,0,0.0000,0
1772540947.8,3414.6,0,0,0.0000,0
1772540952.8,3419.6,0,0,0.0000,0
1772540957.8,3424.6,0,0,0.0000,0
1772540962.8,3429.6,0,0,0.0000,0
1772540967.8,3434.6,0,0,0.0000,0
1772540972.8,3439.6,0,0,0.0000,0
1772540977.8,3444.6,0,0,0.0000,0
1772540982.8,3449.6,0,0,0.0000,0
1772540987.8,3454.6,0,0,0.0000,0
1772540992.8,3459.6,0,0,0.0000,0
1772540997.8,3464.6,0,0,0.0000,0
1772541002.8,3469.6,0,0,0.0000,0
1772541007.8,3474.6,0,0,0.0000,0
1772541012.8,3479.6,0,0,0.0000,0
1772541017.8,3484.6,0,0,0.0000,0
1772541022.8,3489.6,0,0,0.0000,0
1772541027.8,3494.6,0,0,0.0000,0
1772541032.8,3499.7,0,0,0.0000,0
1772541037.8,3504.7,0,0,0.0000,0
1772541042.8,3509.7,0,0,0.0000,0
1772541047.9,3514.7,0,0,0.0000,0
1772541052.9,3519.7,0,0,0.0000,0
1772541057.9,3524.7,0,0,0.0000,0
1772541062.9,3529.7,0,0,0.0000,0
1772541067.9,3534.7,0,0,0.0000,0
1772541072.9,3539.7,0,0,0.0000,0
1772541077.9,3544.7,0,0,0.0000,0
1772541082.9,3549.7,0,0,0.0000,0
1772541087.9,3554.7,0,0,0.0000,0
1772541092.9,3559.7,0,0,0.0000,0
1772541097.9,3564.8,0,0,0.0000,0
1772541102.9,3569.8,0,0,0.0000,0
1772541108.0,3574.8,0,0,0.0000,0
1772541113.0,3579.8,0,0,0.0000,0
1772541118.0,3584.8,0,0,0.0000,0
1772541123.0,3589.8,0,0,0.0000,0
1772541128.0,3594.8,0,0,0.0000,0
1772541133.0,3599.8,0,0,0.0000,0
1772541138.0,3604.8,0,0,0.0000,0
1772541143.0,3609.8,0,0,0.0000,0
1772541148.0,3614.8,0,0,0.0000,0
1772541153.0,3619.8,0,0,0.0000,0
1772541158.0,3624.8,0,0,0.0000,0
1772541163.0,3629.9,0,0,0.0000,0
1772541168.0,3634.9,0,0,0.0000,0
1772541173.0,3639.9,0,0,0.0000,0
1772541178.0,3644.9,0,0,0.0000,0
1772541183.1,3649.9,0,0,0.0000,0
1772541188.1,3654.9,0,0,0.0000,0
1772541193.1,3659.9,0,0,0.0000,0
1772541198.1,3664.9,0,0,0.0000,0
1772541203.2,3670.0,0,0,0.0000,0
1772541208.2,3675.0,0,0,0.0000,0
1772541213.2,3680.0,0,0,0.0000,0
1772541218.2,3685.0,0,0,0.0000,0
1772541223.2,3690.0,0,0,0.0000,0
1772541228.2,3695.1,0,0,0.0000,0
1772541233.3,3700.1,0,0,0.0000,0
1772541238.3,3705.1,0,0,0.0000,0
1772541243.3,3710.1,0,0,0.0000,0
1772541248.3,3715.1,0,0,0.0000,0
1772541253.3,3720.1,0,0,0.0000,0
1772541258.3,3725.1,0,0,0.0000,0
1772541263.3,3730.1,0,0,0.0000,0
1772541268.4,3735.2,0,0,0.0000,0
1772541273.4,3740.2,0,0,0.0000,0
1772541278.4,3745.2,0,0,0.0000,0
1772541283.4,3750.2,0,0,0.0000,0
1772541288.4,3755.3,0,0,0.0000,0
1772541293.4,3760.3,0,0,0.0000,0
1772541298.4,3765.3,0,0,0.0000,0
1772541303.5,3770.3,0,0,0.0000,0
1772541308.5,3775.3,0,0,0.0000,0
1772541313.5,3780.3,0,0,0.0000,0
1772541318.5,3785.3,0,0,0.0000,0
1772541323.5,3790.3,0,0,0.0000,0
1772541328.5,3795.3,0,0,0.0000,0
1772541333.5,3800.3,0,0,0.0000,0
1772541338.5,3805.3,0,0,0.0000,0
1772541343.5,3810.3,0,0,0.0000,0
1772541348.5,3815.3,0,0,0.0000,0
1772541353.5,3820.4,0,0,0.0000,0
1772541358.5,3825.4,0,0,0.0000,0
1772541363.5,3830.4,0,0,0.0000,0
1772541368.6,3835.4,0,0,0.0000,0
1772541373.6,3840.4,0,0,0.0000,0
1772541378.6,3845.4,0,0,0.0000,0
1772541383.6,3850.4,0,0,0.0000,0
1772541388.6,3855.4,0,0,0.0000,0
1772541393.6,3860.4,0,0,0.0000,0
1772541398.6,3865.4,0,0,0.0000,0
1772541403.6,3870.4,0,0,0.0000,0
1772541408.6,3875.4,0,0,0.0000,0
1772541413.6,3880.4,0,0,0.0000,0
1772541418.6,3885.4,0,0,0.0000,0
1772541423.6,3890.4,0,0,0.0000,0
1772541428.6,3895.4,0,0,0.0000,0
1772541433.6,3900.4,0,0,0.0000,0
1772541438.6,3905.4,0,0,0.0000,0
1772541443.6,3910.4,0,0,0.0000,0
1772541448.6,3915.4,0,0,0.0000,0
1772541453.6,3920.4,0,0,0.0000,0
1772541458.6,3925.4,0,0,0.0000,0
1772541463.6,3930.4,0,0,0.0000,0
1772541468.7,3935.5,0,0,0.0000,0
1772541473.7,3940.5,0,0,0.0000,0
1772541478.7,3945.5,0,0,0.0000,0
1772541483.7,3950.5,0,0,0.0000,0
1772541488.7,3955.5,0,0,0.0000,0
1772541493.7,3960.5,0,0,0.0000,0
1772541498.7,3965.5,0,0,0.0000,0
1772541503.7,3970.5,0,0,0.0000,0
1772541508.7,3975.5,0,0,0.0000,0
1772541513.7,3980.5,0,0,0.0000,0
1772541518.7,3985.5,0,0,0.0000,0
1772541523.7,3990.5,0,0,0.0000,0
1772541528.7,3995.5,0,0,0.0000,0
1772541533.7,4000.5,0,0,0.0000,0
1772541538.8,4005.6,0,0,0.0000,0
1772541543.8,4010.6,0,0,0.0000,0
1772541548.8,4015.6,0,0,0.0000,0
1772541553.8,4020.6,0,0,0.0000,0
1772541558.8,4025.6,0,0,0.0000,0
1772541563.8,4030.6,0,0,0.0000,0
1772541568.8,4035.6,0,0,0.0000,0
1772541573.8,4040.6,0,0,0.0000,0
1772541578.8,4045.6,0,0,0.0000,0
1772541583.8,4050.6,0,0,0.0000,0
1772541588.8,4055.6,0,0,0.0000,0
1772541593.8,4060.6,0,0,0.0000,0
1772541598.8,4065.6,0,0,0.0000,0
1772541603.8,4070.6,0,0,0.0000,0
1772541608.8,4075.6,0,0,0.0000,0
1772541613.8,4080.6,0,0,0.0000,0
1772541618.8,4085.6,0,0,0.0000,0
1772541623.8,4090.6,0,0,0.0000,0
1772541628.8,4095.6,0,0,0.0000,0
1772541633.8,4100.6,0,0,0.0000,0
1772541638.8,4105.6,0,0,0.0000,0
1772541643.8,4110.6,0,0,0.0000,0
1772541648.8,4115.6,0,0,0.0000,0
1772541653.8,4120.6,0,0,0.0000,0
1772541658.8,4125.6,0,0,0.0000,0
1772541663.8,4130.6,0,0,0.0000,0
1772541668.8,4135.6,0,0,0.0000,0
1772541673.8,4140.6,0,0,0.0000,0
1772541678.8,4145.7,0,0,0.0000,0
1772541683.8,4150.7,0,0,0.0000,0
1772541688.8,4155.7,0,0,0.0000,0
1772541693.8,4160.7,0,0,0.0000,0
1772541698.9,4165.7,0,0,0.0000,0
1772541703.9,4170.7,0,0,0.0000,0
1772541708.9,4175.7,0,0,0.0000,0
1772541713.9,4180.7,0,0,0.0000,0
1772541718.9,4185.7,0,0,0.0000,0
1772541723.9,4190.7,0,0,0.0000,0
1772541728.9,4195.7,0,0,0.0000,0
1772541733.9,4200.7,0,0,0.0000,0
1772541738.9,4205.7,0,0,0.0000,0
1772541743.9,4210.7,0,0,0.0000,0
1772541748.9,4215.7,0,0,0.0000,0
1772541753.9,4220.7,0,0,0.0000,0
1772541758.9,4225.7,0,0,0.0000,0
1772541763.9,4230.7,0,0,0.0000,0
1772541768.9,4235.7,0,0,0.0000,0
1772541773.9,4240.7,0,0,0.0000,0
1772541778.9,4245.7,0,0,0.0000,0
1772541783.9,4250.7,0,0,0.0000,0
1772541788.9,4255.8,0,0,0.0000,0
1772541793.9,4260.8,0,0,0.0000,0
1772541798.9,4265.8,0,0,0.0000,0
1772541803.9,4270.8,0,0,0.0000,0
1772541809.0,4275.8,0,0,0.0000,0
1772541814.0,4280.8,0,0,0.0000,0
1772541819.0,4285.8,0,0,0.0000,0
1772541824.0,4290.8,0,0,0.0000,0
1772541829.0,4295.8,0,0,0.0000,0
1772541834.0,4300.8,0,0,0.0000,0
1772541839.0,4305.8,0,0,0.0000,0
1772541844.0,4310.8,0,0,0.0000,0
1772541849.0,4315.8,0,0,0.0000,0
1772541854.0,4320.8,0,0,0.0000,0
1772541859.0,4325.8,0,0,0.0000,0
1772541864.0,4330.8,0,0,0.0000,0
1772541869.0,4335.9,0,0,0.0000,0
1772541874.1,4340.9,0,0,0.0000,0
1772541879.1,4345.9,0,0,0.0000,0
1772541884.1,4350.9,0,0,0.0000,0
1772541889.1,4355.9,0,0,0.0000,0
1772541894.1,4360.9,0,0,0.0000,0
1772541899.1,4365.9,0,0,0.0000,0
1772541904.1,4370.9,0,0,0.0000,0
1772541909.1,4375.9,0,0,0.0000,0
1772541914.1,4380.9,0,0,0.0000,0
1772541919.1,4385.9,0,0,0.0000,0
1772541924.1,4390.9,0,0,0.0000,0
1772541929.1,4395.9,0,0,0.0000,0
1772541934.1,4400.9,0,0,0.0000,0
1772541939.1,4405.9,0,0,0.0000,0
1772541944.1,4410.9,0,0,0.0000,0
1772541949.1,4415.9,0,0,0.0000,0
1772541954.1,4420.9,0,0,0.0000,0
1772541959.2,4426.0,0,0,0.0000,0
1772541964.2,4431.0,0,0,0.0000,0
1772541969.2,4436.0,0,0,0.0000,0
1772541974.2,4441.0,0,0,0.0000,0
1772541979.2,4446.0,0,0,0.0000,0
1772541984.2,4451.0,0,0,0.0000,0
1772541989.2,4456.0,0,0,0.0000,0
1772541994.2,4461.0,0,0,0.0000,0
1772541999.2,4466.0,0,0,0.0000,0
1772542004.2,4471.0,0,0,0.0000,0
1772542009.2,4476.0,0,0,0.0000,0
1772542014.2,4481.0,0,0,0.0000,0
1772542019.3,4486.1,0,0,0.0000,0
1772542024.3,4491.1,0,0,0.0000,0
1772542029.3,4496.1,0,0,0.0000,0
1772542034.3,4501.1,0,0,0.0000,0
1772542039.3,4506.1,0,0,0.0000,0
1772542044.3,4511.1,0,0,0.0000,0
1772542049.3,4516.1,0,0,0.0000,0
1772542054.3,4521.1,0,0,0.0000,0
1772542059.3,4526.1,0,0,0.0000,0
1772542064.3,4531.1,0,0,0.0000,0
1772542069.3,4536.1,0,0,0.0000,0
1772542074.3,4541.1,0,0,0.0000,0
1772542079.3,4546.1,0,0,0.0000,0
1772542084.3,4551.2,0,0,0.0000,0
1772542089.3,4556.2,0,0,0.0000,0
1772542094.3,4561.2,0,0,0.0000,0
1772542099.4,4566.2,0,0,0.0000,0
1772542104.4,4571.2,0,0,0.0000,0
1772542109.4,4576.2,0,0,0.0000,0
1772542114.4,4581.2,0,0,0.0000,0
1772542119.4,4586.2,0,0,0.0000,0
1772542124.4,4591.2,0,0,0.0000,0
1772542129.4,4596.2,0,0,0.0000,0
1772542134.4,4601.2,0,0,0.0000,0
1772542139.4,4606.2,0,0,0.0000,0
1772542144.4,4611.2,0,0,0.0000,0
1772542149.4,4616.2,0,0,0.0000,0
1772542154.4,4621.2,0,0,0.0000,0
1772542159.4,4626.2,0,0,0.0000,0
1772542164.4,4631.2,0,0,0.0000,0
1772542169.4,4636.2,0,0,0.0000,0
1772542174.4,4641.2,0,0,0.0000,0
1772542179.4,4646.2,0,0,0.0000,0
1772542184.4,4651.2,0,0,0.0000,0
1772542189.4,4656.3,0,0,0.0000,0
1772542194.4,4661.3,0,0,0.0000,0
1772542199.5,4666.3,0,0,0.0000,0
1772542204.5,4671.3,0,0,0.0000,0
1772542209.5,4676.3,0,0,0.0000,0
1772542214.6,4681.4,0,0,0.0000,0
1772542219.6,4686.4,0,0,0.0000,0
1772542224.6,4691.4,0,0,0.0000,0
1772542229.6,4696.4,0,0,0.0000,0
1772542234.6,4701.4,0,0,0.0000,0
1772542239.6,4706.4,0,0,0.0000,0
1772542244.6,4711.4,0,0,0.0000,0
1772542249.6,4716.4,0,0,0.0000,0
1772542254.6,4721.4,0,0,0.0000,0
1772542259.6,4726.4,0,0,0.0000,0
1772542264.6,4731.5,0,0,0.0000,0
1772542269.7,4736.5,0,0,0.0000,0
1772542274.7,4741.5,0,0,0.0000,0
1772542279.7,4746.5,0,0,0.0000,0
1772542284.7,4751.5,0,0,0.0000,0
1772542289.7,4756.5,0,0,0.0000,0
1772542294.7,4761.5,0,0,0.0000,0
1772542299.7,4766.5,0,0,0.0000,0
1772542304.7,4771.5,0,0,0.0000,0
1772542309.7,4776.5,0,0,0.0000,0
1772542314.7,4781.5,0,0,0.0000,0
1772542319.7,4786.5,0,0,0.0000,0
1772542324.7,4791.5,0,0,0.0000,0
1772542329.7,4796.5,0,0,0.0000,0
1772542334.7,4801.5,0,0,0.0000,0
1772542339.7,4806.5,0,0,0.0000,0
1772542344.7,4811.5,0,0,0.0000,0
1772542349.7,4816.5,0,0,0.0000,0
1772542354.7,4821.5,0,0,0.0000,0
1772542359.7,4826.5,0,0,0.0000,0
1772542364.7,4831.5,0,0,0.0000,0
1772542369.7,4836.5,0,0,0.0000,0
1772542374.7,4841.5,0,0,0.0000,0
1772542379.7,4846.5,0,0,0.0000,0
1772542384.7,4851.5,0,0,0.0000,0
1772542389.7,4856.5,0,0,0.0000,0
1772542394.7,4861.5,0,0,0.0000,0
1772542399.7,4866.6,0,0,0.0000,0
1772542404.7,4871.6,0,0,0.0000,0
1772542409.7,4876.6,0,0,0.0000,0
1772542414.7,4881.6,0,0,0.0000,0
1772542419.8,4886.6,0,0,0.0000,0
1772542424.8,4891.6,0,0,0.0000,0
1772542429.8,4896.6,0,0,0.0000,0
1772542434.8,4901.6,0,0,0.0000,0
1772542439.8,4906.6,0,0,0.0000,0
1772542444.8,4911.6,0,0,0.0000,0
1772542449.8,4916.6,0,0,0.0000,0
1772542454.8,4921.6,0,0,0.0000,0
1772542459.8,4926.6,0,0,0.0000,0
1772542464.8,4931.6,0,0,0.0000,0
1772542469.8,4936.6,0,0,0.0000,0
1772542474.8,4941.6,0,0,0.0000,0
1772542479.8,4946.6,0,0,0.0000,0
1772542484.8,4951.6,0,0,0.0000,0
1772542489.8,4956.6,0,0,0.0000,0
1772542494.8,4961.6,0,0,0.0000,0
1772542499.8,4966.6,0,0,0.0000,0
1772542504.8,4971.6,0,0,0.0000,0
1772542509.8,4976.6,0,0,0.0000,0
1772542514.8,4981.6,0,0,0.0000,0
1772542519.8,4986.6,0,0,0.0000,0
1772542524.8,4991.6,0,0,0.0000,0
1772542529.8,4996.6,0,0,0.0000,0
1772542534.8,5001.6,0,0,0.0000,0
1772542539.8,5006.6,0,0,0.0000,0
1772542544.8,5011.7,0,0,0.0000,0
1772542549.8,5016.7,0,0,0.0000,0
1772542554.8,5021.7,0,0,0.0000,0
1772542559.8,5026.7,0,0,0.0000,0
1772542564.9,5031.7,0,0,0.0000,0
1772542569.9,5036.7,0,0,0.0000,0
1772542574.9,5041.7,0,0,0.0000,0
1772542579.9,5046.7,0,0,0.0000,0
1772542584.9,5051.7,0,0,0.0000,0
1772542589.9,5056.7,0,0,0.0000,0
1772542594.9,5061.7,0,0,0.0000,0
1772542599.9,5066.7,0,0,0.0000,0
1772542604.9,5071.7,0,0,0.0000,0
1772542609.9,5076.7,0,0,0.0000,0
1772542614.9,5081.7,0,0,0.0000,0
1772542619.9,5086.7,0,0,0.0000,0
1772542624.9,5091.8,0,0,0.0000,0
1772542629.9,5096.8,0,0,0.0000,0
1772542634.9,5101.8,0,0,0.0000,0
1772542640.0,5106.8,0,0,0.0000,0
1772542645.0,5111.8,0,0,0.0000,0
1772542650.0,5116.8,0,0,0.0000,0
1772542655.0,5121.8,0,0,0.0000,0
1772542660.0,5126.8,0,0,0.0000,0
1772542665.0,5131.8,0,0,0.0000,0
1772542670.0,5136.9,0,0,0.0000,0
1772542675.0,5141.9,0,0,0.0000,0
1772542680.0,5146.9,0,0,0.0000,0
1772542685.0,5151.9,0,0,0.0000,0
1772542690.1,5156.9,0,0,0.0000,0
1772542695.1,5161.9,0,0,0.0000,0
1772542700.1,5166.9,0,0,0.0000,0
1772542705.1,5171.9,0,0,0.0000,0
1772542710.1,5176.9,0,0,0.0000,0
1772542715.1,5181.9,0,0,0.0000,0
1772542720.1,5186.9,0,0,0.0000,0
1772542725.1,5191.9,0,0,0.0000,0
1772542730.1,5196.9,0,0,0.0000,0
1772542735.1,5201.9,0,0,0.0000,0
1772542740.1,5206.9,0,0,0.0000,0
1772542745.1,5211.9,0,0,0.0000,0
1772542750.1,5216.9,0,0,0.0000,0
1772542755.1,5221.9,0,0,0.0000,0
1772542760.1,5226.9,0,0,0.0000,0
1772542765.1,5231.9,0,0,0.0000,0
1772542770.1,5236.9,0,0,0.0000,0
1772542775.1,5241.9,0,0,0.0000,0
1772542780.1,5246.9,0,0,0.0000,0
1772542785.1,5251.9,0,0,0.0000,0
1772542790.1,5256.9,0,0,0.0000,0
1772542795.1,5261.9,0,0,0.0000,0
1772542800.1,5267.0,0,0,0.0000,0
1772542805.2,5272.0,0,0,0.0000,0
1772542810.2,5277.0,0,0,0.0000,0
1772542815.2,5282.0,0,0,0.0000,0
1772542820.2,5287.0,0,0,0.0000,0
1772542825.2,5292.0,0,0,0.0000,0
1772542830.2,5297.0,0,0,0.0000,0
1772542835.2,5302.0,0,0,0.0000,0
1772542840.2,5307.0,0,0,0.0000,0
1772542845.2,5312.0,0,0,0.0000,0
1772542850.2,5317.0,0,0,0.0000,0
1772542855.2,5322.0,0,0,0.0000,0
1772542860.2,5327.0,0,0,0.0000,0
1772542865.2,5332.0,0,0,0.0000,0
1772542870.2,5337.0,0,0,0.0000,0
1772542875.2,5342.0,0,0,0.0000,0
1772542880.2,5347.0,0,0,0.0000,0
1772542885.2,5352.0,0,0,0.0000,0
1772542890.2,5357.0,0,0,0.0000,0
1772542895.2,5362.0,0,0,0.0000,0
1772542900.2,5367.0,0,0,0.0000,0
1772542905.2,5372.0,0,0,0.0000,0
1772542910.2,5377.0,0,0,0.0000,0
1772542915.2,5382.0,0,0,0.0000,0
1772542920.2,5387.0,0,0,0.0000,0
1772542925.2,5392.0,0,0,0.0000,0
1772542930.2,5397.0,0,0,0.0000,0
1772542935.2,5402.0,0,0,0.0000,0
1772542940.2,5407.1,0,0,0.0000,0
1772542945.2,5412.1,0,0,0.0000,0
1772542950.2,5417.1,0,0,0.0000,0
1772542955.3,5422.1,0,0,0.0000,0
1772542960.3,5427.1,0,0,0.0000,0
1772542965.3,5432.1,0,0,0.0000,0
1772542970.3,5437.1,0,0,0.0000,0
1772542975.3,5442.1,0,0,0.0000,0
1772542980.3,5447.1,0,0,0.0000,0
1772542985.3,5452.1,0,0,0.0000,0
1772542990.3,5457.1,0,0,0.0000,0
1772542995.3,5462.1,0,0,0.0000,0
1772543000.3,5467.1,0,0,0.0000,0
1772543005.3,5472.1,0,0,0.0000,0
1772543010.3,5477.1,0,0,0.0000,0
1772543015.3,5482.1,0,0,0.0000,0
1772543020.3,5487.1,0,0,0.0000,0
1772543025.3,5492.1,0,0,0.0000,0
1772543030.3,5497.1,0,0,0.0000,0
1772543035.3,5502.1,0,0,0.0000,0
1772543040.3,5507.1,0,0,0.0000,0
1772543045.3,5512.1,0,0,0.0000,0
1772543050.3,5517.1,0,0,0.0000,0
1772543055.3,5522.1,0,0,0.0000,0
1772543060.3,5527.1,0,0,0.0000,0
1772543065.3,5532.1,0,0,0.0000,0
1772543070.3,5537.1,0,0,0.0000,0
1772543075.3,5542.1,0,0,0.0000,0
1772543080.3,5547.1,0,0,0.0000,0
1772543085.3,5552.1,0,0,0.0000,0
1772543090.3,5557.2,0,0,0.0000,0
1772543095.3,5562.2,0,0,0.0000,0
1772543100.3,5567.2,0,0,0.0000,0
1772543105.3,5572.2,0,0,0.0000,0
1772543110.4,5577.2,0,0,0.0000,0
1772543115.4,5582.2,0,0,0.0000,0
1772543120.4,5587.2,0,0,0.0000,0
1772543125.4,5592.2,0,0,0.0000,0
1772543130.4,5597.2,0,0,0.0000,0
1772543135.4,5602.2,0,0,0.0000,0
1772543140.4,5607.2,0,0,0.0000,0
1772543145.4,5612.2,0,0,0.0000,0
1772543150.4,5617.2,0,0,0.0000,0
1772543155.4,5622.2,0,0,0.0000,0
1772543160.4,5627.2,0,0,0.0000,0
1772543165.4,5632.2,0,0,0.0000,0
1772543170.4,5637.2,0,0,0.0000,0
1772543175.4,5642.2,0,0,0.0000,0
1772543180.4,5647.2,0,0,0.0000,0
1772543185.4,5652.2,0,0,0.0000,0
1772543190.4,5657.2,0,0,0.0000,0
1772543195.4,5662.2,0,0,0.0000,0
1772543200.4,5667.2,0,0,0.0000,0
1772543205.4,5672.2,0,0,0.0000,0
1772543210.4,5677.2,0,0,0.0000,0
1772543215.4,5682.2,0,0,0.0000,0
1772543220.4,5687.2,0,0,0.0000,0
1772543225.4,5692.2,0,0,0.0000,0
1772543230.4,5697.2,0,0,0.0000,0
1772543235.4,5702.2,0,0,0.0000,0
1772543240.5,5707.3,0,0,0.0000,0
1772543245.5,5712.3,0,0,0.0000,0
1772543250.5,5717.3,0,0,0.0000,0
1772543255.5,5722.3,0,0,0.0000,0
1772543260.5,5727.3,0,0,0.0000,0
1772543265.5,5732.3,0,0,0.0000,0
1772543270.5,5737.3,0,0,0.0000,0
1772543275.5,5742.3,0,0,0.0000,0
1772543280.5,5747.3,0,0,0.0000,0
1772543285.5,5752.3,0,0,0.0000,0
1772543290.5,5757.3,0,0,0.0000,0
1772543295.5,5762.3,0,0,0.0000,0
1772543300.5,5767.3,0,0,0.0000,0
1772543305.5,5772.3,0,0,0.0000,0
1772543310.5,5777.3,0,0,0.0000,0
1772543315.5,5782.3,0,0,0.0000,0
1772543320.5,5787.3,0,0,0.0000,0
1772543325.5,5792.3,0,0,0.0000,0
1772543330.5,5797.3,0,0,0.0000,0
1772543335.5,5802.3,0,0,0.0000,0
1772543340.5,5807.3,0,0,0.0000,0
1772543345.5,5812.3,0,0,0.0000,0
1772543350.5,5817.4,0,0,0.0000,0
1772543355.5,5822.4,0,0,0.0000,0
1772543360.5,5827.4,0,0,0.0000,0
1772543365.5,5832.4,0,0,0.0000,0
1772543370.6,5837.4,0,0,0.0000,0
1772543375.6,5842.4,0,0,0.0000,0
1772543380.6,5847.4,0,0,0.0000,0
1772543385.6,5852.4,0,0,0.0000,0
1772543390.6,5857.4,0,0,0.0000,0
1772543395.6,5862.4,0,0,0.0000,0
1772543400.6,5867.4,0,0,0.0000,0
1772543405.6,5872.4,0,0,0.0000,0
1772543410.6,5877.4,0,0,0.0000,0
1772543415.6,5882.4,0,0,0.0000,0
1772543420.6,5887.4,0,0,0.0000,0
1772543425.6,5892.4,0,0,0.0000,0
1772543430.6,5897.4,0,0,0.0000,0
1772543435.6,5902.4,0,0,0.0000,0
1772543440.6,5907.4,0,0,0.0000,0
1772543445.6,5912.4,0,0,0.0000,0
1772543450.6,5917.4,0,0,0.0000,0
1772543455.6,5922.4,0,0,0.0000,0
1772543460.6,5927.4,0,0,0.0000,0
1772543465.6,5932.4,0,0,0.0000,0
1772543470.6,5937.4,0,0,0.0000,0
1772543475.6,5942.4,0,0,0.0000,0
1772543480.6,5947.5,0,0,0.0000,0
1772543485.6,5952.5,0,0,0.0000,0
1772543490.6,5957.5,0,0,0.0000,0
1772543495.6,5962.5,0,0,0.0000,0
1772543500.7,5967.5,0,0,0.0000,0
1772543505.7,5972.5,0,0,0.0000,0
1772543510.7,5977.5,0,0,0.0000,0
1772543515.7,5982.5,0,0,0.0000,0
1772543520.7,5987.5,0,0,0.0000,0
1772543525.7,5992.5,0,0,0.0000,0
1772543530.7,5997.5,0,0,0.0000,0
1772543535.7,6002.5,0,0,0.0000,0
1772543540.7,6007.5,0,0,0.0000,0
1772543545.7,6012.5,0,0,0.0000,0
1772543550.7,6017.5,0,0,0.0000,0
1772543555.7,6022.5,0,0,0.0000,0
1772543560.7,6027.5,0,0,0.0000,0
1772543565.7,6032.5,0,0,0.0000,0
1772543570.7,6037.5,0,0,0.0000,0
1772543575.7,6042.5,0,0,0.0000,0
1772543580.7,6047.5,0,0,0.0000,0
1772543585.7,6052.5,0,0,0.0000,0
1772543590.7,6057.5,0,0,0.0000,0
1772543595.7,6062.5,0,0,0.0000,0
1772543600.7,6067.5,0,0,0.0000,0
1772543605.7,6072.5,0,0,0.0000,0
1772543610.7,6077.5,0,0,0.0000,0
1772543615.7,6082.5,0,0,0.0000,0
1772543620.7,6087.5,0,0,0.0000,0
1772543625.7,6092.6,0,0,0.0000,0
1772543630.7,6097.6,0,0,0.0000,0
1772543635.7,6102.6,0,0,0.0000,0
1772543640.7,6107.6,0,0,0.0000,0
1772543645.8,6112.6,0,0,0.0000,0
1772543650.8,6117.6,0,0,0.0000,0
1772543655.8,6122.6,0,0,0.0000,0
1772543660.8,6127.6,0,0,0.0000,0
1772543665.8,6132.6,0,0,0.0000,0
1772543670.8,6137.6,0,0,0.0000,0
1772543675.8,6142.6,0,0,0.0000,0
1772543680.8,6147.6,0,0,0.0000,0
1772543685.8,6152.6,0,0,0.0000,0
1772543690.8,6157.6,0,0,0.0000,0
1772543695.8,6162.6,0,0,0.0000,0
1772543700.8,6167.6,0,0,0.0000,0
1772543705.8,6172.6,0,0,0.0000,0
1772543710.8,6177.6,0,0,0.0000,0
1772543715.8,6182.6,0,0,0.0000,0
1772543720.8,6187.6,0,0,0.0000,0
1772543725.8,6192.6,0,0,0.0000,0
1772543730.8,6197.6,0,0,0.0000,0
1772543735.8,6202.7,0,0,0.0000,0
1772543740.8,6207.7,0,0,0.0000,0
1772543745.8,6212.7,0,0,0.0000,0
1772543750.9,6217.7,0,0,0.0000,0
1772543755.9,6222.7,0,0,0.0000,0
1772543760.9,6227.7,0,0,0.0000,0
1772543766.0,6232.8,0,0,0.0000,0
1772543771.0,6237.8,0,0,0.0000,0
1772543776.0,6242.8,0,0,0.0000,0
1772543781.0,6247.8,0,0,0.0000,0
1772543786.0,6252.8,0,0,0.0000,0
1772543791.0,6257.8,0,0,0.0000,0
1772543796.0,6262.8,0,0,0.0000,0
1772543801.0,6267.8,0,0,0.0000,0
1772543806.0,6272.8,0,0,0.0000,0
1772543811.0,6277.8,0,0,0.0000,0
1772543816.0,6282.8,0,0,0.0000,0
1772543821.0,6287.8,0,0,0.0000,0
1772543826.0,6292.8,0,0,0.0000,0
1772543831.0,6297.8,0,0,0.0000,0
1772543836.0,6302.8,0,0,0.0000,0
1772543841.0,6307.8,0,0,0.0000,0
1772543846.0,6312.8,0,0,0.0000,0
1772543851.0,6317.8,0,0,0.0000,0
1772543856.0,6322.8,0,0,0.0000,0
1772543861.0,6327.8,0,0,0.0000,0
1772543866.0,6332.8,0,0,0.0000,0
1772543871.0,6337.9,0,0,0.0000,0
1772543876.0,6342.9,0,0,0.0000,0
1772543881.0,6347.9,0,0,0.0000,0
1772543886.1,6352.9,0,0,0.0000,0
1772543891.1,6357.9,0,0,0.0000,0
1772543896.1,6362.9,0,0,0.0000,0
1772543901.1,6367.9,0,0,0.0000,0
1772543906.1,6372.9,0,0,0.0000,0
1772543911.1,6377.9,0,0,0.0000,0
1772543916.1,6382.9,0,0,0.0000,0
1772543921.1,6387.9,0,0,0.0000,0
1772543926.1,6392.9,0,0,0.0000,0
1772543931.1,6397.9,0,0,0.0000,0
1772543936.1,6402.9,0,0,0.0000,0
1772543941.1,6407.9,0,0,0.0000,0
1772543946.1,6412.9,0,0,0.0000,0
1772543951.1,6417.9,0,0,0.0000,0
1772543956.1,6422.9,0,0,0.0000,0
1772543961.1,6427.9,0,0,0.0000,0
1772543966.1,6432.9,0,0,0.0000,0
1772543971.1,6438.0,0,0,0.0000,0
1772543976.1,6443.0,0,0,0.0000,0
1772543981.1,6448.0,0,0,0.0000,0
1772543986.1,6453.0,0,0,0.0000,0
1772543991.2,6458.0,0,0,0.0000,0
1772543996.2,6463.0,0,0,0.0000,0
1772544001.2,6468.0,0,0,0.0000,0
1772544006.2,6473.0,0,0,0.0000,0
1772544011.2,6478.0,0,0,0.0000,0
1772544016.2,6483.0,0,0,0.0000,0
1772544021.2,6488.0,0,0,0.0000,0
1772544026.2,6493.0,0,0,0.0000,0
1772544031.2,6498.0,0,0,0.0000,0
1772544036.2,6503.0,0,0,0.0000,0
1772544041.2,6508.0,0,0,0.0000,0
1772544046.2,6513.0,0,0,0.0000,0
1772544051.2,6518.0,0,0,0.0000,0
1772544056.2,6523.0,0,0,0.0000,0
1772544061.2,6528.0,0,0,0.0000,0
1772544066.2,6533.1,0,0,0.0000,0
1772544071.3,6538.1,0,0,0.0000,0
1772544076.3,6543.1,0,0,0.0000,0
1772544081.3,6548.1,0,0,0.0000,0
1772544086.3,6553.1,0,0,0.0000,0
1772544091.3,6558.1,0,0,0.0000,0
1772544096.3,6563.1,0,0,0.0000,0
1772544101.3,6568.1,0,0,0.0000,0
1772544106.3,6573.2,0,0,0.0000,0
1772544111.3,6578.2,0,0,0.0000,0
1772544116.4,6583.2,0,0,0.0000,0
1772544121.4,6588.2,0,0,0.0000,0
1772544126.4,6593.2,0,0,0.0000,0
1772544131.4,6598.2,0,0,0.0000,0
1772544136.4,6603.2,0,0,0.0000,0
1772544141.4,6608.2,0,0,0.0000,0
1772544146.4,6613.2,0,0,0.0000,0
1772544151.4,6618.2,0,0,0.0000,0
1772544156.5,6623.3,0,0,0.0000,0
1772544161.5,6628.3,0,0,0.0000,0
1772544166.5,6633.3,0,0,0.0000,0
1772544171.5,6638.3,0,0,0.0000,0
1772544176.5,6643.3,0,0,0.0000,0
1772544181.5,6648.3,0,0,0.0000,0
1772544186.5,6653.3,0,0,0.0000,0
1772544191.5,6658.3,0,0,0.0000,0
1772544196.5,6663.3,0,0,0.0000,0
1772544201.5,6668.3,0,0,0.0000,0
1772544206.5,6673.3,0,0,0.0000,0
1772544211.5,6678.3,0,0,0.0000,0
1772544216.5,6683.3,0,0,0.0000,0
1772544221.5,6688.3,0,0,0.0000,0
1772544226.5,6693.3,0,0,0.0000,0
1772544231.5,6698.3,0,0,0.0000,0
1772544236.5,6703.3,0,0,0.0000,0
1772544241.6,6708.4,0,0,0.0000,0
1772544246.6,6713.4,0,0,0.0000,0
1772544251.6,6718.4,0,0,0.0000,0
1772544256.6,6723.4,0,0,0.0000,0
1772544261.6,6728.4,0,0,0.0000,0
1772544266.6,6733.4,0,0,0.0000,0
1772544271.6,6738.5,0,0,0.0000,0
1772544276.6,6743.5,0,0,0.0000,0
1772544281.6,6748.5,0,0,0.0000,0
1772544286.6,6753.5,0,0,0.0000,0
1772544291.7,6758.5,0,0,0.0000,0
1772544296.7,6763.5,0,0,0.0000,0
1772544301.7,6768.5,0,0,0.0000,0
1772544306.7,6773.5,0,0,0.0000,0
1772544311.7,6778.5,0,0,0.0000,0
1772544316.7,6783.5,0,0,0.0000,0
1772544321.7,6788.5,0,0,0.0000,0
1772544326.7,6793.5,0,0,0.0000,0
1772544331.7,6798.5,0,0,0.0000,0
1772544336.7,6803.5,0,0,0.0000,0
1772544341.7,6808.5,0,0,0.0000,0
1772544346.7,6813.5,0,0,0.0000,0
1772544351.7,6818.5,0,0,0.0000,0
1772544356.7,6823.5,0,0,0.0000,0
1772544361.7,6828.5,0,0,0.0000,0
1772544366.7,6833.5,0,0,0.0000,0
1772544371.7,6838.5,0,0,0.0000,0
1772544376.7,6843.5,0,0,0.0000,0
1772544381.7,6848.5,0,0,0.0000,0
1772544386.7,6853.5,0,0,0.0000,0
1772544391.7,6858.5,0,0,0.0000,0
1772544396.7,6863.5,0,0,0.0000,0
1772544401.7,6868.6,0,0,0.0000,0
1772544406.7,6873.6,0,0,0.0000,0
1772544411.7,6878.6,0,0,0.0000,0
1772544416.7,6883.6,0,0,0.0000,0
1772544421.8,6888.6,0,0,0.0000,0
1772544426.8,6893.6,0,0,0.0000,0
1772544431.8,6898.6,0,0,0.0000,0
1772544436.8,6903.6,0,0,0.0000,0
1772544441.8,6908.6,0,0,0.0000,0
1772544446.8,6913.6,0,0,0.0000,0
1772544451.8,6918.6,0,0,0.0000,0
1772544456.8,6923.6,0,0,0.0000,0
1772544461.8,6928.6,0,0,0.0000,0
1772544466.8,6933.6,0,0,0.0000,0
1772544471.8,6938.6,0,0,0.0000,0
1772544476.8,6943.6,0,0,0.0000,0
1772544481.8,6948.6,0,0,0.0000,0
1772544486.8,6953.6,0,0,0.0000,0
1772544491.8,6958.6,0,0,0.0000,0
1772544496.8,6963.6,0,0,0.0000,0
1772544501.8,6968.6,0,0,0.0000,0
1772544506.8,6973.6,0,0,0.0000,0
1772544511.8,6978.6,0,0,0.0000,0
1772544516.8,6983.6,0,0,0.0000,0
1772544521.8,6988.6,0,0,0.0000,0
1772544526.8,6993.6,0,0,0.0000,0
1772544531.8,6998.6,0,0,0.0000,0
1772544536.8,7003.6,0,0,0.0000,0
1772544541.8,7008.6,0,0,0.0000,0
1772544546.8,7013.7,0,0,0.0000,0
1772544551.8,7018.7,0,0,0.0000,0
1772544556.9,7023.7,0,0,0.0000,0
1772544561.9,7028.7,0,0,0.0000,0
1772544566.9,7033.7,0,0,0.0000,0
1772544571.9,7038.7,0,0,0.0000,0
1772544576.9,7043.7,0,0,0.0000,0
1772544581.9,7048.7,0,0,0.0000,0
1772544586.9,7053.7,0,0,0.0000,0
1772544591.9,7058.8,0,0,0.0000,0
1772544596.9,7063.8,0,0,0.0000,0
1772544601.9,7068.8,0,0,0.0000,0
1772544607.0,7073.8,0,0,0.0000,0
1772544612.0,7078.8,0,0,0.0000,0
1772544617.0,7083.8,0,0,0.0000,0
1772544622.0,7088.8,0,0,0.0000,0
1772544627.0,7093.8,0,0,0.0000,0
1772544632.0,7098.8,0,0,0.0000,0
1772544637.0,7103.8,0,0,0.0000,0
1772544642.0,7108.8,0,0,0.0000,0
1772544647.0,7113.8,0,0,0.0000,0
1772544652.0,7118.8,0,0,0.0000,0
1772544657.0,7123.8,0,0,0.0000,0
1772544662.0,7128.8,0,0,0.0000,0
1772544667.0,7133.8,0,0,0.0000,0
1772544672.0,7138.9,0,0,0.0000,0
1772544677.0,7143.9,0,0,0.0000,0
1772544682.0,7148.9,0,0,0.0000,0
1772544687.0,7153.9,0,0,0.0000,0
1772544692.1,7158.9,0,0,0.0000,0
1772544697.1,7163.9,0,0,0.0000,0
1772544702.1,7168.9,0,0,0.0000,0
1772544707.1,7173.9,0,0,0.0000,0
1772544712.1,7178.9,0,0,0.0000,0
1772544717.1,7183.9,0,0,0.0000,0
1772544722.1,7188.9,0,0,0.0000,0
1772544727.1,7193.9,0,0,0.0000,0
1772544732.1,7198.9,0,0,0.0000,0
1772544737.1,7203.9,0,0,0.0000,0
1772544742.1,7208.9,0,0,0.0000,0
1772544747.1,7213.9,0,0,0.0000,0
1772544752.1,7218.9,0,0,0.0000,0
1772544757.1,7223.9,0,0,0.0000,0
1772544762.1,7228.9,0,0,0.0000,0
1772544767.1,7233.9,0,0,0.0000,0
1772544772.1,7238.9,0,0,0.0000,0
1772544777.1,7243.9,0,0,0.0000,0
1772544782.1,7248.9,0,0,0.0000,0
1772544787.1,7253.9,0,0,0.0000,0
1772544792.1,7258.9,0,0,0.0000,0
1772544797.1,7263.9,0,0,0.0000,0
1772544802.1,7268.9,0,0,0.0000,0
1772544807.1,7273.9,0,0,0.0000,0
1772544812.1,7278.9,0,0,0.0000,0
1772544817.1,7284.0,0,0,0.0000,0
1772544822.1,7289.0,0,0,0.0000,0
1772544827.1,7294.0,0,0,0.0000,0
1772544832.1,7299.0,0,0,0.0000,0
1772544837.2,7304.0,0,0,0.0000,0
1772544842.2,7309.0,0,0,0.0000,0
1772544847.2,7314.0,0,0,0.0000,0
1772544852.2,7319.0,0,0,0.0000,0
1772544857.2,7324.0,0,0,0.0000,0
1772544862.2,7329.0,0,0,0.0000,0
1772544867.2,7334.0,0,0,0.0000,0
1772544872.2,7339.0,0,0,0.0000,0
1772544877.2,7344.0,0,0,0.0000,0
1772544882.2,7349.0,0,0,0.0000,0
1772544887.2,7354.0,0,0,0.0000,0
1772544892.2,7359.0,0,0,0.0000,0
1772544897.2,7364.0,0,0,0.0000,0
1772544902.2,7369.0,0,0,0.0000,0
1772544907.2,7374.1,0,0,0.0000,0
1772544912.2,7379.1,0,0,0.0000,0
1772544917.3,7384.1,0,0,0.0000,0
1772544922.3,7389.1,0,0,0.0000,0
1772544927.3,7394.1,0,0,0.0000,0
1772544932.3,7399.1,0,0,0.0000,0
1772544937.3,7404.1,0,0,0.0000,0
1772544942.3,7409.1,0,0,0.0000,0
1772544947.3,7414.1,0,0,0.0000,0
1772544952.3,7419.1,0,0,0.0000,0
1772544957.3,7424.1,0,0,0.0000,0
1772544962.3,7429.1,0,0,0.0000,0
1772544967.3,7434.1,0,0,0.0000,0
1772544972.3,7439.1,0,0,0.0000,0
1772544977.3,7444.1,0,0,0.0000,0
1772544982.3,7449.1,0,0,0.0000,0
1772544987.3,7454.1,0,0,0.0000,0
1772544992.3,7459.1,0,0,0.0000,0
1772544997.3,7464.1,0,0,0.0000,0
1772545002.3,7469.1,0,0,0.0000,0
1772545007.3,7474.1,0,0,0.0000,0
1772545012.3,7479.2,0,0,0.0000,0
1772545017.3,7484.2,0,0,0.0000,0
1772545022.3,7489.2,0,0,0.0000,0
1772545027.4,7494.2,0,0,0.0000,0
1772545032.4,7499.2,0,0,0.0000,0
1772545037.4,7504.2,0,0,0.0000,0
1772545042.4,7509.2,0,0,0.0000,0
1772545047.4,7514.2,0,0,0.0000,0
1772545052.4,7519.2,0,0,0.0000,0
1772545057.4,7524.2,0,0,0.0000,0
1772545062.4,7529.2,0,0,0.0000,0
1772545067.4,7534.2,0,0,0.0000,0
1772545072.4,7539.2,0,0,0.0000,0
1772545077.4,7544.2,0,0,0.0000,0
1772545082.4,7549.2,0,0,0.0000,0
1772545087.4,7554.2,0,0,0.0000,0
1772545092.4,7559.2,0,0,0.0000,0
1772545097.4,7564.2,0,0,0.0000,0
1772545102.4,7569.2,0,0,0.0000,0
1772545107.4,7574.2,0,0,0.0000,0
1772545112.4,7579.2,0,0,0.0000,0
1772545117.4,7584.2,0,0,0.0000,0
1772545122.4,7589.2,0,0,0.0000,0
1772545127.4,7594.2,0,0,0.0000,0
1772545132.4,7599.3,0,0,0.0000,0
1772545137.4,7604.3,0,0,0.0000,0
1772545142.4,7609.3,0,0,0.0000,0
1772545147.5,7614.3,0,0,0.0000,0
1772545152.5,7619.3,0,0,0.0000,0
1772545157.5,7624.3,0,0,0.0000,0
1772545162.5,7629.3,0,0,0.0000,0
1772545167.5,7634.3,0,0,0.0000,0
1772545172.5,7639.3,0,0,0.0000,0
1772545177.5,7644.3,0,0,0.0000,0
1772545182.5,7649.3,0,0,0.0000,0
1772545187.5,7654.3,0,0,0.0000,0
1772545192.5,7659.3,0,0,0.0000,0
1772545197.5,7664.3,0,0,0.0000,0
1772545202.5,7669.3,0,0,0.0000,0
1772545207.5,7674.3,0,0,0.0000,0
1772545212.5,7679.3,0,0,0.0000,0
1772545217.5,7684.3,0,0,0.0000,0
1772545222.5,7689.3,0,0,0.0000,0
1772545227.5,7694.4,0,0,0.0000,0
1772545232.5,7699.4,0,0,0.0000,0
1772545237.5,7704.4,0,0,0.0000,0
1772545242.6,7709.4,0,0,0.0000,0
1772545247.6,7714.4,0,0,0.0000,0
1772545252.6,7719.4,0,0,0.0000,0
1772545257.6,7724.4,0,0,0.0000,0
1772545262.6,7729.4,0,0,0.0000,0
1772545267.6,7734.4,0,0,0.0000,0
1772545272.6,7739.4,0,0,0.0000,0
1772545277.6,7744.4,0,0,0.0000,0
1772545282.6,7749.4,0,0,0.0000,0
1772545287.6,7754.4,0,0,0.0000,0
1772545292.6,7759.4,0,0,0.0000,0
1772545297.6,7764.4,0,0,0.0000,0
1772545302.6,7769.4,0,0,0.0000,0
1772545307.6,7774.4,0,0,0.0000,0
1772545312.6,7779.4,0,0,0.0000,0
1772545317.6,7784.4,0,0,0.0000,0
1772545322.6,7789.4,0,0,0.0000,0
1772545327.6,7794.4,0,0,0.0000,0
1772545332.6,7799.5,0,0,0.0000,0
1772545337.6,7804.5,0,0,0.0000,0
1772545342.6,7809.5,0,0,0.0000,0
1772545347.7,7814.5,0,0,0.0000,0
1772545352.7,7819.5,0,0,0.0000,0
1772545357.7,7824.5,0,0,0.0000,0
1772545362.7,7829.5,0,0,0.0000,0
1772545367.7,7834.5,0,0,0.0000,0
1772545372.7,7839.5,0,0,0.0000,0
1772545377.7,7844.5,0,0,0.0000,0
1772545382.7,7849.5,0,0,0.0000,0
1772545387.7,7854.5,0,0,0.0000,0
1772545392.7,7859.5,0,0,0.0000,0
1772545397.7,7864.5,0,0,0.0000,0
1772545402.7,7869.5,0,0,0.0000,0
1772545407.7,7874.5,0,0,0.0000,0
1772545412.7,7879.5,0,0,0.0000,0
1772545417.7,7884.5,0,0,0.0000,0
1772545422.7,7889.5,0,0,0.0000,0
1772545427.7,7894.5,0,0,0.0000,0
1772545432.7,7899.5,0,0,0.0000,0
1772545437.7,7904.5,0,0,0.0000,0
1772545442.7,7909.5,0,0,0.0000,0
1772545447.8,7914.6,0,0,0.0000,0
1772545452.8,7919.6,0,0,0.0000,0
1772545457.8,7924.6,0,0,0.0000,0
1772545462.8,7929.6,0,0,0.0000,0
1772545467.8,7934.6,0,0,0.0000,0
1772545472.8,7939.6,0,0,0.0000,0
1772545477.8,7944.6,0,0,0.0000,0
1772545482.8,7949.6,0,0,0.0000,0
1772545487.8,7954.6,0,0,0.0000,0
1772545492.8,7959.6,0,0,0.0000,0
1772545497.8,7964.6,0,0,0.0000,0
1772545502.8,7969.6,0,0,0.0000,0
1772545507.8,7974.6,0,0,0.0000,0
1772545512.8,7979.6,0,0,0.0000,0
1772545517.8,7984.6,0,0,0.0000,0
1772545522.8,7989.6,0,0,0.0000,0
1772545527.8,7994.6,0,0,0.0000,0
1772545532.8,7999.6,0,0,0.0000,0
1772545537.8,8004.6,0,0,0.0000,0
1772545542.8,8009.7,0,0,0.0000,0
1772545547.9,8014.7,0,0,0.0000,0
1772545552.9,8019.7,0,0,0.0000,0
1772545557.9,8024.7,0,0,0.0000,0
1772545562.9,8029.7,0,0,0.0000,0
1772545567.9,8034.7,0,0,0.0000,0
1772545572.9,8039.7,0,0,0.0000,0
1772545577.9,8044.7,0,0,0.0000,0
1772545582.9,8049.7,0,0,0.0000,0
1772545587.9,8054.7,0,0,0.0000,0
1772545592.9,8059.7,0,0,0.0000,0
1772545597.9,8064.7,0,0,0.0000,0
1772545602.9,8069.8,0,0,0.0000,0
1772545608.0,8074.8,0,0,0.0000,0
1772545613.0,8079.8,0,0,0.0000,0
1772545618.0,8084.8,0,0,0.0000,0
1772545623.0,8089.8,0,0,0.0000,0
1772545628.0,8094.8,0,0,0.0000,0
1772545633.0,8099.8,0,0,0.0000,0
1772545638.0,8104.8,0,0,0.0000,0
1772545643.0,8109.8,0,0,0.0000,0
1772545648.0,8114.8,0,0,0.0000,0
1772545653.0,8119.8,0,0,0.0000,0
1772545658.0,8124.8,0,0,0.0000,0
1772545663.0,8129.8,0,0,0.0000,0
1772545668.0,8134.8,0,0,0.0000,0
1772545673.0,8139.8,0,0,0.0000,0
1772545678.0,8144.8,0,0,0.0000,0
1772545683.0,8149.8,0,0,0.0000,0
1772545688.0,8154.8,0,0,0.0000,0
1772545693.0,8159.8,0,0,0.0000,0
1772545698.0,8164.8,0,0,0.0000,0
1772545703.0,8169.8,0,0,0.0000,0
1772545708.0,8174.8,0,0,0.0000,0
1772545713.0,8179.8,0,0,0.0000,0
1772545718.0,8184.8,0,0,0.0000,0
1772545723.0,8189.8,0,0,0.0000,0
1772545728.0,8194.8,0,0,0.0000,0
1772545733.0,8199.8,0,0,0.0000,0
1772545738.0,8204.9,0,0,0.0000,0
1772545743.0,8209.9,0,0,0.0000,0
1772545748.0,8214.9,0,0,0.0000,0
1772545753.0,8219.9,0,0,0.0000,0
1772545758.1,8224.9,0,0,0.0000,0
1772545763.1,8229.9,0,0,0.0000,0
1772545768.1,8234.9,0,0,0.0000,0
1772545773.1,8239.9,0,0,0.0000,0
1772545778.1,8244.9,0,0,0.0000,0
1772545783.1,8249.9,0,0,0.0000,0
1772545788.1,8254.9,0,0,0.0000,0
1772545793.1,8259.9,0,0,0.0000,0
1772545798.1,8264.9,0,0,0.0000,0
1772545803.1,8269.9,0,0,0.0000,0
1772545808.1,8274.9,0,0,0.0000,0
1772545813.1,8279.9,0,0,0.0000,0
1772545818.1,8284.9,0,0,0.0000,0
1772545823.1,8289.9,0,0,0.0000,0
1772545828.1,8294.9,0,0,0.0000,0
1772545833.1,8299.9,0,0,0.0000,0
1772545838.1,8304.9,0,0,0.0000,0
1772545843.1,8309.9,0,0,0.0000,0
1772545848.1,8314.9,0,0,0.0000,0
1772545853.1,8319.9,0,0,0.0000,0
1772545858.1,8324.9,0,0,0.0000,0
1772545863.1,8329.9,0,0,0.0000,0
1772545868.1,8335.0,0,0,0.0000,0
1772545873.1,8340.0,0,0,0.0000,0
1772545878.1,8345.0,0,0,0.0000,0
1772545883.2,8350.0,0,0,0.0000,0
1772545888.2,8355.0,0,0,0.0000,0
1772545893.2,8360.0,0,0,0.0000,0
1772545898.2,8365.0,0,0,0.0000,0
1772545903.2,8370.0,0,0,0.0000,0
1772545908.2,8375.0,0,0,0.0000,0
1772545913.2,8380.0,0,0,0.0000,0
1772545918.2,8385.0,0,0,0.0000,0
1772545923.2,8390.0,0,0,0.0000,0
1772545928.2,8395.0,0,0,0.0000,0
1772545933.2,8400.0,0,0,0.0000,0
1772545938.2,8405.0,0,0,0.0000,0
1772545943.2,8410.0,0,0,0.0000,0
1772545948.2,8415.0,0,0,0.0000,0
1772545953.2,8420.0,0,0,0.0000,0
1772545958.2,8425.0,0,0,0.0000,0
1772545963.2,8430.0,0,0,0.0000,0
1772545968.2,8435.0,0,0,0.0000,0
1772545973.2,8440.0,0,0,0.0000,0
1772545978.2,8445.0,0,0,0.0000,0
1772545983.2,8450.0,0,0,0.0000,0
1772545988.2,8455.0,0,0,0.0000,0
1772545993.2,8460.0,0,0,0.0000,0
1772545998.2,8465.1,0,0,0.0000,0
1772546003.2,8470.1,0,0,0.0000,0
1772546008.2,8475.1,0,0,0.0000,0
1772546013.2,8480.1,0,0,0.0000,0
1772546018.3,8485.1,0,0,0.0000,0
1772546023.3,8490.1,0,0,0.0000,0
1772546028.3,8495.1,0,0,0.0000,0
1772546033.3,8500.1,0,0,0.0000,0
1772546038.3,8505.1,0,0,0.0000,0
1772546043.3,8510.1,0,0,0.0000,0
1772546048.3,8515.1,0,0,0.0000,0
1772546053.3,8520.1,0,0,0.0000,0
1772546058.3,8525.1,0,0,0.0000,0
1772546063.3,8530.1,0,0,0.0000,0
1772546068.3,8535.1,0,0,0.0000,0
1772546073.3,8540.1,0,0,0.0000,0
1772546078.3,8545.1,0,0,0.0000,0
1772546083.3,8550.1,0,0,0.0000,0
1772546088.3,8555.1,0,0,0.0000,0
1772546093.3,8560.1,0,0,0.0000,0
1772546098.3,8565.1,0,0,0.0000,0
1772546103.3,8570.1,0,0,0.0000,0
1772546108.3,8575.1,0,0,0.0000,0
1772546113.3,8580.1,0,0,0.0000,0
1772546118.3,8585.1,0,0,0.0000,0
1772546123.3,8590.1,0,0,0.0000,0
1772546128.3,8595.1,0,0,0.0000,0
1772546133.3,8600.2,0,0,0.0000,0
1772546138.3,8605.2,0,0,0.0000,0
1772546143.4,8610.2,0,0,0.0000,0
1772546148.4,8615.2,0,0,0.0000,0
1772546153.4,8620.2,0,0,0.0000,0
1772546158.4,8625.2,0,0,0.0000,0
1772546163.4,8630.2,0,0,0.0000,0
1772546168.4,8635.2,0,0,0.0000,0
1772546173.4,8640.2,0,0,0.0000,0
1772546178.4,8645.2,0,0,0.0000,0
1772546183.4,8650.2,0,0,0.0000,0
1772546188.4,8655.2,0,0,0.0000,0
1772546193.4,8660.2,0,0,0.0000,0
1772546198.4,8665.2,0,0,0.0000,0
1772546203.4,8670.2,0,0,0.0000,0
1772546208.4,8675.2,0,0,0.0000,0
1772546213.4,8680.2,0,0,0.0000,0
1772546218.4,8685.3,0,0,0.0000,0
1772546223.4,8690.3,0,0,0.0000,0
1772546228.5,8695.3,0,0,0.0000,0
1772546233.5,8700.3,0,0,0.0000,0
1772546238.5,8705.3,0,0,0.0000,0
1772546243.5,8710.3,0,0,0.0000,0
1772546248.5,8715.3,0,0,0.0000,0
1772546253.5,8720.3,0,0,0.0000,0
1772546258.5,8725.3,0,0,0.0000,0
1772546263.5,8730.3,0,0,0.0000,0
1772546268.5,8735.3,0,0,0.0000,0
1772546273.5,8740.3,0,0,0.0000,0
1772546278.5,8745.3,0,0,0.0000,0
1772546283.5,8750.3,0,0,0.0000,0
1772546288.5,8755.3,0,0,0.0000,0
1772546293.5,8760.3,0,0,0.0000,0
1772546298.5,8765.3,0,0,0.0000,0
1772546303.5,8770.3,0,0,0.0000,0
1772546308.5,8775.3,0,0,0.0000,0
1772546313.5,8780.3,0,0,0.0000,0
1772546318.5,8785.3,0,0,0.0000,0
1772546323.5,8790.4,0,0,0.0000,0
1772546328.5,8795.4,0,0,0.0000,0
1772546333.5,8800.4,0,0,0.0000,0
1772546338.6,8805.4,0,0,0.0000,0
1772546343.6,8810.4,0,0,0.0000,0
1772546348.6,8815.4,0,0,0.0000,0
1772546353.6,8820.4,0,0,0.0000,0
1772546358.6,8825.4,0,0,0.0000,0
1772546363.6,8830.4,0,0,0.0000,0
1772546368.6,8835.4,0,0,0.0000,0
1772546373.6,8840.4,0,0,0.0000,0
1772546378.6,8845.4,0,0,0.0000,0
1772546383.6,8850.4,0,0,0.0000,0
1772546388.6,8855.4,0,0,0.0000,0
1772546393.6,8860.4,0,0,0.0000,0
1772546398.6,8865.4,0,0,0.0000,0
1772546403.6,8870.4,0,0,0.0000,0
1772546408.6,8875.4,0,0,0.0000,0
1772546413.6,8880.4,0,0,0.0000,0
1772546418.6,8885.4,0,0,0.0000,0
1772546423.6,8890.4,0,0,0.0000,0
1772546428.6,8895.4,0,0,0.0000,0
1772546433.6,8900.4,0,0,0.0000,0
1772546438.6,8905.4,0,0,0.0000,0
1772546443.6,8910.4,0,0,0.0000,0
1772546448.6,8915.4,0,0,0.0000,0
1772546453.6,8920.4,0,0,0.0000,0
1772546458.6,8925.4,0,0,0.0000,0
1772546463.6,8930.4,0,0,0.0000,0
1772546468.6,8935.5,0,0,0.0000,0
1772546473.6,8940.5,0,0,0.0000,0
1772546478.6,8945.5,0,0,0.0000,0
1772546483.6,8950.5,0,0,0.0000,0
1772546488.7,8955.5,0,0,0.0000,0
1772546493.7,8960.5,0,0,0.0000,0
1772546498.7,8965.5,0,0,0.0000,0
1772546503.7,8970.5,0,0,0.0000,0
1772546508.7,8975.5,0,0,0.0000,0
1772546513.7,8980.5,0,0,0.0000,0
1772546518.7,8985.5,0,0,0.0000,0
1772546523.7,8990.5,0,0,0.0000,0
1772546528.7,8995.5,0,0,0.0000,0
1772546533.7,9000.5,0,0,0.0000,0
1772546538.7,9005.5,0,0,0.0000,0
1772546543.7,9010.5,0,0,0.0000,0
1772546548.7,9015.5,0,0,0.0000,0
1772546553.7,9020.5,0,0,0.0000,0
1772546558.7,9025.5,0,0,0.0000,0
1772546563.7,9030.5,0,0,0.0000,0
1772546568.7,9035.5,0,0,0.0000,0
1772546573.7,9040.5,0,0,0.0000,0
1772546578.7,9045.5,0,0,0.0000,0
1772546583.7,9050.5,0,0,0.0000,0
1772546588.7,9055.5,0,0,0.0000,0
1772546593.7,9060.5,0,0,0.0000,0
1772546598.7,9065.5,0,0,0.0000,0
1772546603.7,9070.5,0,0,0.0000,0
1772546608.9,9075.7,0,0,0.0000,0
1772546613.9,9080.7,0,0,0.0000,0
1772546618.9,9085.7,0,0,0.0000,0
1772546623.9,9090.7,0,0,0.0000,0
1772546628.9,9095.7,0,0,0.0000,0
1772546633.9,9100.7,0,0,0.0000,0
1772546638.9,9105.7,0,0,0.0000,0
1772546643.9,9110.7,0,0,0.0000,0
1772546648.9,9115.7,0,0,0.0000,0
1772546653.9,9120.7,0,0,0.0000,0
1772546658.9,9125.7,0,0,0.0000,0
1772546663.9,9130.7,0,0,0.0000,0
1772546668.9,9135.7,0,0,0.0000,0
1772546673.9,9140.7,0,0,0.0000,0
1772546678.9,9145.7,0,0,0.0000,0
1772546683.9,9150.7,0,0,0.0000,0
1772546688.9,9155.8,0,0,0.0000,0
1772546693.9,9160.8,0,0,0.0000,0
1772546698.9,9165.8,0,0,0.0000,0
1772546703.9,9170.8,0,0,0.0000,0
1772546709.0,9175.8,0,0,0.0000,0
1772546714.0,9180.8,0,0,0.0000,0
1772546719.0,9185.8,0,0,0.0000,0
1772546724.0,9190.8,0,0,0.0000,0
1772546729.0,9195.8,0,0,0.0000,0
1772546734.0,9200.8,0,0,0.0000,0
1772546739.0,9205.8,0,0,0.0000,0
1772546744.0,9210.8,0,0,0.0000,0
1772546749.0,9215.8,0,0,0.0000,0
1772546754.0,9220.8,0,0,0.0000,0
1772546759.0,9225.8,0,0,0.0000,0
1772546764.0,9230.8,0,0,0.0000,0
1772546769.0,9235.8,0,0,0.0000,0
1772546774.0,9240.8,0,0,0.0000,0
1772546779.0,9245.9,0,0,0.0000,0
1772546784.1,9250.9,0,0,0.0000,0
1772546789.1,9255.9,0,0,0.0000,0
1772546794.1,9260.9,0,0,0.0000,0
1772546799.1,9265.9,0,0,0.0000,0
1772546804.1,9270.9,0,0,0.0000,0
1772546809.1,9275.9,0,0,0.0000,0
1772546814.1,9280.9,0,0,0.0000,0
1772546819.1,9285.9,0,0,0.0000,0
1772546824.1,9290.9,0,0,0.0000,0
1772546829.1,9295.9,0,0,0.0000,0
1772546834.1,9300.9,0,0,0.0000,0
1772546839.1,9305.9,0,0,0.0000,0
1772546844.1,9310.9,0,0,0.0000,0
1772546849.1,9315.9,0,0,0.0000,0
1772546854.1,9321.0,0,0,0.0000,0
1772546859.1,9326.0,0,0,0.0000,0
1772546864.1,9331.0,0,0,0.0000,0
1772546869.2,9336.0,0,0,0.0000,0
1772546874.2,9341.0,0,0,0.0000,0
1772546879.2,9346.0,0,0,0.0000,0
1772546884.2,9351.0,0,0,0.0000,0
1772546889.2,9356.0,0,0,0.0000,0
1772546894.2,9361.0,0,0,0.0000,0
1772546899.2,9366.0,0,0,0.0000,0
1772546904.2,9371.0,0,0,0.0000,0
1772546909.2,9376.0,0,0,0.0000,0
1772546914.2,9381.0,0,0,0.0000,0
1772546919.2,9386.1,0,0,0.0000,0
1772546924.2,9391.1,0,0,0.0000,0
1772546929.2,9396.1,0,0,0.0000,0
1772546934.3,9401.1,0,0,0.0000,0
1772546939.3,9406.1,0,0,0.0000,0
1772546944.3,9411.1,0,0,0.0000,0
1772546949.3,9416.1,0,0,0.0000,0
1772546954.3,9421.1,0,0,0.0000,0
1772546959.5,9426.3,0,0,0.0000,0
1772546964.5,9431.3,0,0,0.0000,0
1772546969.5,9436.3,0,0,0.0000,0
1772546974.5,9441.3,0,0,0.0000,0
1772546979.5,9446.3,0,0,0.0000,0
1772546984.5,9451.3,0,0,0.0000,0
1772546989.5,9456.3,0,0,0.0000,0
1772546994.5,9461.3,0,0,0.0000,0
1772546999.5,9466.3,0,0,0.0000,0
1772547004.5,9471.3,0,0,0.0000,0
1772547009.5,9476.3,0,0,0.0000,0
1772547014.5,9481.3,0,0,0.0000,0
1772547019.5,9486.3,0,0,0.0000,0
1772547024.5,9491.3,0,0,0.0000,0
1772547029.5,9496.3,0,0,0.0000,0
1772547034.5,9501.3,0,0,0.0000,0
1772547039.5,9506.3,0,0,0.0000,0
1772547044.5,9511.3,0,0,0.0000,0
1772547049.5,9516.3,0,0,0.0000,0
1772547054.5,9521.3,0,0,0.0000,0
1772547059.5,9526.4,0,0,0.0000,0
1772547064.5,9531.4,0,0,0.0000,0
1772547069.5,9536.4,0,0,0.0000,0
1772547074.6,9541.4,0,0,0.0000,0
1772547079.6,9546.4,0,0,0.0000,0
1772547084.6,9551.4,0,0,0.0000,0
1772547089.6,9556.4,0,0,0.0000,0
1772547094.6,9561.4,0,0,0.0000,0
1772547099.6,9566.4,0,0,0.0000,0
1772547104.6,9571.4,0,0,0.0000,0
1772547109.6,9576.4,0,0,0.0000,0
1772547114.6,9581.4,0,0,0.0000,0
1772547119.6,9586.4,0,0,0.0000,0
1772547124.6,9591.4,0,0,0.0000,0
1772547129.6,9596.4,0,0,0.0000,0
1772547134.6,9601.4,0,0,0.0000,0
1772547139.6,9606.4,0,0,0.0000,0
1772547144.6,9611.4,0,0,0.0000,0
1772547149.6,9616.4,0,0,0.0000,0
1772547154.6,9621.4,0,0,0.0000,0
1772547159.6,9626.4,0,0,0.0000,0
1772547164.6,9631.4,0,0,0.0000,0
1772547169.6,9636.4,0,0,0.0000,0
1772547174.6,9641.4,0,0,0.0000,0
1772547179.6,9646.4,0,0,0.0000,0
1772547184.6,9651.4,0,0,0.0000,0
1772547189.6,9656.4,0,0,0.0000,0
1772547194.6,9661.4,0,0,0.0000,0
1772547199.6,9666.4,0,0,0.0000,0
1772547204.6,9671.4,0,0,0.0000,0
1772547209.6,9676.5,0,0,0.0000,0
1772547214.6,9681.5,0,0,0.0000,0
1772547219.6,9686.5,0,0,0.0000,0
1772547224.6,9691.5,0,0,0.0000,0
1772547229.7,9696.5,0,0,0.0000,0
1772547234.7,9701.5,0,0,0.0000,0
1772547239.7,9706.5,0,0,0.0000,0
1772547244.7,9711.5,0,0,0.0000,0
1772547249.7,9716.5,0,0,0.0000,0
1772547254.7,9721.5,0,0,0.0000,0
1772547259.7,9726.5,0,0,0.0000,0
1772547264.7,9731.5,0,0,0.0000,0
1772547269.7,9736.5,0,0,0.0000,0
1772547274.7,9741.5,0,0,0.0000,0
1772547279.7,9746.5,0,0,0.0000,0
1772547284.7,9751.5,0,0,0.0000,0
1772547289.7,9756.5,0,0,0.0000,0
1772547294.7,9761.5,0,0,0.0000,0
1772547299.7,9766.5,0,0,0.0000,0
1772547304.7,9771.5,0,0,0.0000,0
1772547309.7,9776.5,0,0,0.0000,0
1772547314.7,9781.5,0,0,0.0000,0
1772547319.7,9786.5,0,0,0.0000,0
1772547324.7,9791.5,0,0,0.0000,0
1772547329.7,9796.5,0,0,0.0000,0
1772547334.7,9801.5,0,0,0.0000,0
1772547339.7,9806.5,0,0,0.0000,0
1772547344.7,9811.5,0,0,0.0000,0
1772547349.7,9816.5,0,0,0.0000,0
1772547354.7,9821.6,0,0,0.0000,0
1772547359.7,9826.6,0,0,0.0000,0
1772547364.7,9831.6,0,0,0.0000,0
1772547369.7,9836.6,0,0,0.0000,0
1772547374.8,9841.6,0,0,0.0000,0
1772547379.8,9846.6,0,0,0.0000,0
1772547384.8,9851.6,0,0,0.0000,0
1772547389.8,9856.6,0,0,0.0000,0
1772547394.8,9861.6,0,0,0.0000,0
1772547399.8,9866.6,0,0,0.0000,0
1772547404.8,9871.6,0,0,0.0000,0
1772547409.8,9876.6,0,0,0.0000,0
1772547414.8,9881.6,0,0,0.0000,0
1772547419.8,9886.6,0,0,0.0000,0
1772547424.8,9891.6,0,0,0.0000,0
1772547429.8,9896.6,0,0,0.0000,0
1772547434.8,9901.6,0,0,0.0000,0
1772547439.8,9906.6,0,0,0.0000,0
1772547444.8,9911.6,0,0,0.0000,0
1772547449.8,9916.6,0,0,0.0000,0
1772547454.8,9921.6,0,0,0.0000,0
1772547459.8,9926.6,0,0,0.0000,0
1772547464.8,9931.6,0,0,0.0000,0
1772547469.8,9936.6,0,0,0.0000,0
1772547474.8,9941.6,0,0,0.0000,0
1772547479.8,9946.6,0,0,0.0000,0
1772547484.8,9951.6,0,0,0.0000,0
1772547489.8,9956.7,0,0,0.0000,0
1772547494.8,9961.7,0,0,0.0000,0
1772547499.8,9966.7,0,0,0.0000,0
1772547504.9,9971.7,0,0,0.0000,0
1772547509.9,9976.7,0,0,0.0000,0
1772547514.9,9981.7,0,0,0.0000,0
1772547519.9,9986.7,0,0,0.0000,0
1772547524.9,9991.7,0,0,0.0000,0
1772547529.9,9996.7,0,0,0.0000,0
1772547534.9,10001.7,0,0,0.0000,0
1772547539.9,10006.7,0,0,0.0000,0
1772547544.9,10011.7,0,0,0.0000,0
1772547549.9,10016.7,0,0,0.0000,0
1772547554.9,10021.7,0,0,0.0000,0
1772547559.9,10026.7,0,0,0.0000,0
1772547564.9,10031.7,0,0,0.0000,0
1772547569.9,10036.7,0,0,0.0000,0
1772547574.9,10041.7,0,0,0.0000,0
1772547579.9,10046.7,0,0,0.0000,0
1772547584.9,10051.7,0,0,0.0000,0
1772547589.9,10056.7,0,0,0.0000,0
1772547594.9,10061.7,0,0,0.0000,0
1772547599.9,10066.7,0,0,0.0000,0
1772547604.9,10071.7,0,0,0.0000,0
1772547609.9,10076.7,0,0,0.0000,0
1772547614.9,10081.7,0,0,0.0000,0
1772547619.9,10086.7,0,0,0.0000,0
1772547624.9,10091.7,0,0,0.0000,0
1772547629.9,10096.7,0,0,0.0000,0
1772547634.9,10101.8,0,0,0.0000,0
1772547639.9,10106.8,0,0,0.0000,0
1772547644.9,10111.8,0,0,0.0000,0
1772547650.0,10116.8,0,0,0.0000,0
1772547655.0,10121.8,0,0,0.0000,0
1772547660.0,10126.8,0,0,0.0000,0
1772547665.0,10131.8,0,0,0.0000,0
1772547670.0,10136.8,0,0,0.0000,0
1772547675.0,10141.8,0,0,0.0000,0
1772547680.0,10146.8,0,0,0.0000,0
1772547685.0,10151.8,0,0,0.0000,0
1772547690.0,10156.8,0,0,0.0000,0
1772547695.0,10161.8,0,0,0.0000,0
1772547700.0,10166.8,0,0,0.0000,0
1772547705.0,10171.8,0,0,0.0000,0
1772547710.0,10176.9,0,0,0.0000,0
1772547715.0,10181.9,0,0,0.0000,0
1772547720.0,10186.9,0,0,0.0000,0
1772547725.0,10191.9,0,0,0.0000,0
1772547730.1,10196.9,0,0,0.0000,0
1772547735.1,10201.9,0,0,0.0000,0
1772547740.1,10206.9,0,0,0.0000,0
1772547745.1,10211.9,0,0,0.0000,0
1772547750.1,10216.9,0,0,0.0000,0
1772547755.1,10221.9,0,0,0.0000,0
1772547760.1,10226.9,0,0,0.0000,0
1772547765.1,10231.9,0,0,0.0000,0
1772547770.1,10236.9,0,0,0.0000,0
1772547775.1,10241.9,0,0,0.0000,0
1772547780.1,10246.9,0,0,0.0000,0
1772547785.1,10252.0,0,0,0.0000,0
1772547790.1,10257.0,0,0,0.0000,0
1772547795.1,10262.0,0,0,0.0000,0
1772547800.2,10267.0,0,0,0.0000,0
1772547805.2,10272.0,0,0,0.0000,0
1772547810.2,10277.0,0,0,0.0000,0
1772547815.2,10282.0,0,0,0.0000,0
1772547820.2,10287.0,0,0,0.0000,0
1772547825.2,10292.0,0,0,0.0000,0
1772547830.2,10297.0,0,0,0.0000,0
1772547835.2,10302.0,0,0,0.0000,0
1772547840.2,10307.0,0,0,0.0000,0
1772547845.2,10312.0,0,0,0.0000,0
1772547850.2,10317.0,0,0,0.0000,0
1772547855.2,10322.0,0,0,0.0000,0
1772547860.2,10327.0,0,0,0.0000,0
1772547865.2,10332.0,0,0,0.0000,0
1772547870.2,10337.0,0,0,0.0000,0
1772547875.2,10342.0,0,0,0.0000,0
1772547880.2,10347.0,0,0,0.0000,0
1772547885.2,10352.0,0,0,0.0000,0
1772547890.2,10357.0,0,0,0.0000,0
1772547895.2,10362.0,0,0,0.0000,0
1772547900.2,10367.0,0,0,0.0000,0
1772547905.2,10372.0,0,0,0.0000,0
1772547910.2,10377.0,0,0,0.0000,0
1772547915.2,10382.0,0,0,0.0000,0
1772547920.3,10387.1,0,0,0.0000,0
1772547925.3,10392.1,0,0,0.0000,0
1772547930.3,10397.1,0,0,0.0000,0
1772547935.3,10402.1,0,0,0.0000,0
1772547940.3,10407.1,0,0,0.0000,0
1772547945.3,10412.1,0,0,0.0000,0
1772547950.3,10417.1,0,0,0.0000,0
1772547955.3,10422.1,0,0,0.0000,0
1772547960.3,10427.1,0,0,0.0000,0
1772547965.3,10432.1,0,0,0.0000,0
1772547970.3,10437.1,0,0,0.0000,0
1772547975.3,10442.1,0,0,0.0000,0
1772547980.3,10447.1,0,0,0.0000,0
1772547985.3,10452.1,0,0,0.0000,0
1772547990.3,10457.1,0,0,0.0000,0
1772547995.3,10462.1,0,0,0.0000,0
1772548000.3,10467.1,0,0,0.0000,0
1772548005.3,10472.1,0,0,0.0000,0
1772548010.3,10477.1,0,0,0.0000,0
1772548015.3,10482.1,0,0,0.0000,0
1772548020.3,10487.2,0,0,0.0000,0
1772548025.3,10492.2,0,0,0.0000,0
1772548030.3,10497.2,0,0,0.0000,0
1772548035.3,10502.2,0,0,0.0000,0
1772548040.4,10507.2,0,0,0.0000,0
1772548045.4,10512.2,0,0,0.0000,0
1772548050.4,10517.2,0,0,0.0000,0
1772548055.4,10522.2,0,0,0.0000,0
1772548060.4,10527.2,0,0,0.0000,0
1772548065.4,10532.2,0,0,0.0000,0
1772548070.4,10537.2,0,0,0.0000,0
1772548075.4,10542.2,0,0,0.0000,0
1772548080.4,10547.2,0,0,0.0000,0
1772548085.4,10552.2,0,0,0.0000,0
1772548090.4,10557.2,0,0,0.0000,0
1772548095.4,10562.2,0,0,0.0000,0
1772548100.4,10567.2,0,0,0.0000,0
1772548105.4,10572.2,0,0,0.0000,0
1772548110.4,10577.2,0,0,0.0000,0
1772548115.4,10582.2,0,0,0.0000,0
1772548120.4,10587.2,0,0,0.0000,0
1772548125.4,10592.2,0,0,0.0000,0
1772548130.4,10597.2,0,0,0.0000,0
1772548135.4,10602.2,0,0,0.0000,0
1772548140.4,10607.2,0,0,0.0000,0
1772548145.4,10612.2,0,0,0.0000,0
1772548150.4,10617.2,0,0,0.0000,0
1772548155.4,10622.2,0,0,0.0000,0
1772548160.4,10627.2,0,0,0.0000,0
1772548165.4,10632.2,0,0,0.0000,0
1772548170.4,10637.2,0,0,0.0000,0
1772548175.4,10642.3,0,0,0.0000,0
1772548180.4,10647.3,0,0,0.0000,0
1772548185.4,10652.3,0,0,0.0000,0
1772548190.4,10657.3,0,0,0.0000,0
1772548195.5,10662.3,0,0,0.0000,0
1772548200.5,10667.3,0,0,0.0000,0
1772548205.5,10672.3,0,0,0.0000,0
1772548210.5,10677.3,0,0,0.0000,0
1772548215.5,10682.3,0,0,0.0000,0
1772548220.5,10687.3,0,0,0.0000,0
1772548225.5,10692.3,0,0,0.0000,0
1772548230.5,10697.3,0,0,0.0000,0
1772548235.5,10702.3,0,0,0.0000,0
1772548240.5,10707.3,0,0,0.0000,0
1772548245.5,10712.3,0,0,0.0000,0
1772548250.5,10717.3,0,0,0.0000,0
1772548255.5,10722.3,0,0,0.0000,0
1772548260.5,10727.3,0,0,0.0000,0
1772548265.5,10732.3,0,0,0.0000,0
1772548270.5,10737.3,0,0,0.0000,0
1772548275.5,10742.3,0,0,0.0000,0
1772548280.5,10747.3,0,0,0.0000,0
1772548285.5,10752.3,0,0,0.0000,0
1772548290.5,10757.3,0,0,0.0000,0
1772548295.5,10762.3,0,0,0.0000,0
1772548300.5,10767.3,0,0,0.0000,0
1772548305.5,10772.3,0,0,0.0000,0
1772548310.5,10777.3,0,0,0.0000,0
1772548315.5,10782.3,0,0,0.0000,0
1772548320.5,10787.3,0,0,0.0000,0
1772548325.5,10792.3,0,0,0.0000,0
1772548330.5,10797.3,0,0,0.0000,0
1772548335.5,10802.4,0,0,0.0000,0
1772548340.5,10807.4,0,0,0.0000,0
1772548345.5,10812.4,0,0,0.0000,0
1772548350.6,10817.4,0,0,0.0000,0
1772548355.6,10822.4,0,0,0.0000,0
1772548360.6,10827.4,0,0,0.0000,0
1772548365.6,10832.4,0,0,0.0000,0
1772548370.6,10837.4,0,0,0.0000,0
1772548375.6,10842.4,0,0,0.0000,0
1772548380.6,10847.4,0,0,0.0000,0
1772548385.6,10852.4,0,0,0.0000,0
1772548390.6,10857.4,0,0,0.0000,0
1772548395.6,10862.4,0,0,0.0000,0
1772548400.6,10867.4,0,0,0.0000,0
1772548405.6,10872.4,0,0,0.0000,0
1772548410.6,10877.4,0,0,0.0000,0
1772548415.6,10882.4,0,0,0.0000,0
1772548420.6,10887.4,0,0,0.0000,0
1772548425.6,10892.4,0,0,0.0000,0
1772548430.6,10897.4,0,0,0.0000,0
1772548435.6,10902.4,0,0,0.0000,0
1772548440.6,10907.4,0,0,0.0000,0
1772548445.6,10912.5,0,0,0.0000,0
1772548450.7,10917.5,0,0,0.0000,0
1772548455.7,10922.5,0,0,0.0000,0
1772548460.7,10927.5,0,0,0.0000,0
1772548465.7,10932.5,0,0,0.0000,0
1772548470.7,10937.5,0,0,0.0000,0
1772548475.7,10942.5,0,0,0.0000,0
1772548480.7,10947.5,0,0,0.0000,0
1772548485.7,10952.5,0,0,0.0000,0
1772548490.7,10957.5,0,0,0.0000,0
1772548495.7,10962.5,0,0,0.0000,0
1772548500.7,10967.5,0,0,0.0000,0
1772548505.7,10972.5,0,0,0.0000,0
1772548510.7,10977.5,0,0,0.0000,0
1772548515.7,10982.5,0,0,0.0000,0
1772548520.7,10987.5,0,0,0.0000,0
1772548525.7,10992.5,0,0,0.0000,0
1772548530.7,10997.5,0,0,0.0000,0
1772548535.7,11002.5,0,0,0.0000,0
1772548540.7,11007.5,0,0,0.0000,0
1772548545.7,11012.5,0,0,0.0000,0
1772548550.7,11017.5,0,0,0.0000,0
1772548555.7,11022.5,0,0,0.0000,0
1772548560.7,11027.5,0,0,0.0000,0
1772548565.7,11032.5,0,0,0.0000,0
1772548570.7,11037.5,0,0,0.0000,0
1772548575.7,11042.6,0,0,0.0000,0
1772548580.7,11047.6,0,0,0.0000,0
1772548585.7,11052.6,0,0,0.0000,0
1772548590.8,11057.6,0,0,0.0000,0
1772548595.8,11062.6,0,0,0.0000,0
1772548600.8,11067.6,0,0,0.0000,0
1772548605.8,11072.6,0,0,0.0000,0
1772548610.8,11077.6,0,0,0.0000,0
1772548615.8,11082.6,0,0,0.0000,0
1772548620.8,11087.6,0,0,0.0000,0
1772548625.8,11092.6,0,0,0.0000,0
1772548630.8,11097.6,0,0,0.0000,0
1772548635.8,11102.6,0,0,0.0000,0
1772548640.8,11107.6,0,0,0.0000,0
1772548645.8,11112.6,0,0,0.0000,0
1772548650.8,11117.6,0,0,0.0000,0
1772548655.8,11122.6,0,0,0.0000,0
1772548660.8,11127.6,0,0,0.0000,0
1772548665.8,11132.6,0,0,0.0000,0
1772548670.8,11137.6,0,0,0.0000,0
1772548675.8,11142.6,0,0,0.0000,0
1772548680.8,11147.6,0,0,0.0000,0
1772548685.8,11152.6,0,0,0.0000,0
1772548690.8,11157.6,0,0,0.0000,0
1772548695.8,11162.6,0,0,0.0000,0
1772548700.8,11167.6,0,0,0.0000,0
1772548705.8,11172.6,0,0,0.0000,0
1772548710.8,11177.6,0,0,0.0000,0
1772548715.8,11182.6,0,0,0.0000,0
1772548720.8,11187.6,0,0,0.0000,0
1772548725.8,11192.6,0,0,0.0000,0
1772548730.8,11197.7,0,0,0.0000,0
1772548735.8,11202.7,0,0,0.0000,0
1772548740.8,11207.7,0,0,0.0000,0
1772548745.8,11212.7,0,0,0.0000,0
1772548750.9,11217.7,0,0,0.0000,0
1772548755.9,11222.7,0,0,0.0000,0
1772548760.9,11227.7,0,0,0.0000,0
1772548765.9,11232.7,0,0,0.0000,0
1772548770.9,11237.7,0,0,0.0000,0
1772548775.9,11242.7,0,0,0.0000,0
1772548780.9,11247.7,0,0,0.0000,0
1772548785.9,11252.7,0,0,0.0000,0
1772548790.9,11257.7,0,0,0.0000,0
1772548795.9,11262.7,0,0,0.0000,0
1772548800.9,11267.7,0,0,0.0000,0
1772548805.9,11272.7,0,0,0.0000,0
1772548810.9,11277.7,0,0,0.0000,0
1772548815.9,11282.7,0,0,0.0000,0
1772548820.9,11287.7,0,0,0.0000,0
1772548825.9,11292.7,0,0,0.0000,0
1772548830.9,11297.7,0,0,0.0000,0
1772548835.9,11302.7,0,0,0.0000,0
1772548840.9,11307.7,0,0,0.0000,0
1772548845.9,11312.7,0,0,0.0000,0
1772548850.9,11317.7,0,0,0.0000,0
1772548855.9,11322.7,0,0,0.0000,0
1772548860.9,11327.7,0,0,0.0000,0
1772548865.9,11332.7,0,0,0.0000,0
1772548870.9,11337.8,0,0,0.0000,0
1772548875.9,11342.8,0,0,0.0000,0
1772548880.9,11347.8,0,0,0.0000,0
1772548885.9,11352.8,0,0,0.0000,0
1772548891.0,11357.8,0,0,0.0000,0
1772548896.0,11362.8,0,0,0.0000,0
1772548901.0,11367.8,0,0,0.0000,0
1772548906.0,11372.8,0,0,0.0000,0
1772548911.0,11377.8,0,0,0.0000,0
1772548916.0,11382.8,0,0,0.0000,0
1772548921.0,11387.8,0,0,0.0000,0
1772548926.0,11392.8,0,0,0.0000,0
1772548931.0,11397.8,0,0,0.0000,0
1772548936.0,11402.8,0,0,0.0000,0
1772548941.0,11407.8,0,0,0.0000,0
1772548946.0,11412.8,0,0,0.0000,0
1772548951.0,11417.8,0,0,0.0000,0
1772548956.0,11422.8,0,0,0.0000,0
1772548961.0,11427.8,0,0,0.0000,0
1772548966.0,11432.8,0,0,0.0000,0
1772548971.0,11437.8,0,0,0.0000,0
1772548976.0,11442.8,0,0,0.0000,0
1772548981.0,11447.8,0,0,0.0000,0
1772548986.0,11452.8,0,0,0.0000,0
1772548991.0,11457.9,0,0,0.0000,0
1772548996.1,11462.9,0,0,0.0000,0
1772549001.1,11467.9,0,0,0.0000,0
1772549006.1,11472.9,0,0,0.0000,0
1772549011.1,11477.9,0,0,0.0000,0
1772549016.1,11482.9,0,0,0.0000,0
1772549021.1,11487.9,0,0,0.0000,0
1772549026.1,11492.9,0,0,0.0000,0
1772549031.1,11498.0,0,0,0.0000,0
1772549036.1,11503.0,0,0,0.0000,0
1772549041.2,11508.0,0,0,0.0000,0
1772549046.2,11513.0,0,0,0.0000,0
1772549051.2,11518.0,0,0,0.0000,0
1772549056.2,11523.0,0,0,0.0000,0
1772549061.2,11528.0,0,0,0.0000,0
1772549066.2,11533.0,0,0,0.0000,0
1772549071.2,11538.0,0,0,0.0000,0
1772549076.2,11543.0,0,0,0.0000,0
1772549081.2,11548.0,0,0,0.0000,0
1772549086.2,11553.0,0,0,0.0000,0
1772549091.2,11558.0,0,0,0.0000,0
1772549096.2,11563.0,0,0,0.0000,0
1772549101.2,11568.0,0,0,0.0000,0
1772549106.2,11573.0,0,0,0.0000,0
1772549111.2,11578.0,0,0,0.0000,0
1772549116.2,11583.0,0,0,0.0000,0
1772549121.2,11588.0,0,0,0.0000,0
1772549126.2,11593.0,0,0,0.0000,0
1772549131.2,11598.1,0,0,0.0000,0
1772549136.2,11603.1,0,0,0.0000,0
1772549141.2,11608.1,0,0,0.0000,0
1772549146.2,11613.1,0,0,0.0000,0
1772549151.3,11618.1,0,0,0.0000,0
1772549156.3,11623.1,0,0,0.0000,0
1772549161.3,11628.1,0,0,0.0000,0
1772549166.3,11633.1,0,0,0.0000,0
1772549171.3,11638.1,0,0,0.0000,0
1772549176.3,11643.1,0,0,0.0000,0
1772549181.3,11648.1,0,0,0.0000,0
1772549186.3,11653.2,0,0,0.0000,0
1772549191.3,11658.2,0,0,0.0000,0
1772549196.3,11663.2,0,0,0.0000,0
1772549201.3,11668.2,0,0,0.0000,0
1772549206.4,11673.2,0,0,0.0000,0
1772549211.4,11678.2,0,0,0.0000,0
1772549216.4,11683.2,0,0,0.0000,0
1772549221.4,11688.2,0,0,0.0000,0
1772549226.4,11693.2,0,0,0.0000,0
1772549231.4,11698.2,0,0,0.0000,0
1772549236.4,11703.2,0,0,0.0000,0
1772549241.4,11708.2,0,0,0.0000,0
1772549246.4,11713.2,0,0,0.0000,0
1772549251.4,11718.2,0,0,0.0000,0
1772549256.4,11723.2,0,0,0.0000,0
1772549261.4,11728.2,0,0,0.0000,0
1772549266.4,11733.2,0,0,0.0000,0
1772549271.4,11738.2,0,0,0.0000,0
1772549276.4,11743.2,0,0,0.0000,0
1772549281.4,11748.2,0,0,0.0000,0
1772549286.4,11753.2,0,0,0.0000,0
1772549291.4,11758.2,0,0,0.0000,0
1772549296.5,11763.3,0,0,0.0000,0
1772549301.5,11768.3,0,0,0.0000,0
1772549306.5,11773.3,0,0,0.0000,0
1772549311.5,11778.3,0,0,0.0000,0
1772549316.5,11783.3,0,0,0.0000,0
1772549321.5,11788.3,0,0,0.0000,0
1772549326.5,11793.3,0,0,0.0000,0
1772549331.5,11798.3,0,0,0.0000,0
1772549336.5,11803.3,0,0,0.0000,0
1772549341.5,11808.4,0,0,0.0000,0
1772549346.5,11813.4,0,0,0.0000,0
1772549351.5,11818.4,0,0,0.0000,0
1772549356.5,11823.4,0,0,0.0000,0
1772549361.6,11828.4,0,0,0.0000,0
1772549366.6,11833.4,0,0,0.0000,0
1772549371.6,11838.4,0,0,0.0000,0
1772549376.6,11843.4,0,0,0.0000,0
1772549381.6,11848.4,0,0,0.0000,0
1772549386.6,11853.4,0,0,0.0000,0
1772549391.6,11858.4,0,0,0.0000,0
1772549396.6,11863.4,0,0,0.0000,0
1772549401.6,11868.4,0,0,0.0000,0
1772549406.6,11873.4,0,0,0.0000,0
1772549411.6,11878.4,0,0,0.0000,0
1772549416.6,11883.4,0,0,0.0000,0
1772549421.6,11888.4,0,0,0.0000,0
1772549426.6,11893.4,0,0,0.0000,0
1772549431.6,11898.4,0,0,0.0000,0
1772549436.6,11903.4,0,0,0.0000,0
1772549441.6,11908.4,0,0,0.0000,0
1772549446.6,11913.4,0,0,0.0000,0
1772549451.6,11918.4,0,0,0.0000,0
1772549456.6,11923.4,0,0,0.0000,0
1772549461.6,11928.4,0,0,0.0000,0
1772549466.6,11933.4,0,0,0.0000,0
1772549471.6,11938.4,0,0,0.0000,0
1772549476.6,11943.4,0,0,0.0000,0
1772549481.6,11948.4,0,0,0.0000,0
1772549486.6,11953.4,0,0,0.0000,0
1772549491.6,11958.4,0,0,0.0000,0
1772549496.6,11963.5,0,0,0.0000,0
1772549501.6,11968.5,0,0,0.0000,0
1772549506.6,11973.5,0,0,0.0000,0
1772549511.6,11978.5,0,0,0.0000,0
1772549516.7,11983.5,0,0,0.0000,0
1772549521.7,11988.5,0,0,0.0000,0
1772549526.7,11993.5,0,0,0.0000,0
1772549531.7,11998.5,0,0,0.0000,0
1772549536.7,12003.5,0,0,0.0000,0
1772549541.7,12008.5,0,0,0.0000,0
1772549546.7,12013.5,0,0,0.0000,0
1772549551.7,12018.5,0,0,0.0000,0
1772549556.7,12023.5,0,0,0.0000,0
1772549561.7,12028.5,0,0,0.0000,0
1772549566.7,12033.5,0,0,0.0000,0
1772549571.7,12038.5,0,0,0.0000,0
1772549576.7,12043.5,0,0,0.0000,0
1772549581.7,12048.5,0,0,0.0000,0
1772549586.7,12053.5,0,0,0.0000,0
1772549591.7,12058.5,0,0,0.0000,0
1772549596.7,12063.5,0,0,0.0000,0
1772549601.7,12068.5,0,0,0.0000,0
1772549606.7,12073.5,0,0,0.0000,0
1772549611.7,12078.5,0,0,0.0000,0
1772549616.7,12083.5,0,0,0.0000,0
1772549621.7,12088.5,0,0,0.0000,0
1772549626.7,12093.5,0,0,0.0000,0
1772549631.7,12098.5,0,0,0.0000,0
1772549636.7,12103.5,0,0,0.0000,0
1772549641.7,12108.5,0,0,0.0000,0
1772549646.7,12113.6,0,0,0.0000,0
1772549651.7,12118.6,0,0,0.0000,0
1772549656.8,12123.6,0,0,0.0000,0
1772549661.8,12128.6,0,0,0.0000,0
1772549666.8,12133.6,0,0,0.0000,0
1772549671.8,12138.6,0,0,0.0000,0
1772549676.8,12143.6,0,0,0.0000,0
1772549681.8,12148.6,0,0,0.0000,0
1772549686.8,12153.6,0,0,0.0000,0
1772549691.8,12158.6,0,0,0.0000,0
1772549696.8,12163.6,0,0,0.0000,0
1772549701.8,12168.6,0,0,0.0000,0
1772549706.8,12173.6,0,0,0.0000,0
1772549711.8,12178.7,0,0,0.0000,0
1772549716.8,12183.7,0,0,0.0000,0
1772549721.8,12188.7,0,0,0.0000,0
1772549726.9,12193.7,0,0,0.0000,0
1772549731.9,12198.7,0,0,0.0000,0
1772549736.9,12203.7,0,0,0.0000,0
1772549741.9,12208.7,0,0,0.0000,0
1772549746.9,12213.7,0,0,0.0000,0
1772549751.9,12218.7,0,0,0.0000,0
1772549756.9,12223.7,0,0,0.0000,0
1772549761.9,12228.7,0,0,0.0000,0
1772549766.9,12233.7,0,0,0.0000,0
1772549771.9,12238.7,0,0,0.0000,0
1772549776.9,12243.7,0,0,0.0000,0
1772549781.9,12248.7,0,0,0.0000,0
1772549786.9,12253.7,0,0,0.0000,0
1772549791.9,12258.7,0,0,0.0000,0
1772549796.9,12263.7,0,0,0.0000,0
1772549801.9,12268.7,0,0,0.0000,0
1772549806.9,12273.8,0,0,0.0000,0
1772549811.9,12278.8,0,0,0.0000,0
1772549816.9,12283.8,0,0,0.0000,0
1772549822.0,12288.8,0,0,0.0000,0
1772549827.0,12293.8,0,0,0.0000,0
1772549832.0,12298.8,0,0,0.0000,0
1772549837.0,12303.8,0,0,0.0000,0
1772549842.0,12308.8,0,0,0.0000,0
1772549847.0,12313.8,0,0,0.0000,0
1772549852.0,12318.8,0,0,0.0000,0
1772549857.0,12323.8,0,0,0.0000,0
1772549862.0,12328.8,0,0,0.0000,0
1772549867.0,12333.8,0,0,0.0000,0
1772549872.0,12338.8,0,0,0.0000,0
1772549877.1,12343.9,0,0,0.0000,0
1772549882.1,12348.9,0,0,0.0000,0
1772549887.1,12353.9,0,0,0.0000,0
1772549892.1,12358.9,0,0,0.0000,0
1772549897.1,12363.9,0,0,0.0000,0
1772549902.1,12368.9,0,0,0.0000,0
1772549907.1,12373.9,0,0,0.0000,0
1772549912.1,12378.9,0,0,0.0000,0
1772549917.1,12383.9,0,0,0.0000,0
1772549922.1,12388.9,0,0,0.0000,0
1772549927.1,12393.9,0,0,0.0000,0
1772549932.1,12398.9,0,0,0.0000,0
1772549937.1,12403.9,0,0,0.0000,0
1772549942.1,12408.9,0,0,0.0000,0
1772549947.1,12413.9,0,0,0.0000,0
1772549952.1,12418.9,0,0,0.0000,0
1772549957.1,12423.9,0,0,0.0000,0
1772549962.1,12428.9,0,0,0.0000,0
1772549967.1,12434.0,0,0,0.0000,0
1772549972.1,12439.0,0,0,0.0000,0
1772549977.1,12444.0,0,0,0.0000,0
1772549982.2,12449.0,0,0,0.0000,0
1772549987.2,12454.0,0,0,0.0000,0
1772549992.2,12459.0,0,0,0.0000,0
1772549997.2,12464.0,0,0,0.0000,0
1772550002.2,12469.0,0,0,0.0000,0
1772550007.2,12474.0,0,0,0.0000,0
1772550012.2,12479.0,0,0,0.0000,0
1772550017.2,12484.0,0,0,0.0000,0
1772550022.2,12489.0,0,0,0.0000,0
1772550027.2,12494.0,0,0,0.0000,0
1772550032.2,12499.0,0,0,0.0000,0
1772550037.2,12504.0,0,0,0.0000,0
1772550042.2,12509.0,0,0,0.0000,0
1772550047.2,12514.1,0,0,0.0000,0
1772550052.2,12519.1,0,0,0.0000,0
1772550057.3,12524.1,0,0,0.0000,0
1772550062.3,12529.1,0,0,0.0000,0
1772550067.3,12534.1,0,0,0.0000,0
1772550072.3,12539.1,0,0,0.0000,0
1772550077.3,12544.1,0,0,0.0000,0
1772550082.3,12549.1,0,0,0.0000,0
1772550087.3,12554.1,0,0,0.0000,0
1772550092.3,12559.1,0,0,0.0000,0
1772550097.3,12564.1,0,0,0.0000,0
1772550102.3,12569.1,0,0,0.0000,0
1772550107.3,12574.1,0,0,0.0000,0
1772550112.3,12579.1,0,0,0.0000,0
1772550117.3,12584.1,0,0,0.0000,0
1772550122.3,12589.2,0,0,0.0000,0
1772550127.3,12594.2,0,0,0.0000,0
1772550132.4,12599.2,0,0,0.0000,0
1772550137.4,12604.2,0,0,0.0000,0
1772550142.4,12609.2,0,0,0.0000,0
1772550147.4,12614.2,0,0,0.0000,0
1772550152.4,12619.2,0,0,0.0000,0
1772550157.4,12624.2,0,0,0.0000,0
1772550162.4,12629.2,0,0,0.0000,0
1772550167.4,12634.2,0,0,0.0000,0
1772550172.4,12639.2,0,0,0.0000,0
1772550177.4,12644.2,0,0,0.0000,0
1772550182.4,12649.2,0,0,0.0000,0
1772550187.4,12654.2,0,0,0.0000,0
1772550192.4,12659.2,0,0,0.0000,0
1772550197.4,12664.2,0,0,0.0000,0
1772550202.4,12669.2,0,0,0.0000,0
1772550207.5,12674.3,0,0,0.0000,0
1772550212.5,12679.3,0,0,0.0000,0
1772550217.5,12684.3,0,0,0.0000,0
1772550222.5,12689.3,0,0,0.0000,0
1772550227.5,12694.4,0,0,0.0000,0
1772550232.5,12699.4,0,0,0.0000,0
1772550237.6,12704.4,0,0,0.0000,0
1772550242.6,12709.4,0,0,0.0000,0
1772550247.6,12714.4,0,0,0.0000,0
1772550252.6,12719.4,0,0,0.0000,0
1772550257.6,12724.4,0,0,0.0000,0
1772550262.6,12729.4,0,0,0.0000,0
1772550267.6,12734.4,0,0,0.0000,0
1772550272.6,12739.4,0,0,0.0000,0
1772550277.6,12744.4,0,0,0.0000,0
1772550282.6,12749.4,0,0,0.0000,0
1772550287.6,12754.4,0,0,0.0000,0
1772550292.6,12759.4,0,0,0.0000,0
1772550297.6,12764.4,0,0,0.0000,0
1772550302.6,12769.4,0,0,0.0000,0
1772550307.6,12774.4,0,0,0.0000,0
1772550312.6,12779.4,0,0,0.0000,0
1772550317.6,12784.4,0,0,0.0000,0
1772550322.6,12789.4,0,0,0.0000,0
1772550327.6,12794.4,0,0,0.0000,0
1772550332.6,12799.4,0,0,0.0000,0
1772550337.6,12804.4,0,0,0.0000,0
1772550342.6,12809.4,0,0,0.0000,0
1772550347.6,12814.4,0,0,0.0000,0
1772550352.6,12819.5,0,0,0.0000,0
1772550357.6,12824.5,0,0,0.0000,0
1772550362.6,12829.5,0,0,0.0000,0
1772550367.6,12834.5,0,0,0.0000,0
1772550372.7,12839.5,0,0,0.0000,0
1772550377.7,12844.5,0,0,0.0000,0
1772550382.7,12849.5,0,0,0.0000,0
1772550387.7,12854.5,0,0,0.0000,0
1772550392.7,12859.5,0,0,0.0000,0
1772550397.7,12864.5,0,0,0.0000,0
1772550402.7,12869.5,0,0,0.0000,0
1772550407.7,12874.5,0,0,0.0000,0
1772550412.7,12879.5,0,0,0.0000,0
1772550417.7,12884.5,0,0,0.0000,0
1772550422.7,12889.5,0,0,0.0000,0
1772550427.7,12894.5,0,0,0.0000,0
1772550432.7,12899.5,0,0,0.0000,0
1772550437.7,12904.5,0,0,0.0000,0
1772550442.7,12909.6,0,0,0.0000,0
1772550447.7,12914.6,0,0,0.0000,0
1772550452.8,12919.6,0,0,0.0000,0
1772550457.8,12924.6,0,0,0.0000,0
1772550462.8,12929.6,0,0,0.0000,0
1772550467.8,12934.6,0,0,0.0000,0
1772550472.8,12939.6,0,0,0.0000,0
1772550477.8,12944.6,0,0,0.0000,0
1772550482.8,12949.6,0,0,0.0000,0
1772550487.8,12954.6,0,0,0.0000,0
1772550492.8,12959.6,0,0,0.0000,0
1772550497.8,12964.6,0,0,0.0000,0
1772550502.8,12969.6,0,0,0.0000,0
1772550507.8,12974.6,0,0,0.0000,0
1772550512.8,12979.6,0,0,0.0000,0
1772550517.8,12984.6,0,0,0.0000,0
1772550522.9,12989.7,0,0,0.0000,0
1772550527.9,12994.7,0,0,0.0000,0
1772550532.9,12999.7,0,0,0.0000,0
1772550537.9,13004.7,0,0,0.0000,0
1772550542.9,13009.7,0,0,0.0000,0
1772550547.9,13014.7,0,0,0.0000,0
1772550552.9,13019.7,0,0,0.0000,0
1772550557.9,13024.7,0,0,0.0000,0
1772550562.9,13029.7,0,0,0.0000,0
1772550567.9,13034.7,0,0,0.0000,0
1772550572.9,13039.7,0,0,0.0000,0
1772550577.9,13044.7,0,0,0.0000,0
1772550582.9,13049.7,0,0,0.0000,0
1772550587.9,13054.7,0,0,0.0000,0
1772550592.9,13059.7,0,0,0.0000,0
1772550597.9,13064.7,0,0,0.0000,0
1772550602.9,13069.7,0,0,0.0000,0
1772550607.9,13074.7,0,0,0.0000,0
1772550612.9,13079.7,0,0,0.0000,0
1772550617.9,13084.7,0,0,0.0000,0
1772550622.9,13089.8,0,0,0.0000,0
1772550627.9,13094.8,0,0,0.0000,0
1772550632.9,13099.8,0,0,0.0000,0
1772550638.0,13104.8,0,0,0.0000,0
1772550643.0,13109.8,0,0,0.0000,0
1772550648.0,13114.8,0,0,0.0000,0
1772550653.0,13119.8,0,0,0.0000,0
1772550658.0,13124.8,0,0,0.0000,0
1772550663.0,13129.8,0,0,0.0000,0
1772550668.0,13134.8,0,0,0.0000,0
1772550673.0,13139.8,0,0,0.0000,0
1772550678.0,13144.8,0,0,0.0000,0
1772550683.0,13149.8,0,0,0.0000,0
1772550688.0,13154.8,0,0,0.0000,0
1772550693.0,13159.8,0,0,0.0000,0
1772550698.0,13164.8,0,0,0.0000,0
1772550703.0,13169.8,0,0,0.0000,0
1772550708.0,13174.8,0,0,0.0000,0
1772550713.0,13179.8,0,0,0.0000,0
1772550718.0,13184.8,0,0,0.0000,0
1772550723.0,13189.8,0,0,0.0000,0
1772550728.0,13194.8,0,0,0.0000,0
1772550733.0,13199.8,0,0,0.0000,0
1772550738.0,13204.8,0,0,0.0000,0
1772550743.0,13209.9,0,0,0.0000,0
1772550748.0,13214.9,0,0,0.0000,0
1772550753.0,13219.9,0,0,0.0000,0
1772550758.1,13224.9,0,0,0.0000,0
1772550763.1,13229.9,0,0,0.0000,0
1772550768.1,13234.9,0,0,0.0000,0
1772550773.1,13239.9,0,0,0.0000,0
1772550778.1,13244.9,0,0,0.0000,0
1772550783.1,13249.9,0,0,0.0000,0
1772550788.1,13254.9,0,0,0.0000,0
1772550793.1,13259.9,0,0,0.0000,0
1772550798.1,13265.0,0,0,0.0000,0
1772550803.2,13270.0,0,0,0.0000,0
1772550808.2,13275.0,0,0,0.0000,0
1772550813.2,13280.0,0,0,0.0000,0
1772550818.2,13285.0,0,0,0.0000,0
1772550823.2,13290.0,0,0,0.0000,0
1772550828.2,13295.0,0,0,0.0000,0
1772550833.2,13300.0,0,0,0.0000,0
1772550838.2,13305.0,0,0,0.0000,0
1772550843.2,13310.0,0,0,0.0000,0
1772550848.2,13315.0,0,0,0.0000,0
1772550853.2,13320.0,0,0,0.0000,0
1772550858.2,13325.0,0,0,0.0000,0
1772550863.2,13330.0,0,0,0.0000,0
1772550868.2,13335.0,0,0,0.0000,0
1772550873.2,13340.0,0,0,0.0000,0
1772550878.2,13345.0,0,0,0.0000,0
1772550883.2,13350.0,0,0,0.0000,0
1772550888.2,13355.0,0,0,0.0000,0
1772550893.2,13360.0,0,0,0.0000,0
1772550898.2,13365.0,0,0,0.0000,0
1772550903.2,13370.0,0,0,0.0000,0
1772550908.2,13375.0,0,0,0.0000,0
1772550913.2,13380.0,0,0,0.0000,0
1772550918.2,13385.0,0,0,0.0000,0
1772550923.2,13390.0,0,0,0.0000,0
1772550928.2,13395.1,0,0,0.0000,0
1772550933.2,13400.1,0,0,0.0000,0
1772550938.2,13405.1,0,0,0.0000,0
1772550943.2,13410.1,0,0,0.0000,0
1772550948.3,13415.1,0,0,0.0000,0
1772550953.3,13420.1,0,0,0.0000,0
1772550958.3,13425.1,0,0,0.0000,0
1772550963.3,13430.1,0,0,0.0000,0
1772550968.3,13435.1,0,0,0.0000,0
1772550973.3,13440.1,0,0,0.0000,0
1772550978.3,13445.1,0,0,0.0000,0
1772550983.3,13450.1,0,0,0.0000,0
1772550988.3,13455.1,0,0,0.0000,0
1772550993.3,13460.1,0,0,0.0000,0
1772550998.3,13465.1,0,0,0.0000,0
1772551003.3,13470.1,0,0,0.0000,0
1772551008.3,13475.1,0,0,0.0000,0
1772551013.3,13480.1,0,0,0.0000,0
1772551018.3,13485.1,0,0,0.0000,0
1772551023.3,13490.1,0,0,0.0000,0
1772551028.3,13495.1,0,0,0.0000,0
1772551033.3,13500.1,0,0,0.0000,0
1772551038.3,13505.1,0,0,0.0000,0
1772551043.3,13510.1,0,0,0.0000,0
1772551048.3,13515.1,0,0,0.0000,0
1772551053.3,13520.1,0,0,0.0000,0
1772551058.3,13525.1,0,0,0.0000,0
1772551063.3,13530.1,0,0,0.0000,0
1772551068.3,13535.1,0,0,0.0000,0
1772551073.3,13540.1,0,0,0.0000,0
1772551078.3,13545.1,0,0,0.0000,0
1772551083.3,13550.1,0,0,0.0000,0
1772551088.3,13555.2,0,0,0.0000,0
1772551093.3,13560.2,0,0,0.0000,0
1772551098.3,13565.2,0,0,0.0000,0
1772551103.4,13570.2,0,0,0.0000,0
1772551108.4,13575.2,0,0,0.0000,0
1772551113.4,13580.2,0,0,0.0000,0
1772551118.4,13585.2,0,0,0.0000,0
1772551123.4,13590.2,0,0,0.0000,0
1772551128.4,13595.2,0,0,0.0000,0
1772551133.4,13600.2,0,0,0.0000,0
1772551138.4,13605.2,0,0,0.0000,0
1772551143.4,13610.2,0,0,0.0000,0
1772551148.4,13615.2,0,0,0.0000,0
1772551153.4,13620.2,0,0,0.0000,0
1772551158.4,13625.2,0,0,0.0000,0
1772551163.4,13630.2,0,0,0.0000,0
1772551168.4,13635.2,0,0,0.0000,0
1772551173.4,13640.2,0,0,0.0000,0
1772551178.4,13645.2,0,0,0.0000,0
1772551183.4,13650.2,0,0,0.0000,0
1772551188.4,13655.2,0,0,0.0000,0
1772551193.4,13660.2,0,0,0.0000,0
1772551198.4,13665.2,0,0,0.0000,0
1772551203.4,13670.2,0,0,0.0000,0
1772551208.4,13675.2,0,0,0.0000,0
1772551213.4,13680.2,0,0,0.0000,0
1772551218.4,13685.2,0,0,0.0000,0
1772551223.4,13690.2,0,0,0.0000,0
1772551228.4,13695.2,0,0,0.0000,0
1772551233.4,13700.2,0,0,0.0000,0
1772551238.4,13705.2,0,0,0.0000,0
1772551243.4,13710.2,0,0,0.0000,0
1772551248.4,13715.3,0,0,0.0000,0
1772551253.4,13720.3,0,0,0.0000,0
1772551258.4,13725.3,0,0,0.0000,0
1772551263.5,13730.3,0,0,0.0000,0
1772551268.5,13735.3,0,0,0.0000,0
1772551273.5,13740.3,0,0,0.0000,0
1772551278.5,13745.3,0,0,0.0000,0
1772551283.5,13750.3,0,0,0.0000,0
1772551288.5,13755.3,0,0,0.0000,0
1772551293.5,13760.3,0,0,0.0000,0
1772551298.5,13765.3,0,0,0.0000,0
1772551303.5,13770.3,0,0,0.0000,0
1772551308.5,13775.3,0,0,0.0000,0
1772551313.5,13780.3,0,0,0.0000,0
1772551318.5,13785.3,0,0,0.0000,0
1772551323.5,13790.3,0,0,0.0000,0
1772551328.5,13795.3,0,0,0.0000,0
1772551333.5,13800.3,0,0,0.0000,0
1772551338.5,13805.3,0,0,0.0000,0
1772551343.5,13810.3,0,0,0.0000,0
1772551348.5,13815.3,0,0,0.0000,0
1772551353.5,13820.3,0,0,0.0000,0
1772551358.5,13825.3,0,0,0.0000,0
1772551363.5,13830.3,0,0,0.0000,0
1772551368.5,13835.3,0,0,0.0000,0
1772551373.5,13840.3,0,0,0.0000,0
1772551378.5,13845.3,0,0,0.0000,0
1772551383.5,13850.3,0,0,0.0000,0
1772551388.5,13855.3,0,0,0.0000,0
1772551393.5,13860.3,0,0,0.0000,0
1772551398.5,13865.3,0,0,0.0000,0
1772551403.5,13870.3,0,0,0.0000,0
1772551408.5,13875.4,0,0,0.0000,0
1772551413.5,13880.4,0,0,0.0000,0
1772551418.5,13885.4,0,0,0.0000,0
1772551423.6,13890.4,0,0,0.0000,0
1772551428.6,13895.4,0,0,0.0000,0
1772551433.6,13900.4,0,0,0.0000,0
1772551438.6,13905.4,0,0,0.0000,0
1772551443.6,13910.4,0,0,0.0000,0
1772551448.6,13915.4,0,0,0.0000,0
1772551453.6,13920.4,0,0,0.0000,0
1772551458.6,13925.4,0,0,0.0000,0
1772551463.6,13930.4,0,0,0.0000,0
1772551468.6,13935.4,0,0,0.0000,0
1772551473.6,13940.4,0,0,0.0000,0
1772551478.6,13945.4,0,0,0.0000,0
1772551483.6,13950.4,0,0,0.0000,0
1772551488.6,13955.4,0,0,0.0000,0
1772551493.6,13960.4,0,0,0.0000,0
1772551498.6,13965.4,0,0,0.0000,0
1772551503.6,13970.4,0,0,0.0000,0
1772551508.7,13975.5,0,0,0.0000,0
1772551513.7,13980.5,0,0,0.0000,0
1772551518.7,13985.5,0,0,0.0000,0
1772551523.7,13990.5,0,0,0.0000,0
1772551528.7,13995.5,0,0,0.0000,0
1772551533.7,14000.5,0,0,0.0000,0
1772551538.7,14005.5,0,0,0.0000,0
1772551543.7,14010.5,0,0,0.0000,0
1772551548.7,14015.5,0,0,0.0000,0
1772551553.8,14020.6,0,0,0.0000,0
1772551558.8,14025.6,0,0,0.0000,0
1772551563.8,14030.6,0,0,0.0000,0
1772551568.8,14035.6,0,0,0.0000,0
1772551573.8,14040.6,0,0,0.0000,0
1772551578.8,14045.6,0,0,0.0000,0
1772551583.8,14050.6,0,0,0.0000,0
1772551588.8,14055.6,0,0,0.0000,0
1772551593.8,14060.6,0,0,0.0000,0
1772551598.8,14065.6,0,0,0.0000,0
1772551603.8,14070.6,0,0,0.0000,0
1772551608.8,14075.6,0,0,0.0000,0
1772551613.8,14080.6,0,0,0.0000,0
1772551618.8,14085.6,0,0,0.0000,0
1772551623.8,14090.6,0,0,0.0000,0
1772551628.8,14095.6,0,0,0.0000,0
1772551633.8,14100.6,0,0,0.0000,0
1772551638.8,14105.6,0,0,0.0000,0
1772551643.8,14110.6,0,0,0.0000,0
1772551648.8,14115.6,0,0,0.0000,0
1772551653.8,14120.6,0,0,0.0000,0
1772551658.8,14125.6,0,0,0.0000,0
1772551663.8,14130.7,0,0,0.0000,0
1772551668.8,14135.7,0,0,0.0000,0
1772551673.8,14140.7,0,0,0.0000,0
1772551678.9,14145.7,0,0,0.0000,0
1772551683.9,14150.7,0,0,0.0000,0
1772551688.9,14155.7,0,0,0.0000,0
1772551693.9,14160.7,0,0,0.0000,0
1772551698.9,14165.7,0,0,0.0000,0
1772551703.9,14170.7,0,0,0.0000,0
1772551708.9,14175.7,0,0,0.0000,0
1772551713.9,14180.7,0,0,0.0000,0
1772551718.9,14185.7,0,0,0.0000,0
1772551723.9,14190.7,0,0,0.0000,0
1772551728.9,14195.7,0,0,0.0000,0
1772551733.9,14200.7,0,0,0.0000,0
1772551738.9,14205.7,0,0,0.0000,0
1772551743.9,14210.7,0,0,0.0000,0
1772551748.9,14215.7,0,0,0.0000,0
1772551753.9,14220.7,0,0,0.0000,0
1772551758.9,14225.7,0,0,0.0000,0
1772551763.9,14230.7,0,0,0.0000,0
1772551768.9,14235.7,0,0,0.0000,0
1772551773.9,14240.7,0,0,0.0000,0
1772551778.9,14245.7,0,0,0.0000,0
1772551783.9,14250.7,0,0,0.0000,0
1772551788.9,14255.7,0,0,0.0000,0
1772551793.9,14260.7,0,0,0.0000,0
1772551798.9,14265.7,0,0,0.0000,0
1772551804.0,14270.8,0,0,0.0000,0
1772551809.0,14275.8,0,0,0.0000,0
1772551814.0,14280.8,0,0,0.0000,0
1772551819.0,14285.8,0,0,0.0000,0
1772551824.0,14290.8,0,0,0.0000,0
1772551829.0,14295.8,0,0,0.0000,0
1772551834.0,14300.8,0,0,0.0000,0
1772551839.0,14305.8,0,0,0.0000,0
1772551844.0,14310.8,0,0,0.0000,0
1772551849.0,14315.8,0,0,0.0000,0
1772551854.0,14320.8,0,0,0.0000,0
1772551859.0,14325.8,0,0,0.0000,0
1772551864.0,14330.8,0,0,0.0000,0
1772551869.0,14335.8,0,0,0.0000,0
1772551874.0,14340.8,0,0,0.0000,0
1772551879.0,14345.8,0,0,0.0000,0
1772551884.0,14350.8,0,0,0.0000,0
1772551889.0,14355.8,0,0,0.0000,0
1772551894.0,14360.8,0,0,0.0000,0
1772551899.0,14365.9,0,0,0.0000,0
1772551904.0,14370.9,0,0,0.0000,0
1772551909.0,14375.9,0,0,0.0000,0
1772551914.1,14380.9,0,0,0.0000,0
1772551919.1,14385.9,0,0,0.0000,0
1772551924.1,14390.9,0,0,0.0000,0
1772551929.1,14395.9,0,0,0.0000,0
1772551934.1,14400.9,0,0,0.0000,0
1772551939.1,14405.9,0,0,0.0000,0
1772551944.1,14410.9,0,0,0.0000,0
1772551949.1,14415.9,0,0,0.0000,0
1772551954.1,14420.9,0,0,0.0000,0
1772551959.1,14425.9,0,0,0.0000,0
1772551964.1,14430.9,0,0,0.0000,0
1772551969.1,14435.9,0,0,0.0000,0
1772551974.1,14440.9,0,0,0.0000,0
1772551979.1,14445.9,0,0,0.0000,0
1772551984.1,14450.9,0,0,0.0000,0
1772551989.1,14455.9,0,0,0.0000,0
1772551994.1,14460.9,0,0,0.0000,0
1772551999.1,14465.9,0,0,0.0000,0
1772552004.1,14470.9,0,0,0.0000,0
1772552009.1,14475.9,0,0,0.0000,0
1772552014.1,14480.9,0,0,0.0000,0
1772552019.1,14485.9,0,0,0.0000,0
1772552024.1,14490.9,0,0,0.0000,0
1772552029.1,14496.0,0,0,0.0000,0
1772552034.1,14501.0,0,0,0.0000,0
1772552039.2,14506.0,0,0,0.0000,0
1772552044.2,14511.0,0,0,0.0000,0
1772552049.2,14516.0,0,0,0.0000,0
1772552054.2,14521.0,0,0,0.0000,0
1772552059.2,14526.0,0,0,0.0000,0
1772552064.2,14531.0,0,0,0.0000,0
1772552069.2,14536.0,0,0,0.0000,0
1772552074.2,14541.0,0,0,0.0000,0
1772552079.2,14546.0,0,0,0.0000,0
1772552084.2,14551.0,0,0,0.0000,0
1772552089.2,14556.0,0,0,0.0000,0
1772552094.2,14561.0,0,0,0.0000,0
1772552099.2,14566.0,0,0,0.0000,0
1772552104.2,14571.0,0,0,0.0000,0
1772552109.2,14576.0,0,0,0.0000,0
1772552114.2,14581.0,0,0,0.0000,0
1772552119.3,14586.1,0,0,0.0000,0
1772552124.3,14591.1,0,0,0.0000,0
1772552129.3,14596.1,0,0,0.0000,0
1772552134.3,14601.1,0,0,0.0000,0
1772552139.4,14606.2,0,0,0.0000,0
1772552144.4,14611.2,0,0,0.0000,0
1772552149.4,14616.2,0,0,0.0000,0
1772552154.4,14621.2,0,0,0.0000,0
1772552159.4,14626.2,0,0,0.0000,0
1772552164.4,14631.2,0,0,0.0000,0
1772552169.4,14636.2,0,0,0.0000,0
1772552174.4,14641.2,0,0,0.0000,0
1772552179.4,14646.2,0,0,0.0000,0
1772552184.4,14651.2,0,0,0.0000,0
1772552189.4,14656.3,0,0,0.0000,0
1772552194.5,14661.3,0,0,0.0000,0
1772552199.5,14666.3,0,0,0.0000,0
1772552204.5,14671.3,0,0,0.0000,0
1772552209.5,14676.3,0,0,0.0000,0
1772552214.5,14681.3,0,0,0.0000,0
1772552219.5,14686.3,0,0,0.0000,0
1772552224.5,14691.3,0,0,0.0000,0
1772552229.5,14696.3,0,0,0.0000,0
1772552234.5,14701.3,0,0,0.0000,0
1772552239.5,14706.3,0,0,0.0000,0
1772552244.5,14711.3,0,0,0.0000,0
1772552249.5,14716.3,0,0,0.0000,0
1772552254.5,14721.3,0,0,0.0000,0
1772552259.5,14726.3,0,0,0.0000,0
1772552264.5,14731.3,0,0,0.0000,0
1772552269.5,14736.4,0,0,0.0000,0
1772552274.5,14741.4,0,0,0.0000,0
1772552279.5,14746.4,0,0,0.0000,0
1772552284.5,14751.4,0,0,0.0000,0
1772552289.6,14756.4,0,0,0.0000,0
1772552294.6,14761.4,0,0,0.0000,0
1772552299.6,14766.4,0,0,0.0000,0
1772552304.6,14771.4,0,0,0.0000,0
1772552309.6,14776.4,0,0,0.0000,0
1772552314.6,14781.4,0,0,0.0000,0
1772552319.6,14786.4,0,0,0.0000,0
1772552324.6,14791.4,0,0,0.0000,0
1772552329.6,14796.4,0,0,0.0000,0
1772552334.6,14801.4,0,0,0.0000,0
1772552339.6,14806.4,0,0,0.0000,0
1772552344.6,14811.4,0,0,0.0000,0
1772552349.6,14816.4,0,0,0.0000,0
1772552354.6,14821.4,0,0,0.0000,0
1772552359.6,14826.4,0,0,0.0000,0
1772552364.6,14831.4,0,0,0.0000,0
1772552369.6,14836.4,0,0,0.0000,0
1772552374.6,14841.4,0,0,0.0000,0
1772552379.6,14846.4,0,0,0.0000,0
1772552384.6,14851.4,0,0,0.0000,0
1772552389.6,14856.4,0,0,0.0000,0
1772552394.6,14861.4,0,0,0.0000,0
1772552399.6,14866.4,0,0,0.0000,0
1772552404.6,14871.4,0,0,0.0000,0
1772552409.6,14876.4,0,0,0.0000,0
1772552414.7,14881.5,0,0,0.0000,0
1772552419.7,14886.5,0,0,0.0000,0
1772552424.7,14891.5,0,0,0.0000,0
1772552429.7,14896.5,0,0,0.0000,0
1772552434.7,14901.5,0,0,0.0000,0
1772552439.7,14906.5,0,0,0.0000,0
1772552444.7,14911.5,0,0,0.0000,0
1772552449.7,14916.5,0,0,0.0000,0
1772552454.7,14921.5,0,0,0.0000,0
1772552459.7,14926.5,0,0,0.0000,0
1772552464.7,14931.5,0,0,0.0000,0
1772552469.7,14936.5,0,0,0.0000,0
1772552474.7,14941.5,0,0,0.0000,0
1772552479.7,14946.5,0,0,0.0000,0
1772552484.8,14951.6,0,0,0.0000,0
1772552489.8,14956.6,0,0,0.0000,0
1772552494.8,14961.6,0,0,0.0000,0
1772552499.8,14966.6,0,0,0.0000,0
1772552504.8,14971.6,0,0,0.0000,0
1772552509.8,14976.6,0,0,0.0000,0
1772552514.8,14981.6,0,0,0.0000,0
1772552519.8,14986.6,0,0,0.0000,0
1772552524.8,14991.6,0,0,0.0000,0
1772552529.8,14996.6,0,0,0.0000,0
1772552534.8,15001.6,0,0,0.0000,0
1772552539.8,15006.6,0,0,0.0000,0
1772552544.8,15011.6,0,0,0.0000,0
1772552549.8,15016.6,0,0,0.0000,0
1772552554.8,15021.6,0,0,0.0000,0
1772552559.8,15026.6,0,0,0.0000,0
1772552564.8,15031.6,0,0,0.0000,0
1772552569.8,15036.6,0,0,0.0000,0
1772552574.8,15041.7,0,0,0.0000,0
1772552579.8,15046.7,0,0,0.0000,0
1772552584.8,15051.7,0,0,0.0000,0
1772552589.8,15056.7,0,0,0.0000,0
1772552594.9,15061.7,0,0,0.0000,0
1772552599.9,15066.7,0,0,0.0000,0
1772552604.9,15071.7,0,0,0.0000,0
1772552609.9,15076.7,0,0,0.0000,0
1772552614.9,15081.7,0,0,0.0000,0
1772552619.9,15086.7,0,0,0.0000,0
1772552624.9,15091.7,0,0,0.0000,0
1772552629.9,15096.7,0,0,0.0000,0
1772552634.9,15101.7,0,0,0.0000,0
1772552639.9,15106.7,0,0,0.0000,0
1772552644.9,15111.7,0,0,0.0000,0
1772552649.9,15116.7,0,0,0.0000,0
1772552654.9,15121.7,0,0,0.0000,0
1772552659.9,15126.7,0,0,0.0000,0
1772552664.9,15131.7,0,0,0.0000,0
1772552669.9,15136.7,0,0,0.0000,0
1772552674.9,15141.8,0,0,0.0000,0
1772552679.9,15146.8,0,0,0.0000,0
1772552684.9,15151.8,0,0,0.0000,0
1772552689.9,15156.8,0,0,0.0000,0
1772552695.0,15161.8,0,0,0.0000,0
1772552700.0,15166.8,0,0,0.0000,0
1772552705.0,15171.8,0,0,0.0000,0
1772552710.0,15176.8,0,0,0.0000,0
1772552715.0,15181.8,0,0,0.0000,0
1772552720.0,15186.8,0,0,0.0000,0
1772552725.0,15191.8,0,0,0.0000,0
1772552730.0,15196.8,0,0,0.0000,0
1772552735.0,15201.8,0,0,0.0000,0
1772552740.0,15206.8,0,0,0.0000,0
1772552745.0,15211.8,0,0,0.0000,0
1772552750.0,15216.8,0,0,0.0000,0
1772552755.0,15221.8,0,0,0.0000,0
1772552760.0,15226.8,0,0,0.0000,0
1772552765.0,15231.8,0,0,0.0000,0
1772552770.0,15236.8,0,0,0.0000,0
1772552775.0,15241.9,0,0,0.0000,0
1772552780.0,15246.9,0,0,0.0000,0
1772552785.0,15251.9,0,0,0.0000,0
1772552790.0,15256.9,0,0,0.0000,0
1772552795.1,15261.9,0,0,0.0000,0
1772552800.1,15266.9,0,0,0.0000,0
1772552805.1,15271.9,0,0,0.0000,0
1772552810.1,15276.9,0,0,0.0000,0
1772552815.1,15281.9,0,0,0.0000,0
1772552820.1,15286.9,0,0,0.0000,0
1772552825.1,15291.9,0,0,0.0000,0
1772552830.1,15296.9,0,0,0.0000,0
1772552835.1,15301.9,0,0,0.0000,0
1772552840.1,15306.9,0,0,0.0000,0
1772552845.1,15311.9,0,0,0.0000,0
1772552850.1,15316.9,0,0,0.0000,0
1772552855.1,15321.9,0,0,0.0000,0
1772552860.1,15326.9,0,0,0.0000,0
1772552865.1,15331.9,0,0,0.0000,0
1772552870.1,15336.9,0,0,0.0000,0
1772552875.1,15341.9,0,0,0.0000,0
1772552880.1,15346.9,0,0,0.0000,0
1772552885.1,15351.9,0,0,0.0000,0
1772552890.1,15356.9,0,0,0.0000,0
1772552895.1,15361.9,0,0,0.0000,0
1772552900.1,15366.9,0,0,0.0000,0
1772552905.1,15372.0,0,0,0.0000,0
1772552910.1,15377.0,0,0,0.0000,0
1772552915.1,15382.0,0,0,0.0000,0
1772552920.2,15387.0,0,0,0.0000,0
1772552925.2,15392.0,0,0,0.0000,0
1772552930.2,15397.0,0,0,0.0000,0
1772552935.2,15402.0,0,0,0.0000,0
1772552940.2,15407.0,0,0,0.0000,0
1772552945.2,15412.0,0,0,0.0000,0
1772552950.2,15417.0,0,0,0.0000,0
1772552955.2,15422.0,0,0,0.0000,0
1772552960.2,15427.0,0,0,0.0000,0
1772552965.2,15432.0,0,0,0.0000,0
1772552970.2,15437.0,0,0,0.0000,0
1772552975.2,15442.0,0,0,0.0000,0
1772552980.2,15447.0,0,0,0.0000,0
1772552985.2,15452.0,0,0,0.0000,0
1772552990.2,15457.0,0,0,0.0000,0
1772552995.2,15462.0,0,0,0.0000,0
1772553000.2,15467.0,0,0,0.0000,0
1772553005.2,15472.0,0,0,0.0000,0
1772553010.2,15477.0,0,0,0.0000,0
1772553015.2,15482.0,0,0,0.0000,0
1772553020.2,15487.0,0,0,0.0000,0
1772553025.2,15492.0,0,0,0.0000,0
1772553030.2,15497.0,0,0,0.0000,0
1772553035.2,15502.0,0,0,0.0000,0
1772553040.2,15507.0,0,0,0.0000,0
1772553045.2,15512.1,0,0,0.0000,0
1772553050.3,15517.1,0,0,0.0000,0
1772553055.3,15522.1,0,0,0.0000,0
1772553060.3,15527.1,0,0,0.0000,0
1772553065.3,15532.1,0,0,0.0000,0
1772553070.3,15537.1,0,0,0.0000,0
1772553075.3,15542.1,0,0,0.0000,0
1772553080.3,15547.1,0,0,0.0000,0
1772553085.3,15552.1,0,0,0.0000,0
1772553090.3,15557.1,0,0,0.0000,0
1772553095.3,15562.1,0,0,0.0000,0
1772553100.3,15567.1,0,0,0.0000,0
1772553105.3,15572.1,0,0,0.0000,0
1772553110.3,15577.1,0,0,0.0000,0
1772553115.3,15582.1,0,0,0.0000,0
1772553120.3,15587.1,0,0,0.0000,0
1772553125.3,15592.1,0,0,0.0000,0
1772553130.3,15597.2,0,0,0.0000,0
1772553135.3,15602.2,0,0,0.0000,0
1772553140.4,15607.2,0,0,0.0000,0
1772553145.4,15612.2,0,0,0.0000,0
1772553150.4,15617.2,0,0,0.0000,0
1772553155.4,15622.2,0,0,0.0000,0
1772553160.4,15627.2,0,0,0.0000,0
1772553165.4,15632.2,0,0,0.0000,0
1772553170.4,15637.2,0,0,0.0000,0
1772553175.4,15642.2,0,0,0.0000,0
1772553180.4,15647.2,0,0,0.0000,0
1772553185.4,15652.2,0,0,0.0000,0
1772553190.4,15657.2,0,0,0.0000,0
1772553195.4,15662.2,0,0,0.0000,0
1772553200.4,15667.2,0,0,0.0000,0
1772553205.4,15672.2,0,0,0.0000,0
1772553210.4,15677.2,0,0,0.0000,0
1772553215.4,15682.2,0,0,0.0000,0
1772553220.4,15687.2,0,0,0.0000,0
1772553225.4,15692.2,0,0,0.0000,0
1772553230.4,15697.3,0,0,0.0000,0
1772553235.4,15702.3,0,0,0.0000,0
1772553240.4,15707.3,0,0,0.0000,0
1772553245.4,15712.3,0,0,0.0000,0
1772553250.5,15717.3,0,0,0.0000,0
1772553255.5,15722.3,0,0,0.0000,0
1772553260.5,15727.3,0,0,0.0000,0
1772553265.5,15732.3,0,0,0.0000,0
1772553270.5,15737.3,0,0,0.0000,0
1772553275.5,15742.3,0,0,0.0000,0
