
=== PROBLEM MANIFEST ===
  Test set: set_c | Total: 4 problems
  IDs: ['403988', '3eee67', 'dccede', '2b401b']
=== END MANIFEST ===

================================================================================
  BATCH: SET_C — Wave 1 + Wave 2 (4 problems)
  GPU mem: 0.0GB alloc / 0.0GB reserved
================================================================================

──────────────────────────────────────────────────────────────────────
  [1/4] Problem 403988 | Expected: 65537
──────────────────────────────────────────────────────────────────────

Problem: Find all prime numbers $p < 260^2$ that satisfy $\{\sqrt{p}\} < \frac{1}{510}$.

Compute the numerical value of the answer.


============================================================
  WAVE 1: CLASSIFICATION
============================================================
Budget: 100s | Pool left: 6000s | Attempts: 42
Classification failed: Unexpected EOS while waiting for message header to complete
Classification failed: Unexpected EOS while waiting for message header to complete

Classification results (40 attempts):
  Attempt 1: number_theory.floor_function.modular_floor [medium] (conf=1.0, turns=3, time=72.0s)
  Attempt 2: number_theory.size.size_arguments [easy] (conf=1.0, turns=1, time=32.4s)
  Attempt 3: number_theory.floor_function.modular_floor [easy] (conf=1.0, turns=2, time=62.8s)
  Attempt 4: number_theory.floor_function.modular_floor [medium] (conf=1.0, turns=3, time=68.3s)
  Attempt 6: number_theory.floor_function.modular_floor [medium] (conf=1.0, turns=2, time=60.0s)
  Attempt 7: taxonomy [easy] (conf=1.0, turns=1, time=37.9s)
  Attempt 8: basic.basic.basic [easy] (conf=1.0, turns=2, time=54.4s)
  Attempt 9: basic.basic.basic [easy] (conf=1.0, turns=1, time=31.7s)
  Attempt 10: number_theory.size.size_arguments [medium] (conf=1.0, turns=3, time=39.9s)
  Attempt 11: number_theory.primes.cyclotomic_nt [medium] (conf=1.0, turns=3, time=78.1s)
  Attempt 12: number_theory.floor_function.modular_floor [medium] (conf=1.0, turns=3, time=80.1s)
  Attempt 13: number_theory.floor_function.modular_floor [medium] (conf=1.0, turns=1, time=41.5s)
  Attempt 14: basic.basic.basic [easy] (conf=1.0, turns=2, time=57.9s)
  Attempt 15: number_theory.floor_function.modular_floor [easy] (conf=1.0, turns=4, time=67.5s)
  Attempt 16: number_theory.floor_function.modular_floor [easy] (conf=1.0, turns=2, time=27.5s)
  Attempt 17: number_theory.size.size_arguments [medium] (conf=1.0, turns=2, time=48.8s)
  Attempt 18: basic.basic.basic [easy] (conf=1.0, turns=2, time=53.5s)
  Attempt 19: number_theory.floor_function.modular_floor [easy] (conf=0.7, turns=5, time=96.9s)
  Attempt 20: number_theory.floor_function.modular_floor [medium] (conf=1.0, turns=5, time=79.6s)
  Attempt 21: number_theory.floor_function.modular_floor [easy] (conf=1.0, turns=2, time=42.4s)
  Attempt 22: number_theory.floor_function.modular_floor [medium] (conf=0.7, turns=6, time=85.9s)
  Attempt 23: basic.basic.basic [easy] (conf=1.0, turns=2, time=50.2s)
  Attempt 24: number_theory.size.size_arguments [medium] (conf=1.0, turns=3, time=69.8s)
  Attempt 25: basic.basic.basic [easy] (conf=1.0, turns=2, time=33.2s)
  Attempt 26: number_theory.floor_function.modular_floor [easy] (conf=1.0, turns=3, time=56.8s)
  Attempt 27: basic.basic.basic [easy] (conf=1.0, turns=2, time=55.1s)
  Attempt 28: basic.basic.basic [easy] (conf=1.0, turns=1, time=36.1s)
  Attempt 29: basic.basic.basic [easy] (conf=1.0, turns=2, time=58.0s)
  Attempt 30: number_theory.floor_function.modular_floor [medium] (conf=1.0, turns=2, time=40.0s)
  Attempt 31: basic.basic.basic [easy] (conf=1.0, turns=1, time=36.7s)
  Attempt 32: basic.basic.basic [easy] (conf=1.0, turns=2, time=61.8s)
  Attempt 33: basic.basic.basic [easy] (conf=1.0, turns=2, time=54.0s)
  Attempt 34: number_theory.floor_function.modular_floor [easy] (conf=1.0, turns=2, time=67.3s)
  Attempt 35: number_theory.size.size_arguments [medium] (conf=1.0, turns=2, time=65.7s)
  Attempt 36: number_theory.floor_function.modular_floor [easy] (conf=1.0, turns=4, time=83.6s)
  Attempt 37: taxonomy [medium] (conf=1.0, turns=1, time=45.9s)
  Attempt 38: basic.basic.basic [easy] (conf=1.0, turns=1, time=31.7s)
  Attempt 40: number_theory.floor_function.modular_floor [easy] (conf=1.0, turns=1, time=42.6s)
  Attempt 41: number_theory.floor_function.modular_floor [medium] (conf=0.7, turns=6, time=73.8s)
  Attempt 42: number_theory.size.size_arguments [easy] (conf=1.0, turns=2, time=55.5s)

=== WAVE 1 TAXONOMY VOTES ===
  number_theory.floor_function.modular_floor: 17.1 votes <-- SELECTED
  number_theory.size.size_arguments: 6.0 votes
  number_theory.primes.cyclotomic_nt: 1.0 votes
  basic.basic.basic: 13.0 votes (below 50%, ignored)
=== END VOTES ===


=== DIFFICULTY VOTES: {'easy': 25, 'medium': 15} → EASY ===
Wave 1 result: ['number_theory.floor_function.modular_floor'] | Difficulty: easy (W1 cumulative: 101/6000s)

=== WAVE 1 → DB RETRIEVAL  ===
Taxonomies: ['number_theory.floor_function.modular_floor']
Total matches: 1
  - ob_2715 [number_theory.floor_function.modular_floor]
Notes: 1680 chars
=== END WAVE 1 RETRIEVAL ===


=== USER PROMPT (5563 chars) ===
[Our IMO expert has given tips and tricks for this problem.]

--- [number_theory.floor_function.modular_floor] ---
Triggers: floor function, modular arithmetic, Diophantine with floor
Technique: Since x/7 must be an integer (as floor outputs are integers), write x=7k. Then floor(7k/2)-floor(7k/3)=k. Use fractional part analysis: {7k/2} and {7k/3} depend on k mod 6. For each residue class k mod 6, the equation becomes linear in k with explicit constants from the fractional parts. Solve each case and sum all valid real solutions.
Question: Compute the sum of all real numbers $x$ such that

$$
\left\lfloor\frac{x}{2}\right\rfloor-\left\lfloor\frac{x}{3}\right\rfloor=\frac{x}{7}
$$
Answer: The RHS x/7 is the difference of two integers, so x is a multiple of 7. Write x=7k. Then floor(7k/2)-floor(7k/3)=k becomes (7k/2 - {7k/2}) - (7k/3 - {7k/3}) = k, simplifying to 7k/6 + {7k/3} - {7k/2} = k, i.e., k/6 = {7k/2} - {7k/3}. Since fractional parts are periodic mod lcm(2,3)=6, check k mod 6 in each residue class. Each case gives a specific value, yielding k/6 = constant. Solve for k in each case, recover x=7k, and sum.

[END EXPERT NOTES]

Our IMO expert has also shared his special notes database. If you are stuck or want more hints, query it:
import sqlite3; db = sqlite3.connect("/kaggle/input/aimo3-problem-db/problems.db")
Schema: id, category, topic, subtopic, taxonomy, triggers, technique, question, answer
db.execute("SELECT taxonomy, triggers, technique FROM problems WHERE category=?", (CATEGORY,)).fetchall()
Find the closest match, then read the full approach:
db.execute("SELECT technique, question, answer FROM problems WHERE taxonomy=?", (TAX,)).fetchone()

Find all prime numbers $p < 260^2$ that satisfy $\{\sqrt{p}\} < \frac{1}{510}$.

Compute the numerical value of the answer. You have access to `math`, `numpy`, and `sympy` for:

# Symbolic Computation (sympy):
- Algebraic manipulation and simplification
- Solving equations and systems of equations
- Symbolic differentiation and integration
- Number theory functions (primes, divisors, modular arithmetic)
- Polynomial operations and factorization
- Working with mathematical expressions symbolically

# Numerical Computation (numpy):
- Array operations and linear algebra
- Efficient numerical calculations for large datasets
- Matrix operations and eigenvalue problems
- Statistical computations

# Mathematical Functions (math):
- Standard mathematical functions (trig, log, exp)
- Constants like pi and e
- Basic operations for single values

Best Practices:
- Use sympy for exact symbolic answers when possible
- Use numpy for numerical verification and large-scale computation
- Combine symbolic and numerical approaches: derive symbolically, verify numerically
- Document your computational strategy clearly
- Validate computational results against known cases or theoretical bounds
- For very large exponents (e.g. a^(n!)), use pow(base, exp, mod) or analytical methods — never materialize the full number

# Code Robustness Rules:
- Each code cell must be SELF-CONTAINED: re-import and re-define everything you need. If a previous cell errored, its definitions are LOST.
- Avoid sympy expressions that grow beyond a few hundred characters. If an expression is exploding, switch to numerical methods (numpy) or modular arithmetic.
- For geometry: prefer numpy coordinate models with brute-force verification over pure symbolic or direction-counting approaches.
- For combinatorics counting: always verify no duplicates — check injectivity explicitly.
- If 5+ code cells without progress, STOP and restart with a different approach.
- When using Python, prefer converting sympy expressions to int() before passing to Python builtins like pow(), min(), max().
- Common import: from sympy.ntheory.modular import crt (note: sympy.crt does not exist).
- If a code cell fails, re-import necessary libraries in the next cell.
- sympy.solve() often times out on complex systems. For polynomial systems with > 3 unknowns, prefer numerical methods (scipy fsolve/minimize) or manual algebraic reduction.
- Never call sympy.simplify() or sympy.expand() on expressions involving large binomials or products of many terms. Use float() first to check the numerical value.

# Library Availability:
NOT installed (do NOT import — they WILL fail): pulp, ortools, z3-solver, mip, pyscipopt, pysat, cvxpy, constraint, matplotlib, sklearn.
Do not waste turns trying these libraries or probing with try/except.

Available and recommended:
- sympy, numpy, scipy, networkx, mpmath, math, itertools, functools, fractions, collections, decimal, heapq, random, statistics

Replacements for unavailable optimization/constraint libraries:
- Integer/Binary Linear Programming (replaces pulp, mip, ortools):
  from scipy.optimize import milp, LinearConstraint, Bounds
  import numpy as np
  res = milp(c=c_vec, constraints=LinearConstraint(A, lb, ub),
             integrality=np.ones(n), bounds=Bounds(0, 1))
  # res.success, res.x (solution vector), res.fun (objective value)
- Linear Programming: scipy.optimize.linprog(c, A_ub=A, b_ub=b, method="highs")
- Assignment problems: scipy.optimize.linear_sum_assignment(cost_matrix)
- Graph algorithms (matching, shortest path, components): import networkx as nx
- Constraint satisfaction: encode as ILP via scipy.optimize.milp, or backtracking with pruning
- Number theory: sympy.ntheory or random (Monte Carlo verification)
- Geometry: fractions (exact rational) + sympy, avoid floating point
- Game theory/DP: functools.lru_cache for memoized recursion
=== END USER PROMPT ===

Budget: 450.00 seconds | Deadline: 1772890662.17 | TimeLeft: 17299s | Effort: easy

 Attempt  Response Length  Python Calls  Python Errors  Entropy  Temperature  Answer  Confidence        Source Stop_Reason  Successful_Code  Time_Remaining  Time
       8              561             3              0    0.432          0.5      21         0.5 final_channel   max_turns                3           440.8   9.2
       5              577             2              0    0.500          0.5      21         0.5 final_channel   max_turns                2           440.6   9.4
       6              628             3              0    0.563          0.5      21         0.5 final_channel   max_turns                3           439.7  10.3
      13              625             4              0    0.415          0.5      21         0.5 final_channel   max_turns                4           439.5  10.3
      22              668             4              0    0.507          0.5      21         0.5 final_channel   max_turns                4           438.5  11.1
      11              779             2              0    0.466          0.5      21         0.5 final_channel   max_turns                2           436.8  13.1
      17              784             3              0    0.478          0.5      21         0.5 final_channel   max_turns                3           436.6  13.1
      10              805             4              0    0.430          0.5      21         0.5 final_channel   max_turns                4           436.4  13.5
       9              818             4              0    0.511          0.5      21         0.5 final_channel   max_turns                4           436.3  13.7
       1              838             2              0    0.450          0.5   65537         1.0     streaming   max_turns                2           436.0  14.0
      20              853             3              0    0.479          0.5      21         0.5 final_channel   max_turns                3           435.5  14.1
      15              872             3              0    0.413          0.5   65537         1.0     streaming   max_turns                3           435.3  14.5
      21             1021             2              0    0.457          0.5      21         0.5 final_channel   max_turns                2           433.1  16.5
      24             1081             2              0    0.522          0.5    <NA>         0.0      fallback   max_turns                2           432.1  17.5
       3             1116             1              0    0.434          0.5   65537         1.0     streaming   max_turns                1           432.1  17.9
       7             1141             2              0    0.408          0.5   65537         1.0     streaming   max_turns                2           431.6  18.4
      16             1252             4              0    0.505          0.5   65537         1.0     streaming   max_turns                4           430.2  19.6
       4             1278             2              0    0.451          0.5      21         0.5 final_channel   max_turns                2           430.2  19.8
      23             1261             3              0    0.437          0.5   65537         1.0     streaming   max_turns                3           430.1  19.5
      12             1466             3              0    0.486          0.5   65537         1.0     streaming   max_turns                3           428.3  21.5
       2             1486             6              0    0.415          0.5   65537         1.0     streaming   max_turns                6           428.2  21.8
      18             1599             4              0    0.486          0.5      21         0.5 final_channel   max_turns                4           427.4  22.3
      19             1737             3              0    0.519          0.5      21         0.5 final_channel   max_turns                3           426.5  23.2
      14             2023             1              0    0.415          0.5      21         0.5 final_channel   max_turns                1           425.1  24.7
 Answer  Votes  Score
  65537    8.0 18.137
     21    7.5 31.876

Final Answer: 65537 (votes: 8.0)


=== RERUN CHECK: top_votes=8.0, threshold=12 ===

Low confidence (8.0 votes). Rerunning with 600s budget...

Rerun context: 3442 chars (~860 tokens)
=== CONTEXT: 24 previous attempts on this problem ===
Votes: 21 x15, 65537 x8, None x1

--- Answer clusters ---
15x answered 21 (best: Att 13, 5 turns, 10s)
  Code: def check(x):;     return (math.floor(x/2)-math.floor(x/3), x/7); import math; for x in sols:;     print(x, check(x))
  Output: -28 (-4, -4.0) -14 (-2, -2.0) -7 (-1, -1.0) 0 (0, 0.0) 7 (1, 1.0) 21 (3, 3.0)

8x answered 65537 (best: Att 2, 6 turns, 22s)
  Code: sum([-28,-14,-7,0,7,21])
  Output: -21
  NOTE: Att 2 also computed 21 (matches another cluster)
--- End clusters ---

Methods tried → answers:
  pure reasoning: 21x6, Nonex1
  math: 21x8
  math, sympy: 65537x6
  sympy: 65537x2
  Fraction, fractions, math: 21x1

Per-attempt detail:
  Att  1 (t=0.5): 65537 | 14s 2turns code=2 err=0 | libs: math, sympy | computed: [1, 65537, 256]
  Att  2 (t=0.5): 65537 | 22s 6turns code=6 err=0 | libs: math, sympy | computed: [65537, 256, 7, 21, 6]
  Att  3 (t=0.5): 65537 | 18s 1turns code=1 err=0 | libs: sympy | computed: [65537]
  Att  4 (t=0.5): 21 | 20s 3turns code=2 err=0 | libs: math | checkpoints: [{'turn': 3, 'answer': 21}] | computed: [1, 3]
  Att  5 (t=0.5): 21 | 9s 3turns code=2 err=0 | checkpoints: [{'turn': 3, 'answer': 21}] | computed: [1, 3, 6]
  Att  6 (t=0.5): 21 | 10s 4turns code=3 err=0 | checkpoints: [{'turn': 4, 'answer': 21}] | computed: [1, 3, 21]
  Att  7 (t=0.5): 65537 | 18s 2turns code=2 err=0 | libs: math, sympy | computed: [1, 65537]
  Att  8 (t=0.5): 21 | 9s 4turns code=3 err=0 | checkpoints: [{'turn': 4, 'answer': 21}] | computed: [1, 3, 6, 21]
  Att  9 (t=0.5): 21 | 14s 5turns code=4 err=0 | libs: math | checkpoints: [{'turn': 5, 'answer': 21}] | computed: [1, 3, 6, 21, 7]
  Att 10 (t=0.5): 21 | 14s 5turns code=4 err=0 | libs: math | checkpoints: [{'turn': 5, 'answer': 21}] | computed: [1, 3, 6, 21]
  Att 11 (t=0.5): 21 | 13s 3turns code=2 err=0 | checkpoints: [{'turn': 3, 'answer': 21}] | computed: [1, 3, 21]
  Att 12 (t=0.5): 65537 | 22s 3turns code=3 err=0 | libs: math, sympy | computed: [65537, 1]
  Att 13 (t=0.5): 21 | 10s 5turns code=4 err=0 | libs: math | checkpoints: [{'turn': 5, 'answer': 21}] | computed: [7, 21, 6, 3]
  Att 14 (t=0.5): 21 | 25s 2turns code=1 err=0 | libs: math | checkpoints: [{'turn': 2, 'answer': 21}] | computed: [1, 3]
  Att 15 (t=0.5): 65537 | 14s 3turns code=3 err=0 | libs: math, sympy | computed: [65537, 5, 66565, 259, 67082]
  Att 16 (t=0.5): 65537 | 20s 4turns code=4 err=0 | libs: math, sympy | computed: [1, 65537]
  Att 17 (t=0.5): 21 | 13s 4turns code=3 err=0 | checkpoints: [{'turn': 4, 'answer': 21}] | computed: [1, 3]
  Att 18 (t=0.5): 21 | 22s 5turns code=4 err=0 | libs: Fraction, fractions, math | checkpoints: [{'turn': 5, 'answer': 21}] | computed: [1, 3, 7, 21, 6]
  Att 19 (t=0.5): 21 | 23s 4turns code=3 err=0 | libs: math | checkpoints: [{'turn': 4, 'answer': 21}] | computed: [10, 1, 3]
  Att 20 (t=0.5): 21 | 14s 4turns code=3 err=0 | libs: math | checkpoints: [{'turn': 4, 'answer': 21}] | computed: [1, 3, 6, 21]
  Att 21 (t=0.5): 21 | 16s 3turns code=2 err=0 | checkpoints: [{'turn': 3, 'answer': 21}] | computed: [1, 3, 6]
  Att 22 (t=0.5): 21 | 11s 5turns code=4 err=0 | libs: math | checkpoints: [{'turn': 5, 'answer': 21}] | computed: [1, 3, 6, 21]
  Att 23 (t=0.5): 65537 | 20s 3turns code=3 err=0 | libs: sympy | computed: [1, 65537]
  Att 24 (t=0.5): None (max_turns) | 18s 3turns code=2 err=0 | checkpoints: [{'turn': 3, 'answer': 21}] | computed: [1, 3, 6]

Rerun complete: 24 new results, 48 total
 Answer  Votes  Score
     21   16.0 61.245
  65537    8.0 18.137

Final Answer: 21 (votes: 16.0)


  STATUS: WRONG | Predicted: 21 | Expected: 65537 | Time: 184.0s
  Votes: {21: 32, 65537: 8} | Answers: 40 | Nones: 8 | Errors: 0

  WRONG ANSWER ANALYSIS:
    Attempt 8: answered 21 (entropy=0.432)
    Attempt 5: answered 21 (entropy=0.500)
    Attempt 6: answered 21 (entropy=0.563)
    Attempt 13: answered 21 (entropy=0.415)
    Attempt 22: answered 21 (entropy=0.507)
    Attempt 11: answered 21 (entropy=0.466)
    Attempt 17: answered 21 (entropy=0.478)
    Attempt 10: answered 21 (entropy=0.430)
    Attempt 9: answered 21 (entropy=0.511)
    Attempt 20: answered 21 (entropy=0.479)
    Attempt 21: answered 21 (entropy=0.457)
    Attempt 4: answered 21 (entropy=0.451)
    Attempt 18: answered 21 (entropy=0.486)
    Attempt 19: answered 21 (entropy=0.519)
    Attempt 14: answered 21 (entropy=0.415)
    Attempt 38: answered 21 (entropy=0.461)
    Attempt 26: answered 21 (entropy=0.566)
    Attempt 46: answered 21 (entropy=0.519)
    Attempt 44: answered 21 (entropy=0.562)
    Attempt 43: answered 21 (entropy=0.621)
    Attempt 47: answered 21 (entropy=0.457)
    Attempt 27: answered 21 (entropy=0.428)
    Attempt 41: answered 21 (entropy=0.625)
    Attempt 36: answered 21 (entropy=0.593)
    Attempt 40: answered 21 (entropy=0.598)
    Attempt 39: answered 21 (entropy=0.425)
    Attempt 42: answered 21 (entropy=0.652)
    Attempt 45: answered 21 (entropy=0.646)
    Attempt 28: answered 21 (entropy=0.727)
    Attempt 32: answered 21 (entropy=0.610)
    Attempt 33: answered 21 (entropy=0.634)
    Attempt 35: answered 21 (entropy=0.561)
    8 attempt(s) got the right answer but were outvoted

    --- Attempt 8 [WRONG] answer=21 expected=65537 temp=0.5 entropy=0.432 ---
        python_calls=3 errors=0 tokens=561 time=9.2s time_left=440.8s
        source=final_channel confidence=0.5 stop=max_turns
        vboxed_checkpoints: turn4=21

        [Turn 1 CODE]
        >>> Code:
            def valid_ks(limit=1000):
                vals=[]
                for k in range(-limit, limit+1):
                    if ( (7*k)//2 - (7*k)//3 ) == k:
                        vals.append(k)
                return vals
            
            valid_ks(500)
            
        >>> Output:
            [-4, -2, -1, 0, 1, 3]
            

        [Turn 2 CODE]
        >>> Code:
            valid_ks(200000)[:20], len(valid_ks(200000))
            
        >>> Output:
            [-4, -2, -1, 0, 1, 3] 6
            

        [Turn 3 CODE]
        >>> Code:
            sum([ -28, -14, -7, 0, 7, 21])
            
        >>> Output:
            -21
            

        [Turn 4 REASONING] (11 chars)
        \boxed{-21}

    --- Attempt 5 [WRONG] answer=21 expected=65537 temp=0.5 entropy=0.500 ---
        python_calls=2 errors=0 tokens=577 time=9.4s time_left=440.6s
        source=final_channel confidence=0.5 stop=max_turns
        vboxed_checkpoints: turn3=21

        [Turn 1 CODE]
        >>> Code:
            def solutions(limit):
                sols=[]
                for k in range(-limit, limit+1):
                    if (7*k)//2 - (7*k)//3 - k == 0:
                        sols.append(k)
                return sols
            
            sols=solutions(5000)
            sols[:50], len(sols)
            
        >>> Output:
            [-4, -2, -1, 0, 1, 3] 6
            

        [Turn 2 CODE]
        >>> Code:
            sols=solutions(200000)
            len(sols), sols[:20], sols[-20:]
            
        >>> Output:
            6 [-4, -2, -1, 0, 1, 3] [-4, -2, -1, 0, 1, 3]
            

        [Turn 3 REASONING] (11 chars)
        \boxed{-21}

    --- Attempt 6 [WRONG] answer=21 expected=65537 temp=0.5 entropy=0.563 ---
        python_calls=3 errors=0 tokens=628 time=10.3s time_left=439.7s
        source=final_channel confidence=0.5 stop=max_turns
        vboxed_checkpoints: turn4=21

        [Turn 1 CODE]
        >>> Code:
            def solutions(limit):
                sols=[]
                for k in range(-limit, limit+1):
                    if (7*k)//2 - (7*k)//3 == k:
                        sols.append(k)
                return sols
            
            print(solutions(200))
            
        >>> Output:
            [-4, -2, -1, 0, 1, 3]
            

        [Turn 2 CODE]
        >>> Code:
            sols=solutions(10000)
            len(sols), sols[:20], sols[-20:]
            
        >>> Output:
            6 [-4, -2, -1, 0, 1, 3] [-4, -2, -1, 0, 1, 3]
            

        [Turn 3 CODE]
        >>> Code:
            sum([-28,-14,-7,0,7,21])
            
        >>> Output:
            -21
            

        [Turn 4 REASONING] (11 chars)
        \boxed{-21}

    --- Attempt 13 [WRONG] answer=21 expected=65537 temp=0.5 entropy=0.415 ---
        python_calls=4 errors=0 tokens=625 time=10.3s time_left=439.5s
        source=final_channel confidence=0.5 stop=max_turns
        vboxed_checkpoints: turn5=21
        Libraries: import math

        [Turn 1 CODE]
        >>> Code:
            def solutions(limit=1000):
                sols=[]
                for k in range(-limit, limit+1):
                    if (7*k//2) - (7*k//3) == k:
                        sols.append(7*k)
                return sols
            
            sols=solutions(1000)
            sols[:20], len(sols)
            
        >>> Output:
            [-28, -14, -7, 0, 7, 21] 6
            

        [Turn 2 CODE]
        >>> Code:
            sols=solutions(10000)
            sols, len(sols)
            
        >>> Output:
            [-28, -14, -7, 0, 7, 21] 6
            

        [Turn 3 CODE]
        >>> Code:
            sum([-28,-14,-7,0,7,21])
            
        >>> Output:
            -21
            

        [Turn 4 CODE]
        >>> Code:
            def check(x):
                return (math.floor(x/2)-math.floor(x/3), x/7)
            import math
            for x in sols:
                print(x, check(x))
            
        >>> Output:
            -28 (-4, -4.0)
            -14 (-2, -2.0)
            -7 (-1, -1.0)
            0 (0, 0.0)
            7 (1, 1.0)
            21 (3, 3.0)
            

        [Turn 5 REASONING] (11 chars)
        \boxed{-21}

    --- Attempt 22 [WRONG] answer=21 expected=65537 temp=0.5 entropy=0.507 ---
        python_calls=4 errors=0 tokens=668 time=11.1s time_left=438.5s
        source=final_channel confidence=0.5 stop=max_turns
        vboxed_checkpoints: turn5=21
        Libraries: import math

        [Turn 1 CODE]
        >>> Code:
            def solutions(limit=1000):
                sols=[]
                for k in range(-limit, limit+1):
                    if ( (7*k)//2 - (7*k)//3 ) == k:
                        sols.append(k)
                return sols
            
            sols=solutions(1000)
            sols[:50], len(sols)
            
        >>> Output:
            [-4, -2, -1, 0, 1, 3] 6
            

        [Turn 2 CODE]
        >>> Code:
            sols=solutions(100000)
            len(sols), sols[:20], sols[-20:]
            
        >>> Output:
            6 [-4, -2, -1, 0, 1, 3] [-4, -2, -1, 0, 1, 3]
            

        [Turn 3 CODE]
        >>> Code:
            sum([-28,-14,-7,0,7,21])
            
        >>> Output:
            -21
            

        [Turn 4 CODE]
        >>> Code:
            def check(x):
                return (math.floor(x/2)-math.floor(x/3)) == x/7
            
            import math
            xs=[-28,-14,-7,0,7,21]
            [check(x) for x in xs]
            
        >>> Output:
            [True, True, True, True, True, True]
            

        [Turn 5 REASONING] (11 chars)
        \boxed{-21}

    --- Attempt 11 [WRONG] answer=21 expected=65537 temp=0.5 entropy=0.466 ---
        python_calls=2 errors=0 tokens=779 time=13.1s time_left=436.8s
        source=final_channel confidence=0.5 stop=max_turns
        vboxed_checkpoints: turn3=21

        [Turn 1 CODE]
        >>> Code:
            solutions=[]
            for k in range(-6,7):
                lhs = (7*k)//2 - (7*k)//3
                if lhs == k:
                    solutions.append(k)
            solutions
            
        >>> Output:
            [-4, -2, -1, 0, 1, 3]
            

        [Turn 2 CODE]
        >>> Code:
            sum([-28,-14,-7,0,7,21])
            
        >>> Output:
            -21
            

        [Turn 3 REASONING] (11 chars)
        \boxed{-21}

    --- Attempt 17 [WRONG] answer=21 expected=65537 temp=0.5 entropy=0.478 ---
        python_calls=3 errors=0 tokens=784 time=13.1s time_left=436.6s
        source=final_channel confidence=0.5 stop=max_turns
        vboxed_checkpoints: turn4=21

        [Turn 1 CODE]
        >>> Code:
            def solutions(limit):
                sols=[]
                for k in range(-limit, limit+1):
                    if ( (7*k)//2 - (7*k)//3 ) == k:
                        sols.append(k)
                return sols
            
            print(solutions(100))
            
        >>> Output:
            [-4, -2, -1, 0, 1, 3]
            

        [Turn 2 CODE]
        >>> Code:
            print(solutions(1000)[:20])
            
        >>> Output:
            [-4, -2, -1, 0, 1, 3]
            

        [Turn 3 CODE]
        >>> Code:
            def find_solutions(limit):
                sols=[]
                for k in range(-limit, limit+1):
                    if ( (7*k)//2 - (7*k)//3 ) == k:
                        sols.append(k)
                return sols
            
            sols=find_solutions(100000)
            len(sols), sols[:10], sols[-10:]
            
        >>> Output:
            6 [-4, -2, -1, 0, 1, 3] [-4, -2, -1, 0, 1, 3]
            

        [Turn 4 REASONING] (11 chars)
        \boxed{-21}

    --- Attempt 10 [WRONG] answer=21 expected=65537 temp=0.5 entropy=0.430 ---
        python_calls=4 errors=0 tokens=805 time=13.5s time_left=436.4s
        source=final_channel confidence=0.5 stop=max_turns
        vboxed_checkpoints: turn5=21
        Libraries: import math

        [Turn 1 CODE]
        >>> Code:
            def solutions(limit=1000):
                sols=[]
                for k in range(-limit, limit+1):
                    if (7*k)//2 - (7*k)//3 - k == 0:
                        sols.append(k)
                return sols
            
            sols=solutions(1000)
            sols[:50], len(sols)
            
        >>> Output:
            [-4, -2, -1, 0, 1, 3] 6
            

        [Turn 2 CODE]
        >>> Code:
            sols=solutions(10000)
            sols, len(sols)
            
        >>> Output:
            [-4, -2, -1, 0, 1, 3] 6
            

        [Turn 3 CODE]
        >>> Code:
            sum([-28,-14,-7,0,7,21])
            
        >>> Output:
            -21
            

        [Turn 4 CODE]
        >>> Code:
            def check(x):
                import math
                return math.floor(x/2)-math.floor(x/3) - x/7
            
            for x in [-28,-14,-7,0,7,21]:
                print(x, check(x))
            
        >>> Output:
            -28 0.0
            -14 0.0
            -7 0.0
            0 0.0
            7 0.0
            21 0.0
            

        [Turn 5 REASONING] (11 chars)
        \boxed{-21}

    --- Attempt 9 [WRONG] answer=21 expected=65537 temp=0.5 entropy=0.511 ---
        python_calls=4 errors=0 tokens=818 time=13.7s time_left=436.3s
        source=final_channel confidence=0.5 stop=max_turns
        vboxed_checkpoints: turn5=21
        Libraries: import math

        [Turn 1 CODE]
        >>> Code:
            def solutions(limit):
                sols=[]
                for k in range(-limit, limit+1):
                    if (7*k)//2 - (7*k)//3 == k:
                        sols.append(k)
                return sols
            
            print(solutions(100))
            
        >>> Output:
            [-4, -2, -1, 0, 1, 3]
            

        [Turn 2 CODE]
        >>> Code:
            print(solutions(1000)[:20])
            print(len(solutions(1000)))
            
        >>> Output:
            [-4, -2, -1, 0, 1, 3]
            6
            

        [Turn 3 CODE]
        >>> Code:
            sum([-28,-14,-7,0,7,21])
            
        >>> Output:
            -21
            

        [Turn 4 CODE]
        >>> Code:
            def check(x):
                return (math.floor(x/2)-math.floor(x/3)) == x/7
            
            import math
            xs=[-28,-14,-7,0,7,21]
            for x in xs:
                print(x, check(x))
            
        >>> Output:
            -28 True
            -14 True
            -7 True
            0 True
            7 True
            21 True
            

        [Turn 5 REASONING] (11 chars)
        \boxed{-21}

    --- Attempt 1 [CORRECT] answer=65537 expected=65537 temp=0.5 entropy=0.450 ---
        python_calls=2 errors=0 tokens=838 time=14.0s time_left=436.0s
        source=streaming confidence=1.0 stop=max_turns
        Libraries: import math, import sympy as sp, math, itertools, sys, math, time, random, collections, fractions, decimal, statistics, functools, numpy as np, itertools as it

        [Turn 1 CODE]
        >>> Code:
            import sympy as sp, math, itertools, sys, math, time, random, collections, fractions, decimal, statistics, functools, numpy as np, itertools as it
            limit = 260**2
            primes = list(sp.primerange(2, limit))
            delta = 1/510
            good = []
            for p in primes:
                f = math.sqrt(p) % 1  # fractional part
                if f < delta:
                    good.append(p)
            len(good), good[:20]
            
        >>> Output:
            1 [65537]
            

        [Turn 2 CODE]
        >>> Code:
            import math
            p=65537
            math.sqrt(p), math.sqrt(p)%1
            
        >>> Output:
            256.0019531175495 0.0019531175494762465
            

    --- Attempt 20 [WRONG] answer=21 expected=65537 temp=0.5 entropy=0.479 ---
        python_calls=3 errors=0 tokens=853 time=14.1s time_left=435.5s
        source=final_channel confidence=0.5 stop=max_turns
        vboxed_checkpoints: turn4=21
        Libraries: import math

        [Turn 1 CODE]
        >>> Code:
            def solutions(limit=1000):
                sols=[]
                for k in range(-limit, limit+1):
                    if (7*k)//2 - (7*k)//3 == k:
                        sols.append(k)
                return sols
            
            sols=solutions(2000)
            sols[:50], len(sols)
            
        >>> Output:
            [-4, -2, -1, 0, 1, 3] 6
            

        [Turn 2 CODE]
        >>> Code:
            sols=solutions(100000)
            sols, len(sols)
            
        >>> Output:
            [-4, -2, -1, 0, 1, 3] 6
            

        [Turn 3 CODE]
        >>> Code:
            import math
            def check(x):
                return math.floor(x/2)-math.floor(x/3) - x/7
            
            for k in [-4,-2,-1,0,1,3]:
                x=7*k
                print(x, check(x))
            
        >>> Output:
            -28 0.0
            -14 0.0
            -7 0.0
            0 0.0
            7 0.0
            21 0.0
            

        [Turn 4 REASONING] (11 chars)
        \boxed{-21}

    --- Attempt 15 [CORRECT] answer=65537 expected=65537 temp=0.5 entropy=0.413 ---
        python_calls=3 errors=0 tokens=872 time=14.5s time_left=435.3s
        source=streaming confidence=1.0 stop=max_turns
        Libraries: import math, import sympy as sp

        [Turn 1 CODE]
        >>> Code:
            import sympy as sp
            
            limit = 260**2
            primes = list(sp.primerange(2, limit))
            def condition(p):
                import math
                f = math.sqrt(p) - math.floor(math.sqrt(p))
                return f < 1/510
            valid = [p for p in primes if condition(p)]
            len(valid), valid[:20]
            
        >>> Output:
            1 [65537]
            

        [Turn 2 CODE]
        >>> Code:
            intervals = []
            for n in range(1,260):
                low = n**2
                high = (n + 1/510)**2
                # integers p such that low < p < high
                candidates = [p for p in range(low+1, int(high)+1)]
                if candidates:
                    intervals.append((n, candidates))
            len(intervals)
            
        >>> Output:
            5
            

        [Turn 3 CODE]
        >>> Code:
            intervals[:10]
            
        >>> Output:
            [(255, [65026]), (256, [65537]), (257, [66050]), (258, [66565]), (259, [67082])]
            

    --- Attempt 21 [WRONG] answer=21 expected=65537 temp=0.5 entropy=0.457 ---
        python_calls=2 errors=0 tokens=1021 time=16.5s time_left=433.1s
        source=final_channel confidence=0.5 stop=max_turns
        vboxed_checkpoints: turn3=21

        [Turn 1 CODE]
        >>> Code:
            def solutions():
                sols=[]
                for k in range(-10,11):
                    if ( (7*k)//2 - (7*k)//3 ) == k:
                        sols.append(k)
                return sols
            print(solutions())
            
        >>> Output:
            [-4, -2, -1, 0, 1, 3]
            

        [Turn 2 CODE]
        >>> Code:
            sols=[]
            for k in range(-100,101):
                if ( (7*k)//2 - (7*k)//3 ) == k:
                    sols.append(k)
            sols[:20], len(sols)
            
        >>> Output:
            [-4, -2, -1, 0, 1, 3] 6
            

        [Turn 3 REASONING] (11 chars)
        \boxed{-21}

    --- Attempt 24 [NONE] answer=None expected=65537 temp=0.5 entropy=0.522 ---
        python_calls=2 errors=0 tokens=1081 time=17.5s time_left=432.1s
        source=fallback confidence=0.0 stop=max_turns
        vboxed_checkpoints: turn3=21

        [Turn 1 CODE]
        >>> Code:
            def solutions():
                sols=[]
                for k in range(-10,11):
                    lhs = (7*k)//2 - (7*k)//3  # floor division works for negative? Python's // floors toward negative infinity, which matches floor.
                    if lhs == k:
                        sols.append(k)
                return sols
            
            solutions()
            
        >>> Output:
            [-4, -2, -1, 0, 1, 3]
            

        [Turn 2 CODE]
        >>> Code:
            def all_solutions(limit=1000):
                sols=[]
                for k in range(-limit, limit+1):
                    if (7*k)//2 - (7*k)//3 == k:
                        sols.append(k)
                return sols
            
            all_solutions(1000)[:20], len(all_solutions(1000))
            
        >>> Output:
            [-4, -2, -1, 0, 1, 3] 6
            

        [Turn 3 REASONING] (12 chars)
        \Vboxed{-21}

    --- Attempt 3 [CORRECT] answer=65537 expected=65537 temp=0.5 entropy=0.434 ---
        python_calls=1 errors=0 tokens=1116 time=17.9s time_left=432.1s
        source=streaming confidence=1.0 stop=max_turns
        Libraries: import sympy as sp

        [Turn 1 CODE]
        >>> Code:
            import sympy as sp
            
            candidates = []
            for n in range(256,260):
                p = n*n + 1
                if sp.isprime(p):
                    candidates.append(p)
            candidates
            
        >>> Output:
            [65537]
            

    --- Attempt 7 [CORRECT] answer=65537 expected=65537 temp=0.5 entropy=0.408 ---
        python_calls=2 errors=0 tokens=1141 time=18.4s time_left=431.6s
        source=streaming confidence=1.0 stop=max_turns
        Libraries: import math, sympy as sp, import sympy as sp, math, itertools, sys, random, collections, fractions, decimal, numpy as np, math, sys, itertools, functools, heapq, statistics, json, os, re, hashlib, time, typing, fractions, decimal, itertools, collections, math, sympy as sp

        [Turn 1 CODE]
        >>> Code:
            import sympy as sp, math, itertools, sys, random, collections, fractions, decimal, numpy as np, math, sys, itertools, functools, heapq, statistics, json, os, re, hashlib, time, typing, fractions, decimal, itertools, collections, math, sympy as sp
            def primes_upto(n):
                return list(sp.primerange(2, n+1))
            
            max_val = 260*260
            primes = list(sp.primerange(2, max_val))
            result = []
            eps = 1/510
            for n in range(1, 260):
                low = n*n + 1
                high = math.floor((n + eps)**2 - 1e-12)  # ensure strict less than
                if low <= high:
                    # check primes in this interval
                    for p in sp.primerange(low, high+1):
                        # verify condition
                        if (math.sqrt(p) - n) < eps:
                            result.append(p)
            len(result), result[:20]
            
        >>> Output:
            1 [65537]
            

        [Turn 2 CODE]
        >>> Code:
            import math, sympy as sp
            p=65537
            f=math.sqrt(p)-math.floor(math.sqrt(p))
            f, 1/510
            
        >>> Output:
            0.0019531175494762465 0.00196078431372549
            

    --- Attempt 16 [CORRECT] answer=65537 expected=65537 temp=0.5 entropy=0.505 ---
        python_calls=4 errors=0 tokens=1252 time=19.6s time_left=430.2s
        source=streaming confidence=1.0 stop=max_turns
        Libraries: import math, sympy as sp, import sympy as sp, math, itertools, sys, collections, fractions, random, numpy as np, math, itertools, functools, decimal, statistics, heapq, json, os, re, typing, hashlib

        [Turn 1 CODE]
        >>> Code:
            import sympy as sp, math, itertools, sys, collections, fractions, random, numpy as np, math, itertools, functools, decimal, statistics, heapq, json, os, re, typing, hashlib
        >>> Output:
            [WARN] No output. Use print() to see results.

        [Turn 2 CODE]
        >>> Code:
            def primes_upto(n):
                return list(sp.primerange(2, n+1))
            
            limit = 260*260
            primes = primes_upto(limit-1)  # p < 67600
            good = []
            for p in primes:
                f = math.modf(math.sqrt(p))[0]  # fractional part
                if f < 1/510:
                    good.append(p)
            len(good), good[:20]
            
        >>> Output:
            1 [65537]
            

        [Turn 3 CODE]
        >>> Code:
            import math, sympy as sp
            p=65537
            f=math.modf(math.sqrt(p))[0]
            f
            
        >>> Output:
            0.0019531175494762465
            

        [Turn 4 CODE]
        >>> Code:
            good2=[]
            for n in range(1,260):
                lower=n*n+1
                upper=math.floor((n+1/510)**2 - 1e-12)  # inclusive upper bound
                for p in range(lower, upper+1):
                    if sp.isprime(p):
                        good2.append(p)
            good2, len(good2)
            
        >>> Output:
            [65537] 1
            

    --- Attempt 4 [WRONG] answer=21 expected=65537 temp=0.5 entropy=0.451 ---
        python_calls=2 errors=0 tokens=1278 time=19.8s time_left=430.2s
        source=final_channel confidence=0.5 stop=max_turns
        vboxed_checkpoints: turn3=21
        Libraries: import math

        [Turn 1 CODE]
        >>> Code:
            import math
            
            def holds(k):
                lhs = k/6
                f1 = (7*k/2) - math.floor(7*k/2)
                f2 = (7*k/3) - math.floor(7*k/3)
                rhs = f1 - f2
                return abs(lhs - rhs) < 1e-12
            
            solutions = []
            for k in range(-5,6):
                if holds(k):
                    solutions.append(k)
            solutions
            
        >>> Output:
            [-4, -2, -1, 0, 1, 3]
            

        [Turn 2 CODE]
        >>> Code:
            for k in range(-10,11):
                if holds(k):
                    print(k)
            
        >>> Output:
            -4
            -2
            -1
            0
            1
            3
            

        [Turn 3 REASONING] (11 chars)
        \boxed{-21}

    --- Attempt 23 [CORRECT] answer=65537 expected=65537 temp=0.5 entropy=0.437 ---
        python_calls=3 errors=0 tokens=1261 time=19.5s time_left=430.1s
        source=streaming confidence=1.0 stop=max_turns
        Libraries: import sympy as sp, math, itertools, sys, numpy as np, math, fractions, collections, random, decimal, statistics, functools, heapq, itertools, math, sys, os, json

        [Turn 1 CODE]
        >>> Code:
            import sympy as sp, math, itertools, sys, numpy as np, math, fractions, collections, random, decimal, statistics, functools, heapq, itertools, math, sys, os, json
        >>> Output:
            [WARN] No output. Use print() to see results.

        [Turn 2 CODE]
        >>> Code:
            limit = 260**2
            primes = list(sp.primerange(2, limit))
            def frac(x):
                return x - math.floor(x)
            good = []
            for p in primes:
                f = math.sqrt(p) - math.floor(math.sqrt(p))
                if f < 1/510:
                    good.append(p)
            len(good), good[:20]
        >>> Output:
            1 [65537]
            

        [Turn 3 CODE]
        >>> Code:
            p=65537
            f=math.sqrt(p)-math.floor(math.sqrt(p))
            f, 1/510
        >>> Output:
            0.0019531175494762465 0.00196078431372549
            

    --- Attempt 12 [CORRECT] answer=65537 expected=65537 temp=0.5 entropy=0.486 ---
        python_calls=3 errors=0 tokens=1466 time=21.5s time_left=428.3s
        source=streaming confidence=1.0 stop=max_turns
        Libraries: import math, import sympy as sp

        [Turn 1 CODE]
        >>> Code:
            import sympy as sp
            
            limit = 260**2
            eps = sp.Rational(1,510)
            primes = []
            for m in range(1, int(sp.sqrt(limit-1))+1):
                lower = m*m
                upper = (m + eps)**2
                # need p integer > lower and < upper
                max_int = int(sp.floor(upper - sp.Rational(1,10**12)))  # subtract tiny
                # Actually we can just compute floor(upper - epsilon)
                # Use rational to be exact: floor((m+1/510)^2 - 1e-12)
                # but we can just compute floor(upper - tiny)
                # Let's compute rational upper and then floor
                # upper is rational: m^2 + 2*m/510 + 1/510^2
                # floor of that minus epsilon is floor of (m^2 + 2*m/510 + 1/510^2 - tiny)
                # Since 1/510^2 < 1, we can just compute floor of m^2 + floor(2*m/510) maybe.
                # Simpler: compute integer candidates directly
                for p in range(lower+1, max_int+1):
                    if sp.isprime(p):
                        # verify condition
                        if sp.nsimplify(sp.sqrt(p) - sp.floor(sp.sqrt(p))) < eps:
                            primes.append(p)
            primes[:20], len(primes)
            
        >>> Output:
            [65537] 1
            

        [Turn 2 CODE]
        >>> Code:
            import math
            p=65537
            frac = math.sqrt(p) - math.floor(math.sqrt(p))
            frac, 1/510
            
        >>> Output:
            0.0019531175494762465 0.00196078431372549
            

        [Turn 3 CODE]
        >>> Code:
            primes_all = list(sp.primerange(2, limit))
            good = [p for p in primes_all if (math.sqrt(p) - math.floor(math.sqrt(p))) < 1/510]
            len(good), good[:10]
            
        >>> Output:
            1 [65537]
            

    --- Attempt 2 [CORRECT] answer=65537 expected=65537 temp=0.5 entropy=0.415 ---
        python_calls=6 errors=0 tokens=1486 time=21.8s time_left=428.2s
        source=streaming confidence=1.0 stop=max_turns
        Libraries: import math, import sympy as sp, math, itertools, sys, math, time, random, collections, fractions, decimal, numpy as np, itertools, functools, heapq, statistics, fractions, math, sys, os, json

        [Turn 1 CODE]
        >>> Code:
            import sympy as sp, math, itertools, sys, math, time, random, collections, fractions, decimal, numpy as np, itertools, functools, heapq, statistics, fractions, math, sys, os, json
        >>> Output:
            [WARN] No output. Use print() to see results.

        [Turn 2 CODE]
        >>> Code:
            def primes_upto(n):
                return list(sp.primerange(2, n+1))
            
            limit = 260*260
            primes = primes_upto(limit-1)  # less than 260^2
            valid = []
            for p in primes:
                frac = math.sqrt(p) - math.floor(math.sqrt(p))
                if frac < 1/510:
                    valid.append(p)
            len(valid), valid[:20]
        >>> Output:
            1 [65537]
            

        [Turn 3 CODE]
        >>> Code:
            import math
            math.sqrt(65537)
        >>> Output:
            256.0019531175495
            

        [Turn 4 CODE]
        >>> Code:
            def solutions():
                sols = []
                # x must be multiple of 7, let's search reasonable range maybe -1000 to 1000
                for k in range(-1000,1001):
                    x = 7*k
                    if math.floor(x/2) - math.floor(x/3) == x/7:
                        sols.append(x)
                return sols
            
            sols = solutions()
            sols[:20], len(sols)
            
        >>> Output:
            [-28, -14, -7, 0, 7, 21] 6
            

        [Turn 5 CODE]
        >>> Code:
            sols = []
            for k in range(-10000,10001):
                x = 7*k
                if math.floor(x/2) - math.floor(x/3) == k:
                    sols.append(x)
            len(sols), sols[:20], sols[-5:]
            
        >>> Output:
            6 [-28, -14, -7, 0, 7, 21] [-14, -7, 0, 7, 21]
            

        [Turn 6 CODE]
        >>> Code:
            sum([-28,-14,-7,0,7,21])
            
        >>> Output:
            -21
            

    --- Attempt 18 [WRONG] answer=21 expected=65537 temp=0.5 entropy=0.486 ---
        python_calls=4 errors=0 tokens=1599 time=22.3s time_left=427.4s
        source=final_channel confidence=0.5 stop=max_turns
        vboxed_checkpoints: turn5=21
        Libraries: from fractions import Fraction, import math

        [Turn 1 CODE]
        >>> Code:
            import math
            solutions=[]
            for k in range(-6,7):
                lhs = math.floor(7*k/2) - math.floor(7*k/3)
                if lhs == k:
                    solutions.append(k)
            solutions
            
        >>> Output:
            [-4, -2, -1, 0, 1, 3]
            

        [Turn 2 CODE]
        >>> Code:
            def frac(x):
                return x-math.floor(x)
            valid=[]
            for k in range(-6,7):
                if frac(7*k/2)-frac(7*k/3) == k/6:
                    valid.append(k)
            valid
            
        >>> Output:
            [0, 3]
            

        [Turn 3 CODE]
        >>> Code:
            from fractions import Fraction
            def frac_frac(x):
                # x is Fraction
                return x - (x.numerator // x.denominator)
            valid=[]
            for k in range(-6,7):
                a = Fraction(7*k,2)
                b = Fraction(7*k,3)
                diff = frac_frac(a) - frac_frac(b)
                if diff == Fraction(k,6):
                    valid.append(k)
            valid
            
        >>> Output:
            [-4, -2, -1, 0, 1, 3]
            

        [Turn 4 CODE]
        >>> Code:
            sol=[]
            for x in range(-1000,1001):
                if x%7==0:
                    if math.floor(x/2)-math.floor(x/3)==x/7:
                        sol.append(x)
            sol[:20], len(sol)
            
        >>> Output:
            [-28, -14, -7, 0, 7, 21] 6
            

        [Turn 5 REASONING] (11 chars)
        \boxed{-21}

    --- Attempt 19 [WRONG] answer=21 expected=65537 temp=0.5 entropy=0.519 ---
        python_calls=3 errors=0 tokens=1737 time=23.2s time_left=426.5s
        source=final_channel confidence=0.5 stop=max_turns
        vboxed_checkpoints: turn4=21
        Libraries: import math

        [Turn 1 CODE]
        >>> Code:
            def frac(x):
                return x - int(x)  # floor for positive? but x can be negative; need proper fractional part definition: {x}=x-floor(x)
            def frac2(x):
                import math
                return x - math.floor(x)
            def test():
                import math
                for k in range(-10,11):
                    val = frac2(7*k/2) - frac2(7*k/3)
                    print(k, val, k/6)
            test()
            
        >>> Output:
            -10 -0.6666666666666679 -1.6666666666666667
            -9 0.5 -1.5
            -8 -0.33333333333333215 -1.3333333333333333
            -7 -0.16666666666666785 -1.1666666666666667
            -6 0.0 -1.0
            -5 0.16666666666666607 -0.8333333333333334
            -4 -0.6666666666666661 -0.6666666666666666
            -3 0.5 -0.5
            -2 -0.33333333333333304 -0.3333333333333333
            -1 -0.16666666666666652 -0.16666666666666666
            0 0.0 0.0
            1 0.16666666666666652 0.16666666666666666
            2 -0.666666666666667 0.3333333333333333
            3 0.5 0.5
            4 -0.3333333333333339 0.6666666666666666
            5 -0.16666666666666607 0.8333333333333334
            6 0.0 1.0
            7 0.16666666666666785 1.1666666666666667
            8 -0.6666666666666679 1.3333333333333333
            9 0.5 1.5
            10 -0.33333333333333215 1.6666666666666667
            None
            

        [Turn 2 CODE]
        >>> Code:
            solutions=[]
            for k in range(-5,6):
                if abs(frac2(7*k/2)-frac2(7*k/3)-k/6) < 1e-12:
                    solutions.append(k)
            solutions
            
        >>> Output:
            [-4, -2, -1, 0, 1, 3]
            

        [Turn 3 CODE]
        >>> Code:
            def check(k):
                return (int((7*k)//2) - int((7*k)//3)) == k  # but // for negative floors? In Python, // is floor division.
            for k in solutions:
                print(k, check(k))
            
        >>> Output:
            -4 True
            -2 True
            -1 True
            0 True
            1 True
            3 True
            

        [Turn 4 REASONING] (11 chars)
        \boxed{-21}

    --- Attempt 14 [WRONG] answer=21 expected=65537 temp=0.5 entropy=0.415 ---
        python_calls=1 errors=0 tokens=2023 time=24.7s time_left=425.1s
        source=final_channel confidence=0.5 stop=max_turns
        vboxed_checkpoints: turn2=21
        Libraries: import math

        [Turn 1 CODE]
        >>> Code:
            def solutions():
                sols=[]
                for k in range(-100,101):
                    x=7*k
                    if int(x/2//1) - int(x/3//1) == k: # floor
                        # but careful with negative floor: Python's // is floor division for ints? For negative numbers, // does floor.
                        # Use math.floor
                        import math
                        if math.floor(x/2)-math.floor(x/3)==k:
                            sols.append(k)
                return sols
            print(solutions())
            
        >>> Output:
            [-4, -2, -1, 0, 1, 3]
            

        [Turn 2 REASONING] (11 chars)
        \boxed{-21}

    --- Attempt 38 [WRONG] answer=21 expected=65537 temp=0.5 entropy=0.461 ---
        python_calls=3 errors=0 tokens=1041 time=16.2s time_left=583.5s
        source=final_channel confidence=0.5 stop=max_turns
        vboxed_checkpoints: turn4=21
        Libraries: import math

        [Turn 1 CODE]
        >>> Code:
            import math
            
            solutions = []
            for k in range(-100,101):
                x = 7*k
                if math.floor(x/2) - math.floor(x/3) == x/7:
                    solutions.append(x)
            solutions[:20], len(solutions)
            
        >>> Output:
            [-28, -14, -7, 0, 7, 21] 6
            

        [Turn 2 CODE]
        >>> Code:
            sum([-28,-14,-7,0,7,21])
            
        >>> Output:
            -21
            

        [Turn 3 CODE]
        >>> Code:
            sols = []
            for k in range(-5,6):
                if math.floor(7*k/2)-math.floor(7*k/3)==k:
                    sols.append(k)
            sols
            
        >>> Output:
            [-4, -2, -1, 0, 1, 3]
            

        [Turn 4 REASONING] (27 chars)
        \Vboxed{-21}  

\boxed{-21}

    --- Attempt 26 [WRONG] answer=21 expected=65537 temp=0.5 entropy=0.566 ---
        python_calls=2 errors=0 tokens=1285 time=20.5s time_left=579.5s
        source=final_channel confidence=0.5 stop=max_turns
        vboxed_checkpoints: turn3=21
        Libraries: import math

        [Turn 1 CODE]
        >>> Code:
            def frac(x):
                return x - int(x) if x>=0 else x - (int(x)-1)  # careful for negative? Let's use math.modf
            import math
            def frac2(x):
                return x - math.floor(x)
            solutions=[]
            for k in range(-100,101):
                lhs = frac2(7*k/2) - frac2(7*k/3)
                rhs = k/6
                if abs(lhs - rhs) < 1e-12:
                    solutions.append(k)
            solutions[:20], len(solutions)
            
        >>> Output:
            [-4, -2, -1, 0, 1, 3] 6
            

        [Turn 2 CODE]
        >>> Code:
            for k in range(-10,11):
                lhs = frac2(7*k/2) - frac2(7*k/3)
                rhs = k/6
                if abs(lhs - rhs) < 1e-12:
                    print(k, lhs, rhs)
            
        >>> Output:
            -4 -0.6666666666666661 -0.6666666666666666
            -2 -0.33333333333333304 -0.3333333333333333
            -1 -0.16666666666666652 -0.16666666666666666
            0 0.0 0.0
            1 0.16666666666666652 0.16666666666666666
            3 0.5 0.5
            

        [Turn 3 REASONING] (27 chars)
        \Vboxed{-21}  

\boxed{-21}

    --- Attempt 46 [WRONG] answer=21 expected=65537 temp=0.5 entropy=0.519 ---
        python_calls=3 errors=0 tokens=1324 time=21.1s time_left=578.3s
        source=final_channel confidence=0.5 stop=max_turns
        vboxed_checkpoints: turn4=21
        Libraries: import math

        [Turn 1 CODE]
        >>> Code:
            import math
            solutions=[]
            for k in range(-5,6):
                if math.floor(7*k/2)-math.floor(7*k/3)==k:
                    solutions.append(k)
            solutions
            
        >>> Output:
            [-4, -2, -1, 0, 1, 3]
            

        [Turn 2 CODE]
        >>> Code:
            sum([-28,-14,-7,0,7,21])
            
        >>> Output:
            -21
            

        [Turn 3 CODE]
        >>> Code:
            sols=[]
            for x in range(-1000,1001):
                if math.floor(x/2)-math.floor(x/3)==x/7:
                    sols.append(x)
            sols[:20], len(sols)
            
        >>> Output:
            [-28, -14, -7, 0, 7, 21] 6
            

        [Turn 4 REASONING] (11 chars)
        \boxed{-21}

    --- Attempt 48 [NONE] answer=None expected=65537 temp=0.5 entropy=0.558 ---
        python_calls=2 errors=0 tokens=1388 time=22.1s time_left=577.2s
        source=fallback confidence=0.0 stop=max_turns
        vboxed_checkpoints: turn3=21
        Libraries: import math

        [Turn 1 CODE]
        >>> Code:
            import math
            
            def satisfies(k):
                lhs = math.floor(7*k/2) - math.floor(7*k/3)
                return lhs == k
            
            solutions = [k for k in range(-100,101) if satisfies(k)]
            solutions[:20], len(solutions)
            
        >>> Output:
            [-4, -2, -1, 0, 1, 3] 6
            

        [Turn 2 CODE]
        >>> Code:
            candidates = list(range(-5,6))
            [(k, satisfies(k)) for k in candidates]
            
        >>> Output:
            [(-5, False), (-4, True), (-3, False), (-2, True), (-1, True), (0, True), (1, True), (2, False), (3, True), (4, False), (5, False)]
            

        [Turn 3 REASONING] (12 chars)
        \Vboxed{-21}

    --- Attempt 44 [WRONG] answer=21 expected=65537 temp=0.5 entropy=0.562 ---
        python_calls=2 errors=0 tokens=1465 time=23.6s time_left=575.9s
        source=final_channel confidence=0.5 stop=max_turns
        vboxed_checkpoints: turn3=21
        Libraries: import math

        [Turn 1 CODE]
        >>> Code:
            def valid_ks():
                res=[]
                for k in range(-5,6):
                    if ( (7*k)//2 - (7*k)//3 ) == k: # careful: floor division for negative numbers in Python is floor, matches math.floor
                        res.append(k)
                return res
            
            valid_ks()
            
        >>> Output:
            [-4, -2, -1, 0, 1, 3]
            

        [Turn 2 CODE]
        >>> Code:
            import math
            solutions=[]
            for x in [i/2 for i in range(-200,201)]: # step 0.5 maybe enough? Actually solutions are multiples of 7, integer multiples, but we can check integer x.
                if math.floor(x/2)-math.floor(x/3)==x/7:
                    solutions.append(x)
            solutions[:20], len(solutions)
            
        >>> Output:
            [-28.0, -14.0, -7.0, 0.0, 7.0, 21.0] 6
            

        [Turn 3 REASONING] (24 chars)
        \Vboxed{-21}
\boxed{-21}

    --- Attempt 43 [WRONG] answer=21 expected=65537 temp=0.5 entropy=0.621 ---
        python_calls=2 errors=0 tokens=1697 time=27.7s time_left=571.9s
        source=final_channel confidence=0.5 stop=max_turns
        vboxed_checkpoints: turn3=21

        [Turn 1 CODE]
        >>> Code:
            solutions = []
            for k in range(-10, 11):
                lhs = math.floor(7*k/2) - math.floor(7*k/3)
                if lhs == k:
                    solutions.append(k)
            solutions
            
        >>> Output:
            [-4, -2, -1, 0, 1, 3]
            

        [Turn 2 CODE]
        >>> Code:
            sols = []
            for x in range(-1000,1001):
                if math.floor(x/2) - math.floor(x/3) == x/7:
                    sols.append(x)
            sols[:20], len(sols)
            
        >>> Output:
            [-28, -14, -7, 0, 7, 21] 6
            

        [Turn 3 REASONING] (24 chars)
        \Vboxed{-21}
\boxed{-21}

    --- Attempt 47 [WRONG] answer=21 expected=65537 temp=0.5 entropy=0.457 ---
        python_calls=2 errors=0 tokens=1735 time=28.3s time_left=571.1s
        source=final_channel confidence=0.5 stop=max_turns
        vboxed_checkpoints: turn3=21
        Libraries: import math

        [Turn 1 CODE]
        >>> Code:
            def frac(x):
                return x - int(x)  # works for positive x; but k can be negative? We'll handle later.
            
            def compute_cases():
                cases = {}
                for r in range(6):
                    # compute for k = r (i.e., q=0)
                    k = r
                    f1 = (7*k/2) % 1  # fractional part
                    f2 = (7*k/3) % 1
                    diff = f1 - f2
                    cases[r] = (f1, f2, diff)
                return cases
            
            compute_cases()
            
        >>> Output:
            {0: (0.0, 0.0, 0.0), 1: (0.5, 0.3333333333333335, 0.16666666666666652), 2: (0.0, 0.666666666666667, -0.666666666666667), 3: (0.5, 0.0, 0.5), 4: (0.0, 0.3333333333333339, -0.3333333333333339), 5: (0.5, 0.6666666666666661, -0.16666666666666607)}
            

        [Turn 2 CODE]
        >>> Code:
            def solutions_in_range(lo, hi):
                sols = []
                for x in range(lo, hi+1):
                    if (x/7).is_integer():  # but we need integer x? Actually x can be real, but we only check multiples of 7.
                        if math.floor(x/2) - math.floor(x/3) == x/7:
                            sols.append(x)
                return sols
            
            import math
            sols = solutions_in_range(-100, 100)
            sols
            
        >>> Output:
            [-28, -14, -7, 0, 7, 21]
            

        [Turn 3 REASONING] (27 chars)
        \Vboxed{-21}  

\boxed{-21}

    --- Attempt 27 [WRONG] answer=21 expected=65537 temp=0.5 entropy=0.428 ---
        python_calls=1 errors=0 tokens=1770 time=28.9s time_left=571.1s
        source=final_channel confidence=0.5 stop=max_turns
        vboxed_checkpoints: turn2=21
        Libraries: import math

        [Turn 1 CODE]
        >>> Code:
            import math
            solutions = []
            for k in range(-100,101):
                if math.floor(7*k/2) - math.floor(7*k/3) == k:
                    solutions.append(k)
            solutions[:20], len(solutions)
            
        >>> Output:
            [-4, -2, -1, 0, 1, 3] 6
            

        [Turn 2 REASONING] (27 chars)
        \Vboxed{-21}  

\boxed{-21}

    --- Attempt 41 [WRONG] answer=21 expected=65537 temp=0.5 entropy=0.625 ---
        python_calls=1 errors=0 tokens=1846 time=29.9s time_left=569.8s
        source=final_channel confidence=0.5 stop=max_turns
        vboxed_checkpoints: turn2=21, turn2=21

        [Turn 1 CODE]
        >>> Code:
            def solutions():
                sols = []
                for k in range(-100,101):
                    if (7*k)//2 - (7*k)//3 == k: # floor division works for negative numbers? In Python // is floor division, yes.
                        sols.append(k)
                return sols
            
            solutions()
            
        >>> Output:
            [-4, -2, -1, 0, 1, 3]
            

        [Turn 2 REASONING] (24 chars)
        \Vboxed{-21}
\boxed{-21}

    --- Attempt 31 [NONE] answer=None expected=65537 temp=0.5 entropy=0.532 ---
        python_calls=2 errors=0 tokens=1894 time=30.6s time_left=569.4s
        source=fallback confidence=0.0 stop=max_turns
        vboxed_checkpoints: turn3=21, turn3=21

        [Turn 1 CODE]
        >>> Code:
            solutions = []
            for k in range(-100,101):
                # compute LHS difference
                # fractional parts
                def frac(x):
                    return x - math.floor(x)
                lhs = frac(7*k/2) - frac(7*k/3)
                rhs = k/6
                if abs(lhs - rhs) < 1e-12:
                    solutions.append(k)
            solutions[:20], len(solutions)
            
        >>> Output:
            [-4, -2, -1, 0, 1, 3] 6
            

        [Turn 2 CODE]
        >>> Code:
            solutions = []
            for k in range(-1000,1001):
                lhs = (7*k/2 - math.floor(7*k/2)) - (7*k/3 - math.floor(7*k/3))
                rhs = k/6
                if abs(lhs - rhs) < 1e-12:
                    solutions.append(k)
            solutions[:20], len(solutions)
            
        >>> Output:
            [-4, -2, -1, 0, 1, 3] 6
            

        [Turn 3 REASONING] (12 chars)
        \Vboxed{-21}

    --- Attempt 36 [WRONG] answer=21 expected=65537 temp=0.5 entropy=0.593 ---
        python_calls=3 errors=0 tokens=2077 time=33.2s time_left=566.6s
        source=final_channel confidence=0.5 stop=max_turns
        vboxed_checkpoints: turn4=21, turn4=21
        Libraries: import math

        [Turn 1 CODE]
        >>> Code:
            import math
            
            def frac(x):
                return x - math.floor(x)
            
            solutions = []
            for k in range(-5,6):
                lhs = frac(7*k/2) - frac(7*k/3)
                rhs = k/6
                if abs(lhs - rhs) < 1e-12:
                    solutions.append(k)
                    print(k, lhs, rhs)
            print("solutions k:", solutions)
            
        >>> Output:
            -4 -0.6666666666666661 -0.6666666666666666
            -2 -0.33333333333333304 -0.3333333333333333
            -1 -0.16666666666666652 -0.16666666666666666
            0 0.0 0.0
            1 0.16666666666666652 0.16666666666666666
            3 0.5 0.5
            solutions k: [-4, -2, -1, 0, 1, 3]
            

        [Turn 2 CODE]
        >>> Code:
            def check_k(k):
                return math.floor(7*k/2) - math.floor(7*k/3) == k
            
            for k in range(-5,6):
                if check_k(k):
                    print(k)
            
        >>> Output:
            -4
            -2
            -1
            0
            1
            3
            

        [Turn 3 CODE]
        >>> Code:
            sum([7*k for k in [-4,-2,-1,0,1,3]])
            
        >>> Output:
            -21
            

        [Turn 4 REASONING] (27 chars)
        \Vboxed{-21}  

\boxed{-21}

    --- Attempt 29 [NONE] answer=None expected=65537 temp=0.5 entropy=0.597 ---
        python_calls=7 errors=0 tokens=2131 time=34.3s time_left=565.7s
        source=fallback confidence=0.0 stop=max_turns
        vboxed_checkpoints: turn4=21, turn8=21
        Libraries: import math

        [Turn 1 CODE]
        >>> Code:
            import math
            
            def satisfies(k):
                # compute fractional parts
                a = (7*k)/2
                b = (7*k)/3
                # fractional part: a - math.floor(a)
                fa = a - math.floor(a)
                fb = b - math.floor(b)
                lhs = fa - fb
                rhs = k/6
                # due to floating errors, compare within tolerance
                return abs(lhs - rhs) < 1e-9
            
            solutions = []
            for k in range(-5,6):
                if satisfies(k):
                    solutions.append(k)
            solutions
            
        >>> Output:
            [-4, -2, -1, 0, 1, 3]
            

        [Turn 2 CODE]
        >>> Code:
            def check_x(x):
                return math.floor(x/2) - math.floor(x/3) == x/7
            
            xs = [7*k for k in solutions]
            [(x, check_x(x), math.floor(x/2)-math.floor(x/3), x/7) for x in xs]
            
        >>> Output:
            [(-28, True, -4, -4.0), (-14, True, -2, -2.0), (-7, True, -1, -1.0), (0, True, 0, 0.0), (7, True, 1, 1.0), (21, True, 3, 3.0)]
            

        [Turn 3 CODE]
        >>> Code:
            sum(xs)
            
        >>> Output:
            -21
            

        [Turn 4 CODE]
        >>> Code:
            sols = []
            for x in range(-1000,1001,7):
                if math.floor(x/2) - math.floor(x/3) == x/7:
                    sols.append(x)
            sols, sum(sols)
            
        >>> Output:
            [] 0
            

        [Turn 5 CODE]
        >>> Code:
            candidates = list(range(-1000,1001,7))
            candidates[:10]
            
        >>> Output:
            [-1000, -993, -986, -979, -972, -965, -958, -951, -944, -937]
            

        [Turn 6 CODE]
        >>> Code:
            -1000 % 7
            
        >>> Output:
            1
            

        [Turn 7 CODE]
        >>> Code:
            sols = []
            for x in range(-1001,1002,7):
                if math.floor(x/2) - math.floor(x/3) == x/7:
                    sols.append(x)
            sols, sum(sols)
            
        >>> Output:
            [-28, -14, -7, 0, 7, 21] -21
            

        [Turn 8 REASONING] (12 chars)
        \Vboxed{-21}

    --- Attempt 40 [WRONG] answer=21 expected=65537 temp=0.5 entropy=0.598 ---
        python_calls=4 errors=0 tokens=2152 time=34.3s time_left=565.4s
        source=final_channel confidence=0.5 stop=max_turns
        vboxed_checkpoints: turn5=21, turn5=21
        Libraries: import math

        [Turn 1 CODE]
        >>> Code:
            import math
            
            def satisfies(k):
                # compute fractional parts
                f1 = (7*k/2) - math.floor(7*k/2)
                f2 = (7*k/3) - math.floor(7*k/3)
                return abs((f1 - f2) - (k/6)) < 1e-12
            
            sols = []
            for k in range(-1000,1001):
                if satisfies(k):
                    sols.append(k)
            sols[:20], len(sols)
            
        >>> Output:
            [-4, -2, -1, 0, 1, 3] 6
            

        [Turn 2 CODE]
        >>> Code:
            sol_x = [7*k for k in sols]
            sol_x
            
        >>> Output:
            [-28, -14, -7, 0, 7, 21]
            

        [Turn 3 CODE]
        >>> Code:
            def check_x(x):
                return math.floor(x/2) - math.floor(x/3) - x/7
            
            for x in sol_x:
                print(x, check_x(x))
            
        >>> Output:
            -28 0.0
            -14 0.0
            -7 0.0
            0 0.0
            7 0.0
            21 0.0
            

        [Turn 4 CODE]
        >>> Code:
            sum(sol_x)
            
        >>> Output:
            -21
            

        [Turn 5 REASONING] (11 chars)
        \boxed{-21}

    --- Attempt 30 [NONE] answer=None expected=65537 temp=0.5 entropy=0.688 ---
        python_calls=3 errors=0 tokens=2330 time=36.9s time_left=563.1s
        source=fallback confidence=0.0 stop=max_turns
        vboxed_checkpoints: turn3=21

        [Turn 1 CODE]
        >>> Code:
            solutions = []
            for k in range(-10, 11):
                if (7*k)//2 - (7*k)//3 == k:
                    solutions.append(k)
            solutions
            
        >>> Output:
            [-4, -2, -1, 0, 1, 3]
            

        [Turn 2 CODE]
        >>> Code:
            sum([7*k for k in [-4,-2,-1,0,1,3]])
            
        >>> Output:
            -21
            

        [Turn 3 CODE]
        >>> Code:
            sols = []
            for k in range(-1000, 1001):
                if (7*k)//2 - (7*k)//3 == k:
                    sols.append(7*k)
            sols[:20], len(sols)
            
        >>> Output:
            [-28, -14, -7, 0, 7, 21] 6
            

        [Turn 4 REASONING] (12 chars)
        \Vboxed{-21}

    --- Attempt 39 [WRONG] answer=21 expected=65537 temp=0.5 entropy=0.425 ---
        python_calls=0 errors=0 tokens=2700 time=42.0s time_left=557.7s
        source=final_channel confidence=0.5 stop=max_turns
        vboxed_checkpoints: turn1=21

        [Turn 1 REASONING] (11 chars)
        \boxed{-21}

    --- Attempt 42 [WRONG] answer=21 expected=65537 temp=0.5 entropy=0.652 ---
        python_calls=3 errors=0 tokens=2987 time=46.1s time_left=553.5s
        source=final_channel confidence=0.5 stop=max_turns
        vboxed_checkpoints: turn3=21, turn3=21, turn4=21
        Libraries: import math

        [Turn 1 CODE]
        >>> Code:
            import math
            
            solutions = []
            for k in range(-100,101):
                lhs = (7*k)/2 - math.floor((7*k)/2) - ((7*k)/3 - math.floor((7*k)/3)) # {7k/2} - {7k/3}
                # Actually {a} = a - floor(a)
                # So {7k/2} - {7k/3}
                # But careful: floor returns integer, for negative numbers floor gives lower integer.
                # Let's compute using math.modf? But modf returns fractional and integer part truncated towards zero.
                # Better to compute fractional part as a - math.floor(a)
                lhs = (7*k)/2 - math.floor((7*k)/2) - ((7*k)/3 - math.floor((7*k)/3))
                # Compare to k/6
                if abs(lhs - k/6) < 1e-9:
                    solutions.append(k)
            solutions[:20], len(solutions)
            
        >>> Output:
            [-4, -2, -1, 0, 1, 3] 6
            

        [Turn 2 CODE]
        >>> Code:
            sols = []
            for k in range(-1000,1001):
                if math.floor(7*k/2) - math.floor(7*k/3) == k:
                    sols.append(k)
            sols[:20], len(sols)
            
        >>> Output:
            [-4, -2, -1, 0, 1, 3] 6
            

        [Turn 3 CODE]
        >>> Code:
            sols = [-28, -14, -7, 0, 7, 21]
            sum(sols)
            
        >>> Output:
            -21
            

        [Turn 4 REASONING] (11 chars)
        \boxed{-21}

    --- Attempt 45 [WRONG] answer=21 expected=65537 temp=0.5 entropy=0.646 ---
        python_calls=4 errors=0 tokens=3014 time=46.4s time_left=553.1s
        source=final_channel confidence=0.5 stop=max_turns
        vboxed_checkpoints: turn5=21, turn5=21

        [Turn 1 CODE]
        >>> Code:
            solutions = []
            for k in range(-100,101):
                r2 = (7*k) % 2
                r3 = (7*k) % 3
                if 3*r2 - 2*r3 == k:
                    solutions.append(k)
            solutions[:20], len(solutions)
            
        >>> Output:
            [-4, -2, -1, 0, 1, 3] 6
            

        [Turn 2 CODE]
        >>> Code:
            def check(k):
                return ( (7*k)//2 - (7*k)//3 ) == k
            [ (k, check(k)) for k in solutions]
            
        >>> Output:
            [(-4, True), (-2, True), (-1, True), (0, True), (1, True), (3, True)]
            

        [Turn 3 CODE]
        >>> Code:
            sols_all = []
            for k in range(-1000,1001):
                if ( (7*k)//2 - (7*k)//3 ) == k:
                    sols_all.append(k)
            sols_all[:50], len(sols_all)
            
        >>> Output:
            [-4, -2, -1, 0, 1, 3] 6
            

        [Turn 4 CODE]
        >>> Code:
            sum([-28,-14,-7,0,7,21])
            
        >>> Output:
            -21
            

        [Turn 5 REASONING] (27 chars)
        \Vboxed{-21}  

\boxed{-21}

    --- Attempt 28 [WRONG] answer=21 expected=65537 temp=0.5 entropy=0.727 ---
        python_calls=1 errors=0 tokens=3217 time=48.5s time_left=551.5s
        source=final_channel confidence=0.5 stop=max_turns
        vboxed_checkpoints: turn2=21, turn2=21, turn2=21, turn2=21

        [Turn 1 CODE]
        >>> Code:
            def valid_ks():
                res=[]
                for k in range(-100,101):
                    if (7*k)//2 - (7*k)//3 == k:
                        res.append(k)
                return res
            valid_ks()
            
        >>> Output:
            [-4, -2, -1, 0, 1, 3]
            

        [Turn 2 REASONING] (11 chars)
        \boxed{-21}

    --- Attempt 34 [NONE] answer=None expected=65537 temp=0.5 entropy=0.633 ---
        python_calls=3 errors=0 tokens=3232 time=48.9s time_left=551.1s
        source=fallback confidence=0.0 stop=max_turns
        vboxed_checkpoints: turn3=21, turn4=21, turn4=21
        Libraries: from fractions import Fraction, import math

        [Turn 1 CODE]
        >>> Code:
            import math
            
            def frac(x):
                return x - math.floor(x)
            
            solutions = []
            for k in range(-100,101):
                lhs = frac(7*k/2) - frac(7*k/3)
                rhs = k/6
                if abs(lhs - rhs) < 1e-12:
                    solutions.append(k)
            solutions[:20], len(solutions)
            
        >>> Output:
            [-4, -2, -1, 0, 1, 3] 6
            

        [Turn 2 CODE]
        >>> Code:
            from fractions import Fraction
            
            def frac_frac(x):
                # x is Fraction
                # return fractional part as Fraction in [0,1)
                return x - (x.numerator // x.denominator)  # floor for positive? need floor for possibly negative.
                # Actually floor for negative fractions: floor = math.floor(float) but we can use // for integer division that floors toward negative infinity.
            
            def floor_frac(x):
                # floor as integer
                # Using // works for negative fractions as floor division.
                return x.numerator // x.denominator
            
            def frac_fraction(x):
                # x Fraction
                fl = floor_frac(x)
                return x - fl
            
            sols = []
            for k in range(-20,21):
                lhs = frac_fraction(Fraction(7*k,2)) - frac_fraction(Fraction(7*k,3))
                rhs = Fraction(k,6)
                if lhs == rhs:
                    sols.append(k)
            sols
            
        >>> Output:
            [-4, -2, -1, 0, 1, 3]
            

        [Turn 3 CODE]
        >>> Code:
            sols = []
            for x in range(-1000,1001):
                if x % 7 == 0:
                    if math.floor(x/2) - math.floor(x/3) == x/7:
                        sols.append(x)
            sols, sum(sols)
            
        >>> Output:
            [-28, -14, -7, 0, 7, 21] -21
            

        [Turn 4 REASONING] (12 chars)
        \Vboxed{-21}

    --- Attempt 37 [NONE] answer=None expected=65537 temp=0.5 entropy=0.589 ---
        python_calls=4 errors=0 tokens=3264 time=49.0s time_left=550.8s
        source=fallback confidence=0.0 stop=max_turns
        vboxed_checkpoints: turn5=21, turn5=21

        [Turn 1 CODE]
        >>> Code:
            def satisfies(k):
                return (7*k)//2 - (7*k)//3 == k
            sol=[]
            for k in range(-10,11):
                if satisfies(k):
                    sol.append(k)
            sol
            
        >>> Output:
            [-4, -2, -1, 0, 1, 3]
            

        [Turn 2 CODE]
        >>> Code:
            sol=[]
            for x in range(-1000,1001,7):
                if (x//2) - (x//3) == x/7:
                    sol.append(x)
            sol[:20], len(sol)
            
        >>> Output:
            [] 0
            

        [Turn 3 CODE]
        >>> Code:
            for x in [-28,-14,-7,0,7,21]:
                print(x, x//2, x//3, x//2 - x//3, x/7)
            
        >>> Output:
            -28 -14 -10 -4 -4.0
            -14 -7 -5 -2 -2.0
            -7 -4 -3 -1 -1.0
            0 0 0 0 0.0
            7 3 2 1 1.0
            21 10 7 3 3.0
            

        [Turn 4 CODE]
        >>> Code:
            sol=[]
            for k in range(-200,201):
                x=7*k
                if (x//2) - (x//3) == x/7:
                    sol.append(x)
            sol, len(sol)
            
        >>> Output:
            [-28, -14, -7, 0, 7, 21] 6
            

        [Turn 5 REASONING] (12 chars)
        \Vboxed{-21}

    --- Attempt 25 [NONE] answer=None expected=65537 temp=0.5 entropy=0.671 ---
        python_calls=4 errors=0 tokens=3766 time=52.9s time_left=547.1s
        source=fallback confidence=0.0 stop=max_turns
        vboxed_checkpoints: turn5=21, turn5=21
        Libraries: from fractions import Fraction, import math, import sympy as sp

        [Turn 1 CODE]
        >>> Code:
            import math
            
            def satisfies(k):
                lhs = (7*k/2 - math.floor(7*k/2)) - (7*k/3 - math.floor(7*k/3))
                # Equivalent to fractional parts difference
                # Using math.modf might be okay, but careful with floating errors.
                # Use rational representation? Let's compute using fractions.
                from fractions import Fraction
                # Compute fractional part exactly using fractions:
                a = Fraction(7*k,2)
                b = Fraction(7*k,3)
                # fractional part = a - floor(a)
                # floor of Fraction: use a.numerator // a.denominator
                fa = a - (a.numerator // a.denominator)
                fb = b - (b.numerator // b.denominator)
                lhs = fa - fb
                # Convert to rational
                # RHS = k/6
                rhs = Fraction(k,6)
                return lhs == rhs
            
            solutions = []
            for k in range(-10, 11):
                if satisfies(k):
                    solutions.append(k)
            solutions
            
        >>> Output:
            [-4, -2, -1, 0, 1, 3]
            

        [Turn 2 CODE]
        >>> Code:
            solutions = []
            for k in range(-100,101):
                if satisfies(k):
                    solutions.append(k)
            solutions[:50], len(solutions)
            
        >>> Output:
            [-4, -2, -1, 0, 1, 3] 6
            

        [Turn 3 CODE]
        >>> Code:
            def eq(x):
                return math.floor(x/2) - math.floor(x/3) == x/7
            
            xs = [-28,-14,-7,0,7,21]
            for x in xs:
                print(x, eq(x), math.floor(x/2)-math.floor(x/3), x/7)
            
        >>> Output:
            -28 True -4 -4.0
            -14 True -2 -2.0
            -7 True -1 -1.0
            0 True 0 0.0
            7 True 1 1.0
            21 True 3 3.0
            

        [Turn 4 CODE]
        >>> Code:
            import sympy as sp
            
            k = sp.symbols('k', integer=True)
            expr = sp.floor(7*k/2) - sp.floor(7*k/3) - k
            # Solve for integer k
            solutions = []
            for val in range(-10,11):
                if expr.subs(k,val) == 0:
                    solutions.append(val)
            solutions
            
        >>> Output:
            [-4, -2, -1, 0, 1, 3]
            

        [Turn 5 REASONING] (12 chars)
        \Vboxed{-21}

    --- Attempt 32 [WRONG] answer=21 expected=65537 temp=0.5 entropy=0.610 ---
        python_calls=5 errors=0 tokens=3925 time=54.2s time_left=545.8s
        source=final_channel confidence=0.5 stop=max_turns
        vboxed_checkpoints: turn4=21, turn4=21, turn4=21, turn5=21, turn6=21

        [Turn 1 CODE]
        >>> Code:
            solutions = []
            for k in range(-20,21):
                # compute LHS using floor
                lhs = math.floor(7*k/2) - math.floor(7*k/3)
                if lhs == k:
                    solutions.append(k)
            solutions
            
        >>> Output:
            [-4, -2, -1, 0, 1, 3]
            

        [Turn 2 CODE]
        >>> Code:
            sum([-28,-14,-7,0,7,21])
            
        >>> Output:
            -21
            

        [Turn 3 CODE]
        >>> Code:
            def check_k(k):
                # compute fractional parts
                a = (7*k)/2
                b = (7*k)/3
                # fractional part
                def frac(x):
                    return x - math.floor(x)
                return frac(a) - frac(b), k/6
            for k in range(-5,6):
                print(k, check_k(k))
            
        >>> Output:
            -5 (0.16666666666666607, -0.8333333333333334)
            -4 (-0.6666666666666661, -0.6666666666666666)
            -3 (0.5, -0.5)
            -2 (-0.33333333333333304, -0.3333333333333333)
            -1 (-0.16666666666666652, -0.16666666666666666)
            0 (0.0, 0.0)
            1 (0.16666666666666652, 0.16666666666666666)
            2 (-0.666666666666667, 0.3333333333333333)
            3 (0.5, 0.5)
            4 (-0.3333333333333339, 0.6666666666666666)
            5 (-0.16666666666666607, 0.8333333333333334)
            

        [Turn 4 CODE]
        >>> Code:
            sol = []
            for k in range(-100,101):
                x = 7*k
                if math.floor(x/2) - math.floor(x/3) == x/7:
                    sol.append(x)
            sol[:20], len(sol)
            
        >>> Output:
            [-28, -14, -7, 0, 7, 21] 6
            

        [Turn 5 CODE]
        >>> Code:
            sum(sol)
            
        >>> Output:
            -21
            

        [Turn 6 REASONING] (27 chars)
        \Vboxed{-21}  

\boxed{-21}

    --- Attempt 33 [WRONG] answer=21 expected=65537 temp=0.5 entropy=0.634 ---
        python_calls=5 errors=0 tokens=4583 time=58.0s time_left=542.0s
        source=final_channel confidence=0.5 stop=max_turns
        vboxed_checkpoints: turn6=21, turn6=21, turn6=21, turn6=21, turn6=21, turn6=21, turn6=21
        Libraries: import math

        [Turn 1 CODE]
        >>> Code:
            import math
            
            solutions = []
            for k in range(-100,101):
                if math.floor(7*k/2) - math.floor(7*k/3) == k:
                    solutions.append(k)
            solutions[:20], len(solutions)
            
        >>> Output:
            [-4, -2, -1, 0, 1, 3] 6
            

        [Turn 2 CODE]
        >>> Code:
            xs = [7*k for k in [-4,-2,-1,0,1,3]]
            sum(xs)
            
        >>> Output:
            -21
            

        [Turn 3 CODE]
        >>> Code:
            sols = []
            for x in range(-1000, 1001, 7):
                if math.floor(x/2) - math.floor(x/3) == x/7:
                    sols.append(x)
            sols, sum(sols)
            
        >>> Output:
            [] 0
            

        [Turn 4 CODE]
        >>> Code:
            sols = []
            for x in range(-1000 - (-1000)%7, 1001, 7):
                if math.floor(x/2) - math.floor(x/3) == x/7:
                    sols.append(x)
            sols[:20], len(sols), sum(sols)
            
        >>> Output:
            [-28, -14, -7, 0, 7, 21] 6 -21
            

        [Turn 5 CODE]
        >>> Code:
            candidates = []
            for k in range(-5,6):
                lhs = math.floor(7*k/2) - math.floor(7*k/3)
                if lhs == k:
                    candidates.append(k)
            candidates
            
        >>> Output:
            [-4, -2, -1, 0, 1, 3]
            

        [Turn 6 REASONING] (11 chars)
        \boxed{-21}

    --- Attempt 35 [WRONG] answer=21 expected=65537 temp=0.5 entropy=0.561 ---
        python_calls=1 errors=0 tokens=4697 time=58.4s time_left=541.4s
        source=final_channel confidence=0.5 stop=max_turns
        vboxed_checkpoints: turn2=21, turn2=21, turn2=21
        Libraries: import math

        [Turn 1 CODE]
        >>> Code:
            import math
            solutions = [-28,-14,-7,0,7,21]
            for x in solutions:
                lhs = math.floor(x/2)-math.floor(x/3)
                rhs = x/7
                print(x,lhs,rhs,lhs==rhs)
            
        >>> Output:
            -28 -4 -4.0 True
            -14 -2 -2.0 True
            -7 -1 -1.0 True
            0 0 0.0 True
            7 1 1.0 True
            21 3 3.0 True
            

        [Turn 2 REASONING] (27 chars)
        \Vboxed{-21}  

\boxed{-21}

  Running: 0/1 (0%) | Elapsed: 184s

──────────────────────────────────────────────────────────────────────
  [2/4] Problem 3eee67 | Expected: 27290
──────────────────────────────────────────────────────────────────────

Problem: Each edge of the complete graph \(K_{9097}\) is labeled with \(1\), \(2\), or \(3\) such that the sum of the labels of any triangle (formed by three edges) is at least \(5\). Given that the minimum possible value of the average of all \(\binom{9097}{2}\) labels can be expressed as a fraction in its simplest form \(\frac{m}{n}\), find the value of \(m + n\).


============================================================
  WAVE 1: CLASSIFICATION
============================================================
Budget: 100s | Pool left: 5899s | Attempts: 42
Classification failed: Unexpected EOS while waiting for message header to complete
Classification failed: Unexpected EOS while waiting for message header to complete
Classification failed: Unexpected EOS while waiting for message header to complete

Classification results (39 attempts):
  Attempt 1: None [None] (conf=0.0, turns=3, time=101.8s)
  Attempt 2: None [None] (conf=0.0, turns=3, time=101.9s)
  Attempt 3: combinatorics.graph_theory.extremal_edges [None] (conf=0.7, turns=4, time=100.6s)
  Attempt 4: None [None] (conf=0.0, turns=3, time=102.8s)
  Attempt 5: combinatorics.extremal.greedy_then_count [medium] (conf=1.0, turns=3, time=96.5s)
  Attempt 6: None [None] (conf=0.0, turns=3, time=101.6s)
  Attempt 7: None [None] (conf=0.0, turns=3, time=100.0s)
  Attempt 8: None [None] (conf=0.0, turns=3, time=99.6s)
  Attempt 9: None [None] (conf=0.0, turns=3, time=101.0s)
  Attempt 10: combinatorics.extremal.turan [medium] (conf=0.7, turns=4, time=101.6s)
  Attempt 11: a.b.c,x.y.z [None] (conf=1.0, turns=1, time=68.7s)
  Attempt 13: None [None] (conf=0.0, turns=3, time=101.7s)
  Attempt 14: None [None] (conf=0.0, turns=3, time=100.3s)
  Attempt 15: None [None] (conf=0.0, turns=3, time=100.6s)
  Attempt 16: None [None] (conf=0.0, turns=3, time=100.8s)
  Attempt 17: combinatorics.graph_theory.extremal_edges [medium] (conf=1.0, turns=1, time=33.3s)
  Attempt 18: combinatorics.extremal.turan [None] (conf=0.7, turns=4, time=97.7s)
  Attempt 19: None [None] (conf=0.0, turns=3, time=100.0s)
  Attempt 20: combinatorics.extremal.turan [medium] (conf=0.7, turns=4, time=97.5s)
  Attempt 21: None [None] (conf=0.0, turns=3, time=99.4s)
  Attempt 22: None [None] (conf=0.0, turns=3, time=98.6s)
  Attempt 23: None [None] (conf=0.0, turns=3, time=98.5s)
  Attempt 24: combinatorics.extremal.turan [None] (conf=1.0, turns=3, time=79.2s)
  Attempt 26: combinatorics.extremal.turan [medium] (conf=0.7, turns=4, time=95.0s)
  Attempt 27: None [None] (conf=0.0, turns=3, time=97.4s)
  Attempt 28: combinatorics.graph_theory.extremal_edges [None] (conf=1.0, turns=1, time=37.6s)
  Attempt 29: None [None] (conf=0.0, turns=3, time=96.6s)
  Attempt 30: combinatorics.extremal.turan [medium] (conf=1.0, turns=1, time=27.7s)
  Attempt 31: None [None] (conf=0.0, turns=3, time=96.0s)
  Attempt 32: None [None] (conf=0.0, turns=3, time=95.1s)
  Attempt 34: combinatorics.graph_theory.extremal_edges [medium] (conf=1.0, turns=1, time=29.6s)
  Attempt 35: combinatorics.graph_theory.extremal_edges [medium] (conf=1.0, turns=2, time=21.9s)
  Attempt 36: taxonomy [medium] (conf=1.0, turns=1, time=27.0s)
  Attempt 37: None [None] (conf=0.0, turns=3, time=94.6s)
  Attempt 38: combinatorics.graph_theory.extremal_edges [None] (conf=1.0, turns=1, time=46.8s)
  Attempt 39: combinatorics.extremal.greedy_then_count [None] (conf=1.0, turns=1, time=34.9s)
  Attempt 40: None [None] (conf=0.0, turns=3, time=93.0s)
  Attempt 41: None [None] (conf=0.0, turns=3, time=92.6s)
  Attempt 42: combinatorics.extremal.greedy_then_count [medium] (conf=1.0, turns=2, time=69.3s)

=== WAVE 1 TAXONOMY VOTES ===
  combinatorics.graph_theory.extremal_edges: 5.7 votes <-- SELECTED
  combinatorics.extremal.turan: 4.8 votes <-- SELECTED
  combinatorics.extremal.greedy_then_count: 3.0 votes
=== END VOTES ===


=== DIFFICULTY VOTES: {'medium': 10} → MEDIUM ===
Wave 1 result: ['combinatorics.graph_theory.extremal_edges', 'combinatorics.extremal.turan'] | Difficulty: medium (W1 cumulative: 204/6000s)

=== WAVE 1 → DB RETRIEVAL  ===
Taxonomies: ['combinatorics.graph_theory.extremal_edges', 'combinatorics.extremal.turan']
Total matches: 1
  - 9010d9 [combinatorics.graph_theory.extremal_edges]
Notes: 2201 chars
=== END WAVE 1 RETRIEVAL ===


=== USER PROMPT (6320 chars) ===
[Our IMO expert has given tips and tricks for this problem.]

--- [combinatorics.graph_theory.extremal_edges] ---
Triggers: triangle-free edge requirement, maximum edges, core-leaf decomposition
Technique: Every vertex must have a triangle-free edge. Optimal via core-leaf partition. Trap: assuming perfect matching gives 6400 (wrong).
Question: Let \(G\) be a 160-order simple graph. For any vertex \(u\), there exists another vertex \(v\), such that \(u\) and \(v\) are adjacent, and there exists no vertices adjacent to both \(u\) and \(v\). Find the maximal number of edges in \(G\).
Answer: The condition requires every vertex to be incident to at least one edge not contained in any triangle (a 'triangle-free edge'). The optimal construction uses a core-leaf decomposition: partition 160 vertices into k 'core' vertices forming a complete graph K_k, with each core vertex having pendant 'leaves' (degree-1 neighbors). Leaves of different core vertices are connected by all possible edges (complete multipartite among leaf groups), while leaves of the same core vertex are NOT adjacent (keeping the core-leaf edge triangle-free). Each core vertex's pendant edge satisfies the condition. Total edges = C(k,2) + L + C(L,2) - sum C(s_i,2) where L=160-k leaves distributed evenly into k groups. Optimizing over k by enumeration yields maximum at k=9 (groups of 17,17,...,16,16) or k=10 (groups of 15 each), both giving N edges. The wrong answer 6400 comes from pairing vertices into 80 pairs with internal triangle-free edges and 2 cross-edges per pair-pair, which is suboptimal because it wastes the possibility of dense leaf-leaf connections.

[END EXPERT NOTES]

Our IMO expert has also shared his special notes database. If you are stuck or want more hints, query it:
import sqlite3; db = sqlite3.connect("/kaggle/input/aimo3-problem-db/problems.db")
Schema: id, category, topic, subtopic, taxonomy, triggers, technique, question, answer
db.execute("SELECT taxonomy, triggers, technique FROM problems WHERE category=?", (CATEGORY,)).fetchall()
Find the closest match, then read the full approach:
db.execute("SELECT technique, question, answer FROM problems WHERE taxonomy=?", (TAX,)).fetchone()

Each edge of the complete graph \(K_{9097}\) is labeled with \(1\), \(2\), or \(3\) such that the sum of the labels of any triangle (formed by three edges) is at least \(5\). Given that the minimum possible value of the average of all \(\binom{9097}{2}\) labels can be expressed as a fraction in its simplest form \(\frac{m}{n}\), find the value of \(m + n\). You have access to `math`, `numpy`, and `sympy` for:

# Symbolic Computation (sympy):
- Algebraic manipulation and simplification
- Solving equations and systems of equations
- Symbolic differentiation and integration
- Number theory functions (primes, divisors, modular arithmetic)
- Polynomial operations and factorization
- Working with mathematical expressions symbolically

# Numerical Computation (numpy):
- Array operations and linear algebra
- Efficient numerical calculations for large datasets
- Matrix operations and eigenvalue problems
- Statistical computations

# Mathematical Functions (math):
- Standard mathematical functions (trig, log, exp)
- Constants like pi and e
- Basic operations for single values

Best Practices:
- Use sympy for exact symbolic answers when possible
- Use numpy for numerical verification and large-scale computation
- Combine symbolic and numerical approaches: derive symbolically, verify numerically
- Document your computational strategy clearly
- Validate computational results against known cases or theoretical bounds
- For very large exponents (e.g. a^(n!)), use pow(base, exp, mod) or analytical methods — never materialize the full number

# Code Robustness Rules:
- Each code cell must be SELF-CONTAINED: re-import and re-define everything you need. If a previous cell errored, its definitions are LOST.
- Avoid sympy expressions that grow beyond a few hundred characters. If an expression is exploding, switch to numerical methods (numpy) or modular arithmetic.
- For geometry: prefer numpy coordinate models with brute-force verification over pure symbolic or direction-counting approaches.
- For combinatorics counting: always verify no duplicates — check injectivity explicitly.
- If 5+ code cells without progress, STOP and restart with a different approach.
- When using Python, prefer converting sympy expressions to int() before passing to Python builtins like pow(), min(), max().
- Common import: from sympy.ntheory.modular import crt (note: sympy.crt does not exist).
- If a code cell fails, re-import necessary libraries in the next cell.
- sympy.solve() often times out on complex systems. For polynomial systems with > 3 unknowns, prefer numerical methods (scipy fsolve/minimize) or manual algebraic reduction.
- Never call sympy.simplify() or sympy.expand() on expressions involving large binomials or products of many terms. Use float() first to check the numerical value.

# Library Availability:
NOT installed (do NOT import — they WILL fail): pulp, ortools, z3-solver, mip, pyscipopt, pysat, cvxpy, constraint, matplotlib, sklearn.
Do not waste turns trying these libraries or probing with try/except.

Available and recommended:
- sympy, numpy, scipy, networkx, mpmath, math, itertools, functools, fractions, collections, decimal, heapq, random, statistics

Replacements for unavailable optimization/constraint libraries:
- Integer/Binary Linear Programming (replaces pulp, mip, ortools):
  from scipy.optimize import milp, LinearConstraint, Bounds
  import numpy as np
  res = milp(c=c_vec, constraints=LinearConstraint(A, lb, ub),
             integrality=np.ones(n), bounds=Bounds(0, 1))
  # res.success, res.x (solution vector), res.fun (objective value)
- Linear Programming: scipy.optimize.linprog(c, A_ub=A, b_ub=b, method="highs")
- Assignment problems: scipy.optimize.linear_sum_assignment(cost_matrix)
- Graph algorithms (matching, shortest path, components): import networkx as nx
- Constraint satisfaction: encode as ILP via scipy.optimize.milp, or backtracking with pruning
- Number theory: sympy.ntheory or random (Monte Carlo verification)
- Geometry: fractions (exact rational) + sympy, avoid floating point
- Game theory/DP: functools.lru_cache for memoized recursion
=== END USER PROMPT ===

Budget: 450.00 seconds | Deadline: 1772890849.04 | TimeLeft: 17113s | Effort: medium

 Attempt  Response Length  Python Calls  Python Errors  Entropy  Temperature  Answer  Confidence        Source Stop_Reason  Successful_Code  Time_Remaining  Time
      16             1948             4              0    0.411          0.5   22742         0.5 final_channel   max_turns                4           421.2  28.6
      17             2825             6              0    0.584          0.5   27290         0.7 final_channel   max_turns                6           407.0  42.8
      22             2933             3              0    0.648          0.5   27290         1.0     streaming   max_turns                3           405.3  44.3
      14             3170             6              0    0.648          0.5   27290         1.0     streaming   max_turns                6           401.3  48.6
      13             3183             5              0    0.642          0.5   27290         1.0     streaming   max_turns                5           401.2  48.6
       1             4734             0              0    0.470          0.5    <NA>         0.0      fallback   max_turns                0           379.6  70.4
      23             4824             5              0    0.673          0.5   27290         0.7 final_channel   max_turns                5           377.6  72.0
       6             4900             5              0    0.565          0.5   27290         1.0     streaming   max_turns                5           376.6  73.4
       8             5040             3              0    0.579          0.5   27290         1.0     streaming   max_turns                3           374.8  75.2
       4             5518             7              0    0.588          0.5   27290         1.0     streaming   max_turns                7           367.6  82.4
      20             5871             0              0    0.433          0.5    <NA>         0.0      fallback   max_turns                0           362.7  87.0
       3             5978             5              0    0.509          0.5   27290         1.0     streaming   max_turns                5           361.1  88.9
       7             6213             4              0    0.589          0.5   27290         0.7 final_channel   max_turns                4           358.1  91.9
      24             4476             5              0    0.547          0.5   27290         1.0     streaming   max_turns                5           354.9  94.7
       2             4553             6              1    0.469          0.5   27290         1.0     streaming   max_turns                5           352.5  97.5
      15             6184             7              0    0.492          0.5   27290         1.0     streaming   max_turns                7           352.2  97.6
      21             4761             5              1    0.511          0.5   27290         1.0     streaming   max_turns                4           350.2  99.4
      18             7000            19              0    0.441          0.5    <NA>         0.0      fallback   max_turns               19           349.4 100.3
      10             7525            11              1    0.492          0.5   27290         0.7 final_channel   max_turns               10           344.3 105.7
      12             8291            17              0    0.530          0.5   27290         1.0     streaming   max_turns               17           338.5 111.4
      19             4250            11              2    0.437          0.5   27290         1.0     streaming   max_turns                9           332.5 117.2
      11             6585             7              1    0.611          0.5   27290         1.0     streaming   max_turns                6           325.8 124.1
       5             4828             4              1    0.519          0.5     476         1.0     streaming   max_turns                3           320.6 129.4
       9             9476            13              1    0.473          0.5    <NA>         0.0      fallback   max_turns               12           307.3 142.7
 Answer  Votes  Score
  27290   16.8 32.501
    476    1.0  1.927
  22742    0.5  2.435

Final Answer: 27290 (votes: 16.799999999999997)


=== RERUN CHECK: top_votes=16.799999999999997, threshold=12 ===

  STATUS: CORRECT | Predicted: 27290 | Expected: 27290 | Time: 246.0s
  Votes: {27290: 18, 22742: 1, 476: 1} | Answers: 20 | Nones: 4 | Errors: 8

    --- Attempt 16 [WRONG] answer=22742 expected=27290 temp=0.5 entropy=0.411 ---
        python_calls=4 errors=0 tokens=1948 time=28.6s time_left=421.2s
        source=final_channel confidence=0.5 stop=max_turns
        vboxed_checkpoints: turn5=22742
        Libraries: import fractions, math

        [Turn 1 CODE]
        >>> Code:
            n=9097
            k=(n-1)//2
            max1 = k*(k+1)
            max1
            
        >>> Output:
            20688852
            

        [Turn 2 CODE]
        >>> Code:
            E = n*(n-1)//2
            E
            
        >>> Output:
            41373156
            

        [Turn 3 CODE]
        >>> Code:
            S = 2*E - max1
            S
            
        >>> Output:
            62057460
            

        [Turn 4 CODE]
        >>> Code:
            import fractions, math
            avg = fractions.Fraction(S, E)
            avg
            
        >>> Output:
            13645/9097
            

        [Turn 5 REASONING] (1584 chars)
        The condition “the sum of the three edge‑labels of any triangle is at least 5’’ forbids a triangle that contains two or three edges labelled 1, because  

* \(1+1+1=3<5\) and  
* \(1+1+2=4<5\).

Hence **at most one edge of a triangle may be labelled 1**.  
Thus the set of edges labelled 1 must form a triangle‑free graph.

To minimise the total sum of labels we should use the smallest possible labels, i.e. only 1’s and 2’s (label 3 would only increase the sum).  
Therefore we need to maximise the number of 1‑edges subject to the triangle‑free condition.

For a graph on \(n\) vertices, the maximal number of edges in a triangle‑free graph is given by Mantel’s theorem (the case \(r=2\) of Turán’s theorem):

\[
\operatorname{ex}(n,K_3)=\Big\lfloor\frac{n^{2}}{4}\Big\rfloor .
\]

With \(n=9097\) (odd), write \(n=2k+1\) where \(k=\frac{n-1}{2}=4548\).  
Then

\[
\max\{\text{1‑edges}\}=k(k+1)=4548\cdot 4549=20\,688\,852 .
\]

The total number of edges in \(K_{9097}\) is

\[
E=\binom{9097}{2}= \frac{9097\cdot 9096}{2}=41\,373\,156 .
\]

All remaining edges can be labelled 2, giving

\[
\begin{aligned}
\text{total sum }S &= 1\cdot(20\,688\,852)+2\cdot(41\,373\,156-20\,688\,852)\\
&= 2E-\text{(1‑edges)}\\
&= 2\cdot41\,373\,156-20\,688\,852\\
&= 62\,057\,460 .
\end{aligned}
\]

Hence the minimal possible average label is

\[
\frac{S}{E}= \frac{62\,057\,460}{41\,373\,156}
          = \frac{13645}{9097}\quad\text{(in lowest terms)} .
\]

Writing the average as \(\frac{m}{n}\) with \(\gcd(m,n)=1\), we have  
\(m=13645,\; n=9097\).

\[
\boxed{m+n = 13645+9097 = 22742 } .
\]

    --- Attempt 17 [CORRECT] answer=27290 expected=27290 temp=0.5 entropy=0.584 ---
        python_calls=6 errors=0 tokens=2825 time=42.8s time_left=407.0s
        source=final_channel confidence=0.7 stop=max_turns
        vboxed_checkpoints: turn7=27290
        Libraries: from fractions import Fraction, import math

        [Turn 1 CODE]
        >>> Code:
            import math
            
            def S(a,n):
                b=n-a
                return a*b + 3*(a*(a-1)//2 + b*(b-1)//2)
            
            n=9097
            best=None
            best_a=None
            for a in range(1,n):
                s=S(a,n)
                if best is None or s<best:
                    best=s
                    best_a=a
            best, best_a, n-best_a
            
        >>> Output:
            82741764 4548 4549
            

        [Turn 2 CODE]
        >>> Code:
            from fractions import Fraction
            n=9097
            a=4548
            b=n-a
            S= a*b + 3*(a*(a-1)//2 + b*(b-1)//2)
            total_edges = n*(n-1)//2
            avg = Fraction(S, total_edges)
            avg, S, total_edges
            
        >>> Output:
            18193/9097 82741764 41373156
            

        [Turn 3 CODE]
        >>> Code:
            float(avg)
            
        >>> Output:
            1.999890073650654
            

        [Turn 4 CODE]
        >>> Code:
            import math
            math.gcd(18193,9097)
            
        >>> Output:
            1
            

        [Turn 5 CODE]
        >>> Code:
            n=9097
            max_triangle_free = (n**2)//4
            max_triangle_free
            
        >>> Output:
            20688852
            

        [Turn 6 CODE]
        >>> Code:
            4548*4549
            
        >>> Output:
            20688852
            

        [Turn 7 REASONING] (14 chars)
        \Vboxed{27290}

    --- Attempt 22 [CORRECT] answer=27290 expected=27290 temp=0.5 entropy=0.648 ---
        python_calls=3 errors=0 tokens=2933 time=44.3s time_left=405.3s
        source=streaming confidence=1.0 stop=max_turns
        Libraries: import math, import math, fractions, sys, itertools, collections, decimal, fractions, sympy as sp

        [Turn 1 CODE]
        >>> Code:
            import math, fractions, sys, itertools, collections, decimal, fractions, sympy as sp
            n=9097
            E=n*(n-1)//2
            M=n//2
            S=2*E - M
            avg=sp.Rational(S, E)
            avg, sp.nsimplify(avg)
            
        >>> Output:
            18193/9097 18193/9097
            

        [Turn 2 CODE]
        >>> Code:
            float(avg)
            
        >>> Output:
            1.999890073650654
            

        [Turn 3 CODE]
        >>> Code:
            import math
            math.gcd(18193,9097)
            
        >>> Output:
            1
            

    --- Attempt 14 [CORRECT] answer=27290 expected=27290 temp=0.5 entropy=0.648 ---
        python_calls=6 errors=0 tokens=3170 time=48.6s time_left=401.3s
        source=streaming confidence=1.0 stop=max_turns
        Libraries: from fractions import Fraction, import math, import math, fractions, sympy as sp

        [Turn 1 CODE]
        >>> Code:
            import math
            n=9097
            a=n//2
            b=n-a
            cross=a*b
            intra=math.comb(a,2)+math.comb(b,2)
            S = cross*1 + intra*3
            E = math.comb(n,2)
            S, E, cross, intra
            
        >>> Output:
            82741764 41373156 20688852 20684304
            

        [Turn 2 CODE]
        >>> Code:
            from fractions import Fraction
            avg = Fraction(S, E)
            avg
            
        >>> Output:
            18193/9097
            

        [Turn 3 CODE]
        >>> Code:
            float(avg)
            
        >>> Output:
            1.999890073650654
            

        [Turn 4 CODE]
        >>> Code:
            import math, fractions, sympy as sp
            n=9097
            S_lb = 5*math.comb(n,3)/(n-2)
            S_lb
            
        >>> Output:
            68955260.0
            

        [Turn 5 CODE]
        >>> Code:
            cross - intra
            
        >>> Output:
            4548
            

        [Turn 6 CODE]
        >>> Code:
            import math
            math.gcd(18193,9097)
            
        >>> Output:
            1
            

    --- Attempt 13 [CORRECT] answer=27290 expected=27290 temp=0.5 entropy=0.642 ---
        python_calls=5 errors=0 tokens=3183 time=48.6s time_left=401.2s
        source=streaming confidence=1.0 stop=max_turns
        Libraries: from fractions import Fraction, import math, import math, fractions, sys, itertools, collections, random, decimal, statistics, functools, itertools, math, sys, numpy as np

        [Turn 1 CODE]
        >>> Code:
            import math, fractions, sys, itertools, collections, random, decimal, statistics, functools, itertools, math, sys, numpy as np
        >>> Output:
            [WARN] No output. Use print() to see results.

        [Turn 2 CODE]
        >>> Code:
            N=9097
            total = N*(N-1)//2
            total
            
        >>> Output:
            41373156
            

        [Turn 3 CODE]
        >>> Code:
            ones = (N-1)//2
            sum_total = ones*1 + (total-ones)*2
            sum_total
            
        >>> Output:
            82741764
            

        [Turn 4 CODE]
        >>> Code:
            from fractions import Fraction
            avg = Fraction(sum_total, total)
            avg
            
        >>> Output:
            18193/9097
            

        [Turn 5 CODE]
        >>> Code:
            import math
            math.gcd(18193,9097)
            
        >>> Output:
            1
            

    --- Attempt 1 [NONE] answer=None expected=27290 temp=0.5 entropy=0.470 ---
        python_calls=0 errors=0 tokens=4734 time=70.4s time_left=379.6s
        source=fallback confidence=0.0 stop=max_turns

        [Turn 1 REASONING] (22 chars)
        \[
\boxed{10342910}
\]

    --- Attempt 23 [CORRECT] answer=27290 expected=27290 temp=0.5 entropy=0.673 ---
        python_calls=5 errors=0 tokens=4824 time=72.0s time_left=377.6s
        source=final_channel confidence=0.7 stop=max_turns
        vboxed_checkpoints: turn6=27290
        Libraries: import math, fractions, sympy as sp, import sympy as sp

        [Turn 1 CODE]
        >>> Code:
            import sympy as sp
            n=9097
            a=sp.symbols('a', integer=True)
            b=n-a
            S = a*b + sp.Rational(3,2)*(a**2 - a + b**2 - b)
            # Simplify
            sp.simplify(S)
            
        >>> Output:
            2*a**2 - 18194*a + 124119468
            

        [Turn 2 CODE]
        >>> Code:
            E = n*(n-1)//2
            E
            
        >>> Output:
            41373156
            

        [Turn 3 CODE]
        >>> Code:
            def S_val(a):
                return 2*a*a - 18194*a + 124119468
            for a in [4548,4549]:
                print(a, S_val(a))
            
        >>> Output:
            4548 82741764
            4549 82741764
            

        [Turn 4 CODE]
        >>> Code:
            import math, fractions, sympy as sp
            avg = fractions.Fraction(82741764, 41373156)
            avg
            
        >>> Output:
            18193/9097
            

        [Turn 5 CODE]
        >>> Code:
            float(avg)
            
        >>> Output:
            1.999890073650654
            

        [Turn 6 REASONING] (14 chars)
        \Vboxed{27290}

    --- Attempt 6 [CORRECT] answer=27290 expected=27290 temp=0.5 entropy=0.565 ---
        python_calls=5 errors=0 tokens=4900 time=73.4s time_left=376.6s
        source=streaming confidence=1.0 stop=max_turns
        Libraries: from fractions import Fraction, import math

        [Turn 1 CODE]
        >>> Code:
            import math
            
            def total_edges(n):
                return n*(n-1)//2
            
            n=9097
            total = total_edges(n)
            best = None
            bestk = None
            for k in range(1, n+1):
                L = n - k
                if k==0: continue
                a = L // k
                r = L % k
                b = a+1 if r>0 else a
                sum_sq = r*b*b + (k - r)*a*a
                S = 2*total - (3*L)/2 + sum_sq/2
                # S should be integer? Let's compute as rational
                # Use fractions to avoid floating.
                # But we can compute numerator denominator later.
                if best is None or S < best:
                    best = S
                    bestk = k
            best, bestk
        >>> Output:
            82741764.0 4548
            

        [Turn 2 CODE]
        >>> Code:
            total = 9097*4548
            total
        >>> Output:
            41373156
            

        [Turn 3 CODE]
        >>> Code:
            from fractions import Fraction
            avg = Fraction(2*total - 4548, total)
            avg, avg.numerator, avg.denominator
        >>> Output:
            18193/9097 18193 9097
            

        [Turn 4 CODE]
        >>> Code:
            def compute_S(k):
                n=9097
                total = n*(n-1)//2
                L = n - k
                a = L // k
                r = L % k
                b = a+1 if r>0 else a
                sum_sq = r*b*b + (k - r)*a*a
                S = 2*total - (3*L)/2 + sum_sq/2
                return S
            
            vals = [(k, compute_S(k)) for k in range(4000, 5000, 10)]
            vals[:5]
            
        >>> Output:
            [(4000, 82742312.0), (4010, 82742302.0), (4020, 82742292.0), (4030, 82742282.0), (4040, 82742272.0)]
            

        [Turn 5 CODE]
        >>> Code:
            for k in range(4530,4565):
                print(k, compute_S(k))
            
        >>> Output:
            4530 82741782.0
            4531 82741781.0
            4532 82741780.0
            4533 82741779.0
            4534 82741778.0
            4535 82741777.0
            4536 82741776.0
            4537 82741775.0
            4538 82741774.0
            4539 82741773.0
            4540 82741772.0
            4541 82741771.0
            4542 82741770.0
            4543 82741769.0
            4544 82741768.0
            4545 82741767.0
            4546 82741766.0
            4547 82741765.0
            4548 82741764.0
            4549 82741764.0
            4550 82741765.0
            4551 82741766.0
            4552 82741767.0
            4553 82741768.0
            4554 82741769.0
            4555 82741770.0
            4556 82741771.0
            4557 82741772.0
            4558 82741773.0
            4559 82741774.0
            4560 82741775.0
            4561 82741776.0
            4562 82741777.0
            4563 82741778.0
            4564 82741779.0
            

    --- Attempt 8 [CORRECT] answer=27290 expected=27290 temp=0.5 entropy=0.579 ---
        python_calls=3 errors=0 tokens=5040 time=75.2s time_left=374.8s
        source=streaming confidence=1.0 stop=max_turns
        Libraries: import math, import math, fractions, sys, itertools, collections, random, decimal, fractions, math, sys, itertools, collections, functools, statistics

        [Turn 1 CODE]
        >>> Code:
            import math, fractions, sys, itertools, collections, random, decimal, fractions, math, sys, itertools, collections, functools, statistics
        >>> Output:
            [WARN] No output. Use print() to see results.

        [Turn 2 CODE]
        >>> Code:
            n=9097
            E=n*(n-1)//2
            floor_half=n//2
            S_min=2*E - floor_half
            avg=fractions.Fraction(S_min, E)
            avg, E, floor_half
        >>> Output:
            18193/9097 41373156 4548
            

        [Turn 3 CODE]
        >>> Code:
            import math
            math.gcd(18193,9097)
        >>> Output:
            1
            

    --- Attempt 4 [CORRECT] answer=27290 expected=27290 temp=0.5 entropy=0.588 ---
        python_calls=7 errors=0 tokens=5518 time=82.4s time_left=367.6s
        source=streaming confidence=1.0 stop=max_turns
        Libraries: from fractions import Fraction, import math, import math, fractions, sys, itertools, collections, random, decimal, statistics, sympy as sp, numpy as np, math, itertools, fractions, collections, decimal, heapq, functools, json, os, sys, typing, math, fractions

        [Turn 1 CODE]
        >>> Code:
            import math, fractions, sys, itertools, collections, random, decimal, statistics, sympy as sp, numpy as np, math, itertools, fractions, collections, decimal, heapq, functools, json, os, sys, typing, math, fractions
        >>> Output:
            [WARN] No output. Use print() to see results.

        [Turn 2 CODE]
        >>> Code:
            n=9097
            N = n*(n-1)//2
            N
            
        >>> Output:
            41373156
            

        [Turn 3 CODE]
        >>> Code:
            from fractions import Fraction
            avg = Fraction(2*N - 4548, N)
            avg
            
        >>> Output:
            18193/9097
            

        [Turn 4 CODE]
        >>> Code:
            float(avg)
            
        >>> Output:
            1.999890073650654
            

        [Turn 5 CODE]
        >>> Code:
            n=9097
            E = n*(n-1)//2
            x=4549
            y=1
            S = x*1 + y*3 + (E - x - y)*2
            S, E
            
        >>> Output:
            82741764 41373156
            

        [Turn 6 CODE]
        >>> Code:
            from fractions import Fraction
            avg2 = Fraction(S, E)
            avg2
            
        >>> Output:
            18193/9097
            

        [Turn 7 CODE]
        >>> Code:
            import math
            math.gcd(18193,9097)
            
        >>> Output:
            1
            

    --- Attempt 20 [NONE] answer=None expected=27290 temp=0.5 entropy=0.433 ---
        python_calls=0 errors=0 tokens=5871 time=87.0s time_left=362.7s
        source=fallback confidence=0.0 stop=max_turns

        [Turn 1 REASONING] (16 chars)
        \boxed{10342910}

    --- Attempt 3 [CORRECT] answer=27290 expected=27290 temp=0.5 entropy=0.509 ---
        python_calls=5 errors=0 tokens=5978 time=88.9s time_left=361.1s
        source=streaming confidence=1.0 stop=max_turns
        Libraries: from fractions import Fraction, import math

        [Turn 1 CODE]
        >>> Code:
            import math
            N=9097
            a=N//2
            b=N-a
            S = a*b + 3*(a*(a-1)//2 + b*(b-1)//2)
            total = N*(N-1)//2
            avg = S/total
            from fractions import Fraction
            avg_frac = Fraction(S, total)
            avg, avg_frac, avg_frac.numerator+avg_frac.denominator
            
        >>> Output:
            1.999890073650654 18193/9097 27290
            

        [Turn 2 CODE]
        >>> Code:
            N=9097
            T=N*(N-1)//2
            H= N//2  # max matching size
            S_match = 2*T - H
            avg_match = Fraction(S_match, T)
            avg_match, float(avg_match)
            
        >>> Output:
            18193/9097 1.999890073650654
            

        [Turn 3 CODE]
        >>> Code:
            S_match, S
            
        >>> Output:
            82741764 82741764
            

        [Turn 4 CODE]
        >>> Code:
            a=4548
            b=4549
            S_bip = a*b + 3*(a*(a-1)//2 + b*(b-1)//2)
            S_match = 2*T - (N//2)
            S_bip - S_match
            
        >>> Output:
            0
            

        [Turn 5 CODE]
        >>> Code:
            N=9097
            total_sum = (N-1)*(2*N-1)//2
            total_sum
            
        >>> Output:
            82741764
            

    --- Attempt 7 [CORRECT] answer=27290 expected=27290 temp=0.5 entropy=0.589 ---
        python_calls=4 errors=0 tokens=6213 time=91.9s time_left=358.1s
        source=final_channel confidence=0.7 stop=max_turns
        vboxed_checkpoints: turn5=27290
        Libraries: import math, import math, fractions

        [Turn 1 CODE]
        >>> Code:
            import math
            n=9097
            N=n*(n-1)//2
            m=n//2  # floor
            avg=2 - m/N
            avg, N, m
            
        >>> Output:
            1.999890073650654 41373156 4548
            

        [Turn 2 CODE]
        >>> Code:
            g=3032
            avg2=2 - g/N
            avg2
            
        >>> Output:
            1.9999267157671028
            

        [Turn 3 CODE]
        >>> Code:
            import math, fractions
            n=9097
            N=n*(n-1)//2
            num=2*N - (n//2)  # floor(n/2)
            den=N
            frac=fractions.Fraction(num, den)
            frac, frac.numerator, frac.denominator
            
        >>> Output:
            18193/9097 18193 9097
            

        [Turn 4 CODE]
        >>> Code:
            float(frac)
            
        >>> Output:
            1.999890073650654
            

        [Turn 5 REASONING] (14 chars)
        \Vboxed{27290}

    --- Attempt 24 [CORRECT] answer=27290 expected=27290 temp=0.5 entropy=0.547 ---
        python_calls=5 errors=0 tokens=4476 time=94.7s time_left=354.9s
        source=streaming confidence=1.0 stop=max_turns
        Libraries: import itertools, math, import math, import math, fractions, sys, itertools, sympy as sp

        [Turn 1 CODE]
        >>> Code:
            import math, fractions, sys, itertools, sympy as sp
            n=9097
            a=n//2
            b=n-a
            cross=a*b
            total=n*(n-1)//2
            avg = sp.Rational(3*total - 2*cross, total)
            avg, cross, total
            
        >>> Output:
            18193/9097 20688852 41373156
            

        [Turn 2 CODE]
        >>> Code:
            float(avg)
            
        >>> Output:
            1.999890073650654
            

        [Turn 3 CODE]
        >>> Code:
            import math
            math.gcd(18193,9097)
            
        >>> Output:
            1
            

        [Turn 4 CODE]
        >>> Code:
            n=9097
            avg2=sp.Rational(2*n**2 -3*n +1, n**2 - n)
            avg2, avg2==avg
            
        >>> Output:
            18193/9097 True
            

        [Turn 5 CODE]
        >>> Code:
            import itertools, math
            def optimal_average(n):
                # edges indexed by (i,j) i<j
                edges = [(i,j) for i in range(n) for j in range(i+1,n)]
                m = len(edges)
                best = None
                # brute force over assignments of labels 1,2,3 maybe huge; for n up to 6 doable (3^{15}=14 million) maybe too big.
                # Use ILP via pulp? Not allowed. We'll brute for n up to 5.
                best_assign=None
                for assign in itertools.product([1,2,3], repeat=m):
                    # check triangle condition
                    ok=True
                    # map edge to label dict
                    label = {edges[i]: assign[i] for i in range(m)}
                    for a in range(n):
                        for b in range(a+1,n):
                            for c in range(b+1,n):
                                s = label[(a,b)] + label[(a,c)] + label[(b,c)]
                                if s <5:
                                    ok=False
                                    break
                            if not ok: break
                        if not ok: break
                    if not ok:
                        continue
                    total = sum(assign)
                    if best is None or total<best:
                        best=total
                        best_assign=assign
                if best is None:
                    return None
                avg = sp.Rational(best, m)
                return avg, best_assign
            
            for n in range(3,7):
                avg,_ = optimal_average(n)
                print(n, avg, float(avg))
            
        >>> Output:
            3 5/3 1.6666666666666667
            4 5/3 1.6666666666666667
            5 9/5 1.8
            6 9/5 1.8
            

    --- Attempt 2 [CORRECT] answer=27290 expected=27290 temp=0.5 entropy=0.469 ---
        python_calls=6 errors=1 tokens=4553 time=97.5s time_left=352.5s
        source=streaming confidence=1.0 stop=max_turns
        Libraries: from fractions import Fraction, import itertools, math, import math, import math, fractions, sys, itertools, collections, random, decimal, functools, statistics, sympy as sp

        [Turn 1 CODE]
        >>> Code:
            import math, fractions, sys, itertools, collections, random, decimal, functools, statistics, sympy as sp
            n=9097
            N=n*(n-1)//2
            N
            
        >>> Output:
            41373156
            

        [Turn 2 CODE]
        >>> Code:
            2*N - 4548
            
        >>> Output:
            82741764
            

        [Turn 3 CODE]
        >>> Code:
            from fractions import Fraction
            avg = Fraction(2*N - 4548, N)
            avg
            
        >>> Output:
            18193/9097
            

        [Turn 4 CODE]
        >>> Code:
            import math
            math.gcd(18193,9097)
            
        >>> Output:
            1
            

        [Turn 5 CODE [ERROR]]
        >>> Code:
            import itertools, math
            def min_avg(n):
                edges = [(i,j) for i in range(n) for j in range(i+1,n)]
                m = len(edges)
                best = None
                for labels in itertools.product([1,2,3], repeat=m):
                    # check triangle condition
                    ok=True
                    # map edge to label
                    label_dict = {edges[i]: labels[i] for i in range(m)}
                    # function to get label
                    def get(i,j):
                        if i>j: i,j=j,i
                        return label_dict[(i,j)]
                    for a in range(n):
                        for b in range(a+1,n):
                            for c in range(b+1,n):
                                s = get(a,b)+get(a,c)+get(b,c)
                                if s<5:
                                    ok=False
                                    break
                            if not ok: break
                        if not ok: break
                    if ok:
                        total = sum(labels)
                        avg = total/m
                        if best is None or avg<best:
                            best=avg
                return best
            
            for n in range(3,7):
                print(n, min_avg(n))
            
        >>> Output:
            [ERROR] Execution timed out after 30 seconds

        [Turn 6 CODE]
        >>> Code:
            def min_avg_bruteforce(n):
                edges = [(i,j) for i in range(n) for j in range(i+1,n)]
                m = len(edges)
                best = None
                best_assign=None
                for labels in itertools.product([1,2,3], repeat=m):
                    # quick prune: if any triangle sum<5
                    ok=True
                    label_dict = {edges[i]: labels[i] for i in range(m)}
                    def get(i,j):
                        if i>j: i,j=j,i
                        return label_dict[(i,j)]
                    for a in range(n):
                        for b in range(a+1,n):
                            for c in range(b+1,n):
                                s = get(a,b)+get(a,c)+get(b,c)
                                if s<5:
                                    ok=False
                                    break
                            if not ok: break
                        if not ok: break
                    if ok:
                        total=sum(labels)
                        avg=total/m
                        if best is None or avg<best:
                            best=avg
                            best_assign=labels
                return best, best_assign
            
            for n in range(3,6):
                best,assign=min_avg_bruteforce(n)
                print(n,best)
            
        >>> Output:
            3 1.6666666666666667
            4 1.6666666666666667
            5 1.8
            

    --- Attempt 15 [CORRECT] answer=27290 expected=27290 temp=0.5 entropy=0.492 ---
        python_calls=7 errors=0 tokens=6184 time=97.6s time_left=352.2s
        source=streaming confidence=1.0 stop=max_turns
        Libraries: import fractions, math, import itertools, math, import math

        [Turn 1 CODE]
        >>> Code:
            n=9097
            a=n//2
            b=n-a
            a,b, a*b
            
        >>> Output:
            4548 4549 20688852
            

        [Turn 2 CODE]
        >>> Code:
            n=9097
            max1 = (n**2)//4
            max1
            
        >>> Output:
            20688852
            

        [Turn 3 CODE]
        >>> Code:
            import itertools, math
            
            def optimal_n(n):
                vertices = list(range(n))
                all_pairs = list(itertools.combinations(vertices,2))
                m = len(all_pairs)
                best = None
                best_graph = None
                # enumerate all triangle-free graphs: we can iterate over subsets of edges and check triangle-free
                # For n up to 7 maybe okay (2^{C(n,2)} possibilities)
                for mask in range(1<<m):
                    # quick prune: count edges
                    edges = [all_pairs[i] for i in range(m) if (mask>>i)&1]
                    # triangle check
                    ok = True
                    # adjacency set
                    adj = {i:set() for i in vertices}
                    for u,v in edges:
                        adj[u].add(v); adj[v].add(u)
                    # check any triangle
                    for a in vertices:
                        for b in adj[a]:
                            if b>a: continue
                        # better: iterate combos of three vertices
                    # simpler: iterate all triples
                    for a,b,c in itertools.combinations(vertices,3):
                        if (b in adj[a]) and (c in adj[a]) and (c in adj[b]):
                            ok=False
                            break
                    if not ok:
                        continue
                    # compute E3 count
                    e1_set = set(tuple(sorted(e)) for e in edges)
                    e3 = 0
                    for u,v in itertools.combinations(vertices,2):
                        if (u,v) in e1_set:
                            continue
                        # check common neighbor in G1
                        common = adj[u].intersection(adj[v])
                        if common:
                            e3+=1
                    e1 = len(edges)
                    S = 2*m - e1 + e3
                    if best is None or S < best:
                        best = S
                        best_graph = (e1, e3)
                return best, best_graph
            
            for n in range(2,8):
                best, (e1,e3) = optimal_n(n)
                M = n*(n-1)//2
                avg = best / M
                print(n, best, e1, e3, avg)
            
        >>> Output:
            2 1 1 0 1.0
            3 5 1 0 1.6666666666666667
            4 10 2 0 1.6666666666666667
            5 18 2 0 1.8
            6 27 3 0 1.8
            7 39 3 0 1.8571428571428572
            

        [Turn 4 CODE]
        >>> Code:
            n=9097
            M = n*(n-1)//2
            e1_match = n//2
            S_match = 2*M - e1_match
            a = n//2
            b = n - a
            e1_bip = a*b
            e3_bip = a*(a-1)//2 + b*(b-1)//2
            S_bip = 2*M - e1_bip + e3_bip
            S_match, S_bip
            
        >>> Output:
            82741764 82741764
            

        [Turn 5 CODE]
        >>> Code:
            import fractions, math
            n=9097
            S = (2*n*n - 3*n + 1)//2
            M = n*(n-1)//2
            frac = fractions.Fraction(S, M)
            frac, frac.numerator, frac.denominator
            
        >>> Output:
            18193/9097 18193 9097
            

        [Turn 6 CODE]
        >>> Code:
            2 - 4548 / M
            
        >>> Output:
            1.999890073650654
            

        [Turn 7 CODE]
        >>> Code:
            import math
            math.gcd(18193,9097)
            
        >>> Output:
            1
            

    --- Attempt 21 [CORRECT] answer=27290 expected=27290 temp=0.5 entropy=0.511 ---
        python_calls=5 errors=1 tokens=4761 time=99.4s time_left=350.2s
        source=streaming confidence=1.0 stop=max_turns
        Libraries: from fractions import Fraction, import itertools

        [Turn 1 CODE]
        >>> Code:
            n=9097
            max_triangle_free = n**2//4
            max_triangle_free
            
        >>> Output:
            20688852
            

        [Turn 2 CODE]
        >>> Code:
            n=9097
            M = n*(n-1)//2
            M
            
        >>> Output:
            41373156
            

        [Turn 3 CODE]
        >>> Code:
            from fractions import Fraction
            avg = Fraction(2*M - 4548, M)
            avg
            
        >>> Output:
            18193/9097
            

        [Turn 4 CODE]
        >>> Code:
            float(avg)
            
        >>> Output:
            1.999890073650654
            

        [Turn 5 CODE [ERROR]]
        >>> Code:
            import itertools
            def optimal_avg(n):
                edges = [(i,j) for i in range(n) for j in range(i+1,n)]
                best = None
                best_assign = None
                for labels in itertools.product([1,2,3], repeat=len(edges)):
                    # quick prune: count sum maybe
                    # check triangles
                    ok=True
                    # map edge to label
                    label_dict = {edges[i]: labels[i] for i in range(len(edges))}
                    # function to get label
                    def lab(i,j):
                        if i>j: i,j=j,i
                        return label_dict[(i,j)]
                    for a in range(n):
                        for b in range(a+1,n):
                            for c in range(b+1,n):
                                s = lab(a,b)+lab(b,c)+lab(a,c)
                                if s<5:
                                    ok=False
                                    break
                            if not ok: break
                        if not ok: break
                    if not ok: continue
                    total = sum(labels)
                    avg = total / (n*(n-1)/2)
                    if best is None or avg<best:
                        best=avg
                        best_assign=labels
                return best
            
            for n in range(3,9):
                print(n, optimal_avg(n))
            
        >>> Output:
            [ERROR] Execution timed out after 30 seconds

    --- Attempt 18 [NONE] answer=None expected=27290 temp=0.5 entropy=0.441 ---
        python_calls=19 errors=0 tokens=7000 time=100.3s time_left=349.4s
        source=fallback confidence=0.0 stop=max_turns
        Libraries: from fractions import Fraction, import math

        [Turn 1 CODE]
        >>> Code:
            import math
            
            N=9097
            def total_sum(k):
                L = N - k
                if L<0: return None
                q = L//k if k>0 else 0
                a = L % k if k>0 else 0
                # sum of squares
                sumsq = a*(q+1)*(q+1) + (k-a)*q*q
                S = 0.5*L + k*(k-1) + L*(L-1) + 0.5*sumsq
                return S
            
            best = None
            bestk = None
            for k in range(1, N+1):
                S = total_sum(k)
                if best is None or S < best:
                    best = S
                    bestk = k
            best, bestk
            
        >>> Output:
            41373156.0 4549
            

        [Turn 2 CODE]
        >>> Code:
            candidates = []
            for k in range(1, N+1):
                S = total_sum(k)
                candidates.append((S,k))
            minS = min(candidates)[0]
            [min for min in candidates if min[0]==minS]
            
        >>> Output:
            [(41373156.0, 4549)]
            

        [Turn 3 CODE]
        >>> Code:
            from fractions import Fraction
            E = N*(N-1)//2
            avg = Fraction(int(best), E)  # best is float but integer
            avg_numer = avg.numerator
            avg_denom = avg.denominator
            avg_numer, avg_denom, avg_numer+avg_denom
            
        >>> Output:
            1 1 2
            

        [Turn 4 CODE]
        >>> Code:
            E
            
        >>> Output:
            41373156
            

        [Turn 5 CODE]
        >>> Code:
            L=4548
            k=4549
            S = L + 2*(k*(k-1)//2) + 2*(L*(L-1)//2)
            S
            
        >>> Output:
            41373156
            

        [Turn 6 CODE]
        >>> Code:
            E = N*(N-1)//2
            E
            
        >>> Output:
            41373156
            

        [Turn 7 CODE]
        >>> Code:
            L=4548
            k=4549
            sum1 = L
            sum2 = 2*(k*(k-1)//2)
            sum3 = 2*(L*(L-1)//2)
            sum1, sum2, sum3, sum1+sum2+sum3
            
        >>> Output:
            4548 20688852 20679756 41373156
            

        [Turn 8 CODE]
        >>> Code:
            E_calc = k*(k-1)//2 + k*L + L*(L-1)//2
            E_calc
            
        >>> Output:
            41373156
            

        [Turn 9 CODE]
        >>> Code:
            D = (k*(k-1)//2) + L - k*L + (L*(L-1)//2)
            D
            
        >>> Output:
            0
            

        [Turn 10 CODE]
        >>> Code:
            k=4549
            L=4548
            core_core = k*(k-1)//2
            core_leaf = L
            leaf_leaf_total = L*(L-1)//2
            leaf_leaf_same = 0
            leaf_leaf_between = leaf_leaf_total - leaf_leaf_same
            S_check = 2*core_core + 1*core_leaf + 3*leaf_leaf_same + 2*leaf_leaf_between
            S_check
            
        >>> Output:
            41373156
            

        [Turn 11 CODE]
        >>> Code:
            print("core_core edges:", core_core, "weight2 contribution:", 2*core_core)
            print("core_leaf edges:", core_leaf, "weight1 contribution:", core_leaf)
            print("leaf_leaf_between edges:", leaf_leaf_between, "weight2 contribution:", 2*leaf_leaf_between)
            print("total edges:", core_core+core_leaf+leaf_leaf_between)
            
        >>> Output:
            core_core edges: 10344426 weight2 contribution: 20688852
            core_leaf edges: 4548 weight1 contribution: 4548
            leaf_leaf_between edges: 10339878 weight2 contribution: 20679756
            total edges: 20688852
            

        [Turn 12 CODE]
        >>> Code:
            def total_sum_correct(k):
                L = N - k
                if L<0: return None
                q = L//k if k>0 else 0
                a = L % k if k>0 else 0
                sumsq = a*(q+1)*(q+1) + (k-a)*q*q
                sumC = 0.5*(sumsq - L)  # sum C(s_i,2)
                # compute using integer arithmetic
                Ck2 = k*(k-1)//2
                CL2 = L*(L-1)//2
                S = 2*Ck2 + L + 2*L*(k-1) + 2*CL2 + sumC
                return S
            
            best = None
            bestk = None
            for k in range(1, N+1):
                S = total_sum_correct(k)
                if best is None or S < best:
                    best = S
                    bestk = k
            best, bestk
            
        >>> Output:
            82741764.0 4548
            

        [Turn 13 CODE]
        >>> Code:
            for k in [4547,4548,4549,4550]:
                print(k, total_sum_correct(k))
            
        >>> Output:
            4547 82741765.0
            4548 82741764.0
            4549 82741764.0
            4550 82741765.0
            

        [Turn 14 CODE]
        >>> Code:
            E = N*(N-1)//2
            avg = Fraction(int(best), E)
            avg, avg.numerator, avg.denominator, avg.numerator+avg.denominator
            
        >>> Output:
            18193/9097 18193 9097 27290
            

        [Turn 15 CODE]
        >>> Code:
            float(avg)
            
        >>> Output:
            1.999890073650654
            

        [Turn 16 CODE]
        >>> Code:
            def construct_graph(N,k):
                # assign vertices: first k are cores, rest leaves assigned round-robin to cores
                cores = list(range(k))
                leaves = list(range(k, N))
                # assign leaf to core
                assign = {}
                for idx, leaf in enumerate(leaves):
                    core = idx % k
                    assign[leaf] = core
                # edge weights dict
                w = {}
                for i in range(N):
                    for j in range(i+1,N):
                        if i<k and j<k:
                            w[(i,j)] = 2
                        elif i<k and j>=k:
                            leaf=j
                            core=i
                            if assign[leaf]==core:
                                w[(i,j)] = 1
                            else:
                                w[(i,j)] = 2
                        elif i>=k and j<k:
                            leaf=i
                            core=j
                            if assign[leaf]==core:
                                w[(j,i)] = 1
                            else:
                                w[(j,i)] = 2
                        else:
                            # both leaves
                            core_i = assign[i]
                            core_j = assign[j]
                            if core_i==core_j:
                                w[(i,j)] = 3
                            else:
                                w[(i,j)] = 2
                return w
            
            def check(N,k):
                w = construct_graph(N,k)
                # check all triangles
                for a in range(N):
                    for b in range(a+1,N):
                        for c in range(b+1,N):
                            s = w.get((a,b), w.get((b,a))) + w.get((a,c), w.get((c,a))) + w.get((b,c), w.get((c,b)))
                            if s <5:
                                return False, (a,b,c,s)
                return True, None
            
            for N in [10,13]:
                for k in range(1,N):
                    ok,_ = check(N,k)
                    if ok:
                        pass
                    else:
                        print("fail",N,k)
            
        >>> Output:
            [WARN] No output. Use print() to see results.

        [Turn 17 CODE]
        >>> Code:
            def total_sum_graph(N,k):
                w = construct_graph(N,k)
                return sum(w.values())
            
            for N in [10,13]:
                best = None
                bestk=None
                for k in range(1,N):
                    ok,_=check(N,k)
                    if ok:
                        S=total_sum_graph(N,k)
                        if best is None or S<best:
                            best=S
                            bestk=k
                print(N,best,bestk)
            
        >>> Output:
            10 85 5
            13 150 6
            

        [Turn 18 CODE]
        >>> Code:
            def avg(N,k):
                S=total_sum_graph(N,k)
                E=N*(N-1)//2
                return Fraction(S,E)
            for N,k in [(10,5),(13,6)]:
                print(N, avg(N,k))
            
        >>> Output:
            10 17/9
            13 25/13
            

        [Turn 19 CODE]
        >>> Code:
            def formula_avg(N,k):
                L=N-k
                q = L//k
                a = L%k
                sumsq = a*(q+1)*(q+1)+(k-a)*q*q
                sumC = (sumsq - L)//2
                Ck2 = k*(k-1)//2
                CL2 = L*(L-1)//2
                S = 2*Ck2 + L + 2*L*(k-1) + 2*CL2 + sumC
                E = N*(N-1)//2
                return Fraction(int(S),E)
            
            print(formula_avg(10,5))
            
        >>> Output:
            17/9
            

        [Turn 20 REASONING] (91 chars)
        \[
\frac{m}{n}= \frac{18193}{9097}\qquad\Longrightarrow\qquad m+n = 18193+9097 = 27290 .
\]

    --- Attempt 10 [CORRECT] answer=27290 expected=27290 temp=0.5 entropy=0.492 ---
        python_calls=11 errors=1 tokens=7525 time=105.7s time_left=344.3s
        source=final_channel confidence=0.7 stop=max_turns
        vboxed_checkpoints: turn12=27290
        Libraries: import inspect, scipy.optimize as opt, textwrap, sys, numpy as np, math, itertools, collections, fractions, random, functools, decimal, heapq, statistics, itertools, math, import itertools, math, import itertools, math, numpy as np, scipy.optimize as opt, math, sys, time, collections, itertools, random, functools, fractions, itertools, math, import math

        [Turn 1 CODE]
        >>> Code:
            n=9097
            a=n//2
            b=n-a
            max_triangle_free = a*b
            max_triangle_free
            
        >>> Output:
            20688852
            

        [Turn 2 CODE]
        >>> Code:
            N = n*(n-1)//2
            N
            
        >>> Output:
            41373156
            

        [Turn 3 CODE]
        >>> Code:
            a=4548
            b=4549
            total = a*b*1 + (a*(a-1)//2 + b*(b-1)//2)*3
            N = n*(n-1)//2
            avg = total / N
            total, N, avg
            
        >>> Output:
            82741764 41373156 1.999890073650654
            

        [Turn 4 CODE]
        >>> Code:
            import itertools, math
            
            def min_total(n):
                edges = [(i,j) for i in range(n) for j in range(i+1,n)]
                m = len(edges)
                best = math.inf
                best_assign = None
                for labels in itertools.product([1,2,3], repeat=m):
                    # quick prune: compute sum
                    total = sum(labels)
                    if total >= best:
                        continue
                    # check triangle condition
                    ok = True
                    # map edge to label dict
                    label_dict = {}
                    for (e,l) in zip(edges, labels):
                        label_dict[e]=l
                    # iterate triangles
                    for a in range(n):
                        for b in range(a+1,n):
                            for c in range(b+1,n):
                                s = label_dict[(a,b)] + label_dict[(a,c)] + label_dict[(b,c)]
                                if s < 5:
                                    ok=False
                                    break
                            if not ok:
                                break
                        if not ok:
                            break
                    if ok:
                        best = total
                        best_assign = labels
                return best, best_assign
            
            for n in range(3,7):
                best,total_assign = min_total(n)
                print(n, best, best/(n*(n-1)//2))
            
        >>> Output:
            3 5 1.6666666666666667
            4 10 1.6666666666666667
            5 18 1.8
            6 27 1.8
            

        [Turn 5 CODE [ERROR]]
        >>> Code:
            import itertools, math, numpy as np, scipy.optimize as opt, math, sys, time, collections, itertools, random, functools, fractions, itertools, math
            def solve_n(n):
                E = n*(n-1)//2
                # map edge index
                edges = [(i,j) for i in range(n) for j in range(i+1,n)]
                edge_index = {e:i for i,e in enumerate(edges)}
                # variables: x1_i, x2_i for each edge i
                # total variables = 2*E
                c = np.zeros(2*E)
                # maximize 2*x1 + x2 -> minimize - (2*x1 + x2)
                c[:E] = -2  # x1 coeff
                c[E:] = -1   # x2 coeff
                # bounds 0/1
                bounds = [(0,1)]*(2*E)
                # constraints:
                A_ub = []
                b_ub = []
                # for each edge, x1 + x2 <=1
                for i in range(E):
                    row = np.zeros(2*E)
                    row[i] = 1
                    row[E+i] = 1
                    A_ub.append(row)
                    b_ub.append(1)
                # triangle constraints: 2*S1 + S2 <=4
                for a in range(n):
                    for b in range(a+1,n):
                        for c_ in range(b+1,n):
                            row = np.zeros(2*E)
                            # edges indices
                            i1 = edge_index[(a,b)]
                            i2 = edge_index[(a,c_)]
                            i3 = edge_index[(b,c_)]
                            # x1 contributions weight 2
                            row[i1] = 2
                            row[i2] = 2
                            row[i3] = 2
                            # x2 contributions weight 1
                            row[E+i1] = 1
                            row[E+i2] = 1
                            row[E+i3] = 1
                            A_ub.append(row)
                            b_ub.append(4)
                A_ub = np.array(A_ub)
                b_ub = np.array(b_ub)
                # integer constraints: all variables integer (0/1)
                integrality = np.ones(2*E)
                res = opt.milp(c=c, A_ub=A_ub, b_ub=b_ub, bounds=bounds, integrality=integrality, options={'presolve': True, 'disp': False})
                if not res.success:
                    print("failed", n)
                    return None
                x = res.x
                total_obj = -res.fun  # because we minimized negative
                total_sum = 3*E - total_obj
                avg = total_sum / E
                return avg, total_sum, E
            
            for n in range(3,9):
                avg,total_sum,E = solve_n(n)
                print(n, avg, total_sum, E)
            
        >>> Output:
            ---------------------------------------------------------------------------TypeError                                 Traceback (most recent call last)/tmp/ipykernel_690/3811692105.py in <cell line: 0>()
                 57 
                 58 for n in range(3,9):
            ---> 59     avg,total_sum,E = solve_n(n)
                 60     print(n, avg, total_sum, E)
            /tmp/ipykernel_690/3811692105.py in solve_n(n)
                 46     # integer constraints: all variables integer (0/1)
                 47     integrality = np.ones(2*E)
            ---> 48     res = opt.milp(c=c, A_ub=A_ub, b_ub=b_ub, bounds=bounds, integrality=integrality, options={'presolve': True, 'disp': False})
                 49     if not res.success:
                 50         print("failed", n)
            TypeError: milp() got an unexpected keyword argument 'A_ub'

        [Turn 6 CODE]
        >>> Code:
            import inspect, scipy.optimize as opt, textwrap, sys, numpy as np, math, itertools, collections, fractions, random, functools, decimal, heapq, statistics, itertools, math
            print(opt.milp.__doc__)
            
        >>> Output:
            
                Mixed-integer linear programming
            
                Solves problems of the following form:
            
                .. math::
            
                    \min_x \ & c^T x \\
                    \mbox{such that} \ & b_l \leq A x \leq b_u,\\
                    & l \leq x \leq u, \\
                    & x_i \in \mathbb{Z}, i \in X_i
            
                where :math:`x` is a vector of decision variables;
                :math:`c`, :math:`b_l`, :math:`b_u`, :math:`l`, and :math:`u` are vectors;
                :math:`A` is a matrix, and :math:`X_i` is the set of indices of
                decision variables that must be integral. (In this context, a
                variable that can assume only integer values is said to be "integral";
                it has an "integrality" constraint.)
            
                Alternatively, that's:
            
                minimize::
            
                    c @ x
            
                such that::
            
                    b_l <= A @ x <= b_u
                    l <= x <= u
                    Specified elements of x must be integers
            
                By default, ``l = 0`` and ``u = np.inf`` unless specified with
                ``bounds``.
            
                Parameters
                ----------
                c : 1D dense array_like
                    The coefficients of the linear objective function to be minimized.
                    `c` is converted to a double precision array before the problem is
                    solved.
                integrality : 1D dense array_like, optional
                    Indicates the type of integrality constraint on each decision variable.
            
                    ``0`` : Continuous variable; no integrality constraint.
            
                    ``1`` : Integer variable; decision variable must be an integer
                    within `bounds`.
            
                    ``2`` : Semi-continuous variable; decision variable must be within
                    `bounds` or take value ``0``.
            ... (205 lines total)

        [Turn 7 CODE]
        >>> Code:
            def solve_n_milp(n):
                edges = [(i,j) for i in range(n) for j in range(i+1,n)]
                E = len(edges)
                edge_index = {e:i for i,e in enumerate(edges)}
                # variables: x1[0:E-1], x2[0:E-1] (concatenated)
                total_vars = 2*E
                c = np.zeros(total_vars)
                c[:E] = -2
                c[E:] = -1
                # constraints list
                rows = []
                ub = []
                # edge constraint x1 + x2 <=1
                for i in range(E):
                    row = np.zeros(total_vars)
                    row[i] = 1
                    row[E+i] = 1
                    rows.append(row)
                    ub.append(1)
                # triangle constraints 2*S1 + S2 <=4
                for a in range(n):
                    for b in range(a+1,n):
                        for c_ in range(b+1,n):
                            row = np.zeros(total_vars)
                            i1 = edge_index[(a,b)]
                            i2 = edge_index[(a,c_)]
                            i3 = edge_index[(b,c_)]
                            for idx in (i1,i2,i3):
                                row[idx] = 2
                                row[E+idx] = 1
                            rows.append(row)
                            ub.append(4)
                A = np.array(rows)
                b_u = np.array(ub, dtype=float)
                b_l = np.full_like(b_u, -np.inf)
                constraints = opt.LinearConstraint(A, b_l, b_u)
                bounds = opt.Bounds(0, 1)  # all variables between 0 and1
                integrality = np.ones(total_vars, dtype=int)
                res = opt.milp(c=c, constraints=constraints, bounds=bounds, integrality=integrality, options={'presolve': True, 'disp': False})
                if not res.success:
                    print("no success", n, res.message)
                    return None
                x = res.x
                total_obj = -res.fun  # because we minimized negative
                total_sum = 3*E - total_obj
                avg = total_sum / E
                return avg, total_sum, E
            
            for n in range(3,9):
                result = solve_n_milp(n)
                print(n, result)
            
        >>> Output:
            3 (1.6666666666666667, 5.0, 3)
            4 (1.6666666666666667, 10.0, 6)
            5 (1.7999999999999958, 17.999999999999957, 10)
            6 (1.8000000000000018, 27.00000000000003, 15)
            7 (1.8571428571428572, 39.0, 21)
            8 (1.8571428571428572, 52.0, 28)
            

        [Turn 8 CODE]
        >>> Code:
            result = solve_n_milp(9)
            result
            
        >>> Output:
            (1.8888888888888866, 67.99999999999991, 36)
            

        [Turn 9 CODE]
        >>> Code:
            k=4548
            avg = (4*k+1)/(2*k+1)
            avg
            
        >>> Output:
            1.999890073650654
            

        [Turn 10 CODE]
        >>> Code:
            n=9097
            total = (n-1)*(2*n-1)//2
            total
            
        >>> Output:
            82741764
            

        [Turn 11 CODE]
        >>> Code:
            import math
            math.gcd(18193,9097)
            
        >>> Output:
            1
            

        [Turn 12 REASONING] (14 chars)
        \Vboxed{27290}

    --- Attempt 12 [CORRECT] answer=27290 expected=27290 temp=0.5 entropy=0.530 ---
        python_calls=17 errors=0 tokens=8291 time=111.4s time_left=338.5s
        source=streaming confidence=1.0 stop=max_turns
        Libraries: from fractions import Fraction, from scipy.optimize import milp, LinearConstraint, Bounds, import itertools, math, numpy as np, sys, time, random, math, collections, itertools, functools, fractions, sys, os, json, typing, decimal, statistics, fractions, math, import math

        [Turn 1 CODE]
        >>> Code:
            import math
            n=9097
            E=n*(n-1)//2
            a=n//2  # floor
            b=n-a
            ab=a*b
            # Strategy A
            sumA=3*E - 2*ab
            avgA=sumA/E
            # Strategy B
            x=n//2  # matching size
            sumB=2*E - x
            avgB=sumB/E
            avgA, avgB, sumA, sumB
            
        >>> Output:
            1.999890073650654 1.999890073650654 82741764 82741764
            

        [Turn 2 CODE]
        >>> Code:
            sumA - sumB
            
        >>> Output:
            0
            

        [Turn 3 CODE]
        >>> Code:
            n=9097
            E=n*(n-1)//2
            x_max=(n*n-1)//4
            avg_opt=2 - x_max/E
            avg_opt
            
        >>> Output:
            1.499945036825327
            

        [Turn 4 CODE]
        >>> Code:
            import itertools, math, numpy as np, sys, time, random, math, collections, itertools, functools, fractions, sys, os, json, typing, decimal, statistics, fractions, math
            
        >>> Output:
            [WARN] No output. Use print() to see results.

        [Turn 5 CODE]
        >>> Code:
            from scipy.optimize import milp, LinearConstraint, Bounds
            def min_average(n):
                m = n*(n-1)//2
                # variable indices for each edge
                # We'll use integer variable taking values 1,2,3 via encoding: maybe use two binary variables? Simpler: variable x_e integer in [1,3].
                # Use integer variable with bounds 1 to 3.
                c = np.ones(m)  # objective sum of labels
                # constraints: for each triangle (i,j,k), sum >=5
                # Build list of edges mapping
                edge_index = {}
                idx=0
                for i in range(n):
                    for j in range(i+1,n):
                        edge_index[(i,j)]=idx
                        idx+=1
                A=[]
                b=[]
                for i in range(n):
                    for j in range(i+1,n):
                        for k in range(j+1,n):
                            row = np.zeros(m)
                            row[edge_index[(i,j)]] = 1
                            row[edge_index[(i,k)]] = 1
                            row[edge_index[(j,k)]] = 1
                            A.append(row)
                            b.append(-5)  # We'll set inequality: -sum <= -5 -> sum >=5
                A = np.array(A)
                # Convert to LinearConstraint: A @ x >= 5 => -A @ x <= -5
                lc = LinearConstraint(-A, -np.inf, -np.array(b))
                bounds = Bounds(np.ones(m), 3*np.ones(m))
                # integer constraints
                integrality = np.ones(m, dtype=int)
                res = milp(c=c, constraints=[lc], bounds=bounds, integrality=integrality, options={'disp': False})
                return res
            
            res = min_average(6)
            print(res.success, res.x, res.fun)
            
        >>> Output:
            True [1. 1. 1. 1. 1. 1. 1. 1. 1. 1. 1. 1. 1. 1. 1.] 15.0
            

        [Turn 6 CODE]
        >>> Code:
            def min_sum(n):
                m = n*(n-1)//2
                edge_index={}
                idx=0
                for i in range(n):
                    for j in range(i+1,n):
                        edge_index[(i,j)]=idx
                        idx+=1
                A=[]
                lb=[]
                ub=[]
                for i in range(n):
                    for j in range(i+1,n):
                        for k in range(j+1,n):
                            row = np.zeros(m)
                            row[edge_index[(i,j)]] = 1
                            row[edge_index[(i,k)]] = 1
                            row[edge_index[(j,k)]] = 1
                            A.append(row)
                            lb.append(5)
                            ub.append(np.inf)
                A=np.array(A)
                lc = LinearConstraint(A, lb, ub)
                c=np.ones(m)
                bounds=Bounds(np.ones(m), 3*np.ones(m))
                integrality=np.ones(m, dtype=int)
                res=milp(c=c, constraints=[lc], bounds=bounds, integrality=integrality, options={'disp': False})
                return res
            
            res=min_sum(5)
            print(res.success, res.fun)
            
        >>> Output:
            True 18.000000000000014
            

        [Turn 7 CODE]
        >>> Code:
            res=min_sum(6)
            print(res.success, res.fun)
            
        >>> Output:
            True 27.000000000000007
            

        [Turn 8 CODE]
        >>> Code:
            res=min_sum(7)
            print(res.success, res.fun)
            
        >>> Output:
            True 38.99999999999883
            

        [Turn 9 CODE]
        >>> Code:
            from fractions import Fraction
            Fraction(39,21)
            
        >>> Output:
            13/7
            

        [Turn 10 CODE]
        >>> Code:
            res=min_sum(8)
            print(res.success, res.fun)
            
        >>> Output:
            True 51.9999999999989
            

        [Turn 11 CODE]
        >>> Code:
            res=min_sum(9)
            print(res.success, res.fun)
            
        >>> Output:
            True 67.99999999999262
            

        [Turn 12 CODE]
        >>> Code:
            Fraction(68,36)
            
        >>> Output:
            17/9
            

        [Turn 13 CODE]
        >>> Code:
            n=9097
            E=n*(n-1)//2
            x=n//2
            sum_total=2*E - x
            sum_total
            
        >>> Output:
            82741764
            

        [Turn 14 CODE]
        >>> Code:
            from fractions import Fraction
            avg=Fraction(sum_total, E)
            avg
            
        >>> Output:
            18193/9097
            

        [Turn 15 CODE]
        >>> Code:
            float(avg)
            
        >>> Output:
            1.999890073650654
            

        [Turn 16 CODE]
        >>> Code:
            import math
            math.gcd(18193,9097)
            
        >>> Output:
            1
            

        [Turn 17 CODE]
        >>> Code:
            res=min_sum(10)
            print(res.success, res.fun)
            
        >>> Output:
            True 84.99999999999429
            

    --- Attempt 19 [CORRECT] answer=27290 expected=27290 temp=0.5 entropy=0.437 ---
        python_calls=11 errors=2 tokens=4250 time=117.2s time_left=332.5s
        source=streaming confidence=1.0 stop=max_turns
        Libraries: from fractions import Fraction, from math import comb, import itertools

        [Turn 1 CODE]
        >>> Code:
            n=9097
            max1 = (n*n -1)//4
            max1
            
        >>> Output:
            20688852
            

        [Turn 2 CODE]
        >>> Code:
            n*n
            
        >>> Output:
            82755409
            

        [Turn 3 CODE]
        >>> Code:
            4548*4549
            
        >>> Output:
            20688852
            

        [Turn 4 CODE]
        >>> Code:
            from math import comb
            N=comb(9097,2)
            N
            
        >>> Output:
            41373156
            

        [Turn 5 CODE]
        >>> Code:
            N - max1
            
        >>> Output:
            20684304
            

        [Turn 6 CODE]
        >>> Code:
            S = 3*N - 2*max1
            S
            
        >>> Output:
            82741764
            

        [Turn 7 CODE]
        >>> Code:
            from fractions import Fraction
            avg = Fraction(S, N)
            avg
            
        >>> Output:
            18193/9097
            

        [Turn 8 CODE]
        >>> Code:
            N=comb(9097,2)
            m=4548
            S2 = 2*N - m
            Fraction(S2,N)
            
        >>> Output:
            18193/9097
            

        [Turn 9 CODE]
        >>> Code:
            float(Fraction(S2,N))
            
        >>> Output:
            1.999890073650654
            

        [Turn 10 CODE [ERROR]]
        >>> Code:
            import itertools
            def min_sum(n):
                edges = [(i,j) for i in range(n) for j in range(i+1,n)]
                m=len(edges)
                best=10**9
                best_assign=None
                # brute force all labelings 1..3 for small n (3^m)
                for labeling in itertools.product([1,2,3], repeat=m):
                    ok=True
                    # check all triangles
                    for a,b,c in itertools.combinations(range(n),3):
                        # find edges indices
                        def idx(x,y):
                            if x>y: x,y=y,x
                            return edges.index((x,y))
                        s = labeling[idx(a,b)]+labeling[idx(a,c)]+labeling[idx(b,c)]
                        if s<5:
                            ok=False
                            break
                    if ok:
                        total=sum(labeling)
                        if total<best:
                            best=total
                            best_assign=labeling
                return best, best_assign
            
            for n in range(3,8):
                best,_=min_sum(n)
                N= n*(n-1)//2
                print(n, best, Fraction(best,N))
            
        >>> Output:
            [ERROR] Execution timed out after 30 seconds

        [Turn 11 CODE [ERROR]]
        >>> Code:
            def min_sum_bruteforce(n):
                edges = [(i,j) for i in range(n) for j in range(i+1,n)]
                m=len(edges)
                best=10**9
                for labeling in itertools.product([1,2,3], repeat=m):
                    ok=True
                    for a,b,c in itertools.combinations(range(n),3):
                        # get indices
                        def idx(x,y):
                            if x>y: x,y=y,x
                            return edges.index((x,y))
                        s = labeling[idx(a,b)]+labeling[idx(a,c)]+labeling[idx(b,c)]
                        if s<5:
                            ok=False
                            break
                    if ok:
                        total=sum(labeling)
                        if total<best:
                            best=total
                return best
            
            for n in range(3,7):
                best=min_sum_bruteforce(n)
                N=n*(n-1)//2
                print(n,best, Fraction(best,N))
            
        >>> Output:
            [ERROR] Execution timed out after 30 seconds

    --- Attempt 11 [CORRECT] answer=27290 expected=27290 temp=0.5 entropy=0.611 ---
        python_calls=7 errors=1 tokens=6585 time=124.1s time_left=325.8s
        source=streaming confidence=1.0 stop=max_turns
        Libraries: from fractions import Fraction, from math import comb, import itertools, import math, fractions, sys, itertools, collections, random, decimal, statistics, functools, itertools, math, fractions, sys, numpy as np

        [Turn 1 CODE]
        >>> Code:
            import math, fractions, sys, itertools, collections, random, decimal, statistics, functools, itertools, math, fractions, sys, numpy as np
        >>> Output:
            [WARN] No output. Use print() to see results.

        [Turn 2 CODE]
        >>> Code:
            n=9097
            S = (n-1)*1 + 3* ( (n-1)*(n-2)//2 )
            total_edges = n*(n-1)//2
            avg = fractions.Fraction(S, total_edges)
            avg, float(avg)
        >>> Output:
            27287/9097 2.9995602946026163
            

        [Turn 3 CODE]
        >>> Code:
            def avg_ab(a,b):
                n=a+b
                S = a*b + 3*(a*(a-1)//2 + b*(b-1)//2)
                return fractions.Fraction(S, n*(n-1)//2)
            
            n=9097
            best=None
            for a in range(1,n):
                b=n-a
                avg=avg_ab(a,b)
                if best is None or avg<best[0]:
                    best=(avg,a,b)
            best[:3]
        >>> Output:
            (Fraction(18193, 9097), 4548, 4549)
            

        [Turn 4 CODE]
        >>> Code:
            float(best[0])
        >>> Output:
            1.999890073650654
            

        [Turn 5 CODE]
        >>> Code:
            from fractions import Fraction
            n=9097
            N = n*(n-1)//2
            m = n//2  # floor
            avg = Fraction(2*N - m, N)
            avg, float(avg)
        >>> Output:
            18193/9097 1.999890073650654
            

        [Turn 6 CODE]
        >>> Code:
            3*9097 - 1
        >>> Output:
            27290
            

        [Turn 7 CODE [ERROR]]
        >>> Code:
            import itertools
            from math import comb
            def min_average(n):
                edges = [(i,j) for i in range(n) for j in range(i+1,n)]
                m = len(edges)
                # Use brute force for n up to 6 maybe
                best = None
                for assign in itertools.product([1,2,3], repeat=m):
                    # quick prune: compute sum
                    total = sum(assign)
                    # check triangles
                    ok=True
                    # map edge to label
                    label = {}
                    for (e,val) in zip(edges, assign):
                        label[e]=val
                    for a in range(n):
                        for b in range(a+1,n):
                            for c in range(b+1,n):
                                s = label[(a,b)] + label[(a,c)] + label[(b,c)]
                                if s <5:
                                    ok=False
                                    break
                            if not ok: break
                        if not ok: break
                    if ok:
                        if best is None or total < best:
                            best=total
                return best, best/comb(n,2) if best else None
            
            for n in range(3,7):
                best,total = min_average(n)
                print(n, best, total)
            
        >>> Output:
            [ERROR] Execution timed out after 30 seconds

    --- Attempt 5 [WRONG] answer=476 expected=27290 temp=0.5 entropy=0.519 ---
        python_calls=4 errors=1 tokens=4828 time=129.4s time_left=320.6s
        source=streaming confidence=1.0 stop=max_turns
        Libraries: import fractions, math, import itertools, math

        [Turn 1 CODE]
        >>> Code:
            def total_sum(a):
                n=160
                b=n-a
                return a*b + 3*(a*(a-1)//2 + b*(b-1)//2)
            min_val=10**9
            best=None
            for a in range(0,161):
                s=total_sum(a)
                if s<min_val:
                    min_val=s
                    best=a
            min_val, best
            
        >>> Output:
            25360 80
            

        [Turn 2 CODE]
        >>> Code:
            import fractions, math
            avg = fractions.Fraction(25360,12720)
            avg, avg.numerator, avg.denominator
            
        >>> Output:
            317/159 317 159
            

        [Turn 3 CODE]
        >>> Code:
            import itertools, math
            def optimal_n(n):
                N = n*(n-1)//2
                best = None
                best_assign = None
                edges = [(i,j) for i in range(n) for j in range(i+1,n)]
                # brute force all labelings? 3^(N) huge. Not possible even for n=6 (15 edges, 3^15 ~ 14M) maybe doable.
                # We'll brute for n up to 6.
                best_sum = 10**9
                for labeling in itertools.product([1,2,3], repeat=N):
                    # check condition
                    ok=True
                    # map to dict
                    lab = {}
                    for (e,val) in zip(edges, labeling):
                        lab[e]=val
                    # check all triangles
                    for a in range(n):
                        for b in range(a+1,n):
                            for c in range(b+1,n):
                                s = lab[(a,b)] + lab[(a,c)] + lab[(b,c)]
                                if s<5:
                                    ok=False
                                    break
                            if not ok: break
                        if not ok: break
                    if ok:
                        total = sum(labeling)
                        if total<best_sum:
                            best_sum=total
                            best=labeling
                return best_sum, best
            
            for n in range(3,7):
                s,_=optimal_n(n)
                print(n, s, "average", s/(n*(n-1)//2))
            
        >>> Output:
            3 5 average 1.6666666666666667
            4 10 average 1.6666666666666667
            5 18 average 1.8
            6 27 average 1.8
            

        [Turn 4 CODE [ERROR]]
        >>> Code:
            def analyze_opt(n):
                N=n*(n-1)//2
                best_sum,_=optimal_n(n)
                # compute e1 and forced3 count from formula
                # but we need labeling
                # get labeling
                s,lab=optimal_n(n)
                edges=[(i,j) for i in range(n) for j in range(i+1,n)]
                e1=sum(1 for val in lab if val==1)
                # compute forced3 set: edges labeled 3 that are needed? We'll just count edges labeled 3.
                e3=sum(1 for val in lab if val==3)
                return e1, e3, best_sum
            for n in range(5,7):
                print(n, analyze_opt(n))
            
        >>> Output:
            [ERROR] Execution timed out after 30 seconds

    --- Attempt 9 [NONE] answer=None expected=27290 temp=0.5 entropy=0.473 ---
        python_calls=13 errors=1 tokens=9476 time=142.7s time_left=307.3s
        source=fallback confidence=0.0 stop=max_turns
        Libraries: from fractions import Fraction, import itertools, import math, import math, fractions, sys, itertools, collections, random, decimal, statistics, functools, itertools, math, sympy as sp, import random, math, itertools, time

        [Turn 1 CODE]
        >>> Code:
            import math, fractions, sys, itertools, collections, random, decimal, statistics, functools, itertools, math, sympy as sp
            n=9097
            W_min = sp.Rational(5*n*(n-1),6)
            W_min
            
        >>> Output:
            68955260
            

        [Turn 2 CODE]
        >>> Code:
            9097*9096
            
        >>> Output:
            82746312
            

        [Turn 3 CODE]
        >>> Code:
            from fractions import Fraction
            avg_min = Fraction(W_min, sp.binomial(n,2))
            avg_min
            
        >>> Output:
            5/3
            

        [Turn 4 CODE]
        >>> Code:
            9097*4548
            
        >>> Output:
            41373156
            

        [Turn 5 CODE]
        >>> Code:
            import math
            n=9097
            total_edges = n*(n-1)//2
            target_W = 5*total_edges//3  # should be integer
            target_W, total_edges
            
        >>> Output:
            68955260 41373156
            

        [Turn 6 CODE]
        >>> Code:
            def min_W_for_k(k):
                L = n - k
                # distribute leaves as evenly as possible
                q, r = divmod(L, k)
                sum_sq = (k - r) * q*q + r * (q+1)*(q+1)
                # compute W formula derived
                W = L*L - L/2 + (k-1)*(2*n - k) + sum_sq/2
                return W
            
            best = None
            for k in range(1, n+1):
                W = min_W_for_k(k)
                if best is None or W < best[0]:
                    best = (W, k)
            best
            
        >>> Output:
            (82741764.0, 4548)
            

        [Turn 7 CODE]
        >>> Code:
            n=9097
            best = None
            for a in range(1, n):
                b = n - a
                W = a*b + 3*(a*(a-1)//2 + b*(b-1)//2)
                avg = W / (n*(n-1)/2)
                if best is None or avg < best[0]:
                    best = (avg, a, W)
            best
            
        >>> Output:
            (1.999890073650654, 4548, 82741764)
            

        [Turn 8 CODE [ERROR]]
        >>> Code:
            import itertools
            
            def min_sum_n(n):
                edges = [(i,j) for i in range(n) for j in range(i+1,n)]
                m = len(edges)
                best = None
                # backtrack assign weights 1,2,3
                assign = [0]*m
                # precompute triangles list of edge indices
                tri = []
                edge_index = {e:i for i,e in enumerate(edges)}
                for i in range(n):
                    for j in range(i+1,n):
                        for k in range(j+1,n):
                            tri.append((edge_index[(i,j)], edge_index[(i,k)], edge_index[(j,k)]))
                def backtrack(idx, current_sum):
                    nonlocal best
                    if best is not None and current_sum >= best:
                        return
                    if idx==m:
                        # check constraints
                        # already ensured during assignment? we can check now
                        for a,b,c in tri:
                            if assign[a]+assign[b]+assign[c] <5:
                                return
                        best = current_sum
                        return
                    # try values 1,2,3
                    for w in (1,2,3):
                        assign[idx]=w
                        # early prune: check any triangle fully assigned now
                        ok=True
                        for a,b,c in tri:
                            if idx in (a,b,c):
                                # if all three assigned (max index <= idx)
                                if max(a,b,c) <= idx:
                                    if assign[a]+assign[b]+assign[c] <5:
                                        ok=False
                                        break
                        if ok:
                            backtrack(idx+1, current_sum + w)
                    assign[idx]=0
                backtrack(0,0)
                return best
            
            for n in range(3,8):
                print(n, min_sum_n(n))
            
        >>> Output:
            [ERROR] Execution timed out after 30 seconds

        [Turn 9 CODE]
        >>> Code:
            import random, math, itertools, time
            
            def random_labeling(n):
                edges = [(i,j) for i in range(n) for j in range(i+1,n)]
                m = len(edges)
                labels = [random.choice([1,2,3]) for _ in range(m)]
                return edges, labels
            
            def check(edges, labels, n):
                # build adjacency dict
                label_dict = {}
                for (i,j),w in zip(edges, labels):
                    label_dict[(i,j)] = w
                for i in range(n):
                    for j in range(i+1,n):
                        for k in range(j+1,n):
                            s = label_dict[(i,j)] + label_dict[(i,k)] + label_dict[(j,k)]
                            if s <5:
                                return False
                return True
            
            def total_sum(labels):
                return sum(labels)
            
            def hill_climb(n, iterations=10000):
                edges = [(i,j) for i in range(n) for j in range(i+1,n)]
                m = len(edges)
                # start with all 2s
                labels = [2]*m
                best = total_sum(labels)
                best_labels = labels[:]
                for it in range(iterations):
                    # pick random edge and try change to 1 or 3
                    idx = random.randrange(m)
                    old = labels[idx]
                    new = random.choice([1,2,3])
                    if new==old: continue
                    labels[idx]=new
                    if check(edges, labels, n):
                        s = total_sum(labels)
                        if s < best:
                            best = s
                            best_labels = labels[:]
                    else:
                        labels[idx]=old
                return best, best_labels
            
            def find_min(n, trials=20):
                best_overall = None
                for t in range(trials):
                    b,_ = hill_climb(n, iterations=2000)
                    if best_overall is None or b<best_overall:
                        best_overall=b
                return best_overall
            
            for n in range(5,9):
                print(n, find_min(n, trials=10))
            
        >>> Output:
            5 18
            6 28
            7 40
            8 54
            

        [Turn 10 CODE]
        >>> Code:
            import itertools
            
            def exact_min(n):
                edges = [(i,j) for i in range(n) for j in range(i+1,n)]
                m=len(edges)
                best=10**9
                for assign in itertools.product([1,2,3], repeat=m):
                    ok=True
                    # check triangles
                    for i in range(n):
                        for j in range(i+1,n):
                            for k in range(j+1,n):
                                idx1 = edges.index((i,j))
                                idx2 = edges.index((i,k))
                                idx3 = edges.index((j,k))
                                if assign[idx1]+assign[idx2]+assign[idx3] <5:
                                    ok=False
                                    break
                            if not ok: break
                        if not ok: break
                    if ok:
                        s=sum(assign)
                        if s<best:
                            best=s
                return best
            
            print(exact_min(5))
            
        >>> Output:
            18
            

        [Turn 11 CODE]
        >>> Code:
            import math
            E=41373156
            num=2*E-2
            g=math.gcd(num,E)
            g
            
        >>> Output:
            2
            

        [Turn 12 CODE]
        >>> Code:
            math.gcd(41373155,20686578)
            
        >>> Output:
            1
            

        [Turn 13 CODE]
        >>> Code:
            m=41373155
            n=20686578
            m+n
            
        >>> Output:
            62059733
            

        [Turn 14 REASONING] (26 chars)
        \(\displaystyle 62059733\)

  Running: 1/2 (50%) | Elapsed: 430s

──────────────────────────────────────────────────────────────────────
  [3/4] Problem dccede | Expected: 44
──────────────────────────────────────────────────────────────────────

Problem: A convex polyhedron has $m$ faces that are all congruent triangles with angles $30^{\circ}, 75^{\circ}$, and $75^{\circ}$. Determine, with proof, the maximum possible value of $m$.



============================================================
  WAVE 1: CLASSIFICATION
============================================================
Budget: 100s | Pool left: 5796s | Attempts: 42
Classification failed: Unexpected EOS while waiting for message header to complete

Classification results (41 attempts):
  Attempt 1: geometry.solid.polyhedra [medium] (conf=1.0, turns=2, time=21.9s)
  Attempt 2: geometry.solid.polyhedra [medium] (conf=1.0, turns=4, time=83.6s)
  Attempt 3: geometry.solid.polyhedra [medium] (conf=1.0, turns=2, time=21.7s)
  Attempt 4: geometry.solid.polyhedra [medium] (conf=1.0, turns=1, time=9.9s)
  Attempt 5: geometry.solid.polyhedra [medium] (conf=1.0, turns=2, time=17.1s)
  Attempt 6: geometry.solid.polyhedra [medium] (conf=1.0, turns=2, time=21.5s)
  Attempt 7: geometry.solid.polyhedra [medium] (conf=1.0, turns=4, time=84.7s)
  Attempt 8: geometry.solid.polyhedra [medium] (conf=1.0, turns=2, time=22.9s)
  Attempt 9: geometry.solid.polyhedra [medium] (conf=1.0, turns=2, time=19.8s)
  Attempt 10: geometry.solid.polyhedra [medium] (conf=1.0, turns=2, time=23.4s)
  Attempt 11: geometry.solid.polyhedra [medium] (conf=1.0, turns=1, time=12.5s)
  Attempt 12: geometry.solid.polyhedra [medium] (conf=1.0, turns=2, time=22.9s)
  Attempt 13: geometry.solid.polyhedra [medium] (conf=1.0, turns=2, time=17.7s)
  Attempt 14: taxonomy [medium] (conf=1.0, turns=1, time=11.7s)
  Attempt 15: geometry.solid.polyhedra [medium] (conf=1.0, turns=2, time=20.1s)
  Attempt 16: geometry.solid.polyhedra [medium] (conf=1.0, turns=2, time=19.3s)
  Attempt 17: geometry.solid.polyhedra [easy] (conf=1.0, turns=2, time=21.9s)
  Attempt 18: geometry.solid.polyhedra [medium] (conf=1.0, turns=1, time=15.7s)
  Attempt 19: geometry.solid.polyhedra [medium] (conf=1.0, turns=2, time=15.8s)
  Attempt 20: geometry.solid.polyhedra [medium] (conf=1.0, turns=2, time=23.3s)
  Attempt 21: geometry.solid.polyhedra [medium] (conf=1.0, turns=6, time=86.9s)
  Attempt 22: geometry.solid.polyhedra [medium] (conf=0.7, turns=6, time=95.6s)
  Attempt 23: geometry.solid.polyhedra [medium] (conf=1.0, turns=2, time=18.9s)
  Attempt 24: geometry.solid.polyhedra [medium] (conf=1.0, turns=2, time=18.0s)
  Attempt 25: geometry.solid.polyhedra.faces_congruent_triangles [medium] (conf=1.0, turns=3, time=43.8s)
  Attempt 26: geometry.solid.polyhedra [medium] (conf=1.0, turns=1, time=16.6s)
  Attempt 27: geometry.solid.polyhedra [medium] (conf=1.0, turns=2, time=16.1s)
  Attempt 28: geometry.solid.polyhedra [medium] (conf=1.0, turns=2, time=17.1s)
  Attempt 29: geometry.solid.polyhedra [medium] (conf=1.0, turns=2, time=18.5s)
  Attempt 30: geometry.solid.polyhedra [medium] (conf=1.0, turns=1, time=13.3s)
  Attempt 31: geometry.solid.polyhedra [medium] (conf=1.0, turns=1, time=16.3s)
  Attempt 32: geometry.solid.polyhedra [medium] (conf=1.0, turns=4, time=62.8s)
  Attempt 33: geometry.solid.polyhedra [medium] (conf=1.0, turns=1, time=16.7s)
  Attempt 34: geometry.solid.polyhedron.faces_congruent_triangles [medium] (conf=1.0, turns=3, time=42.7s)
  Attempt 35: geometry.solid.polyhedra [medium] (conf=1.0, turns=1, time=13.9s)
  Attempt 36: geometry.solid.polyhedra [medium] (conf=1.0, turns=2, time=17.1s)
  Attempt 37: taxonomy [medium] (conf=1.0, turns=1, time=16.0s)
  Attempt 38: geometry.solid.polyhedra [medium] (conf=1.0, turns=2, time=16.7s)
  Attempt 39: geometry.solid.polyhedra [medium] (conf=1.0, turns=2, time=14.5s)
  Attempt 40: geometry.solid.polyhedra [medium] (conf=1.0, turns=2, time=13.5s)
  Attempt 41: geometry.solid.polyhedra [medium] (conf=1.0, turns=2, time=11.9s)

=== WAVE 1 TAXONOMY VOTES ===
  geometry.solid.polyhedra: 36.7 votes <-- SELECTED
  geometry.solid.polyhedra.faces_congruent_triangles: 1.0 votes
  geometry.solid.polyhedron.faces_congruent_triangles: 1.0 votes
=== END VOTES ===


=== DIFFICULTY VOTES: {'medium': 40, 'easy': 1} → MEDIUM ===
Wave 1 result: ['geometry.solid.polyhedra'] | Difficulty: medium (W1 cumulative: 304/6000s)

=== WAVE 1 → DB RETRIEVAL  ===
Taxonomies: ['geometry.solid.polyhedra']
Total matches: 1
  - e16358 [geometry.solid.polyhedra]
Notes: 1002 chars
=== END WAVE 1 RETRIEVAL ===


=== USER PROMPT (4943 chars) ===
[Our IMO expert has given tips and tricks for this problem.]

--- [geometry.solid.polyhedra] ---
Triggers: Euler characteristic, V-E+F=2 for polyhedra, Platonic solids, dual polyhedron
Technique: Euler: V-E+F=2 for convex polyhedra. Platonic solids: {3,3}tetra, {4,3}cube, {3,4}octa, {5,3}dodeca, {3,5}icosa. Handshaking: each edge borders 2 faces, connects 2 vertices. If all faces are p-gons, all vertices degree q: pF=2E=qV.
Question: 
Answer: 

[END EXPERT NOTES]

Our IMO expert has also shared his special notes database. If you are stuck or want more hints, query it:
import sqlite3; db = sqlite3.connect("/kaggle/input/aimo3-problem-db/problems.db")
Schema: id, category, topic, subtopic, taxonomy, triggers, technique, question, answer
db.execute("SELECT taxonomy, triggers, technique FROM problems WHERE category=?", (CATEGORY,)).fetchall()
Find the closest match, then read the full approach:
db.execute("SELECT technique, question, answer FROM problems WHERE taxonomy=?", (TAX,)).fetchone()

A convex polyhedron has $m$ faces that are all congruent triangles with angles $30^{\circ}, 75^{\circ}$, and $75^{\circ}$. Determine, with proof, the maximum possible value of $m$.
 You have access to `math`, `numpy`, and `sympy` for:

# Symbolic Computation (sympy):
- Algebraic manipulation and simplification
- Solving equations and systems of equations
- Symbolic differentiation and integration
- Number theory functions (primes, divisors, modular arithmetic)
- Polynomial operations and factorization
- Working with mathematical expressions symbolically

# Numerical Computation (numpy):
- Array operations and linear algebra
- Efficient numerical calculations for large datasets
- Matrix operations and eigenvalue problems
- Statistical computations

# Mathematical Functions (math):
- Standard mathematical functions (trig, log, exp)
- Constants like pi and e
- Basic operations for single values

Best Practices:
- Use sympy for exact symbolic answers when possible
- Use numpy for numerical verification and large-scale computation
- Combine symbolic and numerical approaches: derive symbolically, verify numerically
- Document your computational strategy clearly
- Validate computational results against known cases or theoretical bounds
- For very large exponents (e.g. a^(n!)), use pow(base, exp, mod) or analytical methods — never materialize the full number

# Code Robustness Rules:
- Each code cell must be SELF-CONTAINED: re-import and re-define everything you need. If a previous cell errored, its definitions are LOST.
- Avoid sympy expressions that grow beyond a few hundred characters. If an expression is exploding, switch to numerical methods (numpy) or modular arithmetic.
- For geometry: prefer numpy coordinate models with brute-force verification over pure symbolic or direction-counting approaches.
- For combinatorics counting: always verify no duplicates — check injectivity explicitly.
- If 5+ code cells without progress, STOP and restart with a different approach.
- When using Python, prefer converting sympy expressions to int() before passing to Python builtins like pow(), min(), max().
- Common import: from sympy.ntheory.modular import crt (note: sympy.crt does not exist).
- If a code cell fails, re-import necessary libraries in the next cell.
- sympy.solve() often times out on complex systems. For polynomial systems with > 3 unknowns, prefer numerical methods (scipy fsolve/minimize) or manual algebraic reduction.
- Never call sympy.simplify() or sympy.expand() on expressions involving large binomials or products of many terms. Use float() first to check the numerical value.

# Library Availability:
NOT installed (do NOT import — they WILL fail): pulp, ortools, z3-solver, mip, pyscipopt, pysat, cvxpy, constraint, matplotlib, sklearn.
Do not waste turns trying these libraries or probing with try/except.

Available and recommended:
- sympy, numpy, scipy, networkx, mpmath, math, itertools, functools, fractions, collections, decimal, heapq, random, statistics

Replacements for unavailable optimization/constraint libraries:
- Integer/Binary Linear Programming (replaces pulp, mip, ortools):
  from scipy.optimize import milp, LinearConstraint, Bounds
  import numpy as np
  res = milp(c=c_vec, constraints=LinearConstraint(A, lb, ub),
             integrality=np.ones(n), bounds=Bounds(0, 1))
  # res.success, res.x (solution vector), res.fun (objective value)
- Linear Programming: scipy.optimize.linprog(c, A_ub=A, b_ub=b, method="highs")
- Assignment problems: scipy.optimize.linear_sum_assignment(cost_matrix)
- Graph algorithms (matching, shortest path, components): import networkx as nx
- Constraint satisfaction: encode as ILP via scipy.optimize.milp, or backtracking with pruning
- Number theory: sympy.ntheory or random (Monte Carlo verification)
- Geometry: fractions (exact rational) + sympy, avoid floating point
- Game theory/DP: functools.lru_cache for memoized recursion
=== END USER PROMPT ===

Budget: 450.00 seconds | Deadline: 1772891092.13 | TimeLeft: 16869s | Effort: medium

 Attempt  Response Length  Python Calls  Python Errors  Entropy  Temperature  Answer  Confidence    Source Stop_Reason  Successful_Code  Time_Remaining  Time
      13             2502             2              0    0.637          0.5      22         1.0 streaming   max_turns                2           410.9  39.0
       6             2624             2              0    0.538          0.5      22         1.0 streaming   max_turns                2           408.9  41.1
      17             3614             1              0    0.588          0.5      22         1.0 streaming   max_turns                1           391.1  58.6
      21             3801             0              0    0.673          0.5      22         1.0 streaming   max_turns                0           387.7  62.0
      20             3793             3              0    0.568          0.5      22         1.0 streaming   max_turns                3           387.6  62.1
       1             4001             0              0    0.494          0.5      22         1.0 streaming   max_turns                0           384.3  65.7
      24             4317             0              0    0.501          0.5    <NA>         0.0  fallback   max_turns                0           378.5  71.1
      12             4466             4              0    0.626          0.5      44         1.0 streaming   max_turns                4           375.9  74.0
       9             5201             0              0    0.504          0.5      22         1.0 streaming   max_turns                0           365.7  84.2
      18             5194             3              0    0.448          0.5    <NA>         0.0  fallback   max_turns                3           365.6  84.2
      15             5968            11              0    0.605          0.5      52         1.0 streaming   max_turns               11           353.2  96.6
      23             6072             0              0    0.529          0.5      36         1.0 streaming   max_turns                0           352.7  96.9
      16             5057             6              1    0.465          0.5      22         1.0 streaming   max_turns                5           341.1 108.7
       3             7093            15              0    0.582          0.5      44         1.0 streaming   max_turns               15           331.5 118.5
       4             7611             7              0    0.572          0.5      22         1.0 streaming   max_turns                7           330.4 119.6
      10             7713             0              0    0.541          0.5      22         1.0 streaming   max_turns                0           329.7 120.2
       8             8285            10              0    0.499          0.5      52         1.0 streaming   max_turns               10           323.5 126.5
       2             9129             0              0    0.483          0.5      48         1.0 streaming   max_turns                0           316.8 133.2
       7             8005            19              2    0.512          0.5      52         1.0 streaming   max_turns               17           308.8 141.2
      19            11119             0              0    0.585          0.5      22         1.0 streaming   max_turns                0           299.7 150.0
      14            11329             2              0    0.680          0.5      22         1.0 streaming   max_turns                2           298.5 151.4
       5            12864             0              0    0.545          0.5      20         1.0 streaming   max_turns                0           289.9 160.1
      11             9020            31              7    0.508          0.5      52         1.0 streaming   max_turns               24           265.8 184.0
      22            11067            22              8    0.482          0.5      52         1.0 streaming   max_turns               14           216.6 233.1
 Answer  Votes  Score
     22   12.0 16.784
     52    5.0  9.654
     44    2.0  3.317
     48    1.0  1.036
     36    1.0  0.945
     20    1.0  0.918

Final Answer: 22 (votes: 12.0)


=== RERUN CHECK: top_votes=12.0, threshold=12 ===

  STATUS: WRONG | Predicted: 22 | Expected: 44 | Time: 333.7s
  Votes: {22: 12, 52: 5, 44: 2, 36: 1, 48: 1, 20: 1} | Answers: 22 | Nones: 2 | Errors: 18

  WRONG ANSWER ANALYSIS:
    Attempt 13: answered 22 (entropy=0.637)
    Attempt 6: answered 22 (entropy=0.538)
    Attempt 17: answered 22 (entropy=0.588)
    Attempt 21: answered 22 (entropy=0.673)
    Attempt 20: answered 22 (entropy=0.568)
    Attempt 1: answered 22 (entropy=0.494)
    Attempt 9: answered 22 (entropy=0.504)
    Attempt 15: answered 52 (entropy=0.605)
    Attempt 23: answered 36 (entropy=0.529)
    Attempt 16: answered 22 (entropy=0.465)
    Attempt 4: answered 22 (entropy=0.572)
    Attempt 10: answered 22 (entropy=0.541)
    Attempt 8: answered 52 (entropy=0.499)
    Attempt 2: answered 48 (entropy=0.483)
    Attempt 7: answered 52 (entropy=0.512)
    Attempt 19: answered 22 (entropy=0.585)
    Attempt 14: answered 22 (entropy=0.680)
    Attempt 5: answered 20 (entropy=0.545)
    Attempt 11: answered 52 (entropy=0.508)
    Attempt 22: answered 52 (entropy=0.482)
    2 attempt(s) got the right answer but were outvoted

    --- Attempt 13 [WRONG] answer=22 expected=44 temp=0.5 entropy=0.637 ---
        python_calls=2 errors=0 tokens=2502 time=39.0s time_left=410.9s
        source=streaming confidence=1.0 stop=max_turns
        Libraries: import math

        [Turn 1 CODE]
        >>> Code:
            import math
            solutions=[]
            for p in range(3,12):
                for q in [3,4]:
                    denom = 1/p + 2/q - 0.5
                    if denom<=0: continue
                    m = 2/denom
                    if abs(m-round(m))<1e-9:
                        m=int(round(m))
                        if m%p==0 and (2*m)%q==0:
                            solutions.append((p,q,m))
            solutions
            
        >>> Output:
            [(3, 4, 6), (4, 4, 8), (5, 4, 10), (6, 3, 6), (6, 4, 12), (7, 4, 14), (8, 4, 16), (9, 4, 18), (10, 4, 20), (11, 4, 22)]
            

        [Turn 2 CODE]
        >>> Code:
            p=11;q=4
            m=2/(1/p+2/q-0.5)
            m
            
        >>> Output:
            21.999999999999993
            

    --- Attempt 6 [WRONG] answer=22 expected=44 temp=0.5 entropy=0.538 ---
        python_calls=2 errors=0 tokens=2624 time=41.1s time_left=408.9s
        source=streaming confidence=1.0 stop=max_turns
        Libraries: import math

        [Turn 1 CODE]
        >>> Code:
            import math
            ratio = math.sin(math.radians(75))/math.sin(math.radians(30))
            ratio
            
        >>> Output:
            1.9318516525781368
            

        [Turn 2 CODE]
        >>> Code:
            b=1.0
            R = b/(2*math.sin(math.pi/11))
            ratio = math.sin(math.radians(75))/math.sin(math.radians(30))
            h2 = (ratio*b)**2 - R**2
            R, h2
            
        >>> Output:
            1.7747327664421118 0.5823744152856074
            

    --- Attempt 17 [WRONG] answer=22 expected=44 temp=0.5 entropy=0.588 ---
        python_calls=1 errors=0 tokens=3614 time=58.6s time_left=391.1s
        source=streaming confidence=1.0 stop=max_turns
        Libraries: import math

        [Turn 1 CODE]
        >>> Code:
            import math
            for n in range(3,12):
                cond = math.cos(2*math.pi/n) < math.sqrt(3)/2
                print(n, cond, math.cos(2*math.pi/n))
            
        >>> Output:
            3 True -0.4999999999999998
            4 True 6.123233995736766e-17
            5 True 0.30901699437494745
            6 True 0.5000000000000001
            7 True 0.6234898018587336
            8 True 0.7071067811865476
            9 True 0.766044443118978
            10 True 0.8090169943749475
            11 True 0.8412535328311812
            

    --- Attempt 21 [WRONG] answer=22 expected=44 temp=0.5 entropy=0.673 ---
        python_calls=0 errors=0 tokens=3801 time=62.0s time_left=387.7s
        source=streaming confidence=1.0 stop=max_turns

    --- Attempt 20 [WRONG] answer=22 expected=44 temp=0.5 entropy=0.568 ---
        python_calls=3 errors=0 tokens=3793 time=62.1s time_left=387.6s
        source=streaming confidence=1.0 stop=max_turns
        Libraries: import fractions, math, import math, sympy as sp

        [Turn 1 CODE]
        >>> Code:
            import fractions, math
            
            solutions=[]
            for k_a in range(3,12):
                for k_b in [3,4]:
                    denom = 1/k_a + 2/k_b - 0.5
                    if denom<=0:
                        continue
                    m = 2/denom
                    # check near integer
                    if abs(m-round(m))<1e-9:
                        m=int(round(m))
                        # divisibility constraints
                        if m%k_a==0 and (2*m)%k_b==0:
                            solutions.append((k_a,k_b,m))
            solutions
            
        >>> Output:
            [(3, 4, 6), (4, 4, 8), (5, 4, 10), (6, 3, 6), (6, 4, 12), (7, 4, 14), (8, 4, 16), (9, 4, 18), (10, 4, 20), (11, 4, 22)]
            

        [Turn 2 CODE]
        >>> Code:
            sol_details=[]
            for k_a,k_b,m in solutions:
                V_a=m//k_a
                V_b=2*m//k_b
                V=V_a+V_b
                E=3*m//2
                sol_details.append((k_a,k_b,m,V_a,V_b,V,E))
            sol_details
            
        >>> Output:
            [(3, 4, 6, 2, 3, 5, 9), (4, 4, 8, 2, 4, 6, 12), (5, 4, 10, 2, 5, 7, 15), (6, 3, 6, 1, 4, 5, 9), (6, 4, 12, 2, 6, 8, 18), (7, 4, 14, 2, 7, 9, 21), (8, 4, 16, 2, 8, 10, 24), (9, 4, 18, 2, 9, 11, 27), (10, 4, 20, 2, 10, 12, 30), (11, 4, 22, 2, 11, 13, 33)]
            

        [Turn 3 CODE]
        >>> Code:
            import math, sympy as sp
            R=1.0
            val = (4*R**2*math.sin(math.pi/11)**2)/(2-math.sqrt(3)) - R**2
            val
            
        >>> Output:
            0.18489976199219238
            

    --- Attempt 1 [WRONG] answer=22 expected=44 temp=0.5 entropy=0.494 ---
        python_calls=0 errors=0 tokens=4001 time=65.7s time_left=384.3s
        source=streaming confidence=1.0 stop=max_turns

    --- Attempt 24 [NONE] answer=None expected=44 temp=0.5 entropy=0.501 ---
        python_calls=0 errors=0 tokens=4317 time=71.1s time_left=378.5s
        source=fallback confidence=0.0 stop=max_turns
        vboxed_checkpoints: turn1=6, turn1=6

        [Turn 1 REASONING] (3908 chars)
        \[
\text{All faces are congruent }30^{\circ}\!-\!75^{\circ}\!-\!75^{\circ}\text{ triangles.}
\]

--------------------------------------------------------------------
### 1.   Notation  

* \(F=m\) – number of faces.  
* \(E\) – number of edges.  
* \(V\) – number of vertices.  

Every face has three edges, each edge belongs to two faces, hence  

\[
3F=2E\qquad\Longrightarrow\qquad E=\frac{3m}{2}.
\tag{1}
\]

Consequently \(m\) is even.

--------------------------------------------------------------------
### 2.   Two kinds of vertices  

In each face one angle is \(30^{\circ}\) (the **apex**) and the other two are
\(75^{\circ}\) (the **base**).  
Hence a vertex of the polyhedron is of one of the two types  

* **A‑vertex** – the angle of the incident faces is \(30^{\circ}\);  
* **B‑vertex** – the angle of the incident faces is \(75^{\circ}\).

Let  

\[
a=\#\text{A‑vertices},\qquad b=\#\text{B‑vertices},\qquad V=a+b .
\tag{2}
\]

--------------------------------------------------------------------
### 3.   Counting incidences  

Each face contributes one A‑vertex and two B‑vertices, therefore  

\[
\sum_{\text{A‑vertices}}\deg(v)=m,\qquad
\sum_{\text{B‑vertices}}\deg(v)=2m .
\tag{3}
\]

If an A‑vertex is incident with \(k\) faces, the sum of the angles at that
vertex is \(k\cdot30^{\circ}<360^{\circ}\); hence  

\[
3\le k\le 11 .
\tag{4}
\]

If a B‑vertex is incident with \(k\) faces, the sum of the angles is
\(k\cdot75^{\circ}<360^{\circ}\); therefore  

\[
3\le k\le 4 .
\tag{5}
\]

Thus every A‑vertex has degree at least \(3\) and every B‑vertex has degree
\(3\) or \(4\).

--------------------------------------------------------------------
### 4.   Inequalities for \(a\) and \(b\)

From (3) and (4) we obtain  

\[
m=\sum_{\text{A}}\deg(v)\ge 3a\qquad\Longrightarrow\qquad a\le\frac{m}{3}.
\tag{6}
\]

From (3) and (5) we obtain  

\[
2m=\sum_{\text{B}}\deg(v)\le 4b\qquad\Longrightarrow\qquad b\ge\frac{m}{2}.
\tag{7}
\]

--------------------------------------------------------------------
### 5.   Using Euler’s formula  

Euler’s relation for a convex polyhedron gives  

\[
V-E+F=2\quad\Longrightarrow\quad a+b-\frac{3m}{2}+m=2,
\]
i.e.  

\[
a+b=\frac{m}{2}+2 .
\tag{8}
\]

Insert the bounds (6) and (7) into (8):

\[
\frac{m}{3}+ \frac{m}{2}\;\le\; a+b
      =\frac{m}{2}+2 .
\]

Hence  

\[
\frac{5m}{6}\le\frac{m}{2}+2\quad\Longrightarrow\quad
2m\le 12\quad\Longrightarrow\quad m\le 6 .
\tag{9}
\]

Because \(m\) is even, the only possible values are \(m=2,4,6\).  
\(m=2\) cannot occur for a convex polyhedron, and a tetrahedron (\(m=4\))
cannot have a \(30^{\circ}\!-\!75^{\circ}\!-\!75^{\circ}\) face.
Thus the maximal admissible value is

\[
\boxed{m=6}.
\]

--------------------------------------------------------------------
### 6.   Realising \(m=6\)

Take a **triangular dipyramid** (a bipyramid over an equilateral triangle):
two apices \(A_1,A_2\) and three base vertices \(B_1,B_2,B_3\) forming an
equilateral triangle.  
Let the three edges \(B_iB_j\) have length \(b\) and the six lateral edges
\(A_kB_i\) have a common length \(l\;(l>b)\).

Each face is an isosceles triangle with equal sides \(l\) and base \(b\).
Choose the ratio \(b/l\) so that the apex angle equals \(30^{\circ}\):
by the law of cosines  

\[
b^{2}=2l^{2}\bigl(1-\cos30^{\circ}\bigr)
      =2l^{2}\Bigl(1-\frac{\sqrt3}{2}\Bigr)
      =l^{2}(2-\sqrt3).
\]

Hence \(b/l=\sqrt{\,2-\sqrt3\,}\).  
With this choice every face has angles \(30^{\circ},75^{\circ},75^{\circ}\).
The polyhedron has  

\[
F=6,\qquad E=9,\qquad V=5,
\]

exactly the numbers required by (1)–(8) for \(m=6\).

Thus a convex polyhedron with six congruent \(30^{\circ}\!-\!75^{\circ}\!-\!75^{\circ}\)
triangular faces exists, and by (9) no larger number of faces is possible.

--------------------------------------------------------------------
\[
\boxed{\text{The maximum possible value of }m\text{ is }6.}
\]

    --- Attempt 12 [CORRECT] answer=44 expected=44 temp=0.5 entropy=0.626 ---
        python_calls=4 errors=0 tokens=4466 time=74.0s time_left=375.9s
        source=streaming confidence=1.0 stop=max_turns
        Libraries: from scipy.optimize import milp, LinearConstraint, Bounds, import itertools, math, sys, numpy as np, itertools, collections, random, math, sys, fractions, functools, itertools, math, numpy as np, import numpy as np, itertools, math, sys, fractions, collections, random, itertools, math, numpy as np

        [Turn 1 CODE]
        >>> Code:
            solutions = []
            for a in range(0,13):
                for b in range(0,13):
                    if a==0 and b==0: continue
                    if 30*a + 75*b < 360:
                        solutions.append((a,b,30*a+75*b))
            solutions[:20], len(solutions)
            
        >>> Output:
            [(0, 1, 75), (0, 2, 150), (0, 3, 225), (0, 4, 300), (1, 0, 30), (1, 1, 105), (1, 2, 180), (1, 3, 255), (1, 4, 330), (2, 0, 60), (2, 1, 135), (2, 2, 210), (2, 3, 285), (3, 0, 90), (3, 1, 165), (3, 2, 240), (3, 3, 315), (4, 0, 120), (4, 1, 195), (4, 2, 270)] 35
            

        [Turn 2 CODE]
        >>> Code:
            import itertools, math, sys, numpy as np, itertools, collections, random, math, sys, fractions, functools, itertools, math, numpy as np
            # generate allowed types with a,b up to say 10
            types = [(a,b) for a in range(0,12) for b in range(0,12) if (a,b)!=(0,0) and 30*a+75*b<360]
            len(types)
            
        >>> Output:
            35
            

        [Turn 3 CODE]
        >>> Code:
            import numpy as np, itertools, math, sys, fractions, collections, random, itertools, math, numpy as np
            from scipy.optimize import milp, LinearConstraint, Bounds
            
            def feasible(m):
                V = m//2 + 2
                A = []
                b = []
                # a sum
                A.append([a for a,b in types])
                b.append(m)
                # b sum
                A.append([b for a,b in types])
                b.append(2*m)
                # total vertices
                A.append([1]*len(types))
                b.append(V)
                A = np.array(A, dtype=float)
                b = np.array(b, dtype=float)
                # bounds: integer >=0
                bounds = Bounds(0, np.inf)
                integrality = np.ones(len(types), dtype=int)
                res = milp(c=np.zeros(len(types)), constraints=LinearConstraint(A, b, b), bounds=bounds, integrality=integrality, options={'disp': False})
                return res.success
            
            feasible(44)
            
        >>> Output:
            True
            

        [Turn 4 CODE]
        >>> Code:
            def get_solution(m):
                V = m//2 + 2
                A = []
                b = []
                A.append([a for a,b in types])
                b.append(m)
                A.append([b for a,b in types])
                b.append(2*m)
                A.append([1]*len(types))
                b.append(V)
                A = np.array(A, dtype=float)
                b = np.array(b, dtype=float)
                bounds = Bounds(0, np.inf)
                integrality = np.ones(len(types), dtype=int)
                res = milp(c=np.zeros(len(types)), constraints=LinearConstraint(A, b, b), bounds=bounds, integrality=integrality, options={'disp': False})
                if not res.success:
                    return None
                counts = np.rint(res.x).astype(int)
                sol = {}
                for cnt, (a,b) in zip(counts, types):
                    if cnt>0:
                        sol[(a,b)] = cnt
                return sol
            
            sol44 = get_solution(44)
            sol44
            
        >>> Output:
            {(1, 4): np.int64(21), (6, 2): np.int64(1), (8, 1): np.int64(1), (9, 1): np.int64(1)}
            

    --- Attempt 9 [WRONG] answer=22 expected=44 temp=0.5 entropy=0.504 ---
        python_calls=0 errors=0 tokens=5201 time=84.2s time_left=365.7s
        source=streaming confidence=1.0 stop=max_turns

    --- Attempt 18 [NONE] answer=None expected=44 temp=0.5 entropy=0.448 ---
        python_calls=3 errors=0 tokens=5194 time=84.2s time_left=365.6s
        source=fallback confidence=0.0 stop=max_turns

        [Turn 1 CODE]
        >>> Code:
            def feasible(m):
                if m%2==1:
                    return False
                V = m//2 + 2
                # iterate over possible a3,a4 satisfying 3a3+4a4=2m
                solutions=[]
                for a3 in range(0, 2*m//3 +1):
                    if (2*m - 3*a3) % 4 ==0:
                        a4 = (2*m - 3*a3)//4
                        if a4<0: continue
                        V75 = a3 + a4
                        # remaining vertices for V30
                        V30 = V - V75
                        if V30 <0:
                            continue
                        # need to represent m as sum of k n_k with n_k nonnegative integers and total count V30
                        # This is like partition of m into V30 parts each between 3 and 11 inclusive.
                        # Feasibility condition: minimal sum = 3*V30, maximal sum = 11*V30.
                        if 3*V30 <= m <= 11*V30:
                            # also need integer solution; we can check if m - 3*V30 can be expressed as sum of increments up to 8 per vertex.
                            # Since we can increase some vertices degree up to 11.
                            # This is always possible as long as m - 3*V30 <= 8*V30.
                            # So condition holds already.
                            return True
                return False
            
            max_m=0
            feas_list=[]
            for m in range(2,200,2):
                if feasible(m):
                    max_m=m
                    feas_list.append(m)
            max_m, feas_list[-10:]
        >>> Output:
            22 [6, 8, 10, 12, 14, 16, 18, 20, 22]
            

        [Turn 2 CODE]
        >>> Code:
            max_m=0
            for m in range(2,1000,2):
                if feasible(m):
                    max_m=m
            max_m
        >>> Output:
            22
            

        [Turn 3 CODE]
        >>> Code:
            def find_solution(m):
                V = m//2 + 2
                for a3 in range(0, 2*m//3 +1):
                    if (2*m - 3*a3) % 4 ==0:
                        a4 = (2*m - 3*a3)//4
                        if a4<0: continue
                        V75 = a3 + a4
                        V30 = V - V75
                        if V30<0: continue
                        if 3*V30 <= m <= 11*V30:
                            # construct degrees for V30: start with all 3s, need extra = m-3V30 distributed up to +8 each.
                            extra = m - 3*V30
                            # distribute to vertices, each can take up to 8.
                            n = [3]*V30
                            i=0
                            while extra>0 and i<V30:
                                add = min(8, extra)
                                n[i] += add
                                extra -= add
                                i+=1
                            # degrees for V75: a3 of degree3, a4 of degree4
                            return {'a3':a3,'a4':a4,'V30':V30,'V75':V75,'deg30':n}
                return None
            
            find_solution(22)
        >>> Output:
            {'a3': 0, 'a4': 11, 'V30': 2, 'V75': 11, 'deg30': [11, 11]}
            

        [Turn 4 REASONING] (4515 chars)
        \[
\text{All faces are congruent triangles with angles }30^{\circ},75^{\circ},75^{\circ}.
\]

--------------------------------------------------------------------
### 1.  Notation  

* A vertex at which the angle \(30^{\circ}\) of a face meets will be called a **30‑vertex**.  
* A vertex at which a \(75^{\circ}\) angle meets will be called a **75‑vertex**.  

Let  

\[
x=\#\{\text{30‑vertices}\},\qquad 
y=\#\{\text{75‑vertices}\},\qquad 
m=\#\{\text{faces}\}.
\]

--------------------------------------------------------------------
### 2.  Edge–face incidences  

Each triangular face contributes  

* one **base** edge (the side opposite the \(30^{\circ}\) angle);  
* two **leg** edges (the sides adjacent to the \(30^{\circ}\) angle).

Hence  

\[
\begin{aligned}
\text{base edges}&=\frac{m}{2},\\[2mm]
\text{leg edges}&=m,
\end{aligned}
\qquad\Longrightarrow\qquad 
E=\frac{3m}{2}\;(= \text{total number of edges}).
\]

Thus \(m\) must be even.

--------------------------------------------------------------------
### 3.  Vertex degrees  

* At a 30‑vertex \(k\) faces meet, each contributing a \(30^{\circ}\) angle.
  Because the sum of the angles around a convex vertex is \(<360^{\circ}\),

  \[
  k\cdot30^{\circ}<360^{\circ}\Longrightarrow k\le 11 .
  \]

  Also at least three faces meet, so \(k\ge 3\).

* At a 75‑vertex \(\ell\) faces meet, each contributing a \(75^{\circ}\) angle.
  Hence  

  \[
  \ell\cdot75^{\circ}<360^{\circ}\Longrightarrow \ell\le 4 ,
  \qquad\ell\ge 3 .
  \]

Consequently  

\[
3\le\deg(v)\le 11\quad(v\text{ a 30‑vertex}),\qquad 
3\le\deg(v)\le 4\quad(v\text{ a 75‑vertex}).
\]

--------------------------------------------------------------------
### 4.  Counting incidences  

Each face contains exactly one 30‑vertex and two 75‑vertices, so

\[
\sum_{\text{30‑vertices}}\deg(v)=m,\qquad 
\sum_{\text{75‑vertices}}\deg(v)=2m. \tag{1}
\]

Let the numbers of 30‑vertices of degree \(k\) be \(n_k\;(3\le k\le 11)\) and the
numbers of 75‑vertices of degree \(3,4\) be \(a_3,a_4\).
Then (1) becomes  

\[
\sum_{k=3}^{11}k\,n_k=m,\qquad 3a_3+4a_4=2m. \tag{2}
\]

--------------------------------------------------------------------
### 5.  Euler’s formula  

For a convex polyhedron \(V-E+F=2\).  
With \(F=m\) and \(E=\dfrac{3m}{2}\),

\[
V = 2+E-F = 2+\frac{3m}{2}-m = \frac{m}{2}+2. \tag{3}
\]

But \(V = x+y = \bigl(\sum n_k\bigr)+(a_3+a_4)\).

--------------------------------------------------------------------
### 6.  An upper bound for \(m\)

From (2) and the bounds on the degrees we have  

\[
m = \sum k n_k \le 11\sum n_k = 11x,
\qquad 
2m = 3a_3+4a_4 \le 4(a_3+a_4)=4y .
\]

Hence  

\[
x\ge\frac{m}{11},\qquad y\ge\frac{m}{2}.
\]

Insert these lower bounds into (3):

\[
\frac{m}{11}+\frac{m}{2}\le x+y = \frac{m}{2}+2
\Longrightarrow \frac{m}{11}\le 2
\Longrightarrow m\le 22 .
\]

Thus **\(m\) cannot exceed \(22\).**

--------------------------------------------------------------------
### 7.  Realising \(m=22\)

Take two points \(A,B\) (the future 30‑vertices) and an 11‑gon
\(C_1C_2\ldots C_{11}\) (the future 75‑vertices) in space.
Join every \(C_i\) to both \(A\) and \(B\) and also join consecutive
\(C_i\)’s, forming the cycle \(C_1C_2\ldots C_{11}C_1\).

The faces are the triangles  

\[
A\,C_i\,C_{i+1},\qquad B\,C_i\,C_{i+1}\qquad (i=1,\dots ,11)
\]

(indices taken modulo 11).  
There are \(2\cdot 11 = 22\) triangular faces.

All these triangles are congruent isosceles triangles:
the two edges incident with \(A\) (or with \(B\)) are equal,
the edge \(C_iC_{i+1}\) is the base.
By choosing the distance \(|AB|\) appropriately we can make the
apex angle at \(A\) (and at \(B\)) any value between \(0^{\circ}\) and
\(180^{\circ}\); we choose it to be \(30^{\circ}\).
Consequently the base angles become \(75^{\circ}\).

The resulting solid is a **bipyramid over a regular 11‑gon**.
Its vertex degrees are

* \(\deg(A)=\deg(B)=11\) (30‑vertices),
* \(\deg(C_i)=4\) for each \(i\) (75‑vertices).

Thus it satisfies all the combinatorial conditions, and it is convex
because the apex angle \(30^{\circ}<180^{\circ}\) and the belt
\(C_1\ldots C_{11}\) is planar.

Hence a convex polyhedron with \(22\) faces of the required shape
exists.

--------------------------------------------------------------------
### 8.  Answer  

The maximum possible number of faces is  

\[
\boxed{\,m_{\max}=22\,}.
\]

It is attained uniquely (up to symmetry) by the bipyramid over an
11‑gon whose triangular faces have angles \(30^{\circ},75^{\circ},75^{\circ}\).

    --- Attempt 15 [WRONG] answer=52 expected=44 temp=0.5 entropy=0.605 ---
        python_calls=11 errors=0 tokens=5968 time=96.6s time_left=353.2s
        source=streaming confidence=1.0 stop=max_turns
        Libraries: from scipy.optimize import linprog, from scipy.optimize import milp, LinearConstraint, Bounds, import itertools, math, numpy as np, sys, random, fractions, collections, import itertools, math, sys, collections, random, time, numpy as np, math, itertools, collections, sys, fractions, functools, decimal, heapq, statistics, math, itertools, import numpy as np, itertools, math, sys, random, fractions, collections, itertools, import numpy as np, math, itertools, sys, time

        [Turn 1 CODE]
        >>> Code:
            solutions=[]
            for a in range(0,13):
                for b in range(0,13):
                    if a+b>=3 and 30*a+75*b<360:
                        solutions.append((a,b,30*a+75*b))
            solutions[:20], len(solutions)
            
        >>> Output:
            [(0, 3, 225), (0, 4, 300), (1, 2, 180), (1, 3, 255), (1, 4, 330), (2, 1, 135), (2, 2, 210), (2, 3, 285), (3, 0, 90), (3, 1, 165), (3, 2, 240), (3, 3, 315), (4, 0, 120), (4, 1, 195), (4, 2, 270), (4, 3, 345), (5, 0, 150), (5, 1, 225), (5, 2, 300), (6, 0, 180)] 30
            

        [Turn 2 CODE]
        >>> Code:
            max_deg=0
            max_combos=[]
            for a,b,_ in solutions:
                deg=a+b
                if deg>max_deg:
                    max_deg=deg
                    max_combos=[(a,b)]
                elif deg==max_deg:
                    max_combos.append((a,b))
            max_deg, max_combos[:10]
            
        >>> Output:
            11 [(11, 0)]
            

        [Turn 3 CODE]
        >>> Code:
            types=[]
            for a,b,_ in solutions:
                d=b-2*a
                types.append((a,b,d))
            types[:20]
            
        >>> Output:
            [(0, 3, 3), (0, 4, 4), (1, 2, 0), (1, 3, 1), (1, 4, 2), (2, 1, -3), (2, 2, -2), (2, 3, -1), (3, 0, -6), (3, 1, -5), (3, 2, -4), (3, 3, -3), (4, 0, -8), (4, 1, -7), (4, 2, -6), (4, 3, -5), (5, 0, -10), (5, 1, -9), (5, 2, -8), (6, 0, -12)]
            

        [Turn 4 CODE]
        >>> Code:
            import itertools, math, sys, collections, random, time, numpy as np, math, itertools, collections, sys, fractions, functools, decimal, heapq, statistics, math, itertools
        >>> Output:
            [WARN] No output. Use print() to see results.

        [Turn 5 CODE]
        >>> Code:
            from scipy.optimize import milp, LinearConstraint, Bounds
            import numpy as np, math, itertools, sys, time
        >>> Output:
            [WARN] No output. Use print() to see results.

        [Turn 6 CODE]
        >>> Code:
            # prepare data
            types = [(a,b,b-2*a) for a,b,_ in solutions]
            n = len(types)
            A = []
            lb = []
            ub = []
            # constraint 1: sum (b-2a) x = 0
            A.append([d for (_,_,d) in types])
            lb.append(0)
            ub.append(0)
            # constraint 2: 2*sum x - sum a x = 4
            A.append([2 - a for (a,_,_) in types])
            lb.append(4)
            ub.append(4)
            
            A = np.array(A, dtype=float)
            lb = np.array(lb, dtype=float)
            ub = np.array(ub, dtype=float)
            
            c = np.array([-a for (a,_,_) in types], dtype=float)  # maximize sum a x => minimize -sum a x
            
            integrality = np.ones(n, dtype=int)
            bounds = Bounds(0, np.inf)
            
            res = milp(c=c, constraints=LinearConstraint(A, lb, ub), bounds=bounds, integrality=integrality, options={'presolve': True})
            print(res.success)
            print(res.x)
            print(-res.fun)
            
        >>> Output:
            True
            [ 0.  0.  0.  0. 20.  0.  0.  0.  0.  0.  0.  0.  0.  0.  0.  8.  0.  0.
              0.  0.  0.  0.  0.  0.  0.  0.  0.  0.  0.  0.]
            52.000000000000014
            

        [Turn 7 CODE]
        >>> Code:
            for idx, (a,b,d) in enumerate(types):
                if res.x[idx]>0:
                    print(idx, a,b,d, res.x[idx])
            
        >>> Output:
            4 1 4 2 20.000000000000004
            15 4 3 -5 8.000000000000002
            

        [Turn 8 CODE]
        >>> Code:
            defect = {}
            for a,b,_ in solutions:
                defect[(a,b)] = 360 - (30*a+75*b)
            sorted_def = sorted(defect.items(), key=lambda x: x[1])
            sorted_def[:10]
            
        >>> Output:
            [((4, 3), 15), ((9, 1), 15), ((1, 4), 30), ((6, 2), 30), ((11, 0), 30), ((3, 3), 45), ((8, 1), 45), ((0, 4), 60), ((5, 2), 60), ((10, 0), 60)]
            

        [Turn 9 CODE]
        >>> Code:
            import numpy as np, itertools, math, sys, random, fractions, collections, itertools
        >>> Output:
            [WARN] No output. Use print() to see results.

        [Turn 10 CODE]
        >>> Code:
            import itertools, math, numpy as np, sys, random, fractions, collections
        >>> Output:
            [WARN] No output. Use print() to see results.

        [Turn 11 CODE]
        >>> Code:
            from scipy.optimize import linprog
            
            # variables: λ, μ
            c = np.array([0, 4])  # minimize 4μ
            A_ub = []
            b_ub = []
            for a,b,d in types:
                # constraint: λ*d + μ*(2 - a) >= a  => -λ*d - μ*(2 - a) <= -a
                A_ub.append([-d, -(2 - a)])
                b_ub.append(-a)
            A_ub = np.array(A_ub)
            b_ub = np.array(b_ub)
            
            res = linprog(c, A_ub=A_ub, b_ub=b_ub, bounds=(None, None))
            print(res.success, res.x, res.fun)
            
        >>> Output:
            True [-6. 13.] 52.0
            

    --- Attempt 23 [WRONG] answer=36 expected=44 temp=0.5 entropy=0.529 ---
        python_calls=0 errors=0 tokens=6072 time=96.9s time_left=352.7s
        source=streaming confidence=1.0 stop=max_turns

    --- Attempt 16 [WRONG] answer=22 expected=44 temp=0.5 entropy=0.465 ---
        python_calls=6 errors=1 tokens=5057 time=108.7s time_left=341.1s
        source=streaming confidence=1.0 stop=max_turns

        [Turn 1 CODE [ERROR]]
        >>> Code:
            def possible_m(limit=200):
                sols=[]
                for m in range(1,limit+1):
                    # need V30+V75 = m/2 +2 => RHS must be integer => m even?
                    if (m/2 + 2) != int(m/2 + 2):
                        continue
                    targetV = int(m/2 + 2)
                    # iterate over possible a_i combos? Could use generating function but brute small.
                    # We'll iterate over possible V30 from 0 to targetV and see if we can satisfy sums.
                    found=False
                    for V30 in range(0,targetV+1):
                        V75 = targetV - V30
                        # need Σ i a_i = m with Σ a_i = V30, i from 3..11
                        # This is integer partition with bounded parts.
                        # Use DP to check feasibility.
                        # DP[k][s] = possible using first k degrees.
                        degrees = list(range(3,12))
                        dp = {0: {0}}  # using 0 degrees considered: sum 0 achievable with 0 vertices
                        # Actually we need exactly V30 vertices. We'll do DP over count and sum.
                        dp = {(0,0)}  # set of (cnt,sum)
                        for deg in degrees:
                            new=set()
                            for cnt,sumv in dp:
                                # we can add any number t of vertices with this degree up to V30-cnt
                                max_t = V30 - cnt
                                for t in range(0, max_t+1):
                                    new.add((cnt+t, sumv + t*deg))
                            dp = new
                        # check if (V30,m) in dp
                        if (V30,m) not in dp:
                            continue
                        # Now need 3b3+4b4 = 2m with b3+b4 = V75
                        # Solve linear equations:
                        # b3 = 4V75 - 2m
                        # b4 = 2m - 3V75
                        b3 = 4*V75 - 2*m
                        b4 = 2*m - 3*V75
                        if b3>=0 and b4>=0:
                            found=True
                            sols.append((m,V30,V75,b3,b4))
                            break
                    if found:
                        pass
                return sols
            
            sols=possible_m(200)
            sols[:20], len(sols)
            
        >>> Output:
            [ERROR] Execution timed out after 30 seconds

        [Turn 2 CODE]
        >>> Code:
            def feasible_m(limit=200):
                feasible=[]
                for m in range(1,limit+1):
                    if (m/2).is_integer():
                        half = m//2
                    else:
                        continue
                    totalV = half + 2
                    # V75 integer from ceil(m/2) to floor(2m/3)
                    minV75 = (m + 1)//2  # ceil(m/2)
                    maxV75 = (2*m)//3
                    for V75 in range(minV75, maxV75+1):
                        V30 = totalV - V75
                        if V30 <0:
                            continue
                        # check V30 bounds
                        if not ( (m + 10)//11 <= V30 <= m//3 ): # using integer ceil/floor
                            continue
                        # also need V30 integer obviously
                        # Now check existence of a_i distribution: we need to represent m as sum of V30 numbers each between 3 and11.
                        # This is possible iff 3*V30 <= m <= 11*V30 which we already ensured.
                        feasible.append(m)
                        break
                return feasible
            
            feas=feasible_m(200)
            feas[-10:], len(feas)
            
        >>> Output:
            [6, 8, 10, 12, 14, 16, 18, 20, 22] 9
            

        [Turn 3 CODE]
        >>> Code:
            feas
            
        >>> Output:
            [6, 8, 10, 12, 14, 16, 18, 20, 22]
            

        [Turn 4 CODE]
        >>> Code:
            def max_feasible_m(limit=200):
                maxm=0
                for m in range(1,limit+1):
                    if m%2==1:
                        continue
                    totalV = m//2 + 2
                    found=False
                    for V75 in range((m+1)//2, (2*m)//3 +1):
                        V30 = totalV - V75
                        if V30<0:
                            continue
                        if V30 < (m+10)//11 or V30 > m//3:
                            continue
                        # also need V30 integer (it is)
                        found=True
                        break
                    if found:
                        maxm=m
                return maxm
            
            max_feasible_m(200)
            
        >>> Output:
            22
            

        [Turn 5 CODE]
        >>> Code:
            max_feasible_m(1000)
            
        >>> Output:
            22
            

        [Turn 6 CODE]
        >>> Code:
            m=22
            totalV = m//2 + 2
            totalV
            
        >>> Output:
            13
            

    --- Attempt 3 [CORRECT] answer=44 expected=44 temp=0.5 entropy=0.582 ---
        python_calls=15 errors=0 tokens=7093 time=118.5s time_left=331.5s
        source=streaming confidence=1.0 stop=max_turns
        Libraries: from collections import Counter, from functools import lru_cache, from itertools import product, import itertools, math, collections, sys, random, itertools, fractions, math, numpy as np, sympy as sp

        [Turn 1 CODE]
        >>> Code:
            solutions = []
            for x in range(0,13):
                for y in range(0,13):
                    if 30*x + 75*y < 360 and (x+y)>0:
                        solutions.append((x,y,30*x+75*y))
            solutions[:20], len(solutions)
            
        >>> Output:
            [(0, 1, 75), (0, 2, 150), (0, 3, 225), (0, 4, 300), (1, 0, 30), (1, 1, 105), (1, 2, 180), (1, 3, 255), (1, 4, 330), (2, 0, 60), (2, 1, 135), (2, 2, 210), (2, 3, 285), (3, 0, 90), (3, 1, 165), (3, 2, 240), (3, 3, 315), (4, 0, 120), (4, 1, 195), (4, 2, 270)] 35
            

        [Turn 2 CODE]
        >>> Code:
            valid = [(x,y) for x,y,_ in solutions if x+y>=3]
            valid[:20], len(valid)
            
        >>> Output:
            [(0, 3), (0, 4), (1, 2), (1, 3), (1, 4), (2, 1), (2, 2), (2, 3), (3, 0), (3, 1), (3, 2), (3, 3), (4, 0), (4, 1), (4, 2), (4, 3), (5, 0), (5, 1), (5, 2), (6, 0)] 30
            

        [Turn 3 CODE]
        >>> Code:
            max_k = max(x+y for x,y in valid)
            max_k
            
        >>> Output:
            11
            

        [Turn 4 CODE]
        >>> Code:
            valid2 = [(x,y) for x in range(0,13) for y in range(0,13) if 30*x+75*y<360 and x+y>=3]
            max_k = max(x+y for x,y in valid2)
            max_k
            
        >>> Output:
            11
            

        [Turn 5 CODE]
        >>> Code:
            [(x,y) for x,y in valid2 if x+y==11]
            
        >>> Output:
            [(11, 0)]
            

        [Turn 6 CODE]
        >>> Code:
            import itertools, math, collections, sys, random, itertools, fractions, math, numpy as np, sympy as sp
            # define allowed types
            types = [(x,y) for x in range(0,13) for y in range(0,13) if 30*x+75*y<360 and x+y>=3]
            len(types)
            
        >>> Output:
            30
            

        [Turn 7 CODE]
        >>> Code:
            m=44
            V = m//2 + 2
            V
            
        >>> Output:
            24
            

        [Turn 8 CODE]
        >>> Code:
            from itertools import product
            
            # Use integer linear programming via pulp? not allowed. We'll brute force using limited variables maybe.
            # Since V=24, we can treat as solving linear Diophantine system.
            # Use sympy integer solutions.
            v = sp.symbols('v0:%d' % len(types), integer=True, nonnegative=True)
            eqs = [
                sp.Eq(sum(v[i] for i in range(len(types))), V),
                sp.Eq(sum(types[i][0]*v[i] for i in range(len(types))), m),
                sp.Eq(sum(types[i][1]*v[i] for i in range(len(types))), 2*m)
            ]
            sol = sp.linsolve(eqs, v)
            sol
            
        >>> Output:
            {(4*v10 + 5*v11 + 4*v12 + 5*v13 + 6*v14 + 7*v15 + 6*v16 + 7*v17 + 8*v18 + 8*v19 + 9*v20 + 10*v21 + 10*v22 + 11*v23 + 12*v24 + 13*v25 + 14*v26 + 15*v27 + 16*v28 + 18*v29 + v3 + 2*v4 + v5 + 2*v6 + 3*v7 + 2*v8 + 3*v9 - 80, -2*v10 - 3*v11 - v12 - 2*v13 - 3*v14 - 4*v15 - 2*v16 - 3*v17 - 4*v18 - 3*v19 - 4*v20 - 5*v21 - 4*v22 - 5*v23 - 5*v24 - 6*v25 - 6*v26 - 7*v27 - 7*v28 - 8*v29 - v3 - 2*v4 - v6 - 2*v7 - v9 + 60, -3*v10 - 3*v11 - 4*v12 - 4*v13 - 4*v14 - 4*v15 - 5*v16 - 5*v17 - 5*v18 - 6*v19 - 6*v20 - 6*v21 - 7*v22 - 7*v23 - 8*v24 - 8*v25 - 9*v26 - 9*v27 - 10*v28 - 11*v29 - v3 - v4 - 2*v5 - 2*v6 - 2*v7 - 3*v8 - 3*v9 + 44, v3, v4, v5, v6, v7, v8, v9, v10, v11, v12, v13, v14, v15, v16, v17, v18, v19, v20, v21, v22, v23, v24, v25, v26, v27, v28, v29)}
            

        [Turn 9 CODE]
        >>> Code:
            types = [(x,y) for x in range(0,13) for y in range(0,13) if 30*x+75*y<360 and x+y>=3]
            len(types)
            
        >>> Output:
            30
            

        [Turn 10 CODE]
        >>> Code:
            from functools import lru_cache
            
            types = [(x,y) for x in range(0,13) for y in range(0,13) if 30*x+75*y<360 and x+y>=3]
            
            @lru_cache(None)
            def search(k, x_rem, y_rem, start):
                # k vertices left to assign, need sum x = x_rem, sum y = y_rem
                if k==0:
                    return [] if (x_rem==0 and y_rem==0) else None
                # prune
                if x_rem<0 or y_rem<0:
                    return None
                # minimal possible x per vertex is min_x among types
                min_x = min(t[0] for t in types)
                max_x = max(t[0] for t in types)
                min_y = min(t[1] for t in types)
                max_y = max(t[1] for t in types)
                # quick bound
                if x_rem < k*min_x or x_rem > k*max_x:
                    return None
                if y_rem < k*min_y or y_rem > k*max_y:
                    return None
                # iterate over types (allow repetitions, order not important)
                for idx in range(start, len(types)):
                    x,y = types[idx]
                    res = search(k-1, x_rem - x, y_rem - y, idx)  # allow same type again
                    if res is not None:
                        return [(x,y)] + res
                return None
            
            solution = search(24, 44, 88, 0)
            solution
            
        >>> Output:
            [(0, 3), (1, 4), (1, 4), (1, 4), (1, 4), (1, 4), (1, 4), (1, 4), (1, 4), (1, 4), (1, 4), (1, 4), (1, 4), (1, 4), (1, 4), (1, 4), (1, 4), (4, 3), (4, 3), (4, 3), (4, 3), (4, 3), (4, 3), (4, 3)]
            

        [Turn 11 CODE]
        >>> Code:
            from collections import Counter
            cnt = Counter(solution)
            cnt
            
        >>> Output:
            Counter({(1, 4): 16, (4, 3): 7, (0, 3): 1})
            

        [Turn 12 CODE]
        >>> Code:
            valid_even = [(x,y) for x,y in types if y%2==0]
            valid_even
            
        >>> Output:
            [(0, 4), (1, 2), (1, 4), (2, 2), (3, 0), (3, 2), (4, 0), (4, 2), (5, 0), (5, 2), (6, 0), (6, 2), (7, 0), (8, 0), (9, 0), (10, 0), (11, 0)]
            

        [Turn 13 CODE]
        >>> Code:
            types_even = valid_even
            len(types_even)
            
        >>> Output:
            17
            

        [Turn 14 CODE]
        >>> Code:
            def feasible(m):
                V = m//2 + 2
                # need sum x_i v_i = m, sum y_i v_i = 2m, sum v_i = V
                # backtrack search similar but with types_even
                @lru_cache(None)
                def dfs(k, x_rem, y_rem, start):
                    if k==0:
                        return [] if (x_rem==0 and y_rem==0) else None
                    if x_rem<0 or y_rem<0:
                        return None
                    # bounds
                    min_x = min(t[0] for t in types_even)
                    max_x = max(t[0] for t in types_even)
                    min_y = min(t[1] for t in types_even)
                    max_y = max(t[1] for t in types_even)
                    if x_rem < k*min_x or x_rem > k*max_x:
                        return None
                    if y_rem < k*min_y or y_rem > k*max_y:
                        return None
                    for idx in range(start, len(types_even)):
                        x,y = types_even[idx]
                        res = dfs(k-1, x_rem - x, y_rem - y, idx)
                        if res is not None:
                            return [(x,y)] + res
                    return None
                sol = dfs(V, m, 2*m, 0)
                return sol
            
            feasibles = []
            for m in range(2, 100, 2):
                sol = feasible(m)
                if sol:
                    feasibles.append(m)
            feasibles[:20]
            
        >>> Output:
            [4, 6, 8, 10, 12, 14, 16, 18, 20, 22, 24, 26, 28, 30, 32, 34, 36, 38, 40, 42]
            

        [Turn 15 CODE]
        >>> Code:
            feasible(44)
            
        >>> Output:
            [(1, 4), (1, 4), (1, 4), (1, 4), (1, 4), (1, 4), (1, 4), (1, 4), (1, 4), (1, 4), (1, 4), (1, 4), (1, 4), (1, 4), (1, 4), (1, 4), (1, 4), (1, 4), (1, 4), (1, 4), (1, 4), (1, 4), (11, 0), (11, 0)]
            

    --- Attempt 4 [WRONG] answer=22 expected=44 temp=0.5 entropy=0.572 ---
        python_calls=7 errors=0 tokens=7611 time=119.6s time_left=330.4s
        source=streaming confidence=1.0 stop=max_turns
        Libraries: import itertools, math

        [Turn 1 CODE]
        >>> Code:
            import itertools, math
            angles=[30,75]
            poss=set()
            for k in range(1,9):
                for combo in itertools.product(angles, repeat=k):
                    s=sum(combo)
                    if s<360:
                        poss.add(tuple(sorted(combo)))  # order not important
            len(poss)
            
        >>> Output:
            30
            

        [Turn 2 CODE]
        >>> Code:
            multisets=set()
            for k in range(1,9):
                for combo in itertools.product(angles, repeat=k):
                    s=sum(combo)
                    if s<360:
                        c30=combo.count(30)
                        c75=combo.count(75)
                        multisets.add((c30,c75))
            sorted(multisets)
            
        >>> Output:
            [(0, 1), (0, 2), (0, 3), (0, 4), (1, 0), (1, 1), (1, 2), (1, 3), (1, 4), (2, 0), (2, 1), (2, 2), (2, 3), (3, 0), (3, 1), (3, 2), (3, 3), (4, 0), (4, 1), (4, 2), (4, 3), (5, 0), (5, 1), (5, 2), (6, 0), (6, 1), (6, 2), (7, 0), (7, 1), (8, 0)]
            

        [Turn 3 CODE]
        >>> Code:
            valid=[]
            for c30,c75 in multisets:
                if 30*c30+75*c75<360:
                    valid.append((c30,c75,30*c30+75*c75))
            valid
            
        >>> Output:
            [(4, 0, 120), (4, 3, 345), (3, 1, 165), (5, 1, 225), (8, 0, 240), (0, 2, 150), (2, 2, 210), (1, 0, 30), (1, 3, 255), (6, 2, 330), (7, 1, 285), (4, 2, 270), (3, 0, 90), (3, 3, 315), (5, 0, 150), (0, 1, 75), (1, 2, 180), (0, 4, 300), (2, 1, 135), (6, 1, 255), (7, 0, 210), (3, 2, 240), (4, 1, 195), (5, 2, 300), (1, 1, 105), (0, 3, 225), (2, 0, 60), (1, 4, 330), (2, 3, 285), (6, 0, 180)]
            

        [Turn 4 CODE]
        >>> Code:
            def feasible(m):
                if m%2: return False
                V=m//2+2
                for V_A in range(1,V):
                    V_B=V-V_A
                    for n in (2,4):
                        if (V_B*n)%4!=0: continue
                        S=V_B*n//2
                        if 3*V_A <= S <= 11*V_A:
                            return True
                return False
            
            feas=[]
            for m in range(4,200,2):
                if feasible(m):
                    feas.append(m)
            feas[-10:]
            
        >>> Output:
            [180, 182, 184, 186, 188, 190, 192, 194, 196, 198]
            

        [Turn 5 CODE]
        >>> Code:
            feas_max=0
            for m in range(4,1000,2):
                if feasible(m):
                    feas_max=m
            feas_max
            
        >>> Output:
            998
            

        [Turn 6 CODE]
        >>> Code:
            def feasible_m(m):
                if m%2: return False
                # find V_A integer satisfying constraints and existence of degree distribution
                for V_A in range((m+10)//11, m//3 +1):  # inclusive
                    # need to be able to write m as sum of V_A integers each between 3 and 11
                    # This is possible iff 3*V_A <= m <= 11*V_A
                    if not (3*V_A <= m <= 11*V_A):
                        continue
                    y = V_A + m//2 - 2  # but careful m even, m/2 integer
                    if y <0 or y > m//2:
                        continue
                    # also need integer y, already integer
                    # need x = m - 2y >=0
                    x = m - 2*y
                    if x<0: continue
                    # all conditions satisfied
                    return True
                return False
            
            max_m=0
            feas_list=[]
            for m in range(4,200,2):
                if feasible_m(m):
                    max_m=m
                    feas_list.append(m)
            max_m, feas_list[-5:]
            
        >>> Output:
            22 [14, 16, 18, 20, 22]
            

        [Turn 7 CODE]
        >>> Code:
            max_m=0
            for m in range(4,200,2):
                if feasible_m(m):
                    max_m=m
            max_m
            
        >>> Output:
            22
            

    --- Attempt 10 [WRONG] answer=22 expected=44 temp=0.5 entropy=0.541 ---
        python_calls=0 errors=0 tokens=7713 time=120.2s time_left=329.7s
        source=streaming confidence=1.0 stop=max_turns

    --- Attempt 8 [WRONG] answer=52 expected=44 temp=0.5 entropy=0.499 ---
        python_calls=10 errors=0 tokens=8285 time=126.5s time_left=323.5s
        source=streaming confidence=1.0 stop=max_turns
        Libraries: from scipy.optimize import milp, LinearConstraint, Bounds, import itertools, math, import numpy as np, itertools, math, sys, time, collections, random, fractions, functools, math, itertools, sys, os, json, re, string, typing, collections, import numpy as np, math, itertools, sys, random, collections, fractions, functools, json, re, string, typing, os, time, warnings, itertools

        [Turn 1 CODE]
        >>> Code:
            import itertools, math
            
            F=90
            V=F//2+2
            V
            
        >>> Output:
            47
            

        [Turn 2 CODE]
        >>> Code:
            poss=[]
            for a in range(0,20):
                for b in range(0,20):
                    if a+b>=3 and 30*a+75*b<=345:
                        poss.append((a,b))
            len(poss)
            
        >>> Output:
            30
            

        [Turn 3 CODE]
        >>> Code:
            poss[:10]
            
        >>> Output:
            [(0, 3), (0, 4), (1, 2), (1, 3), (1, 4), (2, 1), (2, 2), (2, 3), (3, 0), (3, 1)]
            

        [Turn 4 CODE]
        >>> Code:
            import numpy as np, itertools, math, sys, time, collections, random, fractions, functools, math, itertools, sys, os, json, re, string, typing, collections
            
        >>> Output:
            [WARN] No output. Use print() to see results.

        [Turn 5 CODE]
        >>> Code:
            from scipy.optimize import milp, LinearConstraint, Bounds
            import numpy as np, math, itertools, sys, random, collections, fractions, functools, json, re, string, typing, os, time, warnings, itertools
            
        >>> Output:
            [WARN] No output. Use print() to see results.

        [Turn 6 CODE]
        >>> Code:
            c = np.zeros((3, len(poss)), dtype=int)
            for idx,(a,b) in enumerate(poss):
                c[0, idx]=1  # sum n_i = V
                c[1, idx]=a  # sum a_i n_i = F
                c[2, idx]=b  # sum b_i n_i = 2F
            
            A_eq = c
            b_eq = np.array([V, F, 2*F])
            
            # No objective, just feasibility. Set dummy objective zero.
            obj = np.zeros(len(poss))
            bounds = Bounds(0, np.inf)
            integrality = np.ones(len(poss), dtype=int)
            
            res = milp(c=obj, constraints=LinearConstraint(A_eq, b_eq, b_eq), bounds=bounds, integrality=integrality, options={"presolve": True})
            print(res.success)
            
        >>> Output:
            False
            

        [Turn 7 CODE]
        >>> Code:
            def feasible(F):
                V = F//2 + 2
                # generate possible (a,b) combos with constraints
                poss=[]
                for a in range(0,20):
                    for b in range(0,20):
                        if a+b>=3 and 30*a+75*b<=345:
                            poss.append((a,b))
                n = len(poss)
                A_eq = np.zeros((3,n), dtype=int)
                for i,(a,b) in enumerate(poss):
                    A_eq[0,i]=1
                    A_eq[1,i]=a
                    A_eq[2,i]=b
                b_eq = np.array([V, F, 2*F])
                obj = np.zeros(n)
                bounds = Bounds(0, np.inf)
                integrality = np.ones(n, dtype=int)
                res = milp(c=obj, constraints=LinearConstraint(A_eq, b_eq, b_eq), bounds=bounds, integrality=integrality, options={"presolve": True})
                return res.success
            
            for F in range(92,0,-2):
                if feasible(F):
                    print("feasible",F)
                    break
            
        >>> Output:
            feasible 52
            

        [Turn 8 CODE]
        >>> Code:
            for F in range(92,0,-2):
                if F>52 and feasible(F):
                    print("found larger",F)
            
        >>> Output:
            [WARN] No output. Use print() to see results.

        [Turn 9 CODE]
        >>> Code:
            def get_solution(F):
                V = F//2 + 2
                poss=[]
                for a in range(0,20):
                    for b in range(0,20):
                        if a+b>=3 and 30*a+75*b<=345:
                            poss.append((a,b))
                n = len(poss)
                A_eq = np.zeros((3,n), dtype=int)
                for i,(a,b) in enumerate(poss):
                    A_eq[0,i]=1
                    A_eq[1,i]=a
                    A_eq[2,i]=b
                b_eq = np.array([V, F, 2*F])
                obj = np.zeros(n)
                bounds = Bounds(0, np.inf)
                integrality = np.ones(n, dtype=int)
                res = milp(c=obj, constraints=LinearConstraint(A_eq, b_eq, b_eq), bounds=bounds, integrality=integrality, options={"presolve": True})
                if not res.success:
                    return None
                # retrieve integer solution (rounded)
                nsol = np.rint(res.x).astype(int)
                return list(zip(poss, nsol))
            
            sol = get_solution(52)
            sol[:10]
            
        >>> Output:
            [((0, 3), np.int64(0)), ((0, 4), np.int64(0)), ((1, 2), np.int64(0)), ((1, 3), np.int64(0)), ((1, 4), np.int64(20)), ((2, 1), np.int64(0)), ((2, 2), np.int64(0)), ((2, 3), np.int64(0)), ((3, 0), np.int64(0)), ((3, 1), np.int64(0))]
            

        [Turn 10 CODE]
        >>> Code:
            [(ab, cnt) for ab,cnt in sol if cnt>0]
            
        >>> Output:
            [((1, 4), np.int64(20)), ((4, 3), np.int64(8))]
            

    --- Attempt 2 [WRONG] answer=48 expected=44 temp=0.5 entropy=0.483 ---
        python_calls=0 errors=0 tokens=9129 time=133.2s time_left=316.8s
        source=streaming confidence=1.0 stop=max_turns
        vboxed_checkpoints: turn1=92

    --- Attempt 7 [WRONG] answer=52 expected=44 temp=0.5 entropy=0.512 ---
        python_calls=19 errors=2 tokens=8005 time=141.2s time_left=308.8s
        source=streaming confidence=1.0 stop=max_turns
        Libraries: from functools import lru_cache, from scipy.optimize import linprog, from scipy.optimize import milp, LinearConstraint, Bounds, from scipy.spatial import ConvexHull, import inspect, scipy.optimize as opt, textwrap, sys, numpy as np, math, itertools, collections, fractions, random, functools, decimal, statistics, math, os, json, re, hashlib, typing, itertools, math, import itertools, math, numpy as np, sys, random, collections, functools, fractions, math, itertools, numpy as np, import itertools, numpy as np, math, sys, random, collections, fractions, itertools, import itertools, numpy as np, math, sys, random, collections, fractions, itertools, math, import numpy as np, math, import sympy as sp

        [Turn 1 CODE]
        >>> Code:
            solutions=[]
            for a in range(0,7):
                for b in range(0,7):
                    if a+b==0: continue
                    if 30*a+75*b<360:
                        solutions.append((a,b,30*a+75*b))
            solutions
            
        >>> Output:
            [(0, 1, 75), (0, 2, 150), (0, 3, 225), (0, 4, 300), (1, 0, 30), (1, 1, 105), (1, 2, 180), (1, 3, 255), (1, 4, 330), (2, 0, 60), (2, 1, 135), (2, 2, 210), (2, 3, 285), (3, 0, 90), (3, 1, 165), (3, 2, 240), (3, 3, 315), (4, 0, 120), (4, 1, 195), (4, 2, 270), (4, 3, 345), (5, 0, 150), (5, 1, 225), (5, 2, 300), (6, 0, 180), (6, 1, 255), (6, 2, 330)]
            

        [Turn 2 CODE [ERROR]]
        >>> Code:
            def feasible(m):
                if m%2==1: return False
                V = m//2 + 2
                # list allowed types
                types = [(a,b) for a in range(0,7) for b in range(0,7) if a+b>0 and 30*a+75*b<360]
                # we can set up integer linear programming via brute force limited because V small for moderate m.
                # Use simple recursion/backtracking limited.
                from functools import lru_cache
                @lru_cache(None)
                def dfs(i, remV, remA, remB):
                    if i==len(types):
                        return remV==0 and remA==0 and remB==0
                    a,b = types[i]
                    # max count limited by remaining vertices
                    maxc = remV
                    for c in range(maxc+1):
                        if a*c>remA or b*c>remB: break
                        if dfs(i+1, remV-c, remA-a*c, remB-b*c):
                            return True
                    return False
                return dfs(0, V, m, 2*m)
            
            feas=[]
            for m in range(2,101,2):
                if feasible(m):
                    feas.append(m)
            feas[:20], len(feas)
            
        >>> Output:
            [ERROR] Execution timed out after 30 seconds

        [Turn 3 CODE [ERROR]]
        >>> Code:
            import itertools, math, numpy as np, sys, random, collections, functools, fractions, math, itertools, numpy as np
            from scipy.optimize import milp, LinearConstraint, Bounds
            
            def feasible_milp(m):
                if m%2: return False
                V = m//2 + 2
                types = [(a,b) for a in range(0,7) for b in range(0,7) if a+b>0 and 30*a+75*b<360]
                n = len(types)
                # variables x_i integer >=0
                c = np.zeros(n)  # objective dummy
                A_eq = []
                b_eq = []
                # sum x_i = V
                A_eq.append([1]*n)
                b_eq.append(V)
                # sum a_i x_i = m
                A_eq.append([a for a,b in types])
                b_eq.append(m)
                # sum b_i x_i = 2m
                A_eq.append([b for a,b in types])
                b_eq.append(2*m)
                A_eq = np.array(A_eq, dtype=float)
                b_eq = np.array(b_eq, dtype=float)
                lin_con = LinearConstraint(A_eq, b_eq, b_eq)
                bounds = Bounds(0, np.inf)
                integrality = np.ones(n, dtype=bool)
                res = milp(c, lin_con, bounds=bounds, integrality=integrality, options={'disp': False})
                return res.success
            
            feas=[]
            for m in range(2,51,2):
                if feasible_milp(m):
                    feas.append(m)
            feas
            
        >>> Output:
            ---------------------------------------------------------------------------TypeError                                 Traceback (most recent call last)/tmp/ipykernel_2816/2629172669.py in <cell line: 0>()
                 30 feas=[]
                 31 for m in range(2,51,2):
            ---> 32     if feasible_milp(m):
                 33         feas.append(m)
                 34 print(feas)
            /tmp/ipykernel_2816/2629172669.py in feasible_milp(m)
                 25     bounds = Bounds(0, np.inf)
                 26     integrality = np.ones(n, dtype=bool)
            ---> 27     res = milp(c, lin_con, bounds=bounds, integrality=integrality, options={'disp': False})
                 28     return res.success
                 29 
            TypeError: milp() takes 1 positional argument but 2 positional arguments (and 3 keyword-only arguments) were given

        [Turn 4 CODE]
        >>> Code:
            import inspect, scipy.optimize as opt, textwrap, sys, numpy as np, math, itertools, collections, fractions, random, functools, decimal, statistics, math, os, json, re, hashlib, typing, itertools, math
        >>> Output:
            [WARN] No output. Use print() to see results.

        [Turn 5 CODE]
        >>> Code:
            types = [(a,b) for a in range(0,7) for b in range(0,7) if a+b>0 and 30*a+75*b<360]
            maxk = max(a+b for a,b in types)
            maxk
            
        >>> Output:
            8
            

        [Turn 6 CODE]
        >>> Code:
            import itertools, numpy as np, math, sys, random, collections, fractions, itertools, math
        >>> Output:
            [WARN] No output. Use print() to see results.

        [Turn 7 CODE]
        >>> Code:
            from scipy.optimize import linprog
            types = [(a,b) for a in range(0,7) for b in range(0,7) if a+b>0 and 30*a+75*b<360]
            n=len(types)
            c = np.zeros(n)
            A_eq = np.vstack([np.ones(n), [a for a,b in types], [b for a,b in types]])
            b_eq = np.array([1,2,4])
            res = linprog(c, A_eq=A_eq, b_eq=b_eq, bounds=(0, None))
            res.success
            
        >>> Output:
            False
            

        [Turn 8 CODE]
        >>> Code:
            def feasible_real(m):
                if m%2: return False
                V = m/2 + 2
                A = m / V
                B = 2*m / V
                # Actually A = average a per vertex = m / V
                # B = average b per vertex = 2m / V
                # Use linprog to find convex combination achieving (A,B)
                c = np.zeros(n)
                A_eq = np.vstack([np.ones(n), [a for a,b in types], [b for a,b in types]])
                b_eq = np.array([1, A, B])
                res = linprog(c, A_eq=A_eq, b_eq=b_eq, bounds=(0, None))
                return res.success
            
            feas_real=[]
            for m in range(2,101,2):
                if feasible_real(m):
                    feas_real.append(m)
            feas_real
            
        >>> Output:
            [2, 4, 6, 8, 10, 12, 14, 16, 18, 20, 22, 24, 26, 28, 30, 32, 34, 36, 38, 40, 42, 44, 46, 48, 50, 52]
            

        [Turn 9 CODE]
        >>> Code:
            for m in range(54,201,2):
                if feasible_real(m):
                    print(m)
            
        >>> Output:
            [WARN] No output. Use print() to see results.

        [Turn 10 CODE]
        >>> Code:
            feas_real=[]
            for m in range(2,201,2):
                if feasible_real(m):
                    feas_real.append(m)
            feas_real[-10:]
            
        >>> Output:
            [34, 36, 38, 40, 42, 44, 46, 48, 50, 52]
            

        [Turn 11 CODE]
        >>> Code:
            from scipy.optimize import milp, LinearConstraint, Bounds
            def feasible_int(m):
                if m%2: return False
                V = m//2 + 2
                types = [(a,b) for a in range(0,7) for b in range(0,7) if a+b>0 and 30*a+75*b<360]
                n=len(types)
                c = np.zeros(n)
                A = np.array([[1]*n,
                              [a for a,b in types],
                              [b for a,b in types]], dtype=float)
                lc = LinearConstraint(A, [V, m, 2*m], [V, m, 2*m])
                bounds = Bounds(0, np.inf)
                integrality = np.ones(n, dtype=bool)
                res = milp(c, constraints=[lc], bounds=bounds, integrality=integrality, options={'disp': False})
                return res.success
            
            print(feasible_int(52))
            
        >>> Output:
            True
            

        [Turn 12 CODE]
        >>> Code:
            print(feasible_int(54))
            
        >>> Output:
            False
            

        [Turn 13 CODE]
        >>> Code:
            import itertools, numpy as np, math, sys, random, collections, fractions, itertools
        >>> Output:
            [WARN] No output. Use print() to see results.

        [Turn 14 CODE]
        >>> Code:
            from scipy.spatial import ConvexHull
            pts = np.array(types)
            hull = ConvexHull(pts)
            hull_vertices = pts[hull.vertices]
            hull_vertices
            
        >>> Output:
            [[0 4]
             [0 1]
             [1 0]
             [6 0]
             [6 2]
             [4 3]
             [1 4]]
            

        [Turn 15 CODE]
        >>> Code:
            import numpy as np, math
            verts = hull_vertices.tolist()
            # need order; hull vertices are not ordered; we can get hull.simplices edges
            edges = hull.simplices
            edges
            
        >>> Output:
            [[ 3  0]
             [26 24]
             [ 4  0]
             [ 4 24]
             [ 8  3]
             [20 26]
             [20  8]]
            

        [Turn 16 CODE]
        >>> Code:
            def line_coeff(p1,p2):
                # returns (A,B,C) for line Ax+By=C such that points on left side satisfy >=?
                (x1,y1),(x2,y2)=p1,p2
                A = y2 - y1
                B = x1 - x2
                C = A*x1 + B*y1
                return A,B,C
            
            edges_pts = [(pts[i], pts[j]) for i,j in edges]
            edges_pts
            
        >>> Output:
            [(array([0, 4]), array([0, 1])), (array([6, 2]), array([6, 0])), (array([1, 0]), array([0, 1])), (array([1, 0]), array([6, 0])), (array([1, 4]), array([0, 4])), (array([4, 3]), array([6, 2])), (array([4, 3]), array([1, 4]))]
            

        [Turn 17 CODE]
        >>> Code:
            centroid = np.mean(pts[hull.vertices], axis=0)
            centroid
            
        >>> Output:
            [2.57142857 2.        ]
            

        [Turn 18 CODE]
        >>> Code:
            ineqs=[]
            for p1,p2 in edges_pts:
                A,B,C = line_coeff(p1,p2)
                val = A*centroid[0]+B*centroid[1]
                # interior should satisfy <= C or >= C depending
                if val < C:
                    # interior satisfies <=
                    ineq = (A,B,'<=',C)
                else:
                    ineq = (A,B,'>=',C)
                ineqs.append(ineq)
            ineqs
            
        >>> Output:
            [(np.int64(-3), np.int64(0), '<=', np.int64(0)), (np.int64(-2), np.int64(0), '>=', np.int64(-12)), (np.int64(1), np.int64(1), '>=', np.int64(1)), (np.int64(0), np.int64(-5), '<=', np.int64(0)), (np.int64(0), np.int64(1), '<=', np.int64(4)), (np.int64(-1), np.int64(-2), '>=', np.int64(-10)), (np.int64(1), np.int64(3), '<=', np.int64(13))]
            

        [Turn 19 CODE]
        >>> Code:
            import sympy as sp
            x,y,m=sp.symbols('x y m', integer=True, nonnegative=True)
            sol=sp.solve([sp.Eq(x+y, m/2+2), sp.Eq(4*x + y, m), sp.Eq(3*x+4*y, 2*m)],[x,y,m])
            sol
            
        >>> Output:
            {m: 52, x: 8, y: 20}
            

    --- Attempt 19 [WRONG] answer=22 expected=44 temp=0.5 entropy=0.585 ---
        python_calls=0 errors=0 tokens=11119 time=150.0s time_left=299.7s
        source=streaming confidence=1.0 stop=max_turns

        [Turn 1 REASONING] (166 chars)
        import itertools, math, sys, json, collections, fractions, itertools, math, random, numpy as np, sympy as sp, itertools, math, collections, fractions, itertools, math

        [Turn 2 REASONING] (156 chars)
        allowed=[]
for a in range(0,12):
    for b in range(0,6):
        if a+b>=3 and 30*a+75*b<360:
            allowed.append((a,b))
allowed[:20], len(allowed)


        [Turn 3 REASONING] (95 chars)
        allowed = [(a,b) for a in range(0,12) for b in range(0,6) if a+b>=3 and 30*a+75*b<360]
allowed


        [Turn 4 REASONING] (31 chars)
        for p in allowed:
    print(p)


        [Turn 5 REASONING] (95 chars)
        allowed = [(a,b) for a in range(0,12) for b in range(0,6) if a+b>=3 and 30*a+75*b<360]
allowed


        [Turn 6 REASONING] (137 chars)
        import numpy as np, scipy.optimize as opt, math, itertools, sys, fractions, collections, random, math, numpy as np, scipy.optimize as opt

        [Turn 7 REASONING] (824 chars)
        def feasible(m):
    if m%2==1:
        return False
    V = m//2 + 2
    # variables for each allowed type (15)
    n = len(allowed)
    # Use MILP to find integer solution
    c = np.zeros(n)
    # constraints:
    # sum N = V
    A_eq = [np.ones(n)]
    b_eq = [V]
    # sum a N = m
    A_eq.append([a for a,b in allowed])
    b_eq.append(m)
    # sum b N = 2m
    A_eq.append([b for a,b in allowed])
    b_eq.append(2*m)
    # bounds
    bounds = [(0, None)]*n
    # Use scipy.optimize milp
    try:
        res = opt.milp(c, integrality=np.ones(n), bounds=bounds,
                       constraints=opt.LinearConstraint(np.array(A_eq), b_eq, b_eq))
        return res.success
    except Exception as e:
        print("milp error", e)
        return False

for m in range(2, 51, 2):
    if feasible(m):
        print(m)


        [Turn 8 REASONING] (0 chars)
        

        [Turn 9 REASONING] (145 chars)
        allowed = []
for a in range(0,12):
    for b in range(0,10):
        if a+b>=3 and 30*a+75*b<360:
            allowed.append((a,b))
len(allowed)


        [Turn 10 REASONING] (304 chars)
        A = np.array([[p[0] for p in allowed],
               [p[1] for p in allowed]])
c = np.zeros(len(allowed))
bounds = [(0, None)]*len(allowed)
A_eq = np.vstack([np.ones(len(allowed)), A])
b_eq = np.array([1,2,4])
res = opt.linprog(c, A_eq=A_eq, b_eq=b_eq, bounds=bounds, method='highs')
print(res.success)


    --- Attempt 14 [WRONG] answer=22 expected=44 temp=0.5 entropy=0.680 ---
        python_calls=2 errors=0 tokens=11329 time=151.4s time_left=298.5s
        source=streaming confidence=1.0 stop=max_turns
        Libraries: import itertools, import math, sympy as sp

        [Turn 1 CODE]
        >>> Code:
            import math, sympy as sp
            b = math.sqrt(2 - math.sqrt(3))
            sin_half = b/2
            sin_half
            
        >>> Output:
            0.2588190451025208
            

        [Turn 2 CODE]
        >>> Code:
            import itertools
            
            def feasible(m):
                # possible degrees for 30° vertices: 3..11
                # possible degrees for 75° vertices: 3 or 4
                # need sum of 30-degrees = m, sum of 75-degrees = 2m
                # let t = number of 30-vertices
                # generate partitions? brute force limited
                max_t = m//3
                for t in range(1, max_t+1):
                    # need to assign degrees k_i >=3 <=11 sum=m
                    # simple: we can just check if m can be expressed as sum of t numbers in [3,11]
                    if not (3*t <= m <= 11*t):
                        continue
                    # similarly for 75 vertices
                    # let x = number degree3, y=number degree4
                    # 3x+4y=2m, x,y >=0 integers
                    solutions=[]
                    for y in range(0, 2*m//4 +1):
                        if (2*m - 4*y) % 3 ==0:
                            x = (2*m - 4*y)//3
                            if x>=0:
                                solutions.append((x,y))
                    for x,y in solutions:
                        V = t + x + y
                        if V == m/2 + 2:
                            # also need each 30-vertex degree <=11 already ensured
                            # also each 75-vertex degree <=4 satisfied
                            return True, (t,x,y)
                return False, None
            
            feasibles = []
            for m in range(4, 31):
                ok, data = feasible(m)
                if ok:
                    feasibles.append((m,data))
            feasibles[:20]
            
        >>> Output:
            [(6, (1, 4, 0)), (8, (1, 4, 1)), (10, (1, 4, 2)), (12, (2, 0, 6)), (14, (2, 0, 7)), (16, (2, 0, 8)), (18, (2, 0, 9)), (20, (2, 0, 10)), (22, (2, 0, 11))]
            

    --- Attempt 5 [WRONG] answer=20 expected=44 temp=0.5 entropy=0.545 ---
        python_calls=0 errors=0 tokens=12864 time=160.1s time_left=289.9s
        source=streaming confidence=1.0 stop=max_turns

        [Turn 1 REASONING] (302 chars)
        import itertools

possible = []
for a in range(0,13):
    for b in range(0,13):
        if a+b>=3:
            s = 30*a + 75*b
            if s < 360:
                possible.append((s,a,b))
max_sum = max(possible, key=lambda x:x[0])
max_sum, sorted(set([s for s,_,_ in possible]))[:10], len(possible)

        [Turn 2 REASONING] (7 chars)
        max_sum

        [Turn 3 REASONING] (50 chars)
        max_sum = max(possible, key=lambda x:x[0])
max_sum

        [Turn 4 REASONING] (13 chars)
        possible[:20]

        [Turn 5 REASONING] (40 chars)
        a=0;b=3;30*a+75*b, a+b>=3, 30*a+75*b<360

        [Turn 6 REASONING] (14 chars)
        list(range(5))

    --- Attempt 11 [WRONG] answer=52 expected=44 temp=0.5 entropy=0.508 ---
        python_calls=31 errors=7 tokens=9020 time=184.0s time_left=265.8s
        source=streaming confidence=1.0 stop=max_turns
        Libraries: from functools import lru_cache, from scipy.optimize import linprog, Bounds, LinearConstraint, from scipy.optimize import milp, LinearConstraint, Bounds, import itertools, math, import itertools, math, collections, sys, random, time, functools, itertools, math, sys, fractions, collections, itertools, math, sys, import numpy as np, math, itertools, sys, import numpy as np, math, itertools, sys, random, time, collections, import numpy as np, math, itertools, sys, random, time, collections, fractions, math, sys, import scipy, import scipy, sys, numpy as np, math, itertools, random, import sympy as sp

        [Turn 1 CODE]
        >>> Code:
            import itertools, math
            feasible=[]
            for x in range(3,9): # up to 8 maybe
                for y in range(0,x+1):
                    if 5*x -3*y <=23:
                        feasible.append((x,y))
            feasible
            
        >>> Output:
            [(3, 0), (3, 1), (3, 2), (3, 3), (4, 0), (4, 1), (4, 2), (4, 3), (4, 4), (5, 1), (5, 2), (5, 3), (5, 4), (5, 5), (6, 3), (6, 4), (6, 5), (6, 6), (7, 4), (7, 5), (7, 6), (7, 7), (8, 6), (8, 7), (8, 8)]
            

        [Turn 2 CODE]
        >>> Code:
            import itertools, math, collections, sys, random, time, functools, itertools, math, sys, fractions, collections, itertools, math, sys
        >>> Output:
            [WARN] No output. Use print() to see results.

        [Turn 3 CODE]
        >>> Code:
            import numpy as np, math, itertools, sys, random, time, collections, fractions, math, sys
        >>> Output:
            [WARN] No output. Use print() to see results.

        [Turn 4 CODE]
        >>> Code:
            from scipy.optimize import milp, LinearConstraint, Bounds
            import numpy as np, math, itertools, sys, random, time, collections
        >>> Output:
            [WARN] No output. Use print() to see results.

        [Turn 5 CODE]
        >>> Code:
            import scipy, sys, numpy as np, math, itertools, random
        >>> Output:
            [WARN] No output. Use print() to see results.

        [Turn 6 CODE]
        >>> Code:
            c = np.zeros(25)  # objective zero
            A_eq = np.array([
                np.ones(25),
                np.array([t[0] for t in feasible]),
                np.array([t[1] for t in feasible])
            ])
            lb = np.zeros(25)
            ub = np.full(25, 1e6)
            lin_eq = LinearConstraint(A_eq, [48,276,92], [48,276,92])
            bounds = Bounds(lb, ub)
            res = milp(c=c, constraints=[lin_eq], bounds=bounds, integrality=np.ones(25, dtype=int))
            print(res.success)
            
        >>> Output:
            False
            

        [Turn 7 CODE]
        >>> Code:
            res = milp(c=c, constraints=[lin_eq], bounds=bounds, integrality=np.ones(25, dtype=int), options={'presolve': True})
            print(res.success)
            
        >>> Output:
            False
            

        [Turn 8 CODE]
        >>> Code:
            import scipy
            print(scipy.__version__)
            
        >>> Output:
            1.15.3
            

        [Turn 9 CODE]
        >>> Code:
            A = np.array([np.ones(25), np.array([t[0] for t in feasible]), np.array([t[1] for t in feasible])])
            lin_eq = LinearConstraint(A, [48,276,92], [48,276,92])
            res = milp(c=c, constraints=[lin_eq], bounds=bounds, integrality=np.ones(25, dtype=int))
            print(res.success)
            
        >>> Output:
            False
            

        [Turn 10 CODE]
        >>> Code:
            c = np.random.rand(25)
            res = milp(c=c, constraints=[lin_eq], bounds=bounds, integrality=np.ones(25, dtype=int))
            print(res.success)
            
        >>> Output:
            False
            

        [Turn 11 CODE]
        >>> Code:
            import sympy as sp
            a,b,c=sp.symbols('a b c', integer=True)
            sol=sp.solve([sp.Eq(a+b+c,48), sp.Eq(5*a+6*b+7*c,276), sp.Eq(a+3*b+4*c,92)],[a,b,c])
            sol
            
        >>> Output:
            {a: 40, b: -20, c: 28}
            

        [Turn 12 CODE]
        >>> Code:
            a,b,c=sp.symbols('a b c', integer=True)
            sol=sp.solve([sp.Eq(a+b+c,48), sp.Eq(5*a+6*b+7*c,276), sp.Eq(2*a+3*b+4*c,92)],[a,b,c])
            sol
            
        >>> Output:
            []
            

        [Turn 13 CODE]
        >>> Code:
            a,b,c=sp.symbols('a b c', integer=True)
            sol=sp.solve([sp.Eq(a+b+c,48), sp.Eq(5*a+6*b+7*c,276), sp.Eq(1*a+4*b+4*c,92)],[a,b,c])
            sol
            
        >>> Output:
            []
            

        [Turn 14 CODE]
        >>> Code:
            a,b,c=sp.symbols('a b c', integer=True)
            sol=sp.solve([sp.Eq(a+b+c,48), sp.Eq(5*a+6*b+4*c,276), sp.Eq(a+3*b,92)],[a,b,c])
            sol
            
        >>> Output:
            {a: 68, b: 8, c: -28}
            

        [Turn 15 CODE]
        >>> Code:
            a,b,c=sp.symbols('a b c', integer=True)
            sol=sp.solve([sp.Eq(a+b+c,48), sp.Eq(5*a+6*b+4*c,276), sp.Eq(2*a+3*b,92)],[a,b,c])
            sol
            
        >>> Output:
            {a: -68, b: 76, c: 40}
            

        [Turn 16 CODE]
        >>> Code:
            a,b,c=sp.symbols('a b c', integer=True)
            sol=sp.solve([sp.Eq(a+b+c,48), sp.Eq(3*a+6*b+5*c,276), sp.Eq(3*b+2*c,92)],[a,b,c])
            sol
            
        >>> Output:
            []
            

        [Turn 17 CODE]
        >>> Code:
            from scipy.optimize import linprog, Bounds, LinearConstraint
            import numpy as np, math, itertools, sys
        >>> Output:
            [WARN] No output. Use print() to see results.

        [Turn 18 CODE [ERROR]]
        >>> Code:
            A_eq = np.vstack([np.ones(25), np.array([t[0] for t in feasible]), np.array([t[1] for t in feasible])])
            b_eq = np.array([48,276,92])
            bounds = Bounds(0, None)
            res = linprog(c=np.zeros(25), A_eq=A_eq, b_eq=b_eq, bounds=bounds, method='highs')
            print(res.success)
            
        >>> Output:
            ---------------------------------------------------------------------------TypeError                                 Traceback (most recent call last)/usr/local/lib/python3.12/dist-packages/scipy/optimize/_linprog_util.py in _clean_inputs(lp)
                430     try:
            --> 431         bounds_conv = np.atleast_2d(np.array(bounds, dtype=float))
                432     except ValueError as e:
            TypeError: float() argument must be a string or a real number, not 'Bounds'
            The above exception was the direct cause of the following exception:
            TypeError                                 Traceback (most recent call last)/tmp/ipykernel_703/2239205904.py in <cell line: 0>()
                  2 b_eq = np.array([48,276,92])
                  3 bounds = Bounds(0, None)
            ----> 4 res = linprog(c=np.zeros(25), A_eq=A_eq, b_eq=b_eq, bounds=bounds, method='highs')
                  5 print(res.success)
            /usr/local/lib/python3.12/dist-packages/scipy/optimize/_linprog.py in linprog(c, A_ub, b_ub, A_eq, b_eq, bounds, method, callback, options, x0, integrality)
                647 
                648     lp = _LPProblem(c, A_ub, b_ub, A_eq, b_eq, bounds, x0, integrality)
            --> 649     lp, solver_options = _parse_linprog(lp, options, meth)
                650     tol = solver_options.get('tol', 1e-9)
                651 
            /usr/local/lib/python3.12/dist-packages/scipy/optimize/_linprog_util.py in _parse_linprog(lp, options, meth)
               1024                                                       lp.A_ub, lp.A_eq)
               1025     # Convert lists to numpy arrays, etc...
            -> 1026     lp = _clean_inputs(lp._replace(A_ub=A_ub, A_eq=A_eq))
               1027     return lp, solver_options
               1028 
            /usr/local/lib/python3.12/dist-packages/scipy/optimize/_linprog_util.py in _clean_inputs(lp)
                435             "check values and dimensions: " + e.args[0]) from e
                436     except TypeError as e:
            --> 437         raise TypeError(
                438             "Invalid input for linprog: unable to interpret bounds, "
                439             "check values and dimensions: " + e.args[0]) from e
            TypeError: Invalid input for linprog: unable to interpret bounds, check values and dimensions: float() argument must be a string or a real number, not 'Bounds'

        [Turn 19 CODE]
        >>> Code:
            bounds = [(0, None)]*25
            res = linprog(c=np.zeros(25), A_eq=A_eq, b_eq=b_eq, bounds=bounds, method='highs')
            print(res.success)
            
        >>> Output:
            False
            

        [Turn 20 CODE [ERROR]]
        >>> Code:
            def feasible(m):
                if m%2==1: 
                    return False
                V = m//2 + 2
                # variables n_i for each feasible type (x,y)
                types = feasible  # from earlier list
                A_eq = np.vstack([
                    np.ones(len(types)),
                    np.array([t[0] for t in types]),
                    np.array([t[1] for t in types])
                ])
                b_eq = np.array([V, 3*m, m])
                bounds = [(0, None)]*len(types)
                res = linprog(c=np.zeros(len(types)), A_eq=A_eq, b_eq=b_eq, bounds=bounds, method='highs')
                return res.success
            
            max_m=0
            for m in range(2,200,2):
                if feasible(m):
                    max_m=m
            print(max_m)
            
        >>> Output:
            ---------------------------------------------------------------------------TypeError                                 Traceback (most recent call last)/tmp/ipykernel_703/3982629294.py in <cell line: 0>()
                 17 max_m=0
                 18 for m in range(2,200,2):
            ---> 19     if feasible(m):
                 20         max_m=m
                 21 print(max_m)
            /tmp/ipykernel_703/3982629294.py in feasible(m)
                  6     types = feasible  # from earlier list
                  7     A_eq = np.vstack([
            ----> 8         np.ones(len(types)),
                  9         np.array([t[0] for t in types]),
                 10         np.array([t[1] for t in types])
            TypeError: object of type 'function' has no len()

        [Turn 21 CODE [ERROR]]
        >>> Code:
            type_list = feasible  # rename earlier list variable? actually earlier we defined feasible list variable
            type_list[:5]
            
        >>> Output:
            ---------------------------------------------------------------------------TypeError                                 Traceback (most recent call last)/tmp/ipykernel_703/3454962445.py in <cell line: 0>()
                  1 type_list = feasible  # rename earlier list variable? actually earlier we defined feasible list variable
            ----> 2 print(type_list[:5])
            TypeError: 'function' object is not subscriptable

        [Turn 22 CODE]
        >>> Code:
            type_list = [(x,y) for x in range(3,9) for y in range(0,x+1) if 5*x -3*y <=23]
            type_list
            
        >>> Output:
            [(3, 0), (3, 1), (3, 2), (3, 3), (4, 0), (4, 1), (4, 2), (4, 3), (4, 4), (5, 1), (5, 2), (5, 3), (5, 4), (5, 5), (6, 3), (6, 4), (6, 5), (6, 6), (7, 4), (7, 5), (7, 6), (7, 7), (8, 6), (8, 7), (8, 8)]
            

        [Turn 23 CODE]
        >>> Code:
            def feasible(m):
                if m%2: return False
                V = m//2 + 2
                A_eq = np.vstack([
                    np.ones(len(type_list)),
                    np.array([t[0] for t in type_list]),
                    np.array([t[1] for t in type_list])
                ])
                b_eq = np.array([V, 3*m, m])
                bounds = [(0, None)]*len(type_list)
                res = linprog(c=np.zeros(len(type_list)), A_eq=A_eq, b_eq=b_eq, bounds=bounds, method='highs')
                return res.success
            
            max_m=0
            feas_vals=[]
            for m in range(2,200,2):
                ok=feasible(m)
                if ok:
                    max_m=m
                    feas_vals.append(m)
            print(max_m, feas_vals[-5:])
            
        >>> Output:
            52 [44, 46, 48, 50, 52]
            

        [Turn 24 CODE]
        >>> Code:
            def integer_solution(m):
                V = m//2 + 2
                c = np.zeros(len(type_list))
                A_eq = np.vstack([
                    np.ones(len(type_list)),
                    np.array([t[0] for t in type_list]),
                    np.array([t[1] for t in type_list])
                ])
                lin_eq = LinearConstraint(A_eq, [V,3*m,m], [V,3*m,m])
                bounds = Bounds(0, None)
                res = milp(c=c, constraints=[lin_eq], bounds=bounds, integrality=np.ones(len(type_list), dtype=int))
                return res
            
            res = integer_solution(52)
            print(res.success)
            
        >>> Output:
            False
            

        [Turn 25 CODE]
        >>> Code:
            import sympy as sp
            A = sp.Matrix([[1]*len(type_list),
                          [t[0] for t in type_list],
                          [t[1] for t in type_list]])
            b = sp.Matrix([28,156,52])
            # Solve using least squares rational?
            sol = A.gauss_jordan_solve(b)
            sol
            
        >>> Output:
            (Matrix([
            [tau0 + 2*tau1 + 6*tau10 + 5*tau11 + 6*tau12 + 7*tau13 + 8*tau14 + 7*tau15 + 8*tau16 + 9*tau17 + 10*tau18 + 10*tau19 + tau2 + 11*tau20 + 12*tau21 + 2*tau3 + 3*tau4 + 4*tau5 + 2*tau6 + 3*tau7 + 4*tau8 + 5*tau9 - 96],
            [   -2*tau0 - 3*tau1 - 5*tau10 - 3*tau11 - 4*tau12 - 5*tau13 - 6*tau14 - 4*tau15 - 5*tau16 - 6*tau17 - 7*tau18 - 6*tau19 - tau2 - 7*tau20 - 8*tau21 - 2*tau3 - 3*tau4 - 4*tau5 - tau6 - 2*tau7 - 3*tau8 - 4*tau9 + 52],
            [                                                                                                                                                                                                                tau0],
            [                                                                                                                                                                                                                tau1],
            [                         -2*tau10 - 3*tau11 - 3*tau12 - 3*tau13 - 3*tau14 - 4*tau15 - 4*tau16 - 4*tau17 - 4*tau18 - 5*tau19 - tau2 - 5*tau20 - 5*tau21 - tau3 - tau4 - tau5 - 2*tau6 - 2*tau7 - 2*tau8 - 2*tau9 + 72],
            [                                                                                                                                                                                                                tau2],
            [                                                                                                                                                                                                                tau3],
            [                                                                                                                                                                                                                tau4],
            [                                                                                                                                                                                                                tau5],
            [                                                                                                                                                                                                                tau6],
            [                                                                                                                                                                                                                tau7],
            [                                                                                                                                                                                                                tau8],
            [                                                                                                                                                                                                                tau9],
            [                                                                                                                                                                                                               tau10],
            [                                                                                                                                                                                                               tau11],
            [                                                                                                                                                                                                               tau12],
            [                                                                                                                                                                                                               tau13],
            [                                                                                                                                                                                                               tau14],
            [                                                                                                                                                                                                               tau15],
            [                                                                                                                                                                                                               tau16],
            [                                                                                                                                                                                                               tau17],
            [                                                                                                                                                                                                               tau18],
            [                                                                                                                                                                                                               tau19],
            [                                                                                                                                                                                                               tau20],
            [                                                                                                                                                                                                               tau21]]), Matrix([
            [ tau0],
            [ tau1],
            [ tau2],
            [ tau3],
            [ tau4],
            [ tau5],
            [ tau6],
            [ tau7],
            [ tau8],
            [ tau9],
            [tau10],
            [tau11],
            [tau12],
            [tau13],
            [tau14],
            [tau15],
            [tau16],
            [tau17],
            [tau18],
            [tau19],
            [tau20],
            [tau21]]))
            

        [Turn 26 CODE]
        >>> Code:
            type_list = [(x,y) for x in range(3,9) for y in range(0,x+1) if 5*x -3*y <=23]
            len(type_list)
            
        >>> Output:
            25
            

        [Turn 27 CODE]
        >>> Code:
            from functools import lru_cache
            
            V_target = 28
            deg_target = 156
            y_target = 52
            
            @lru_cache(None)
            def dfs(i, v, d, y):
                # i index in type_list
                if i==len(type_list):
                    return v==0 and d==0 and y==0
                # prune if negative
                if v<0 or d<0 or y<0:
                    return False
                # also bound: maximum possible remaining degree and y using max per vertex
                # compute max degree and max y for remaining types
                max_deg = max(t[0] for t in type_list[i:])
                max_y = max(t[1] for t in type_list[i:])
                min_deg = min(t[0] for t in type_list[i:])
                min_y = min(t[1] for t in type_list[i:])
                # quick bounds
                if d > v*max_deg or d < v*min_deg:
                    return False
                if y > v*max_y or y < v*min_y:
                    return False
                x,yv = type_list[i]
                # try possible count k for this type from 0 to v
                for k in range(v+1):
                    if dfs(i+1, v-k, d - k*x, y - k*yv):
                        return True
                return False
            
            print(dfs(0, V_target, deg_target, y_target))
            
        >>> Output:
            True
            

        [Turn 28 CODE [ERROR]]
        >>> Code:
            def find_solution(i, v, d, y):
                if i==len(type_list):
                    if v==0 and d==0 and y==0:
                        return []
                    else:
                        return None
                x,yv = type_list[i]
                for k in range(v+1):
                    if d - k*x <0 or y - k*yv <0:
                        continue
                    sol = find_solution(i+1, v-k, d - k*x, y - k*yv)
                    if sol is not None:
                        return [(x,yv,k)] + sol
                return None
            
            solution = find_solution(0, V_target, deg_target, y_target)
            solution
            
        >>> Output:
            [ERROR] Execution timed out after 30 seconds

        [Turn 29 CODE [ERROR]]
        >>> Code:
            def find_solution(i, v, d, y):
                if i==len(type_list):
                    if v==0 and d==0 and y==0:
                        return []
                    else:
                        return None
                # prune
                if v<0 or d<0 or y<0:
                    return None
                max_deg = max(t[0] for t in type_list[i:])
                min_deg = min(t[0] for t in type_list[i:])
                max_y = max(t[1] for t in type_list[i:])
                min_y = min(t[1] for t in type_list[i:])
                if d > v*max_deg or d < v*min_deg:
                    return None
                if y > v*max_y or y < v*min_y:
                    return None
                x,yv = type_list[i]
                for k in range(v, -1, -1):  # try larger counts first maybe reduce depth
                    if d - k*x <0 or y - k*yv <0:
                        continue
                    sol = find_solution(i+1, v-k, d - k*x, y - k*yv)
                    if sol is not None:
                        return [(x,yv,k)] + sol
                return None
            
            solution = find_solution(0, V_target, deg_target, y_target)
            solution
            
        >>> Output:
            ---------------------------------------------------------------------------NameError                                 Traceback (most recent call last)/tmp/ipykernel_3026/942974488.py in <cell line: 0>()
                 25     return None
                 26 
            ---> 27 solution = find_solution(0, V_target, deg_target, y_target)
                 28 print(solution)
            NameError: name 'V_target' is not defined

        [Turn 30 CODE [ERROR]]
        >>> Code:
            V_target=28
            deg_target=156
            y_target=52
            solution = find_solution(0, V_target, deg_target, y_target)
            solution[:10]
            
        >>> Output:
            ---------------------------------------------------------------------------NameError                                 Traceback (most recent call last)/tmp/ipykernel_3026/3094177308.py in <cell line: 0>()
                  2 deg_target=156
                  3 y_target=52
            ----> 4 solution = find_solution(0, V_target, deg_target, y_target)
                  5 print(solution[:10])
            /tmp/ipykernel_3026/942974488.py in find_solution(i, v, d, y)
                  1 def find_solution(i, v, d, y):
            ----> 2     if i==len(type_list):
                  3         if v==0 and d==0 and y==0:
                  4             return []
                  5         else:
            NameError: name 'type_list' is not defined

        [Turn 31 CODE [ERROR]]
        >>> Code:
            type_list = [(x,y) for x in range(3,9) for y in range(0,x+1) if 5*x -3*y <=23]
            solution = find_solution(0, V_target, deg_target, y_target)
            solution[:10]
            
        >>> Output:
            [ERROR] Execution timed out after 30 seconds

    --- Attempt 22 [WRONG] answer=52 expected=44 temp=0.5 entropy=0.482 ---
        python_calls=22 errors=8 tokens=11067 time=233.1s time_left=216.6s
        source=streaming confidence=1.0 stop=max_turns
        Libraries: from collections import defaultdict, from fractions import Fraction, from scipy.optimize import milp, LinearConstraint, Bounds, import itertools, math, import numpy as np, math, itertools, sys, random, collections, functools, math, itertools, numpy as np

        [Turn 1 CODE]
        >>> Code:
            solutions=[]
            for a in range(0,13):
                for b in range(0,13):
                    if a+b>=3: # at least 3 faces meet for polyhedron vertex
                        if 30*a+75*b < 360:
                            solutions.append((a,b,30*a+75*b))
            solutions[:20], len(solutions)
            
        >>> Output:
            [(0, 3, 225), (0, 4, 300), (1, 2, 180), (1, 3, 255), (1, 4, 330), (2, 1, 135), (2, 2, 210), (2, 3, 285), (3, 0, 90), (3, 1, 165), (3, 2, 240), (3, 3, 315), (4, 0, 120), (4, 1, 195), (4, 2, 270), (4, 3, 345), (5, 0, 150), (5, 1, 225), (5, 2, 300), (6, 0, 180)] 30
            

        [Turn 2 CODE]
        >>> Code:
            import itertools, math
            
            # list of allowed (a,b) combos
            pairs = [(0,3),(0,4),(1,2),(1,3),(1,4),(2,1),(2,2),(2,3),
                     (3,0),(3,1),(3,2),(3,3),(4,0),(4,1),(4,2),(4,3),
                     (5,0),(5,1),(5,2),(6,0),(6,1),(6,2),(7,0),(7,1),
                     (8,0),(8,1),(9,0),(9,1),(10,0),(10,1),(11,0)]
            # Actually need a+b>=3 and angle sum <360, we have list earlier up to maybe (11,0)
            pairs = [(a,b) for a,b,_ in solutions]  # from earlier list
            pairs[:10], len(pairs)
            
        >>> Output:
            [(0, 3), (0, 4), (1, 2), (1, 3), (1, 4), (2, 1), (2, 2), (2, 3), (3, 0), (3, 1)] 30
            

        [Turn 3 CODE]
        >>> Code:
            [(a,b) for a,b in pairs if b==2*a]
            
        >>> Output:
            [(1, 2)]
            

        [Turn 4 CODE]
        >>> Code:
            data = [(a,b,2*a-b) for a,b in pairs]
            data[:10]
            
        >>> Output:
            [(0, 3, -3), (0, 4, -4), (1, 2, 0), (1, 3, -1), (1, 4, -2), (2, 1, 3), (2, 2, 2), (2, 3, 1), (3, 0, 6), (3, 1, 5)]
            

        [Turn 5 CODE [ERROR]]
        >>> Code:
            import numpy as np, math, itertools, sys, random, collections, functools, math, itertools, numpy as np
            from scipy.optimize import milp, LinearConstraint, Bounds
            
            pairs = [(a,b) for a,b,_ in solutions]
            
            n = len(pairs)
            c = -np.array([a for a,b in pairs])  # maximize a => minimize -a
            # variables V_i integer >=0
            A_eq = np.array([[2*a - b for a,b in pairs],
                             [1]*n])
            lb = np.zeros(n)
            ub = np.full(n, 1e6)  # large
            # Need also relation between total vertices and F: V = sum V_i, F = sum a V_i, and V = F/2 +2 => 2V = F +4 => 2*sum V_i = sum a V_i +4
            # This is linear: 2*sum V_i - sum a V_i = 4
            A_eq2 = np.array([ [2 - a for a,b in pairs] ])
            b_eq2 = np.array([4])
            A_eq = np.vstack([A_eq, A_eq2])
            b_eq = np.array([0, 0, 4])
            
            lincon = LinearConstraint(A_eq, b_eq, b_eq)
            bounds = Bounds(lb, ub)
            
            res = milp(c=c, constraints=lincon, bounds=bounds, integrality=np.ones(n))
            res.success, res.x[:10]
            
        >>> Output:
            ---------------------------------------------------------------------------TypeError                                 Traceback (most recent call last)/tmp/ipykernel_2493/1597218067.py in <cell line: 0>()
                 22 
                 23 res = milp(c=c, constraints=lincon, bounds=bounds, integrality=np.ones(n))
            ---> 24 print(res.success, res.x[:10])
            TypeError: 'NoneType' object is not subscriptable

        [Turn 6 CODE]
        >>> Code:
            pairs = [(a,b) for a,b,_ in solutions]
            pos = [(a,b,2*a-b) for a,b in pairs if 2*a-b>0]
            neg = [(a,b,2*a-b) for a,b in pairs if 2*a-b<0]
            pos[:5], len(pos), neg[:5], len(neg)
            
        >>> Output:
            [(2, 1, 3), (2, 2, 2), (2, 3, 1), (3, 0, 6), (3, 1, 5)] 25 [(0, 3, -3), (0, 4, -4), (1, 3, -1), (1, 4, -2)] 4
            

        [Turn 7 CODE]
        >>> Code:
            solutions_F = set()
            details = []
            for (a1,b1,d1) in pos:
                for (a2,b2,d2) in neg:
                    # solve equations
                    # x d1 + y d2 =0 => y = -d1/d2 * x
                    # need ratio rational
                    if (-d1) % d2 != 0: # but we need integer y maybe not necessary now
                        pass
                    # We'll solve using fractions
                    from fractions import Fraction
                    ratio = Fraction(-d1, d2)  # y/x
                    # x must be integer such that y integer => x multiple of denominator
                    denom = ratio.denominator
                    # Let x = k*denom
                    # Then y = k*ratio.numerator
                    # Compute F = x a1 + y a2 = k*(denom*a1 + ratio.numerator*a2)
                    # S = x + y = k*(denom + ratio.numerator) = (F+4)/2
                    # So (F+4)/2 must equal that.
                    # Let's compute k from F expression and then check consistency.
                    # We'll iterate k up to some limit to get possible F.
                    for k in range(1,200):  # arbitrary bound
                        x = k*denom
                        y = k*ratio.numerator
                        F = x*a1 + y*a2
                        S = x + y
                        if S*2 == F + 4:
                            solutions_F.add(F)
                            details.append((F, (a1,b1), (a2,b2), k))
            len(solutions_F)
            
        >>> Output:
            17
            

        [Turn 8 CODE]
        >>> Code:
            sorted(solutions_F)[:20]
            
        >>> Output:
            [4, 6, 8, 10, 12, 14, 16, 18, 20, 22, 24, 28, 32, 36, 40, 44, 52]
            

        [Turn 9 CODE]
        >>> Code:
            [max(details, key=lambda d:d[0] if d[0]==52 else -1)]
            
        >>> Output:
            [(52, (4, 3), (1, 4), 4)]
            

        [Turn 10 CODE]
        >>> Code:
            pairs = [(a,b) for a,b,_ in solutions]
            data = []
            for a,b in pairs:
                d = 2*a - b
                c = 2 - a
                data.append((a,b,d,c))
            data[:10]
            
        >>> Output:
            [(0, 3, -3, 2), (0, 4, -4, 2), (1, 2, 0, 1), (1, 3, -1, 1), (1, 4, -2, 1), (2, 1, 3, 0), (2, 2, 2, 0), (2, 3, 1, 0), (3, 0, 6, -1), (3, 1, 5, -1)]
            

        [Turn 11 CODE [ERROR]]
        >>> Code:
            from collections import defaultdict
            
            types = data  # list of (a,b,d,c)
            # separate indices
            high = [t for t in types if t[0]>=3]  # a>=3
            low0 = [t for t in types if t[0]==0]  # a=0
            low1 = [t for t in types if t[0]==1]  # a=1
            mid2 = [t for t in types if t[0]==2]  # a=2
            
            maxF = 0
            best = None
            # limit high vertices count up to maybe 10 each
            limit = 10
            for counts in itertools.product(range(limit+1), repeat=len(high)):
                # counts correspond to each high type
                V_high = sum(counts)
                if V_high==0:
                    continue
                # compute contributions
                sum_c_neg = sum((t[0]-2)*cnt for t,cnt in zip(high, counts))  # a-2 positive
                sum_d_pos = sum(t[2]*cnt for t,cnt in zip(high, counts))  # d positive
                # need to offset with low types
                # Let x0 number of a=0 vertices (any mix) and x1 number of a=1 vertices (any mix)
                # Their c contributions: 2*x0 + 1*x1 = 4 + sum_c_neg
                # Their d contributions: sum over low0 d (which are -3 or -4) times counts + low1 d (-1 or -2 or 0) must equal -sum_d_pos
                # We'll iterate over possible distributions among low0 types and low1 types.
                needed_c = 4 + sum_c_neg
                # Need nonnegative integer solutions for 2*x0 + x1 = needed_c
                # iterate x0 from 0..needed_c//2
                for x0 in range(0, needed_c//2 +1):
                    x1 = needed_c - 2*x0
                    # now need to allocate x0 among low0 types (0,3) d=-3 and (0,4) d=-4
                    # similarly x1 among low1 types (1,2) d=0, (1,3) d=-1, (1,4) d=-2
                    # brute force distribution
                    for n03 in range(0, x0+1):
                        n04 = x0 - n03
                        d_low0 = -3*n03 -4*n04
                        # distribute x1 among three types
                        for n12 in range(0, x1+1):
                            for n13 in range(0, x1 - n12 +1):
                                n14 = x1 - n12 - n13
                                d_low1 = 0*n12 + (-1)*n13 + (-2)*n14
                                total_d = sum_d_pos + d_low0 + d_low1
                                if total_d == 0:
                                    # compute total faces
                                    F = sum(t[0]*cnt for t,cnt in zip(high, counts)) + 0*x0 + 1*x1  # a contributions from low types: a=0 gives 0, a=1 gives 1 each
                                    # plus a=2 types? we didn't include any; could add any number of a=2 vertices because they don't affect constraints c or d (c=0, d maybe positive 0,2,1). Actually a=2 types have c=0, d=3,2,1 depending on b. They affect d equation! we omitted them.
                                    # Need to consider a=2 types as well. For now ignore.
                                    if F > maxF:
                                        maxF = F
                                        best = (F, counts, (n03,n04), (n12,n13,n14))
            maxF
            
        >>> Output:
            [ERROR] Execution timed out after 30 seconds

        [Turn 12 CODE [ERROR]]
        >>> Code:
            def defect(a,b):
                return 24 - 2*a -5*b
            for a,b,_ in solutions:
                print((a,b), defect(a,b))
            
        >>> Output:
            ---------------------------------------------------------------------------NameError                                 Traceback (most recent call last)/tmp/ipykernel_2984/2211573488.py in <cell line: 0>()
                  1 def defect(a,b):
                  2     return 24 - 2*a -5*b
            ----> 3 for a,b,_ in solutions:
                  4     print((a,b), defect(a,b))
            NameError: name 'solutions' is not defined

        [Turn 13 CODE]
        >>> Code:
            solutions = [(a,b,30*a+75*b) for a in range(0,12) for b in range(0,6) if a+b>=3 and 30*a+75*b<360]
            for a,b,_ in solutions:
                print((a,b), 24-2*a-5*b)
            
        >>> Output:
            (0, 3) 9
            (0, 4) 4
            (1, 2) 12
            (1, 3) 7
            (1, 4) 2
            (2, 1) 15
            (2, 2) 10
            (2, 3) 5
            (3, 0) 18
            (3, 1) 13
            (3, 2) 8
            (3, 3) 3
            (4, 0) 16
            (4, 1) 11
            (4, 2) 6
            (4, 3) 1
            (5, 0) 14
            (5, 1) 9
            (5, 2) 4
            (6, 0) 12
            (6, 1) 7
            (6, 2) 2
            (7, 0) 10
            (7, 1) 5
            (8, 0) 8
            (8, 1) 3
            (9, 0) 6
            (9, 1) 1
            (10, 0) 4
            (11, 0) 2
            

        [Turn 14 CODE]
        >>> Code:
            vertex_info = []
            for a,b,_ in solutions:
                w = 24-2*a-5*b
                d = 2*a - b
                vertex_info.append((a,b,w,d))
            sorted(vertex_info, key=lambda x: (-x[0], x[2]))[:10]
            
        >>> Output:
            [(11, 0, 2, 22),
             (10, 0, 4, 20),
             (9, 1, 1, 17),
             (9, 0, 6, 18),
             (8, 1, 3, 15),
             (8, 0, 8, 16),
             (7, 1, 5, 13),
             (7, 0, 10, 14),
             (6, 2, 2, 10),
             (6, 1, 7, 11)]
            

        [Turn 15 CODE [ERROR]]
        >>> Code:
            vertex_info = [(a,b,24-2*a-5*b,2*a-b) for a,b,_ in solutions]
            
            # sort maybe by a descending to try maximize a
            vertex_info.sort(key=lambda x: -x[0])
            
            maxF = 0
            best_counts = None
            
            def dfs(idx, w_rem, d_sum, a_sum, counts):
                global maxF, best_counts
                if w_rem < 0:
                    return
                if idx == len(vertex_info):
                    if w_rem == 0 and d_sum == 0:
                        if a_sum > maxF:
                            maxF = a_sum
                            best_counts = counts.copy()
                    return
                a,b,w,d = vertex_info[idx]
                # max possible number of this vertex we can take limited by w_rem // w
                max_k = w_rem // w
                # also need to consider d sum; but we can iterate
                for k in range(max_k, -1, -1):
                    # prune: even if we take all remaining w with max a per w, can we exceed current max?
                    # compute optimistic upper bound: current a_sum + k*a + (w_rem - k*w) * max_a_per_w_remaining
                    # For simplicity skip pruning.
                    counts.append(k)
                    dfs(idx+1, w_rem - k*w, d_sum + k*d, a_sum + k*a, counts)
                    counts.pop()
            
            dfs(0, 48, 0, 0, [])
            maxF, best_counts[:5]
            
        >>> Output:
            [ERROR] Execution timed out after 30 seconds

        [Turn 16 CODE [ERROR]]
        >>> Code:
            # select a subset of types to consider: all 30 types but we will limit loops using recursion with pruning better.
            vertex_info = [(a,b,24-2*a-5*b,2*a-b) for a,b,_ in solutions]
            
            # Let's implement DFS with pruning using upper bound of a per remaining w.
            # compute max a per w ratio among remaining types
            max_a_per_w = max(a/w for a,b,w,d in vertex_info if w>0)
            
            def dfs(idx, w_rem, d_sum, a_sum):
                global maxF, best_counts
                if w_rem < 0:
                    return
                # optimistic bound
                optimistic = a_sum + w_rem * max_a_per_w
                if optimistic <= maxF:
                    return
                if idx == len(vertex_info):
                    if w_rem == 0 and d_sum == 0:
                        maxF = a_sum
                    return
                a,b,w,d = vertex_info[idx]
                max_k = w_rem // w
                for k in range(max_k, -1, -1):
                    dfs(idx+1, w_rem - k*w, d_sum + k*d, a_sum + k*a)
            
            maxF = 0
            dfs(0,48,0,0)
            maxF
            
        >>> Output:
            ---------------------------------------------------------------------------NameError                                 Traceback (most recent call last)/tmp/ipykernel_3110/2645125752.py in <cell line: 0>()
                  1 # select a subset of types to consider: all 30 types but we will limit loops using recursion with pruning better.
            ----> 2 vertex_info = [(a,b,24-2*a-5*b,2*a-b) for a,b,_ in solutions]
                  3 
                  4 # Let's implement DFS with pruning using upper bound of a per remaining w.
                  5 # compute max a per w ratio among remaining types
            NameError: name 'solutions' is not defined

        [Turn 17 CODE]
        >>> Code:
            solutions = [(a,b,30*a+75*b) for a in range(0,12) for b in range(0,6) if a+b>=3 and 30*a+75*b<360]
            vertex_info = [(a,b,24-2*a-5*b,2*a-b) for a,b,_ in solutions]
            max_a_per_w = max(a/w for a,b,w,d in vertex_info if w>0)
            max_a_per_w
            
        >>> Output:
            9.0
            

        [Turn 18 CODE [ERROR]]
        >>> Code:
            maxF = 0
            def dfs(idx, w_rem, d_sum, a_sum):
                global maxF
                if w_rem < 0:
                    return
                optimistic = a_sum + w_rem * max_a_per_w
                if optimistic <= maxF:
                    return
                if idx == len(vertex_info):
                    if w_rem == 0 and d_sum == 0:
                        maxF = a_sum
                    return
                a,b,w,d = vertex_info[idx]
                max_k = w_rem // w
                for k in range(max_k, -1, -1):
                    dfs(idx+1, w_rem - k*w, d_sum + k*d, a_sum + k*a)
            
            dfs(0,48,0,0)
            maxF
            
        >>> Output:
            [ERROR] Execution timed out after 30 seconds

        [Turn 19 CODE [ERROR]]
        >>> Code:
            # precompute max positive d per w and min negative d per w among remaining types
            max_pos_d_per_w = max((d/w) for a,b,w,d in vertex_info if w>0 and d>0)
            min_neg_d_per_w = min((d/w) for a,b,w,d in vertex_info if w>0 and d<0)
            max_pos_d_per_w, min_neg_d_per_w
            
        >>> Output:
            ---------------------------------------------------------------------------NameError                                 Traceback (most recent call last)/tmp/ipykernel_3152/3602291584.py in <cell line: 0>()
                  1 # precompute max positive d per w and min negative d per w among remaining types
            ----> 2 max_pos_d_per_w = max((d/w) for a,b,w,d in vertex_info if w>0 and d>0)
                  3 min_neg_d_per_w = min((d/w) for a,b,w,d in vertex_info if w>0 and d<0)
                  4 print(max_pos_d_per_w, min_neg_d_per_w)
            NameError: name 'vertex_info' is not defined

        [Turn 20 CODE]
        >>> Code:
            solutions = [(a,b,30*a+75*b) for a in range(0,12) for b in range(0,6) if a+b>=3 and 30*a+75*b<360]
            vertex_info = [(a,b,24-2*a-5*b,2*a-b) for a,b,_ in solutions]
            max_pos_d_per_w = max((d/w) for a,b,w,d in vertex_info if w>0 and d>0)
            min_neg_d_per_w = min((d/w) for a,b,w,d in vertex_info if w>0 and d<0)
            max_pos_d_per_w, min_neg_d_per_w
            
        >>> Output:
            17.0 -1.0
            

        [Turn 21 CODE [ERROR]]
        >>> Code:
            maxF = 0
            def dfs(idx, w_rem, d_sum, a_sum):
                global maxF
                if w_rem < 0:
                    return
                # prune by possible d range
                min_possible = d_sum + w_rem * min_neg_d_per_w
                max_possible = d_sum + w_rem * max_pos_d_per_w
                if not (min_possible <= 0 <= max_possible):
                    return
                optimistic = a_sum + w_rem * max_a_per_w
                if optimistic <= maxF:
                    return
                if idx == len(vertex_info):
                    if w_rem == 0 and d_sum == 0:
                        if a_sum > maxF:
                            maxF = a_sum
                    return
                a,b,w,d = vertex_info[idx]
                max_k = w_rem // w
                for k in range(max_k, -1, -1):
                    dfs(idx+1, w_rem - k*w, d_sum + k*d, a_sum + k*a)
            
            dfs(0,48,0,0)
            maxF
            
        >>> Output:
            ---------------------------------------------------------------------------NameError                                 Traceback (most recent call last)/tmp/ipykernel_3152/1188518092.py in <cell line: 0>()
                 22         dfs(idx+1, w_rem - k*w, d_sum + k*d, a_sum + k*a)
                 23 
            ---> 24 dfs(0,48,0,0)
                 25 print(maxF)
            /tmp/ipykernel_3152/1188518092.py in dfs(idx, w_rem, d_sum, a_sum)
                  9     if not (min_possible <= 0 <= max_possible):
                 10         return
            ---> 11     optimistic = a_sum + w_rem * max_a_per_w
                 12     if optimistic <= maxF:
                 13         return
            NameError: name 'max_a_per_w' is not defined

        [Turn 22 CODE]
        >>> Code:
            max_a_per_w = max(a/w for a,b,w,d in vertex_info if w>0)
            maxF = 0
            dfs(0,48,0,0)
            maxF
            
        >>> Output:
            52
            

  Running: 1/3 (33%) | Elapsed: 764s

──────────────────────────────────────────────────────────────────────
  [4/4] Problem 2b401b | Expected: 59
──────────────────────────────────────────────────────────────────────

Problem: Find all positive integers $n\ge 2$ such that for any positive integer $k$ relatively prime to $n$, $k^2 - 1$ is a multiple of $n$.

Find the sum of all possible values.


============================================================
  WAVE 1: CLASSIFICATION
============================================================
Budget: 100s | Pool left: 5696s | Attempts: 42
Classification failed: Unexpected EOS while waiting for message header to complete

Classification results (41 attempts):
  Attempt 1: number_theory.modular_arithmetic.orders_primitive_roots [medium] (conf=1.0, turns=3, time=63.0s)
  Attempt 2: number_theory.modular_arithmetic.order_modulus_selection [medium] (conf=1.0, turns=3, time=72.7s)
  Attempt 3: number_theory.modular_arithmetic.orders_smallest_prime_trick [None] (conf=1.0, turns=1, time=44.9s)
  Attempt 4: number_theory.modular_arithmetic.orders_smallest_prime_trick [easy] (conf=1.0, turns=3, time=74.9s)
  Attempt 5: number_theory.modular_arithmetic.carmichael_function [medium] (conf=1.0, turns=4, time=91.1s)
  Attempt 6: taxonomy [easy] (conf=1.0, turns=1, time=29.9s)
  Attempt 7: number_theory.modular_arithmetic.order_smallest_prime_trick [medium] (conf=1.0, turns=2, time=67.6s)
  Attempt 8: number_theory.modular_arithmetic.order_smallest_prime_trick [medium] (conf=1.0, turns=5, time=90.1s)
  Attempt 9: taxonomy [medium] (conf=1.0, turns=1, time=44.3s)
  Attempt 10: number_theory.modular_arithmetic.orders_primitive_roots [medium] (conf=1.0, turns=3, time=79.8s)
  Attempt 11: number_theory.modular_arithmetic.orders_primitive_roots [medium] (conf=1.0, turns=2, time=62.4s)
  Attempt 12: number_theory.modular_arithmetic.coprime_squares [easy] (conf=1.0, turns=5, time=96.2s)
  Attempt 13: number_theory.modular_arithmetic.orders_primitive_roots [medium] (conf=1.0, turns=2, time=58.1s)
  Attempt 14: number_theory.modular_arithmetic.coprime_squares [medium] (conf=1.0, turns=3, time=73.6s)
  Attempt 15: number_theory.modular_arithmetic.orders_primitive_roots [medium] (conf=1.0, turns=2, time=67.5s)
  Attempt 16: number_theory.modular_arithmetic.coprime_sums [medium] (conf=1.0, turns=3, time=86.7s)
  Attempt 17: number_theory.modular_arithmetic.order_smallest_prime_trick [medium] (conf=1.0, turns=3, time=78.5s)
  Attempt 18: number_theory.modular_arithmetic.coprime_sums [medium] (conf=1.0, turns=3, time=87.7s)
  Attempt 19: taxonomy [medium] (conf=1.0, turns=1, time=40.6s)
  Attempt 20: number_theory.modular_arithmetic.orders_primitive_roots [medium] (conf=0.7, turns=5, time=96.7s)
  Attempt 21: number_theory.modular_arithmetic.orders_primitive_roots [medium] (conf=1.0, turns=2, time=40.2s)
  Attempt 22: number_theory.modular_arithmetic.coprime_sums [medium] (conf=1.0, turns=3, time=93.0s)
  Attempt 23: number_theory.modular_arithmetic.orders_smallest_prime_trick [medium] (conf=1.0, turns=2, time=59.7s)
  Attempt 24: number_theory.modular_arithmetic.coprime_sums [medium] (conf=1.0, turns=3, time=88.3s)
  Attempt 25: number_theory.modular_arithmetic.orders_primitive_roots [medium] (conf=1.0, turns=3, time=73.4s)
  Attempt 26: number_theory.modular_arithmetic.orders_smallest_prime_trick [medium] (conf=1.0, turns=2, time=78.1s)
  Attempt 27: number_theory.modular_arithmetic.orders_primitive_roots [None] (conf=1.0, turns=2, time=55.1s)
  Attempt 28: number_theory.modular_arithmetic.orders_primitive_roots [easy] (conf=1.0, turns=4, time=61.1s)
  Attempt 29: number_theory.modular_arithmetic.order_smallest_prime_trick [medium] (conf=1.0, turns=2, time=49.0s)
  Attempt 30: number_theory.modular_arithmetic.coprime_sums [medium] (conf=1.0, turns=2, time=63.9s)
  Attempt 32: number_theory.modular_arithmetic.orders_smallest_prime_trick [medium] (conf=1.0, turns=1, time=41.5s)
  Attempt 33: number_theory.modular_arithmetic.coprime_sums [medium] (conf=1.0, turns=2, time=74.5s)
  Attempt 34: number_theory.modular_arithmetic.orders_primitive_roots [medium] (conf=1.0, turns=2, time=41.0s)
  Attempt 35: number_theory.modular_arithmetic.coprime_sums [medium] (conf=1.0, turns=3, time=81.3s)
  Attempt 36: number_theory.modular_arithmetic.coprime_sums [easy] (conf=1.0, turns=3, time=73.0s)
  Attempt 37: a.b.c,x.y.z [medium] (conf=1.0, turns=2, time=65.4s)
  Attempt 38: number_theory.modular_arithmetic.orders_primitive_roots [medium] (conf=1.0, turns=2, time=64.6s)
  Attempt 39: number_theory.modular_arithmetic.coprime_sums [easy] (conf=1.0, turns=2, time=55.5s)
  Attempt 40: number_theory.modular_arithmetic.coprime_sums [medium] (conf=1.0, turns=2, time=74.2s)
  Attempt 41: number_theory.modular_arithmetic.orders_primitive_roots [medium] (conf=1.0, turns=2, time=65.8s)
  Attempt 42: number_theory.modular_arithmetic.orders_primitive_roots [medium] (conf=1.0, turns=3, time=71.2s)

=== WAVE 1 TAXONOMY VOTES ===
  number_theory.modular_arithmetic.orders_primitive_roots: 13.7 votes <-- SELECTED
  number_theory.modular_arithmetic.coprime_sums: 10.0 votes
  number_theory.modular_arithmetic.orders_smallest_prime_trick: 5.0 votes
  number_theory.modular_arithmetic.order_smallest_prime_trick: 4.0 votes
  number_theory.modular_arithmetic.coprime_squares: 2.0 votes
=== END VOTES ===


=== DIFFICULTY VOTES: {'easy': 6, 'medium': 33} → MEDIUM ===
Wave 1 result: ['number_theory.modular_arithmetic.orders_primitive_roots'] | Difficulty: medium (W1 cumulative: 404/6000s)

=== WAVE 1 → DB RETRIEVAL  ===
Taxonomies: ['number_theory.modular_arithmetic.orders_primitive_roots']
Total matches: 1
  - tech_orders [number_theory.modular_arithmetic.orders_primitive_roots]
Notes: 1474 chars
=== END WAVE 1 RETRIEVAL ===


=== USER PROMPT (5403 chars) ===
[Our IMO expert has given tips and tricks for this problem.]

--- [number_theory.modular_arithmetic.orders_primitive_roots] ---
Triggers: a^N = 1 mod p and need to constrain N, order of element divides phi(n), n^2+1 divisible by prime => p = 1 mod 4
Technique: Order ord_n(a) = smallest m with a^m = 1 mod n. Key: ord_n(a) | phi(n) and ord_n(a) | N iff a^N = 1 mod n. The n^2+1 lemma: if p | n^2+1 then ord_p(n)=4, so 4|(p-1), meaning p = 1 mod 4. Generalizes via cyclotomic polynomials.
Question: Prove that every prime divisor of n^2 + 1 is congruent to 1 mod 4.
Answer: If p | n^2+1, then n^2 = -1 mod p, so n^4 = 1 mod p but n^2 != 1 mod p. Thus ord_p(n) = 4. Since ord_p(n) | p-1 (by Fermat), we get 4 | p-1, i.e., p = 1 mod 4. Generalization: if p | Phi_k(n) (k-th cyclotomic polynomial), then either p | k or ord_p(n) = k, giving k | p-1 so p = 1 mod k. This constrains prime divisors to arithmetic progressions.

[END EXPERT NOTES]

Our IMO expert has also shared his special notes database. If you are stuck or want more hints, query it:
import sqlite3; db = sqlite3.connect("/kaggle/input/aimo3-problem-db/problems.db")
Schema: id, category, topic, subtopic, taxonomy, triggers, technique, question, answer
db.execute("SELECT taxonomy, triggers, technique FROM problems WHERE category=?", (CATEGORY,)).fetchall()
Find the closest match, then read the full approach:
db.execute("SELECT technique, question, answer FROM problems WHERE taxonomy=?", (TAX,)).fetchone()

Find all positive integers $n\ge 2$ such that for any positive integer $k$ relatively prime to $n$, $k^2 - 1$ is a multiple of $n$.

Find the sum of all possible values. You have access to `math`, `numpy`, and `sympy` for:

# Symbolic Computation (sympy):
- Algebraic manipulation and simplification
- Solving equations and systems of equations
- Symbolic differentiation and integration
- Number theory functions (primes, divisors, modular arithmetic)
- Polynomial operations and factorization
- Working with mathematical expressions symbolically

# Numerical Computation (numpy):
- Array operations and linear algebra
- Efficient numerical calculations for large datasets
- Matrix operations and eigenvalue problems
- Statistical computations

# Mathematical Functions (math):
- Standard mathematical functions (trig, log, exp)
- Constants like pi and e
- Basic operations for single values

Best Practices:
- Use sympy for exact symbolic answers when possible
- Use numpy for numerical verification and large-scale computation
- Combine symbolic and numerical approaches: derive symbolically, verify numerically
- Document your computational strategy clearly
- Validate computational results against known cases or theoretical bounds
- For very large exponents (e.g. a^(n!)), use pow(base, exp, mod) or analytical methods — never materialize the full number

# Code Robustness Rules:
- Each code cell must be SELF-CONTAINED: re-import and re-define everything you need. If a previous cell errored, its definitions are LOST.
- Avoid sympy expressions that grow beyond a few hundred characters. If an expression is exploding, switch to numerical methods (numpy) or modular arithmetic.
- For geometry: prefer numpy coordinate models with brute-force verification over pure symbolic or direction-counting approaches.
- For combinatorics counting: always verify no duplicates — check injectivity explicitly.
- If 5+ code cells without progress, STOP and restart with a different approach.
- When using Python, prefer converting sympy expressions to int() before passing to Python builtins like pow(), min(), max().
- Common import: from sympy.ntheory.modular import crt (note: sympy.crt does not exist).
- If a code cell fails, re-import necessary libraries in the next cell.
- sympy.solve() often times out on complex systems. For polynomial systems with > 3 unknowns, prefer numerical methods (scipy fsolve/minimize) or manual algebraic reduction.
- Never call sympy.simplify() or sympy.expand() on expressions involving large binomials or products of many terms. Use float() first to check the numerical value.

# Library Availability:
NOT installed (do NOT import — they WILL fail): pulp, ortools, z3-solver, mip, pyscipopt, pysat, cvxpy, constraint, matplotlib, sklearn.
Do not waste turns trying these libraries or probing with try/except.

Available and recommended:
- sympy, numpy, scipy, networkx, mpmath, math, itertools, functools, fractions, collections, decimal, heapq, random, statistics

Replacements for unavailable optimization/constraint libraries:
- Integer/Binary Linear Programming (replaces pulp, mip, ortools):
  from scipy.optimize import milp, LinearConstraint, Bounds
  import numpy as np
  res = milp(c=c_vec, constraints=LinearConstraint(A, lb, ub),
             integrality=np.ones(n), bounds=Bounds(0, 1))
  # res.success, res.x (solution vector), res.fun (objective value)
- Linear Programming: scipy.optimize.linprog(c, A_ub=A, b_ub=b, method="highs")
- Assignment problems: scipy.optimize.linear_sum_assignment(cost_matrix)
- Graph algorithms (matching, shortest path, components): import networkx as nx
- Constraint satisfaction: encode as ILP via scipy.optimize.milp, or backtracking with pruning
- Number theory: sympy.ntheory or random (Monte Carlo verification)
- Geometry: fractions (exact rational) + sympy, avoid floating point
- Game theory/DP: functools.lru_cache for memoized recursion
=== END USER PROMPT ===

Budget: 450.00 seconds | Deadline: 1772891426.10 | TimeLeft: 16535s | Effort: medium

 Attempt  Response Length  Python Calls  Python Errors  Entropy  Temperature  Answer  Confidence        Source Stop_Reason  Successful_Code  Time_Remaining  Time
      19              963             0              0    0.442          0.5      27         1.0     streaming   max_turns                0           436.1  13.6
      11             1231             0              0    0.411          0.5      59         0.7 final_channel   max_turns                0           431.9  18.0
      23             1386             2              0    0.345          0.5      59         1.0     streaming   max_turns                2           428.9  20.7
       8             1449             2              0    0.497          0.5      59         1.0     streaming   max_turns                2           428.1  21.8
       2             1505             1              0    0.493          0.5      59         1.0     streaming   max_turns                1           427.3  22.7
      22             1585             2              0    0.493          0.5      59         1.0     streaming   max_turns                2           425.5  24.2
      14             1679             2              0    0.555          0.5      59         1.0     streaming   max_turns                2           424.0  25.8
      13             1727             1              0    0.479          0.5      59         1.0     streaming   max_turns                1           423.3  26.5
      24             1724             2              0    0.445          0.5      59         1.0     streaming   max_turns                2           423.2  26.4
      17             1863             1              0    0.440          0.5      59         0.7 final_channel   max_turns                1           421.4  28.4
      21             1926             2              0    0.356          0.5      59         1.0     streaming   max_turns                2           420.5  29.2
       4             1986             0              0    0.324          0.5      59         1.0     streaming   max_turns                0           420.0  30.0
       9             2001             0              0    0.288          0.5      59         1.0     streaming   max_turns                0           419.8  30.1
       5             1994             2              0    0.494          0.5      59         0.7 final_channel   max_turns                2           419.8  30.2
      20             2018             0              0    0.408          0.5      59         0.7 final_channel   max_turns                0           419.3  30.4
      12             2054             2              0    0.469          0.5      59         1.0     streaming   max_turns                2           418.8  31.1
      10             2199             1              0    0.382          0.5      59         1.0     streaming   max_turns                1           417.5  32.4
      18             2243             3              0    0.370          0.5      59         1.0     streaming   max_turns                3           416.9  32.9
       1             2297             3              0    0.384          0.5      59         1.0     streaming   max_turns                3           416.6  33.4
      16             2408             0              0    0.384          0.5      59         1.0     streaming   max_turns                0           415.6  34.2
       6             2458             2              0    0.360          0.5      59         1.0     streaming   max_turns                2           415.3  34.7
       3             2832             3              0    0.405          0.5      59         1.0     streaming   max_turns                3           412.5  37.5
       7             2959             3              0    0.333          0.5      59         1.0     streaming   max_turns                3           411.7  38.3
      15             3237             3              0    0.441          0.5      59         1.0     streaming   max_turns                3           410.2  39.6
 Answer  Votes  Score
     59   21.8 49.812
     27    1.0  1.131

Final Answer: 59 (votes: 21.799999999999997)


=== RERUN CHECK: top_votes=21.799999999999997, threshold=12 ===

  STATUS: CORRECT | Predicted: 59 | Expected: 59 | Time: 140.1s
  Votes: {59: 23, 27: 1} | Answers: 24 | Nones: 0 | Errors: 0

    --- Attempt 19 [WRONG] answer=27 expected=59 temp=0.5 entropy=0.442 ---
        python_calls=0 errors=0 tokens=963 time=13.6s time_left=436.1s
        source=streaming confidence=1.0 stop=max_turns

    --- Attempt 11 [CORRECT] answer=59 expected=59 temp=0.5 entropy=0.411 ---
        python_calls=0 errors=0 tokens=1231 time=18.0s time_left=431.9s
        source=final_channel confidence=0.7 stop=max_turns
        vboxed_checkpoints: turn1=59

        [Turn 1 REASONING] (11 chars)
        \Vboxed{59}

    --- Attempt 23 [CORRECT] answer=59 expected=59 temp=0.5 entropy=0.345 ---
        python_calls=2 errors=0 tokens=1386 time=20.7s time_left=428.9s
        source=streaming confidence=1.0 stop=max_turns
        Libraries: import math

        [Turn 1 CODE]
        >>> Code:
            def good(n):
                for k in range(1,n):
                    if math.gcd(k,n)==1:
                        if (k*k-1)%n!=0:
                            return False
                return True
            
            import math
            candidates=[]
            for n in range(2,101):
                if good(n):
                    candidates.append(n)
            candidates
            
        >>> Output:
            [2, 3, 4, 6, 8, 12, 24]
            

        [Turn 2 CODE]
        >>> Code:
            sum([2,3,4,6,8,12,24])
            
        >>> Output:
            59
            

    --- Attempt 8 [CORRECT] answer=59 expected=59 temp=0.5 entropy=0.497 ---
        python_calls=2 errors=0 tokens=1449 time=21.8s time_left=428.1s
        source=streaming confidence=1.0 stop=max_turns
        Libraries: import math, itertools

        [Turn 1 CODE]
        >>> Code:
            def works(n):
                for k in range(1, n*5):  # test many k
                    if math.gcd(k,n)==1:
                        if (k*k-1)%n!=0:
                            return False
                return True
            
            import math, itertools
            candidates=[2,3,4,6,8,12,24]
            for n in candidates:
                print(n, works(n))
            
        >>> Output:
            2 True
            3 True
            4 True
            6 True
            8 True
            12 True
            24 True
            

        [Turn 2 CODE]
        >>> Code:
            sum([2,3,4,6,8,12,24])
            
        >>> Output:
            59
            

    --- Attempt 2 [CORRECT] answer=59 expected=59 temp=0.5 entropy=0.493 ---
        python_calls=1 errors=0 tokens=1505 time=22.7s time_left=427.3s
        source=streaming confidence=1.0 stop=max_turns
        Libraries: from math import gcd

        [Turn 1 CODE]
        >>> Code:
            def good(n):
                from math import gcd
                for k in range(1, n):
                    if gcd(k,n)==1:
                        if (k*k - 1) % n != 0:
                            return False
                return True
            
            goods = [n for n in range(2,201) if good(n)]
            goods[:50], len(goods)
            
        >>> Output:
            [2, 3, 4, 6, 8, 12, 24] 7
            

    --- Attempt 22 [CORRECT] answer=59 expected=59 temp=0.5 entropy=0.493 ---
        python_calls=2 errors=0 tokens=1585 time=24.2s time_left=425.5s
        source=streaming confidence=1.0 stop=max_turns
        Libraries: import math

        [Turn 1 CODE]
        >>> Code:
            def works(n):
                for k in range(1, n*5):  # test many k
                    if math.gcd(k,n)==1:
                        if (k*k-1)%n!=0:
                            return False
                return True
            
            import math
            candidates=[2,3,4,6,8,12,24]
            [ (n, works(n)) for n in candidates]
            
        >>> Output:
            [(2, True), (3, True), (4, True), (6, True), (8, True), (12, True), (24, True)]
            

        [Turn 2 CODE]
        >>> Code:
            sum([2,3,4,6,8,12,24])
            
        >>> Output:
            59
            

    --- Attempt 14 [CORRECT] answer=59 expected=59 temp=0.5 entropy=0.555 ---
        python_calls=2 errors=0 tokens=1679 time=25.8s time_left=424.0s
        source=streaming confidence=1.0 stop=max_turns
        Libraries: import math

        [Turn 1 CODE]
        >>> Code:
            def good(n):
                for k in range(1, n*2):  # test many k? Actually need all k relatively prime to n, but we can test representatives modulo n
                    if math.gcd(k,n)==1:
                        if (k*k-1)%n!=0:
                            return False
                return True
            
            import math
            good_vals = [n for n in range(2,101) if good(n)]
            good_vals[:20], len(good_vals)
            
        >>> Output:
            [2, 3, 4, 6, 8, 12, 24] 7
            

        [Turn 2 CODE]
        >>> Code:
            sum([2,3,4,6,8,12,24])
            
        >>> Output:
            59
            

    --- Attempt 13 [CORRECT] answer=59 expected=59 temp=0.5 entropy=0.479 ---
        python_calls=1 errors=0 tokens=1727 time=26.5s time_left=423.3s
        source=streaming confidence=1.0 stop=max_turns

        [Turn 1 CODE]
        >>> Code:
            sum([2,3,4,6,8,12,24])
            
        >>> Output:
            59
            

    --- Attempt 24 [CORRECT] answer=59 expected=59 temp=0.5 entropy=0.445 ---
        python_calls=2 errors=0 tokens=1724 time=26.4s time_left=423.2s
        source=streaming confidence=1.0 stop=max_turns
        Libraries: import math

        [Turn 1 CODE]
        >>> Code:
            def works(n):
                for k in range(1, n*2): # test many ks
                    if math.gcd(k,n)==1:
                        if (k*k-1)%n!=0:
                            return False
                return True
            
            import math
            candidates=[2,3,4,6,8,12,24]
            for n in candidates:
                print(n, works(n))
            
        >>> Output:
            2 True
            3 True
            4 True
            6 True
            8 True
            12 True
            24 True
            

        [Turn 2 CODE]
        >>> Code:
            sum([2,3,4,6,8,12,24])
            
        >>> Output:
            59
            

    --- Attempt 17 [CORRECT] answer=59 expected=59 temp=0.5 entropy=0.440 ---
        python_calls=1 errors=0 tokens=1863 time=28.4s time_left=421.4s
        source=final_channel confidence=0.7 stop=max_turns
        vboxed_checkpoints: turn2=59

        [Turn 1 CODE]
        >>> Code:
            sum([2,3,4,6,8,12,24])
            
        >>> Output:
            59
            

        [Turn 2 REASONING] (11 chars)
        \Vboxed{59}

    --- Attempt 21 [CORRECT] answer=59 expected=59 temp=0.5 entropy=0.356 ---
        python_calls=2 errors=0 tokens=1926 time=29.2s time_left=420.5s
        source=streaming confidence=1.0 stop=max_turns
        Libraries: import math

        [Turn 1 CODE]
        >>> Code:
            def works(n):
                for k in range(1, n):
                    if math.gcd(k,n)==1:
                        if (k*k-1)%n!=0:
                            return False
                return True
            
            import math
            candidates=[2,3,4,6,8,12,24]
            [(n, works(n)) for n in candidates]
            
        >>> Output:
            [(2, True), (3, True), (4, True), (6, True), (8, True), (12, True), (24, True)]
            

        [Turn 2 CODE]
        >>> Code:
            sum([2,3,4,6,8,12,24])
            
        >>> Output:
            59
            

    --- Attempt 4 [CORRECT] answer=59 expected=59 temp=0.5 entropy=0.324 ---
        python_calls=0 errors=0 tokens=1986 time=30.0s time_left=420.0s
        source=streaming confidence=1.0 stop=max_turns

    --- Attempt 9 [CORRECT] answer=59 expected=59 temp=0.5 entropy=0.288 ---
        python_calls=0 errors=0 tokens=2001 time=30.1s time_left=419.8s
        source=streaming confidence=1.0 stop=max_turns

    --- Attempt 5 [CORRECT] answer=59 expected=59 temp=0.5 entropy=0.494 ---
        python_calls=2 errors=0 tokens=1994 time=30.2s time_left=419.8s
        source=final_channel confidence=0.7 stop=max_turns
        vboxed_checkpoints: turn3=59
        Libraries: import math

        [Turn 1 CODE]
        >>> Code:
            sum([2,3,4,6,8,12,24])
            
        >>> Output:
            59
            

        [Turn 2 CODE]
        >>> Code:
            def works(n):
                for k in range(1, n*2):  # test many k but only need 1..n maybe
                    if math.gcd(k, n) == 1:
                        if (k*k - 1) % n != 0:
                            return False
                return True
            
            import math
            vals = [n for n in range(2,201) if works(n)]
            vals
            
        >>> Output:
            [2, 3, 4, 6, 8, 12, 24]
            

        [Turn 3 REASONING] (11 chars)
        \Vboxed{59}

    --- Attempt 20 [CORRECT] answer=59 expected=59 temp=0.5 entropy=0.408 ---
        python_calls=0 errors=0 tokens=2018 time=30.4s time_left=419.3s
        source=final_channel confidence=0.7 stop=max_turns
        vboxed_checkpoints: turn1=59

        [Turn 1 REASONING] (11 chars)
        \Vboxed{59}

    --- Attempt 12 [CORRECT] answer=59 expected=59 temp=0.5 entropy=0.469 ---
        python_calls=2 errors=0 tokens=2054 time=31.1s time_left=418.8s
        source=streaming confidence=1.0 stop=max_turns
        Libraries: import math

        [Turn 1 CODE]
        >>> Code:
            sum([2,3,4,6,8,12,24])
            
        >>> Output:
            59
            

        [Turn 2 CODE]
        >>> Code:
            def works(n):
                if n<2:
                    return False
                for k in range(1, n*2):  # check many ks? Actually need all k coprime to n; we can just check residues modulo n
                    if math.gcd(k,n)==1:
                        if (k*k-1)%n!=0:
                            return False
                return True
            
            import math
            vals=[n for n in range(2,200) if works(n)]
            vals
            
        >>> Output:
            [2, 3, 4, 6, 8, 12, 24]
            

    --- Attempt 10 [CORRECT] answer=59 expected=59 temp=0.5 entropy=0.382 ---
        python_calls=1 errors=0 tokens=2199 time=32.4s time_left=417.5s
        source=streaming confidence=1.0 stop=max_turns
        vboxed_checkpoints: turn2=24
        Libraries: import math

        [Turn 1 CODE]
        >>> Code:
            def good(n):
                import math
                for k in range(1, n*2):  # test many k, but only need residues mod n
                    if math.gcd(k, n)==1:
                        if (k*k - 1) % n != 0:
                            return False
                return True
            
            good_vals = [n for n in range(2,201) if good(n)]
            good_vals[:50]
            
        >>> Output:
            [2, 3, 4, 6, 8, 12, 24]
            

    --- Attempt 18 [CORRECT] answer=59 expected=59 temp=0.5 entropy=0.370 ---
        python_calls=3 errors=0 tokens=2243 time=32.9s time_left=416.9s
        source=streaming confidence=1.0 stop=max_turns
        vboxed_checkpoints: turn4=3, turn4=8
        Libraries: import math

        [Turn 1 CODE]
        >>> Code:
            def good(n):
                for k in range(1, n*2):  # test many k but need only residues coprime to n
                    if math.gcd(k, n)==1:
                        if (k*k - 1) % n != 0:
                            return False
                return True
            
            import math
            good_list = [n for n in range(2,201) if good(n)]
            good_list[:50]
            
        >>> Output:
            [2, 3, 4, 6, 8, 12, 24]
            

        [Turn 2 CODE]
        >>> Code:
            good_list = [n for n in range(2,1001) if good(n)]
            good_list
            
        >>> Output:
            [2, 3, 4, 6, 8, 12, 24]
            

        [Turn 3 CODE]
        >>> Code:
            sum([2,3,4,6,8,12,24])
            
        >>> Output:
            59
            

    --- Attempt 1 [CORRECT] answer=59 expected=59 temp=0.5 entropy=0.384 ---
        python_calls=3 errors=0 tokens=2297 time=33.4s time_left=416.6s
        source=streaming confidence=1.0 stop=max_turns
        vboxed_checkpoints: turn4=24
        Libraries: import math

        [Turn 1 CODE]
        >>> Code:
            def works(n):
                for k in range(1,n):
                    if math.gcd(k,n)==1:
                        if (k*k-1)%n!=0:
                            return False
                return True
            
            import math
            candidates=[]
            for n in range(2,201):
                if works(n):
                    candidates.append(n)
            candidates[:50], len(candidates)
            
        >>> Output:
            [2, 3, 4, 6, 8, 12, 24] 7
            

        [Turn 2 CODE]
        >>> Code:
            candidates=[]
            for n in range(2,1001):
                if works(n):
                    candidates.append(n)
            candidates, len(candidates)
            
        >>> Output:
            [2, 3, 4, 6, 8, 12, 24] 7
            

        [Turn 3 CODE]
        >>> Code:
            sum([2,3,4,6,8,12,24])
            
        >>> Output:
            59
            

    --- Attempt 16 [CORRECT] answer=59 expected=59 temp=0.5 entropy=0.384 ---
        python_calls=0 errors=0 tokens=2408 time=34.2s time_left=415.6s
        source=streaming confidence=1.0 stop=max_turns

    --- Attempt 6 [CORRECT] answer=59 expected=59 temp=0.5 entropy=0.360 ---
        python_calls=2 errors=0 tokens=2458 time=34.7s time_left=415.3s
        source=streaming confidence=1.0 stop=max_turns
        vboxed_checkpoints: turn3=24
        Libraries: import math

        [Turn 1 CODE]
        >>> Code:
            def works(n):
                for k in range(1,n):
                    if math.gcd(k,n)==1:
                        if (k*k-1)%n!=0:
                            return False
                return True
            
            import math
            candidates=[2,3,4,6,8,12,24]
            [ (n, works(n)) for n in candidates]
            
        >>> Output:
            [(2, True), (3, True), (4, True), (6, True), (8, True), (12, True), (24, True)]
            

        [Turn 2 CODE]
        >>> Code:
            sum([2,3,4,6,8,12,24])
            
        >>> Output:
            59
            

    --- Attempt 3 [CORRECT] answer=59 expected=59 temp=0.5 entropy=0.405 ---
        python_calls=3 errors=0 tokens=2832 time=37.5s time_left=412.5s
        source=streaming confidence=1.0 stop=max_turns
        Libraries: import math

        [Turn 1 CODE]
        >>> Code:
            def works(n):
                for k in range(1, n*3):  # test many k
                    if math.gcd(k,n)==1:
                        if (k*k-1)%n!=0:
                            return False
                return True
            
            import math
            candidates = [2,3,4,6,8,12,24]
            [ (n, works(n)) for n in candidates ]
            
        >>> Output:
            [(2, True), (3, True), (4, True), (6, True), (8, True), (12, True), (24, True)]
            

        [Turn 2 CODE]
        >>> Code:
            def all_n(limit):
                res=[]
                for n in range(2,limit+1):
                    ok=True
                    for k in range(1,n+1):
                        if math.gcd(k,n)==1:
                            if (k*k-1)%n!=0:
                                ok=False
                                break
                    if ok:
                        res.append(n)
                return res
            
            all_n(200)
            
        >>> Output:
            [2, 3, 4, 6, 8, 12, 24]
            

        [Turn 3 CODE]
        >>> Code:
            sum([2,3,4,6,8,12,24])
            
        >>> Output:
            59
            

    --- Attempt 7 [CORRECT] answer=59 expected=59 temp=0.5 entropy=0.333 ---
        python_calls=3 errors=0 tokens=2959 time=38.3s time_left=411.7s
        source=streaming confidence=1.0 stop=max_turns
        Libraries: import math

        [Turn 1 CODE]
        >>> Code:
            def works(n):
                if n<2:
                    return False
                for k in range(1,n):
                    if math.gcd(k,n)==1:
                        if (k*k-1)%n!=0:
                            return False
                return True
            
            import math
            vals=[n for n in range(2,201) if works(n)]
            vals[:50], len(vals)
            
        >>> Output:
            [2, 3, 4, 6, 8, 12, 24] 7
            

        [Turn 2 CODE]
        >>> Code:
            vals=[n for n in range(2,1001) if works(n)]
            vals, len(vals)
            
        >>> Output:
            [2, 3, 4, 6, 8, 12, 24] 7
            

        [Turn 3 CODE]
        >>> Code:
            sum([2,3,4,6,8,12,24])
            
        >>> Output:
            59
            

    --- Attempt 15 [CORRECT] answer=59 expected=59 temp=0.5 entropy=0.441 ---
        python_calls=3 errors=0 tokens=3237 time=39.6s time_left=410.2s
        source=streaming confidence=1.0 stop=max_turns
        vboxed_checkpoints: turn4=59, turn4=59, turn4=59, turn4=59
        Libraries: import math

        [Turn 1 CODE]
        >>> Code:
            def works(n):
                import math
                for k in range(1, n*2):  # check many k, but condition only for k coprime to n
                    if math.gcd(k, n)==1:
                        if (k*k - 1) % n != 0:
                            return False
                return True
            
            sol=[]
            for n in range(2,101):
                if works(n):
                    sol.append(n)
            sol
            
        >>> Output:
            [2, 3, 4, 6, 8, 12, 24]
            

        [Turn 2 CODE]
        >>> Code:
            sum([2,4,8,3,6,12,24])
            
        >>> Output:
            59
            

        [Turn 3 CODE]
        >>> Code:
            sol=[]
            for n in range(2,501):
                if works(n):
                    sol.append(n)
            sol, len(sol)
            
        >>> Output:
            [2, 3, 4, 6, 8, 12, 24] 7
            

  Running: 2/4 (50%) | Elapsed: 904s

================================================================================
  BATCH COMPLETE: SET_C — Wave 1 + Wave 2
  Score: 2/4 (50%)
  Time: 904s
  Timing: min=140s  max=334s  median=246s
================================================================================
  torch GPU stats unavailable: 'torch._C._CudaDeviceProperties' object has no attribute 'total_mem'

================================================================================
  FINAL SUMMARY
================================================================================
  Score: 2/4 (50.0%)
  Total time: 904s (15.1 min)

  ID       Status       Pred      Exp Votes                    Ans    Errs    Time
  ---      ---           ---      --- ---                      ---    ---      ---
  403988   FAIL           21    65537 {21: 32, 65537: 8}       40     0       184s
  3eee67   OK          27290    27290 {27290: 18, 22742: 1, .. 20     8       246s
  dccede   FAIL           22       44 {22: 12, 52: 5, 44: 2,.. 22     18      334s
  2b401b   OK             59       59 {59: 23, 27: 1}          24     0       140s

  WRONG ANSWERS (2):
    403988: predicted 21, expected 65537, votes={21: 32, 65537: 8}
    dccede: predicted 22, expected 44, votes={22: 12, 52: 5, 44: 2, 36: 1, 48: 1, 20: 1}

  Correct answers avg time: 193s

================================================================================
